categoria,rank,title,app_id,developer,developer_email,developer_website,genre,score,ratings,reviews,installs,min_installs,real_installs,free,price,currency,contains_ads,offers_iap,iap_price,content_rating,released,updated,version,android_version,summary,url,indie_score,growth_score,opportunity_score,perfil_detectado,estimated_mau,revenue_monthly_usd_low,revenue_monthly_usd_base,revenue_monthly_usd_high,profit_monthly_usd_base,revenue_monthly_brl_base,profit_monthly_brl_base,financial_confidence,review_count_collected,review_score_avg_recent,review_positive_pct,review_negative_pct,external_sources_used
Produtividade,6,"Lista de tarefas, Lembretes",com.to_do_list_studio.uptodo,Productivity Apps Studio,taskup-support@todo-list-studio.com,https://www.todo-list-studio.com/taskup,Produtividade,4.8,1856,85,100.000+,100000,120287,1,0,BRL,1,1,"R$ 19,99 – R$ 119,99 por item",Classificação Livre,27 de jul. de 2024,1783023056,1.13.3,,"Organizador de rotina & Lista de tarefas,Lembretes & Planejamento semanal,Agenda",https://play.google.com/store/apps/details?id=com.to_do_list_studio.uptodo&hl=pt&gl=br,100,72,97,pequeno/indie,12035,630.01,2250.03,7312.61,1395.02,12150.18,7533.11,média,25,4.6,96.0,4.0,"SerpAPI, ScrapingBee"
Produtividade,3,Super Planner: Rotina TDAH IA,super.planner.todolist.task.reminder,Polestar App Cloner Dev.,polestar.applab@gmail.com,https://thepixieai.com/,Produtividade,4.842324,5445,305,100.000+,100000,305733,1,0,BRL,1,1,"R$ 5,49 – R$ 169,99 por item",Classificação Livre,13 de jan. de 2025,1782576802,1.5.30.0628,,"Gerencie planos, acompanhe seu humor e transforme metas em ação.",https://play.google.com/store/apps/details?id=super.planner.todolist.task.reminder&hl=pt&gl=br,100,74,97,pequeno/indie,32226,2105.3,7518.94,24436.55,4661.74,40602.26,25173.4,alta,25,4.2,76.0,12.0,"SerpAPI, ScrapingBee"
Comunicação,5,JusTalk Family Messenger,com.justalk.family.android,JusTalk,support@justalk.com,,Comunicação,4.84,1639,28,100.000+,100000,171466,1,0,BRL,0,1,"R$ 109,99 – R$ 679,99 por item",Classificação Livre,5 de jul. de 2024,1783091607,1.14.1,,"Compartilhe locais, chamadas, vídeos e álbuns de família com seus entes queridos",https://play.google.com/store/apps/details?id=com.justalk.family.android&hl=pt&gl=br,100,72,97,pequeno/indie,14587,1597.22,5704.35,18539.14,3536.7,30803.49,19098.16,média,25,4.36,84.0,12.0,"SerpAPI, ScrapingBee"
Quadrinhos,7,Leitor de Quadrinhos CBR CBZ,com.madmustachecompany.comic.book.manga.reader,Mad Mustache Company,madmustachecompany@gmail.com,,Quadrinhos,4.6,542,37,100.000+,100000,142820,1,0,BRL,0,1,"R$ 9,99 – R$ 384,99 por item",Classificação Livre,30 de jun. de 2024,1782709932,1.33.0,,"O aplicativo para leitura de quadrinhos: abra arquivos ZIP, RAR, CBZ, CBR e PDF",https://play.google.com/store/apps/details?id=com.madmustachecompany.comic.book.manga.reader&hl=pt&gl=br,100,70,96,pequeno/indie,14430,1206.97,4310.59,14009.42,2672.57,23277.18,14431.85,média,25,3.72,64.0,28.0,"SerpAPI, ScrapingBee"
Jogos de Ação,2,Ricochet Squad: Hero Shooter,nice.ricochet,NICE PLANS STUDIO LTD,support@niceplans.studio,https://niceplans.studio,Ação,4.511013,16892,700,500.000+,500000,748720,1,0,BRL,0,1,"R$ 15,99 – R$ 499,99 por item",Classificação 10 anos,25 de jul. de 2025,1782234031,2.0.7,,Ricochet Squad - Jogo de tiro PvP 3v3 com heróis e mapas destruíveis,https://play.google.com/store/apps/details?id=nice.ricochet&hl=pt&gl=br,84,82,95,pequeno/indie,70349,12298.1,43921.79,142745.82,27231.51,237177.68,147050.16,alta,25,4.16,76.0,20.0,"SerpAPI, ScrapingBee"
Beleza,11,Skincare Coreano: Rotina,korean.skin.care.face.routine,Rstream Labs,contact.rstreamlabs@gmail.com,https://www.ria.rocks,Beleza,4.59,8208,55,100.000+,100000,215968,1,0,BRL,0,1,"R$ 2,69 – R$ 169,99 por item",Classificação 12 anos,8 de nov. de 2024,1778501194,3.0.592,,Rotinas faciais personalizadas e guia completo de beleza coreana K-beauty,https://play.google.com/store/apps/details?id=korean.skin.care.face.routine&hl=pt&gl=br,100,64,95,pequeno/indie,18611,618.67,2209.54,7181.01,1369.92,11931.52,7397.54,alta,25,4.68,88.0,4.0,"SerpAPI, ScrapingBee"
Jogos de Estratégia,1,Clovis - Jogo de Estratégia,com.aerilys.clovis,Studio Zero Games,support@astonishing-sports.app,https://clovis-game.com/,Simulador,4.6039605,5280,254,100.000+,100000,177787,1,0,BRL,0,1,"R$ 4,49 – R$ 61,99 por item",Classificação 10 anos,15 de set. de 2024,1782492021,2.4.5,,Conquiste o amor e as terras neste jogo de simulação medieval e RPG,https://play.google.com/store/apps/details?id=com.aerilys.clovis&hl=pt&gl=br,100,62,94,pequeno/indie,15459,348.2,1243.56,4041.56,771.0,6715.2,4163.43,alta,25,4.44,76.0,4.0,"SerpAPI, ScrapingBee"
Saúde e Fitness,3,Tecnofit para Personal Trainer,br.com.tecnofit.AppPersonal,Tecnofit Tecnologia e Sistemas,contato@tecnofit.com.br,http://www.tecnofit.com.br,Saúde e fitness,4.6355247,8738,936,100.000+,100000,358725,1,0,BRL,0,1,"R$ 0,99 – R$ 299,99 por item",Classificação Livre,27 de mar. de 2019,1780080505,9.5.31,,App GRATUITO para gestão de treinos para Personal Trainer e Consultorias Online.,https://play.google.com/store/apps/details?id=br.com.tecnofit.AppPersonal&hl=pt&gl=br,100,60,94,pequeno/indie,31783,2762.27,9865.26,32062.1,6116.46,53272.41,33028.9,alta,25,2.64,32.0,52.0,"SerpAPI, ScrapingBee"
Entretenimento,9,IndicaAi: Filmes e Séries,com.indicaaibrasil,IndicaAi,indicaai.suporte@protonmail.com,http://meu-app.click/,Entretenimento,4.847931,17938,7507,100.000+,100000,387384,1,0,BRL,1,0,,Classificação Livre,13 de set. de 2025,1782067493,2.1.4,,Guia estilo Megaflix e Cine Vision. Ache lançamentos e onde assistir legalmente.,https://play.google.com/store/apps/details?id=com.indicaaibrasil&hl=pt&gl=br,100,63,94,pequeno/indie,41358,27.46,98.09,318.78,47.08,529.66,254.24,alta,25,4.88,96.0,0.0,"SerpAPI, ScrapingBee"
Negócios,2,Nex: PDV e gestão de vendas,br.com.nextar.nexapp,NEXTAR,suporte@nextar.com.br,https://www.programanex.com.br/,Negócios,4.678082,3899,706,100.000+,100000,408620,1,0,BRL,0,1,"R$ 19,90 – R$ 1.190,00 por item",Classificação Livre,2 de mar. de 2022,1781876654,2.4.40093-prod,,"Controle o estoque, venda pelo PDV móvel, crie um catálogo online e muito mais!",https://play.google.com/store/apps/details?id=br.com.nextar.nexapp&hl=pt&gl=br,100,61,94,pequeno/indie,43750,248.67,888.1,2886.33,550.62,4795.75,2973.36,média,25,3.84,72.0,24.0,"SerpAPI, ScrapingBee"
Beleza,8,Skincare Routine: FeelinMySkin,com.feelinmyskin.app,FeelinMySkin,contact@feelinmyskin.com,https://www.feelinmyskin.com/,Beleza,4.6534653,4318,90,100.000+,100000,325917,1,0,BRL,0,1,"R$ 14,99 – R$ 149,99 por item",Classificação Livre,8 de ago. de 2020,1782036980,2.11.356,,Skin Care Routines Planner • Acne & Product Tracker • Journal & Community,https://play.google.com/store/apps/details?id=com.feelinmyskin.app&hl=pt&gl=br,100,61,94,pequeno/indie,34473,1204.31,4301.09,13978.54,2666.68,23225.89,14400.05,média,25,4.84,96.0,0.0,"SerpAPI, ScrapingBee"
Jogos de Trivia,6,Jogo de Trivia - Teste de QI,trivia.game.question.answer.iq.quiz.test.free,"Appgeneration - Radio, Podcasts, Games",info@appgeneration.com,https://www.appgeneration.com,Conhecimentos,4.826923,763,80,50.000+,50000,85902,1,0,BRL,1,1,"R$ 6,49 – R$ 38,99 por item",Classificação Livre,2 de dez. de 2025,1782730467,1.4.3,,Avalia e cresce a tua cultura geral com perguntas ajustadas a ti!,https://play.google.com/store/apps/details?id=trivia.game.question.answer.iq.quiz.test.free&hl=pt&gl=br,100,59,93,pequeno/indie,7165,118.97,424.88,1380.88,263.43,2294.38,1422.51,média,25,4.48,84.0,12.0,"SerpAPI, ScrapingBee"
Jogos de Cartas,7,CardGames.io: Play Card Games,io.cardgames.app,Red Ace Software,support@cardgames.io,https://cardgames.io,Cartas,4.633333,14244,9,100.000+,100000,407049,1,0,BRL,1,0,,Classificação Livre,9 de mar. de 2020,1775554638,1.36,,"Jogue mais de 40 jogos de cartas populares, paciência e jogos clássicos online e offline.",https://play.google.com/store/apps/details?id=io.cardgames.app&hl=pt&gl=br,100,56,93,pequeno/indie,30864,33.54,119.78,389.28,57.49,646.81,310.47,alta,13,3.92,69.2,23.1,"SerpAPI, ScrapingBee"
Jogos de Tabuleiro,15,2 Player Games - Offline,com.gamesoup.twoplayergames,Soup Ent,jovan@soupent.com,https://soupent.com/,Tabuleiros,4.43,2693,20,500.000+,500000,814957,1,0,BRL,1,1,"R$ 10,99 – R$ 27,99 por item",Classificação Livre,15 de mar. de 2025,1782134183,1.5.1,,Jogos sem Wi-Fi para 2 a 4 jogadores. Desafie seus amigos e familiares.,https://play.google.com/store/apps/details?id=com.gamesoup.twoplayergames&hl=pt&gl=br,92,66,93,pequeno/indie,69918,1006.94,3596.21,11687.69,2229.65,19419.55,12040.12,média,21,4.14,81.0,14.3,"SerpAPI, ScrapingBee"
Esportes,9,Superscore: Resultados Ao Vivo,com.superscore,Sportening,help@superscore.live,http://superscore.live,Esportes,4.951002,7779,764,500.000+,500000,823065,1,0,BRL,1,0,,Classificação 14 anos,23 de jan. de 2025,1781793702,2.14.1,,"Copa do Mundo 2026 ao vivo — placar, escalações e grupos. Sem anúncios.",https://play.google.com/store/apps/details?id=com.superscore&hl=pt&gl=br,84,74,93,pequeno/indie,91429,60.71,216.83,704.71,104.08,1170.9,562.03,alta,25,4.8,96.0,4.0,"SerpAPI, ScrapingBee"
Personalização,8,Ícone 3D Rolante Live Launcher,com.rollingicon.live.wallpaper.rollingapp,Radhe Radhe App,radheradhe062000@gmail.com,https://3drollingiconlivelauncher.blogspot.com,Personalização,4.7380953,6880,15,500.000+,500000,928091,1,0,BRL,1,0,,Classificação Livre,12 de abr. de 2026,1782216935,2.4,,Deixe sua tela divertida com ícones 3D rolantes e temas de launcher animados.,https://play.google.com/store/apps/details?id=com.rollingicon.live.wallpaper.rollingapp&hl=pt&gl=br,94,62,93,pequeno/indie,103734,68.88,246.02,799.56,118.09,1328.49,637.68,alta,25,4.48,92.0,8.0,"SerpAPI, ScrapingBee"
Mapas e Navegação,11,Mapa GPS: planejador de rotas,com.gpsnavigation.maps.driving.directions.routeplanner,VidaTech,TikDSaverTool@gmail.com,https://www.vidatool.com/,Mapas e navegação,4.732673,4483,112,1.000.000+,1000000,1173156,1,0,BRL,1,1,"R$ 5,99 – R$ 74,99 por item",Classificação Livre,20 de abr. de 2023,1779671052,1.7.14,,"Mapas GPS de navegação App, seu próprio planejador de rotas em tempo real",https://play.google.com/store/apps/details?id=com.gpsnavigation.maps.driving.directions.routeplanner&hl=pt&gl=br,100,59,93,pequeno/indie,110585,1969.69,7034.62,22862.51,4361.46,37986.95,23551.91,média,25,4.04,76.0,24.0,"SerpAPI, ScrapingBee"
Estilo de Vida,6,Habit Hunter: Gamified Routine,co.au.goalhero,Active User Studio,activeuser.co.jp@gmail.com,https://habithunter.activeuser.co,Produtividade,4.61,3522,57,50.000+,50000,93863,1,0,BRL,1,1,"R$ 5,49 – R$ 314,99 por item",Classificação Livre,30 de dez. de 2018,1778931627,1.6.0,,Transforme sua rotina diária em um jogo! Eleve sua vida a um novo patamar com este incrível rastreador de hábitos no estilo RPG.,https://play.google.com/store/apps/details?id=co.au.goalhero&hl=pt&gl=br,100,57,93,pequeno/indie,7715,830.18,2964.94,9636.06,1838.26,16010.69,9926.63,média,25,4.44,88.0,8.0,"SerpAPI, ScrapingBee"
Entretenimento,11,MegaVizzer - Filmes e Séries,com.megavizzer.guide,SOLFR APPS,solangefr@virgilian.com,https://megavizzer.faz-o-eli.online,Entretenimento,4.643293,3165,350,50.000+,50000,89952,1,0,BRL,1,0,,Classificação Livre,20 de fev. de 2026,1778577938,4.6.2,,Um guia completo para acompanhar filmes e series,https://play.google.com/store/apps/details?id=com.megavizzer.guide&hl=pt&gl=br,100,57,93,pequeno/indie,7375,4.45,15.9,51.68,7.63,85.87,41.22,média,25,4.36,84.0,12.0,"SerpAPI, ScrapingBee"
Jogos Casuais,12,Buraco Negro -Hole Swallow All,com.funspace.holeswallow,FunSpace,tinytapgame@gmail.com,https://www.minigame.io,Casuais,4.846847,16725,65,1.000.000+,1000000,1604853,1,0,BRL,1,1,"R$ 4,79 – R$ 519,99 por item",Classificação Livre,26 de jun. de 2025,1780638343,1.2.8,,"Absorva objetos, faça seu buraco negro crescer — jogo divertido e viciante.",https://play.google.com/store/apps/details?id=com.funspace.holeswallow&hl=pt&gl=br,79,74,92,pequeno/indie,156753,19385.19,69232.83,225006.69,42924.35,373857.27,231791.51,alta,25,4.2,76.0,12.0,"SerpAPI, ScrapingBee"
Jogos Arcade,8,RETRODY : Jogos Arcade Retrô,com.sjkim.retrodyssey,sungjun221,retrodysseyapp@gmail.com,https://retrody.com,Arcade,4.5,1230,21,100.000+,100000,145047,1,0,BRL,1,1,"R$ 14,99 – R$ 109,90 por item",Classificação Livre,17 de fev. de 2025,1782465950,0.5.5,,Uma jornada retrô cheia de nostalgia nos clássicos jogos de arcade,https://play.google.com/store/apps/details?id=com.sjkim.retrodyssey&hl=pt&gl=br,100,53,92,pequeno/indie,12468,542.48,1937.44,6296.66,1201.21,10462.15,6486.53,média,24,4.21,79.2,20.8,"SerpAPI, ScrapingBee"
Produtividade,5,Notas do calendário,com.asyncbyte.calendar.notes,AsyncByte Software,AsyncByte@gmail.com,http://www.asyncbyte-software.com/,Produtividade,4.53,2755,134,1.000.000+,1000000,1118142,1,0,BRL,1,0,,Classificação Livre,6 de jan. de 2017,1779948839,1.0.34,,Aplicação de anotações de calendário simples e fácil de usar.,https://play.google.com/store/apps/details?id=com.asyncbyte.calendar.notes&hl=pt&gl=br,100,52,92,pequeno/indie,105142,120.6,430.71,1399.8,206.74,2325.82,1116.39,média,25,4.6,84.0,0.0,"SerpAPI, ScrapingBee"
Notícias e Revistas,5,Jornais Brasileiros,com.diariosbrasil,JpCrow,cuervojuanpablo@gmail.com,http://jpcrow.com.ar/,Notícias e revistas,4.79,615,287,10.000+,10000,35373,1,0,BRL,1,0,,Classificação Livre,15 de mai. de 2016,1778246617,28.0,,Todos os Jornais e revistas do Brasil. Jornais Brasilerios,https://play.google.com/store/apps/details?id=com.diariosbrasil&hl=pt&gl=br,100,54,92,pequeno/indie,2742,1.66,5.91,19.22,2.84,31.93,15.33,média,25,4.84,100.0,0.0,"SerpAPI, ScrapingBee"
Eventos,2,Planejador de Eventos e Festas,app.topevent.android,Wedding Planner App,info@topevent.app,https://topevent.app/,Eventos,4.66,1192,63,100.000+,100000,298906,1,0,BRL,1,1,"R$ 9,49 – R$ 159,99 por item",Classificação Livre,18 de ago. de 2022,1777540544,4.11.46,,"Planejador de eventos para qualquer feriado: casamento, aniversário, Natal.",https://play.google.com/store/apps/details?id=app.topevent.android&hl=pt&gl=br,100,54,92,pequeno/indie,26223,871.36,3112.01,10114.03,1929.45,16804.85,10419.01,média,25,4.6,88.0,8.0,"SerpAPI, ScrapingBee"
Jogos Musicais,13,Muse Dash,com.prpr.musedash,hasuhasu,md_support@peropero.net,https://musedash.peropero.net/#/,Música,4.659176,65057,1140,1.000.000+,1000000,1164891,0,2.49,BRL,0,1,"R$ 4,99 – R$ 189,99 por item",Classificação 14 anos,15 de jun. de 2018,1781247678,6.4.0,,O paraíso do parkour e do ritmo - Muse Dash!,https://play.google.com/store/apps/details?id=com.prpr.musedash&hl=pt&gl=br,84,64,91,pequeno/indie,111962,6568.01,23457.17,76235.81,14543.45,126668.73,78534.61,alta,25,4.16,76.0,16.0,"SerpAPI, ScrapingBee"
Reprodutores de Vídeo,15,Video Player - OPlayer Lite,com.olimsoft.android.oplayer,OLIMSOFT,olimsoft@gmail.com,http://www.edavs.com,Reproduzir e editar vídeos,4.44,8087,177,500.000+,500000,939190,1,0,BRL,1,1,"R$ 4,19 – R$ 38,99 por item",Classificação Livre,15 de fev. de 2012,1781748156,5.00.43,,"Reprodutor de mídia em todos os formatos, sem necessidade de conversor de vídeo!",https://play.google.com/store/apps/details?id=com.olimsoft.android.oplayer&hl=pt&gl=br,94,56,91,pequeno/indie,95490,936.51,3344.69,10870.24,2073.71,18061.32,11198.02,alta,25,4.56,92.0,8.0,"SerpAPI, ScrapingBee"
Ferramentas,1,Tooly: Caixa de Ferramentas,com.yousx.thetoolsapp,FutureCraft Apps,futurecraftapps@gmail.com,https://futurecraftapps.com/,Ferramentas,4.71,5527,40,500.000+,500000,642455,1,0,BRL,1,1,"R$ 5,99 – R$ 55,99 por item",Classificação Livre,30 de jan. de 2023,1777549568,1.39,,Mais de 100 ferramentas úteis em um só aplicativo.,https://play.google.com/store/apps/details?id=com.yousx.thetoolsapp&hl=pt&gl=br,94,57,91,pequeno/indie,58711,735.94,2628.36,8542.15,1629.58,14193.12,8799.73,alta,25,4.76,96.0,0.0,"SerpAPI, ScrapingBee"
Fotografia,21,Vintage Camera - Video & Photo,com.vysionapps.vintagecam,VysionApps,vysionapps@gmail.com,,Fotografia,4.6666665,162,3,10.000+,10000,40711,1,0,BRL,0,1,"R$ 26,99 por item",Classificação Livre,4 de dez. de 2025,1776166253,1.5.0,,Câmera analógica vintage. Tire fotos. Grave vídeos. Visualização ao vivo. Filtros retrô.,https://play.google.com/store/apps/details?id=com.vysionapps.vintagecam&hl=pt&gl=br,100,49,91,pequeno/indie,3183,33.08,118.16,384.01,73.26,638.05,395.59,média,4,4.25,75.0,0.0,"SerpAPI, ScrapingBee"
Personalização,3,ChromaFusion Launcher - Themes,com.lwsipl.chromafusion.launcher,lwsoftipl Apps,lwsoftipl@gmail.com,https://lwapps.com/,Personalização,4.7156863,2767,82,100.000+,100000,104801,1,0,BRL,1,0,,Classificação Livre,14 de ago. de 2025,1772687460,3.0,,"Personalize seu Android com temas, widgets e pacotes de ícones elegantes!",https://play.google.com/store/apps/details?id=com.lwsipl.chromafusion.launcher&hl=pt&gl=br,100,51,91,pequeno/indie,8669,5.23,18.69,60.75,8.97,100.93,48.45,média,25,4.52,92.0,4.0,"SerpAPI, ScrapingBee"
Medicina,8,Remédio Certo: Alarme,com.germanno.remedio_certo_app_v1,Germano,contatocarger@gmail.com,https://cgermanno.github.io/,Estilo de vida,4.4716983,354,56,10.000+,10000,23351,1,0,BRL,1,1,"R$ 9,99 – R$ 149,99 por item",Classificação Livre,19 de fev. de 2026,1781765249,1.0.15,,Veja o que vai tomar: Esqueça os nomes complicados. Tire uma foto da caixa.,https://play.google.com/store/apps/details?id=com.germanno.remedio_certo_app_v1&hl=pt&gl=br,100,50,91,pequeno/indie,1924,66.47,237.41,771.58,147.19,1282.01,794.85,média,25,2.72,36.0,60.0,"SerpAPI, ScrapingBee"
Finanças,2,Investidor10 - Bolsa e Mercado,com.investidor10app,Investidor10,contato@investidor10.com.br,https://investidor10.com.br/,Finanças,4.8551126,43661,6004,500.000+,500000,792075,1,0,BRL,0,1,"R$ 19,90 – R$ 238,80 por item",Classificação Livre,22 de dez. de 2023,1781287567,1.1.27,,"Gestão de Investimentos, Agenda de Dividendos, Análise de Ações, FIIs e Stocks.",https://play.google.com/store/apps/details?id=com.investidor10app&hl=pt&gl=br,84,64,91,pequeno/indie,87812,10057.98,35921.35,116744.4,22271.24,193975.31,120264.69,alta,25,4.92,100.0,0.0,"SerpAPI, ScrapingBee"
Entretenimento,2,CarnavalFlicks: Assista Agora,com.extremelyexcited.carnavalflicks,Avolution Art,KimduNglinh04071991xkeyu@hotmail.com,,Entretenimento,4.721393,1966,1009,500.000+,500000,678867,1,0,BRL,1,0,,Classificação Livre,12 de nov. de 2025,,Varies with device,,Todo o entretenimento que você ama. Assista a filmes e séries de TV grátis.,https://play.google.com/store/apps/details?id=com.extremelyexcited.carnavalflicks&hl=pt&gl=br,98,53,91,pequeno/indie,62217,27.04,96.58,313.89,46.36,521.54,250.34,média,25,4.4,76.0,4.0,"SerpAPI, ScrapingBee"
Família,6,Quem sou eu? Guess Up Crianças,pt.cosmicode.guessupkids,Cosmicode,games@cosmicode.pt,https://cosmicode.games/,Educativos,4.65,4027,122,500.000+,500000,765674,1,0,BRL,0,1,"R$ 9,90 – R$ 199,90 por item",Classificação Livre,15 de fev. de 2019,1776252310,3.1.6,,Jogo de mímicas e charadas para adivinhar pessoas e personagens com sua família,https://play.google.com/store/apps/details?id=pt.cosmicode.guessupkids&hl=pt&gl=br,92,55,90,pequeno/indie,60021,3878.51,13851.83,45018.45,8588.14,74799.89,46375.93,média,25,4.12,80.0,20.0,"SerpAPI, ScrapingBee"
Jogos Esportivos,5,Sport Star - Team Manager Idle,com.coolcatsgames.sportstaridle,Gryphon Games,support@gryphon.games,https://www.gryphon.games/,Esportes,4.6635513,5297,208,500.000+,500000,615189,1,0,BRL,0,1,"R$ 2,49 – R$ 579,99 por item",Classificação 14 anos,15 de abr. de 2026,1783095608,0.13.0,,Construa seu império esportivo!,https://play.google.com/store/apps/details?id=com.coolcatsgames.sportstaridle&hl=pt&gl=br,84,62,90,pequeno/indie,47678,6158.67,21995.25,71484.57,13637.06,118774.37,73640.11,alta,25,4.6,92.0,4.0,"SerpAPI, ScrapingBee"
Jogos Musicais,3,Complete Rhythm Trainer,com.binaryguilt.completerhythmtrainer,Binary Guilt Software,hello@completerhythmtrainer.com,https://completerhythmtrainer.com,Música,4.76,4794,180,500.000+,500000,846907,1,0,BRL,0,1,"R$ 5,49 – R$ 54,99 por item",Classificação Livre,8 de abr. de 2019,1774003293,1.7.4-126 (121126),,O aplicativo definitivo de treino rítmico para músicos.,https://play.google.com/store/apps/details?id=com.binaryguilt.completerhythmtrainer&hl=pt&gl=br,92,53,90,pequeno/indie,66736,1243.16,4439.85,14429.5,2752.7,23975.17,14864.6,média,25,4.76,96.0,4.0,"SerpAPI, ScrapingBee"
Ferramentas,4,Caixa ferramentas inteligente,com.smarttools.utility.multipurpose,Apps Cabinet,appscabinet.developer@gmail.com,,Ferramentas,4.6666665,1309,7,100.000+,100000,351830,1,0,BRL,1,1,"R$ 10,99 – R$ 57,99 por item",Classificação Livre,9 de nov. de 2021,1769720444,1.2.5,,Aplicativo de ferramentas inteligentes com Leitor de QR e Conversor de unidades.,https://play.google.com/store/apps/details?id=com.smarttools.utility.multipurpose&hl=pt&gl=br,100,46,90,pequeno/indie,31140,432.3,1543.93,5017.78,957.24,8337.23,5169.08,média,11,4.18,72.7,9.1,"SerpAPI, ScrapingBee"
Paternidade,6,Idade Gestacional (do bebê),com.danproductions.medical.gestational_age,Alpen Mobile,alpenmob@alpenmob.com,https://alpenmob.com,Medicina,4.9226665,6107,172,500.000+,500000,770303,1,0,BRL,1,1,"R$ 9,99 – R$ 49,99 por item",Classificação Livre,16 de out. de 2020,1782782239,1.2.412,,Calculadora rápida de idade gestacional e acompanhamento pré-natal,https://play.google.com/store/apps/details?id=com.danproductions.medical.gestational_age&hl=pt&gl=br,84,62,90,pequeno/indie,85275,1139.69,4070.33,13228.57,2523.6,21979.78,13627.46,alta,25,4.4,84.0,16.0,"SerpAPI, ScrapingBee"
Paternidade,5,Acompanhe a gravidez e o bebé,period.pregnancy.tracker.app,Outlookdaily,helps@taskdaily.net,https://taskdaily.net/,Criação de filhos,4.722772,2592,115,500.000+,500000,889706,1,0,BRL,1,1,"R$ 25,99 – R$ 94,99 por item",Classificação Livre,2 de abr. de 2025,1776674481,1.2.9,,"Acompanhe a sua gravidez e o crescimento do bebé, mostre as suas mudanças",https://play.google.com/store/apps/details?id=period.pregnancy.tracker.app&hl=pt&gl=br,92,55,90,pequeno/indie,82690,1975.68,7055.99,22931.95,4374.71,38102.32,23623.44,média,25,4.64,92.0,8.0,"SerpAPI, ScrapingBee"
Estilo de Vida,9,Glowin - Rotina Diaria Habitos,com.kompanion.glowin.android,Ornitorenk Dijital Hizmetler Anonim Sirketi,hi@kompanionapp.com,https://kompanionapp.com,Saúde e fitness,4.8697915,5810,65,100.000+,100000,106147,1,0,BRL,0,1,"R$ 39,90 – R$ 159,99 por item",Classificação Livre,5 de set. de 2025,1767703464,1.0.2,,"Organize sua rotina, crie hábitos e alcance seus objetivos todos os dias",https://play.google.com/store/apps/details?id=com.kompanion.glowin.android&hl=pt&gl=br,100,47,90,pequeno/indie,8787,461.08,1646.73,5351.86,1020.97,8892.33,5513.24,alta,25,4.32,80.0,12.0,"SerpAPI, ScrapingBee"
Saúde e Fitness,13,Befit: Plano e Treino Academia,app.befit,3APPS LLC,contact@appbefit.com,https://appbefit.com/,Saúde e fitness,4.855932,6041,951,1.000.000+,1000000,1288994,1,0,BRL,0,1,"R$ 24,90 – R$ 179,90 por item",Classificação Livre,28 de out. de 2025,1783022043,1.1.17,,App de Musculação na Academia e Exercícios em Casa com Treino de Força e Fitness,https://play.google.com/store/apps/details?id=app.befit&hl=pt&gl=br,84,63,90,pequeno/indie,146501,8663.48,30941.01,100558.3,19183.43,167081.48,103590.52,alta,25,3.96,72.0,28.0,"SerpAPI, ScrapingBee"
Comunicação,4,Expressia: Falar e Aprender,life.expressia,Colibri Interfaces,support@expressia.life,https://expressia.life,Comunicação,4.41,221,84,100.000+,100000,118100,1,0,BRL,0,1,"R$ 1,89 – R$ 59,00 por item",Classificação Livre,10 de nov. de 2020,1779092681,1.27.0-b143,,"Fale por Imagens e Crie Atividades Adaptadas para Educação Especial, Fono e Mais",https://play.google.com/store/apps/details?id=life.expressia&hl=pt&gl=br,100,47,90,pequeno/indie,8942,104.82,374.36,1216.68,232.11,2021.56,1253.37,média,25,4.6,88.0,4.0,"SerpAPI, ScrapingBee"
Jogos de Palavras,9,Encontrar Palavra: Word Search,connect.search.words.games.puzzle,MicroEra,microera_service03@outlook.com,http://microera-games.com,Educativos,4.7615385,11611,111,1.000.000+,1000000,1883123,1,0,BRL,1,1,"R$ 4,85 – R$ 201,92 por item",Classificação Livre,16 de fev. de 2023,1780301141,1.3217,,Teste sua mente com caça palavras e palavras cruzadas no incrível word search!,https://play.google.com/store/apps/details?id=connect.search.words.games.puzzle&hl=pt&gl=br,79,61,89,pequeno/indie,154501,11008.04,39314.43,127771.88,24374.94,212297.9,131624.7,alta,25,4.88,96.0,0.0,"SerpAPI, ScrapingBee"
Jogos de Trivia,14,Quiz de Conhecimentos Gerais,com.generalknowledge.freequizgame,Battery Stats Saver,support.generalquizunity@repairbatterylife.com,https://repairbatterylife.com/generalquizunity,Conhecimentos,4.53,1637,97,100.000+,100000,366087,1,0,BRL,1,1,"R$ 5,49 – R$ 549,99 por item",Classificação Livre,15 de fev. de 2018,1770217379,6.1.2,,Teste habilidades com Quiz de Conhecimentos Gerais!,https://play.google.com/store/apps/details?id=com.generalknowledge.freequizgame&hl=pt&gl=br,100,41,89,pequeno/indie,27600,4752.18,16972.07,55159.22,10522.68,91649.17,56822.48,média,25,3.68,60.0,28.0,"SerpAPI, ScrapingBee"
Jogos Musicais,1,KALPA - Original Rhythm Game,com.quesera.kalpa,QueseraGames,contact@queseragames.com,https://www.queseragames.com/,Música,4.4059405,10500,164,1.000.000+,1000000,1105359,1,0,BRL,0,1,"R$ 4,59 – R$ 204,99 por item",Classificação 12 anos,31 de jan. de 2021,1782902961,3.2.41,,"Jogo de ritmo vertical, Kalpa! Conheça belas músicas e ilustrações!",https://play.google.com/store/apps/details?id=com.quesera.kalpa&hl=pt&gl=br,84,57,89,pequeno/indie,96325,6839.63,24427.26,79388.59,15144.9,131907.19,81782.46,alta,25,4.36,84.0,8.0,"SerpAPI, ScrapingBee"
Jogos Casuais,14,Tile Match: Triple Puzzle Game,com.bigc.tile.match.triple,Big Cake Apps,bigcakebiz@gmail.com,https://www.cardmania.top/,Quebra-cabeças,4.8799553,74352,583,1.000.000+,1000000,1913642,1,0,BRL,1,1,"R$ 4,99 – R$ 219,99 por item",Classificação Livre,7 de fev. de 2026,1781612630,1.1.053,,"Combine peças, colete itens culinários e divirta-se num puzzle match-3 offline.",https://play.google.com/store/apps/details?id=com.bigc.tile.match.triple&hl=pt&gl=br,79,64,89,pequeno/indie,188555,11943.59,42655.66,138630.91,26446.51,230340.58,142811.16,alta,25,4.48,88.0,12.0,"SerpAPI, ScrapingBee"
Jogos de Cartas,11,Art of Solitaire - Paciência,games.flick.solitaire,Flick Games - Solitaire & Patience Card Games,support@flick.games,https://artof.cards,Cartas,4.4736843,15734,415,1.000.000+,1000000,1338895,1,0,BRL,1,1,"R$ 6,49 – R$ 209,99 por item",Classificação Livre,16 de jun. de 2020,1782315028,3.01.14,,"Paciência, Spider, Pirâmide, Klondike. Collabs de arte e jogos com Inscryption",https://play.google.com/store/apps/details?id=games.flick.solitaire&hl=pt&gl=br,84,57,89,pequeno/indie,117813,8781.64,31363.0,101929.74,19445.06,169360.19,105003.32,alta,25,3.8,60.0,24.0,"SerpAPI, ScrapingBee"
Fotografia,19,Dazzle Cam - Câmera Vintage,com.camerafilter.tikfilm.retroimage.ss.android.ugc.aweme.mobile,Analog Film Photo & Photo Editor & Camera,sorylife988@yeah.net,https://pbac6744f.app-ads-txt.com,Fotografia,4.4948454,1656,28,500.000+,500000,570480,1,0,BRL,1,1,"R$ 4,19 – R$ 49,99 por item",Classificação Livre,11 de out. de 2024,1777274597,1.2.2,,"Acreditamos em manter as coisas simples, sem necessidade de pós-edição.",https://play.google.com/store/apps/details?id=com.camerafilter.tikfilm.retroimage.ss.android.ugc.aweme.mobile&hl=pt&gl=br,92,48,89,pequeno/indie,47100,519.67,1855.97,6031.91,1150.7,10022.25,6213.79,média,25,4.12,76.0,16.0,"SerpAPI, ScrapingBee"
Estilo de Vida,10,TeddyCare: Hábitos Diários,com.kappa.teddybear.android,Kappa Yazilim Anonim Sirketi,hi@kappaapps.co,,Saúde e fitness,4.8135133,46872,882,500.000+,500000,970470,1,0,BRL,0,1,"R$ 39,90 – R$ 359,99 por item",Classificação Livre,29 de abr. de 2025,1778151211,1.0.12,,Planeje sua rotina ideal e acompanhe seus hábitos com facilidade,https://play.google.com/store/apps/details?id=com.kappa.teddybear.android&hl=pt&gl=br,80,60,89,pequeno/indie,90599,9510.38,33965.65,110388.36,21058.7,183414.5,113716.99,alta,25,4.48,84.0,8.0,"SerpAPI, ScrapingBee"
Estilo de Vida,1,Hizo: Hábitos e Tarefas,dev.voksu.hizo,Hizo,support@hizo.me,https://hizo.me,Produtividade,4.71,7348,165,1.000.000+,1000000,1175884,1,0,BRL,0,1,"R$ 21,99 – R$ 194,99 por item",Classificação Livre,27 de jun. de 2023,1776360260,1.22.10,,Crie hábitos facilmente e acompanhe-os em uma interface intuitiva.,https://play.google.com/store/apps/details?id=dev.voksu.hizo&hl=pt&gl=br,84,56,89,pequeno/indie,110855,7997.75,28563.39,92831.02,17709.3,154242.32,95630.24,alta,25,4.56,92.0,8.0,"SerpAPI, ScrapingBee"
Entretenimento,4,PipocaFlix - Filmes e Séries,com.onlne.pobreflixhd,Ed Aplicativos,novizeroficial@proton.me,,Entretenimento,4.7599363,12142,3060,100.000+,100000,295901,1,0,BRL,1,0,,Classificação Livre,30 de out. de 2025,1761843065,1.0,,🎬 PipocaFlix — Entretenimento sem limites e diversão garantida!,https://play.google.com/store/apps/details?id=com.onlne.pobreflixhd&hl=pt&gl=br,100,42,89,pequeno/indie,25945,11.28,40.28,130.9,19.33,217.49,104.39,alta,25,4.24,80.0,12.0,"SerpAPI, ScrapingBee"
Automóveis e Veículos,8,O Meu Carro: Combustível,com.kineapps.mycar,KineApps Ltd,mycar@kineapps.com,https://mycar-app.com,Veículos,4.69,5494,69,500.000+,500000,598625,1,0,BRL,0,1,"R$ 4,39 – R$ 449,99 por item",Classificação Livre,23 de set. de 2019,1779093061,5.1.308,,"Acompanhe combustível, despesas e manutenção com análises para todos os veículos",https://play.google.com/store/apps/details?id=com.kineapps.mycar&hl=pt&gl=br,84,58,89,pequeno/indie,54504,4767.37,17026.31,55335.51,10556.31,91942.07,57004.08,alta,25,3.96,72.0,20.0,"SerpAPI, ScrapingBee"
Jogos de Aventura,7,Aventura Estreal,com.eyougame.xjes2,EYOUGAME(US),support@eyougame.com,https://www.eyougame.com,RPG,4.53,4137,210,100.000+,100000,283010,1,0,BRL,1,1,"R$ 8,90 – R$ 899,90 por item",Classificação 10 anos,5 de nov. de 2024,1731899556,1.2,,Aventura Estreal é um MMORPG de fantasia com um mundo mágico para descobrir!,https://play.google.com/store/apps/details?id=com.eyougame.xjes2&hl=pt&gl=br,100,36,88,pequeno/indie,21041,8514.19,30407.81,98825.38,18852.84,164202.16,101805.34,média,25,4.16,76.0,16.0,"SerpAPI, ScrapingBee"
Clima,13,Previsão do Tempo Preciso Info,weather.forecast.radar.channel,1 Bit,pointdotdog@gmail.com,https://onebit-app.web.app/,Clima,4.6039605,14097,223,1.000.000+,1000000,1670632,1,0,BRL,1,1,"R$ 5,49 – R$ 224,99 por item",Classificação Livre,3 de fev. de 2021,1775720548,1.23.7,,"Previsão do tempo precisa, radar meteo rastreia todas as informações meteo",https://play.google.com/store/apps/details?id=weather.forecast.radar.channel&hl=pt&gl=br,79,57,88,pequeno/indie,160299,7208.86,25745.94,83674.3,15962.48,139028.06,86197.4,alta,25,4.64,96.0,4.0,"SerpAPI, ScrapingBee"
Produtividade,8,"24me: Agenda, Tarefas",me.twentyfour.www,24me,info@twentyfour.me,http://www.twentyfour.me,Produtividade,4.47,7145,158,500.000+,500000,635698,1,0,BRL,0,1,"R$ 33,50 – R$ 364,99 por item",Classificação Livre,10 de dez. de 2014,1781303907,Varies with device,,"Assistente pessoal inteligente - Sua Agenda, Tarefas e Anotações em um só app",https://play.google.com/store/apps/details?id=me.twentyfour.www&hl=pt&gl=br,84,55,88,pequeno/indie,63340,9231.71,32970.38,107153.74,20441.64,178040.06,110384.84,alta,25,4.16,76.0,16.0,"SerpAPI, ScrapingBee"
Quadrinhos,11,Comikey: Webtoons em Português,com.comikey.banagher,Comikey Media,support@comikey.com,https://comikey.com,Quadrinhos,4.5380116,6153,2030,500.000+,500000,983331,1,0,BRL,1,1,"R$ 4,90 – R$ 999,99 por item",Classificação 16 anos,19 de abr. de 2022,1779663772,25.06.26,,"Leia grátis os Manhwas, Mangás e Webtoons mais famosos direto em Português!",https://play.google.com/store/apps/details?id=com.comikey.banagher&hl=pt&gl=br,84,53,88,pequeno/indie,91862,19608.0,70028.58,227592.88,43417.72,378154.32,234455.68,alta,25,3.56,56.0,32.0,"SerpAPI, ScrapingBee"
Jogos de Quebra-Cabeça,13,Vita Jigsaw for Seniors,com.vitastudio.senior.jigsaw,Vita Studio.,support@vitastudio.ai,https://vitastudio.ai,Quebra-cabeças,4.735849,63936,54,1.000.000+,1000000,1696569,1,0,BRL,1,0,,Classificação Livre,31 de ago. de 2023,1782372312,2.0.11,,Quebra-cabeças grandes em HD para idosos. Fáceis de ver e de jogar.,https://play.google.com/store/apps/details?id=com.vitastudio.senior.jigsaw&hl=pt&gl=br,69,65,87,crescendo,166171,162.51,580.39,1886.27,278.59,3134.11,1504.37,alta,25,4.56,92.0,8.0,"SerpAPI, ScrapingBee"
Jogos de Cassino,4,Woohoo™ Slots - Casino Games,com.wh.free.jackpot.casino.slots,Triwin Games,woohooslots@gmail.com,https://www.triwingames.com,Cassino,4.7576923,48372,2050,1.000.000+,1000000,1669685,1,0,BRL,1,0,,Classificação Livre,5 de dez. de 2022,1770693642,2.2.8,,Cash Casino Slots Game: Have Fun Spinning and Winning Jackpots.,https://play.google.com/store/apps/details?id=com.wh.free.jackpot.casino.slots&hl=pt&gl=br,79,53,87,pequeno/indie,136173,363.2,1297.14,4215.7,622.63,7004.55,3362.18,alta,25,4.4,84.0,8.0,"SerpAPI, ScrapingBee"
Viagens e Localização,15,Viajei: Viagem em Grupo,app.m33labs.viajei,M33 Labs,appviajei@gmail.com,https://viajeiapp.com,Viagem e Turismo,5.0,10,8,100+,100,451,1,0,BRL,1,0,,Classificação Livre,26 de mar. de 2026,1781554906,1.2.4,,"Organize viagens em grupo, divida despesas e planeje tudo no app.",https://play.google.com/store/apps/details?id=app.m33labs.viajei&hl=pt&gl=br,100,74,87,pequeno/indie,30,0.02,0.07,0.24,0.03,0.39,0.19,baixa,7,5.0,100.0,0.0,"SerpAPI, ScrapingBee"
Notícias e Revistas,9,Jornais Portugueses,com.tachanfil.jornaisportugueses,MUNBEN,info@munben.com,http://www.munben.com,Notícias e revistas,4.4666667,781,9,100.000+,100000,122203,1,0,BRL,1,0,,Classificação Livre,30 de jan. de 2017,1764358060,6.2.3,,Reúne os principais jornais e revistas na Portugal,https://play.google.com/store/apps/details?id=com.tachanfil.jornaisportugueses&hl=pt&gl=br,100,34,87,pequeno/indie,9271,4.03,14.39,46.78,6.91,77.72,37.31,média,25,3.48,56.0,36.0,"SerpAPI, ScrapingBee"
Gastronomia,7,Mais Delivery,com.maisdelivery,Mais Delivery Nacional,contato@g22ti.com.br,https://maisdeliveryapp.com.br,Compras,4.779688,44259,11404,1.000.000+,1000000,1987654,1,0,BRL,1,0,,Classificação Livre,28 de fev. de 2019,1781546314,14.0.3,,"MAIS DELIVERY,
SEU PEDIDO É UMA ORDEM",https://play.google.com/store/apps/details?id=com.maisdelivery&hl=pt&gl=br,69,64,87,oportunidade,230842,153.29,547.47,1779.26,262.78,2956.31,1419.03,alta,25,5.0,100.0,0.0,"SerpAPI, ScrapingBee"
Negócios,5,Meu Negócio,com.segb_d3v3l0p.minegocio,Goolaxo,goolaxo@gmail.com,https://goolaxo.web.app,Negócios,4.520325,25697,780,1.000.000+,1000000,1981435,1,0,BRL,1,1,"R$ 2,69 – R$ 14,99 por item",Classificação Livre,25 de set. de 2015,1780200901,6.30.2,,"Controle e melhore seu negócio de forma fácil, rápida e sem complicações.",https://play.google.com/store/apps/details?id=com.segb_d3v3l0p.minegocio&hl=pt&gl=br,79,56,87,pequeno/indie,191737,1613.44,5762.29,18727.45,3572.62,31116.39,19292.16,alta,25,4.76,96.0,0.0,"SerpAPI, ScrapingBee"
Livros e Referências,13,eBook Reader: all in one,droid.reader.book.epub.mobi.pdf.djvu.fb2.txt.azw.azw3,Librera,librera.reader@gmail.com,http://librera.mobi,Livros e referências,4.4859815,8560,611,1.000.000+,1000000,1546812,1,0,BRL,1,0,,Classificação Livre,27 de set. de 2016,1779373412,9.4.8,,"Leitor de todos os formatos com recurso-chave TTS, Bookmarks, Backgrounds",https://play.google.com/store/apps/details?id=droid.reader.book.epub.mobi.pdf.djvu.fb2.txt.azw.azw3&hl=pt&gl=br,79,53,87,pequeno/indie,134409,89.25,318.77,1035.99,153.01,1721.33,826.24,alta,25,4.28,80.0,12.0,"SerpAPI, ScrapingBee"
Arte e Design,10,SketchPro: Pintar e desenhar,com.axis.sketchpro,4Axis Technologies,sketchpro@4axis.com,https://sketchpro.com,Arte e design,4.6213593,24317,187,1.000.000+,1000000,1548906,1,0,BRL,0,1,"R$ 5,99 – R$ 104,99 por item",Classificação Livre,7 de dez. de 2023,1783060713,2.0.1,,Aplicativo de desenho e pintura de ilustração digital para arte de anime e mangá,https://play.google.com/store/apps/details?id=com.axis.sketchpro&hl=pt&gl=br,69,65,87,crescendo,177672,4175.3,14911.8,48463.36,9245.32,80523.73,49924.71,alta,25,4.6,92.0,8.0,"SerpAPI, ScrapingBee"
Jogos de Palavras,6,Word Search 2 - Caça palavras,com.iscoolentertainment.word.search,IsCool Entertainment,support+wordsearch@iscool-e.com,https://www.iscoolentertainment.com,Palavras,4.804762,51268,214,1.000.000+,1000000,1899260,1,0,BRL,1,1,"R$ 6,99 – R$ 689,99 por item",Classificação Livre,14 de out. de 2022,1777023622,1.25.0,,Jogue este jogo de caça-palavras relaxante com mais de 4.200 fases!,https://play.google.com/store/apps/details?id=com.iscoolentertainment.word.search&hl=pt&gl=br,69,59,86,oportunidade,155890,33634.45,120123.04,390399.87,74476.28,648664.41,402171.93,alta,25,4.72,92.0,4.0,"SerpAPI, ScrapingBee"
Jogos de Simulação,3,SIMULACRA,com.kaigan.simulacra,Kaigan Games OÜ,info@kaigangames.com,http://www.kaigangames.com,Simulador,4.74,7174,151,50.000+,50000,78927,0,19.99,BRL,0,0,,Classificação 14 anos,26 de out. de 2017,1718353857,1.0.65,,Uma experiência de terror realista ao explorar o telefone de uma mulher desaparecida.,https://play.google.com/store/apps/details?id=com.kaigan.simulacra&hl=pt&gl=br,100,31,86,pequeno/indie,5458,9277.17,33132.77,107681.49,20542.31,178916.93,110928.5,média,25,4.16,76.0,24.0,"SerpAPI, ScrapingBee"
Jogos Arcade,12,John Mambo: Jogos Arcade,com.JohnMambo.RetroPixelAction,Iction Games,ictiongames@gmail.com,https://www.ictiongames.com/,Ação,4.5555553,254,15,10.000+,10000,25108,1,0,BRL,1,1,"R$ 6,49 por item",Classificação 12 anos,17 de dez. de 2023,1760628863,010630,,Aprecie este jogo de ação em pixel art com referências aos jogos de arcade,https://play.google.com/store/apps/details?id=com.JohnMambo.RetroPixelAction&hl=pt&gl=br,100,28,86,pequeno/indie,1619,5.93,21.18,68.83,13.13,114.36,70.9,baixa,16,4.62,87.5,6.2,"SerpAPI, ScrapingBee"
Esportes,3,Placar de futebol,it.censa.scoreboardsoccer,CensaSoft,andreacensabella85@gmail.com,https://censasoft.web.app,Esportes,4.86,1154,134,100.000+,100000,242249,1,0,BRL,1,1,"R$ 6,49 – R$ 99,99 por item",Classificação Livre,26 de mai. de 2023,,Varies with device,,Marque e acompanhe os pontos no futebol!,https://play.google.com/store/apps/details?id=it.censa.scoreboardsoccer&hl=pt&gl=br,100,28,86,pequeno/indie,21009,319.19,1139.97,3704.91,706.78,6155.86,3816.63,média,25,4.84,96.0,4.0,"SerpAPI, ScrapingBee"
Personalização,7,Orbit Launcher: Tema Sci-Fi,appmania.launcher.orbitui,App Mania Software Development,appmania14@gmail.com,https://theappmania.com/,Personalização,4.6,1893,51,50.000+,50000,63613,1,0,BRL,1,1,"R$ 4,90 – R$ 19,99 por item",Classificação Livre,3 de mai. de 2024,,Varies with device,,Transforme seu celular com um visual futurista e interface de cinema.,https://play.google.com/store/apps/details?id=appmania.launcher.orbitui&hl=pt&gl=br,100,29,86,pequeno/indie,5110,19.85,70.9,230.42,43.96,382.85,237.37,média,25,4.28,80.0,16.0,"SerpAPI, ScrapingBee"
Jogos Musicais,2,Lanota - Music game with story,com.Noxygames.Lanota,Noxy Games Inc.,service@noxygames.com,https://noxygames.com/lanota/,Música,4.5220127,37088,597,1.000.000+,1000000,1675078,1,0,BRL,1,1,"R$ 3,69 – R$ 109,99 por item",Classificação Livre,23 de ago. de 2016,1779799455,3.2.6,,Salve o mundo com o poder da música neste jogo de ritmo dinâmico e revigorante!,https://play.google.com/store/apps/details?id=com.Noxygames.Lanota&hl=pt&gl=br,69,56,85,oportunidade,136635,5425.81,19377.9,62978.17,12014.3,104640.65,64877.2,alta,25,4.44,88.0,4.0,"SerpAPI, ScrapingBee"
Medicina,7,"remédios caseiros, plantas",com.appsamimanera.remedioscaserosmedicinanatural,Appsamimanera,appsamimanera@gmail.com,https://www.appsamimanera.com/,Saúde e fitness,4.42,689,40,100.000+,100000,250895,1,0,BRL,1,0,,Classificação Livre,19 de nov. de 2017,1756470067,1.38,,"Baixe e aproveite o app de remédios caseiros, plantas medicinais naturais",https://play.google.com/store/apps/details?id=com.appsamimanera.remedioscaserosmedicinanatural&hl=pt&gl=br,100,26,85,pequeno/indie,19819,11.75,41.95,136.35,20.14,226.55,108.74,média,25,4.44,88.0,8.0,"SerpAPI, ScrapingBee"
Estilo de Vida,5,Mini Hábitos - Rotina e Hábito,com.qiapps.minihabitos,QIApps,qiapps.contato@gmail.com,https://minihabitos.firebaseapp.com,Produtividade,4.6176734,22650,7109,1.000.000+,1000000,1275324,1,0,BRL,1,1,"R$ 14,99 – R$ 19,99 por item",Classificação Livre,30 de jul. de 2019,1689180370,3.3.2,,"Organize e gerencie qualquer hábito, rotina ou tarefa diária com nosso app!",https://play.google.com/store/apps/details?id=com.qiapps.minihabitos&hl=pt&gl=br,94,33,85,pequeno/indie,120724,1101.61,3934.31,12786.52,2439.27,21245.29,13172.08,alta,25,3.84,68.0,24.0,"SerpAPI, ScrapingBee"
Casa e Decoração,10,Live Home 3D: Projeto de casa,com.belightsoft.livehome3d,Belight Software,support@belightsoft.com,https://livehome3d.com,Casa e decoração,4.37,2125,63,1.000.000+,1000000,1033671,1,0,BRL,0,1,"R$ 24,99 – R$ 759,99 por item",Classificação Livre,6 de nov. de 2024,1782917815,4.12.1 (1703),,"Aplicativo completo para projeto de casa: planta baixa, decoração e jardim",https://play.google.com/store/apps/details?id=com.belightsoft.livehome3d&hl=pt&gl=br,92,67,85,pequeno/indie,105612,17554.92,62696.13,203762.41,38871.6,338559.08,209906.63,média,25,4.4,84.0,12.0,"SerpAPI, ScrapingBee"
Reprodutores de Vídeo,12,Night Video Player - voice amp,com.rz.night.player,ONIX INC.,nuysha.kot@gmail.com,,Reproduzir e editar vídeos,4.57,10138,109,1.000.000+,1000000,1920879,1,0,BRL,0,1,"R$ 5,49 – R$ 9,99 por item",Classificação Livre,29 de jan. de 2019,1773408716,Varies with device,,"Reprodutor de vídeo com aprimoramento de voz/fala , normalização de som, 4K/8K",https://play.google.com/store/apps/details?id=com.rz.night.player&hl=pt&gl=br,75,48,84,pequeno/indie,185592,553.05,1975.17,6419.29,1224.6,10665.91,6612.86,alta,25,4.76,92.0,0.0,"SerpAPI, ScrapingBee"
Ferramentas,10,Tudo em um Toolkit Inteligente,com.toolkit.smarttool.utilities.toolbox,Macro Mobile Solution,support@macromobilesolution.com,https://macromobilesolution.com/,Ferramentas,4.4615383,793,5,100.000+,100000,226418,1,0,BRL,1,1,"R$ 29,99 por item",Classificação Livre,29 de jul. de 2021,1753446812,1.3.6,,Aplicativo de kit de ferramentas inteligente para realizar tarefas diárias,https://play.google.com/store/apps/details?id=com.toolkit.smarttool.utilities.toolbox&hl=pt&gl=br,100,23,84,pequeno/indie,17784,155.58,555.64,1805.84,344.5,3000.48,1860.3,média,9,3.56,66.7,33.3,"SerpAPI, ScrapingBee"
Notícias e Revistas,2,Jornais Brasileiros,com.tachanfil.jornaisdobrasil,MUNBEN,info@munben.com,http://www.jornaisbrasileiros.net.br,Notícias e revistas,4.5240173,5893,1778,500.000+,500000,568624,1,0,BRL,1,0,,Classificação Livre,10 de jan. de 2014,1764358037,6.2.3,,Reúna todos os jornais e revistas mais importantes do Brasil,https://play.google.com/store/apps/details?id=com.tachanfil.jornaisdobrasil&hl=pt&gl=br,84,38,84,pequeno/indie,51632,22.44,80.15,260.49,38.47,432.81,207.75,alta,25,4.24,80.0,12.0,"SerpAPI, ScrapingBee"
Negócios,9,Meu Negócio Plus,com.app_segb.minegocioplus,Goolaxo,goolaxo.plus.hello@gmail.com,https://goolaxo.web.app,Negócios,4.45,1106,12,50.000+,50000,99698,1,0,BRL,1,1,"R$ 17,99 por item",Classificação 18 anos,5 de jul. de 2022,,Varies with device,,"Gerencie e melhore seu negócio de forma fácil, rápida e sem complicações.",https://play.google.com/store/apps/details?id=com.app_segb.minegocioplus&hl=pt&gl=br,100,22,84,pequeno/indie,7476,77.38,276.35,898.13,171.34,1492.28,925.22,média,19,4.58,89.5,5.3,"SerpAPI, ScrapingBee"
Android Wear,11,Pujie mostradores – Wear OS 6,com.pujie.watchfaces,Pujie,info@pujie.io,https://pujie.io,Personalização,4.36,2489,31,100.000+,100000,435244,1,0,BRL,1,1,"R$ 3,99 – R$ 51,99 por item",Classificação Livre,19 de jun. de 2024,1769352128,7.0.74f,,Criador de mostradores para Wear OS 6 com milhares de mostradores disponíveis.,https://play.google.com/store/apps/details?id=com.pujie.watchfaces&hl=pt&gl=br,100,53,84,pequeno/indie,35423,400.82,1431.5,4652.38,887.53,7730.11,4792.67,média,25,3.4,60.0,40.0,"SerpAPI, ScrapingBee"
Jogos Esportivos,10,Street Football: futebol jogo,com.herocraft.game.alphanova.head.strike,HeroCraft Ltd.,support@herocraft.com,https://www.herocraft.com,Esportes,4.59,8348,305,500.000+,500000,839670,1,0,BRL,0,1,"R$ 0,49 – R$ 29,99 por item",Classificação 12 anos,12 de jul. de 2022,1760369095,0.18.6,,"Mini futebol de cabeça! Torne-se o melhor futebol manager, atacante e goleiro!",https://play.google.com/store/apps/details?id=com.herocraft.game.alphanova.head.strike&hl=pt&gl=br,84,34,83,pequeno/indie,66136,447.04,1596.56,5188.81,989.87,8621.41,5345.27,alta,25,4.4,84.0,8.0,"SerpAPI, ScrapingBee"
Jogos de RPG,2,Vampire's Fall 2 RPG,com.earlymorningstudio.trident,Early Morning Studio,support@earlymorningstudio.com,https://earlymorningstudio.com/,RPG,4.8577,142055,2787,1.000.000+,1000000,1478542,1,0,BRL,1,1,"R$ 6,99 – R$ 599,99 por item",Classificação 18 anos,27 de mai. de 2025,1781259823,1.4.113,,RPG de vampiro por turnos. Explore um sombrio mundo aberto. Jogue offline.,https://play.google.com/store/apps/details?id=com.earlymorningstudio.trident&hl=pt&gl=br,54,64,83,oportunidade,143825,59497.96,212492.7,690601.27,131745.47,1147460.58,711425.56,alta,25,4.96,100.0,0.0,"SerpAPI, ScrapingBee"
Automóveis e Veículos,5,Simply Auto: Gasolina Log,mrigapps.andriod.fuelcons,Mobifolio,support@simplyauto.app,https://www.simplyauto.app,Veículos,4.72,24107,207,500.000+,500000,935674,1,0,BRL,1,1,"R$ 2,50 – R$ 99,99 por item",Classificação Livre,3 de fev. de 2013,1728565278,53.7,,"Registe combustível, distância, manutenção e gasto, vários veículos e condutores",https://play.google.com/store/apps/details?id=mrigapps.andriod.fuelcons&hl=pt&gl=br,84,33,83,pequeno/indie,87188,1276.42,4558.63,14815.55,2826.35,24616.6,15262.29,alta,25,4.24,68.0,8.0,"SerpAPI, ScrapingBee"
Automóveis e Veículos,4,Manutenção carros em português,com.cars.android.carapps.carnotes,Aleksey Mikheev,alexispras@gmail.com,https://d3039b595.app-ads-txt.com,Veículos,4.387097,1266,55,100.000+,100000,313938,1,0,BRL,1,1,"R$ 19,99 – R$ 40,99 por item",Classificação Livre,11 de mar. de 2021,1779006973,5.5,,Gerencie seu veículo com lembretes de manutenção. Traduzido para o português,https://play.google.com/store/apps/details?id=com.cars.android.carapps.carnotes&hl=pt&gl=br,100,50,83,pequeno/indie,25105,308.23,1100.83,3577.69,682.51,5944.47,3685.57,média,25,4.68,92.0,4.0,"SerpAPI, ScrapingBee"
Jogos de Cartas,4,Solitairica,com.RighteousHammerGames.Solitairica,Righteous Hammer Games,info@righteoushammer.com,http://www.righteoushammer.com,Cartas,4.25,6091,140,100.000+,100000,491419,1,0,BRL,0,1,"R$ 2,39 – R$ 13,99 por item",Classificação Livre,7 de dez. de 2016,1782489544,1.5.03572,,"Lute contra inimigos dinâmicos em combate RPG, usando o poder do paciência",https://play.google.com/store/apps/details?id=com.RighteousHammerGames.Solitairica&hl=pt&gl=br,100,46,82,pequeno/indie,41059,227.86,813.79,2644.82,504.55,4394.47,2724.57,alta,25,3.52,60.0,36.0,"SerpAPI, ScrapingBee"
Jogos Arcade,9,Apple Knight 2 - Platformer,online.limitless.appleknight.dungeons,"Limitless, LLC",support@limitless.online,http://www.limitless.online,Ação,4.842373,26877,2432,1.000.000+,1000000,1668697,1,0,BRL,1,1,"R$ 10,99 – R$ 114,99 por item",Classificação Livre,13 de fev. de 2023,1763330263,2.1.3,,O melhor jogo de plataforma de ação!,https://play.google.com/store/apps/details?id=online.limitless.appleknight.dungeons&hl=pt&gl=br,69,45,82,oportunidade,136089,3908.44,13958.73,45365.86,8654.41,75377.12,46733.81,alta,25,4.96,100.0,0.0,"SerpAPI, ScrapingBee"
Jogos Arcade,3,RETROXEL: Jogos Arcade Retrô,com.sjkim.retroxel2,sungjun221,retroxelapp@gmail.com,https://retroxel.com,Arcade,4.19802,4692,125,500.000+,500000,506471,1,0,BRL,1,1,"R$ 14,99 – R$ 109,90 por item",Classificação Livre,14 de abr. de 2025,1782409874,0.5.5,,Uma jornada retrô cheia de nostalgia nos clássicos jogos de arcade,https://play.google.com/store/apps/details?id=com.sjkim.retroxel2&hl=pt&gl=br,100,45,82,pequeno/indie,42384,1838.65,6566.6,21341.46,4071.29,35459.66,21984.99,média,25,3.56,60.0,36.0,"SerpAPI, ScrapingBee"
Estilo de Vida,3,Hábitos Matinais - Rotina já,com.starttech.habitosmatinais,Hábitos Matinais,contato@habitosmatinais.com.br,,Estilo de vida,4.495413,3726,376,500.000+,500000,623450,1,0,BRL,0,1,"R$ 9,90 – R$ 149,90 por item",Classificação Livre,8 de mai. de 2021,1753747422,3.3.6,,Desenvolva hábitos saudáveis com uma rotina diária personalizada!,https://play.google.com/store/apps/details?id=com.starttech.habitosmatinais&hl=pt&gl=br,88,26,82,pequeno/indie,51713,1145.37,4090.62,13294.53,2536.19,22089.37,13695.41,média,25,4.36,80.0,12.0,"SerpAPI, ScrapingBee"
Jogos Casuais,8,Merge Age: Refúgio de Pedra,com.puzzle1studio.go.stoneagemerge,Puzzle1Studio,contactus@puzzle1studio.com,https://www.puzzle1studio.com,Quebra-cabeças,4.3960395,5153,48,500.000+,500000,587652,1,0,BRL,1,1,"R$ 4,00 – R$ 359,90 por item",Classificação Livre,30 de abr. de 2026,1782459031,2618.0.0,,Combine para construir sua aldeia!,https://play.google.com/store/apps/details?id=com.puzzle1studio.go.stoneagemerge&hl=pt&gl=br,84,56,81,pequeno/indie,49565,5043.11,18011.1,58536.06,11166.88,97259.91,60301.15,alta,25,3.84,72.0,24.0,"SerpAPI, ScrapingBee"
Paternidade,10,Minha Gravidez Semana a Semana,app.pregnancy.free,My Pregnancy and Baby Tracker,support@pregnancy-parenting.com,https://pregnancy-parenting.com,Criação de filhos,4.672014,22328,1133,1.000.000+,1000000,1880289,1,0,BRL,1,1,"R$ 14,99 – R$ 49,99 por item",Classificação Livre,18 de mar. de 2020,1758397373,3.1.80,,"Gravidez, semanas de gestação, acompanhamento gestacional, nomes de bebês, e +!",https://play.google.com/store/apps/details?id=app.pregnancy.free&hl=pt&gl=br,69,40,81,oportunidade,181478,1713.32,6119.0,19886.75,3793.78,33042.59,20486.41,alta,25,4.88,96.0,0.0,"SerpAPI, ScrapingBee"
Medicina,6,Lembrete de remédio,com.devsoldiers.calendar.pills.limit,level38,app@level38.co,https://drpills.app,Medicina,4.4760637,17850,1310,500.000+,500000,808772,1,0,BRL,1,1,"R$ 5,99 – R$ 159,99 por item",Classificação Livre,26 de fev. de 2017,,Varies with device,,Lembrete para tomar remédio com alarme de medicação e calendário de medicamentos,https://play.google.com/store/apps/details?id=com.devsoldiers.calendar.pills.limit&hl=pt&gl=br,84,27,81,pequeno/indie,68000,1593.89,5692.46,18500.48,3529.32,30739.27,19058.34,alta,25,4.0,72.0,24.0,"SerpAPI, ScrapingBee"
Quadrinhos,4,GlobalComix: HQs em Inglês,com.globalcomix.mobileapp,GlobalComix,contact@globalcomix.com,https://globalcomix.com/support/contact,Quadrinhos,4.39,5632,62,1.000.000+,1000000,1173634,1,0,BRL,0,1,"R$ 5,49 – R$ 429,99 por item",Classificação 18 anos,8 de set. de 2023,1782223193,2.2.43,,"Leia Superman, Invencível e mais de 100 mil HQs no app da GlobalComix.",https://play.google.com/store/apps/details?id=com.globalcomix.mobileapp&hl=pt&gl=br,84,56,81,pequeno/indie,120689,11129.17,39747.03,129177.84,24643.16,214633.96,133073.05,alta,25,4.04,68.0,16.0,"SerpAPI, ScrapingBee"
Negócios,8,"Myne - PDV, Vendas e Estoque",com.meunegocio,Myne App,contato@myneapp.com.br,http://www.myneapp.com.br,Negócios,4.272021,7609,1993,100.000+,100000,487170,1,0,BRL,0,1,"R$ 4,99 – R$ 449,99 por item",Classificação Livre,16 de jun. de 2017,1777924343,2.8.6,,"Controle de estoque, produtos, serviços, clientes, recibo e finanças para MEI",https://play.google.com/store/apps/details?id=com.meunegocio&hl=pt&gl=br,100,42,81,pequeno/indie,39887,6669.47,23819.52,77413.45,14768.1,128625.42,79747.76,alta,25,3.04,40.0,48.0,"SerpAPI, ScrapingBee"
Família,1,Charadas Crianças: Jogo Mímica,com.yangmeistudios.charades_kids,Yangmei Studios,mikael@yangmeistudios.com,,Palavras,4.888889,33,1,1.000+,1000,4161,1,0,BRL,0,1,"R$ 4,90 – R$ 22,90 por item",Classificação Livre,14 de abr. de 2026,1776171809,1.0,,Jogo de mímica divertido para crianças! O melhor headbands para toda a família.,https://play.google.com/store/apps/details?id=com.yangmeistudios.charades_kids&hl=pt&gl=br,100,47,80,pequeno/indie,238,2.04,7.28,23.66,4.51,39.31,24.37,baixa,1,4.0,100.0,0.0,"SerpAPI, ScrapingBee"
Jogos de Palavras,11,Caça-Palavras Difícil,reitz.apps.projetocacapalavrasdificil,reitz.Aplicativos,reitzaplicativos@gmail.com,https://appsparaestudar.com.br,Palavras,4.0,29,19,10.000+,10000,40284,1,0,BRL,1,0,,Classificação Livre,9 de dez. de 2024,1782489638,1.92,,Um Caça palavras desafiador para quem gosta de jogos difíceis.,https://play.google.com/store/apps/details?id=reitz.apps.projetocacapalavrasdificil&hl=pt&gl=br,100,37,80,pequeno/indie,2919,3.12,11.13,36.16,5.34,60.09,28.84,média,19,3.95,73.7,21.1,"SerpAPI, ScrapingBee"
Jogos de Estratégia,4,Demise of Nations,com.demiseofnations.app.user.rom,Noble Master Games,contact@noblemaster.com,http://www.noblemaster.com,Estratégia,4.39,8957,279,500.000+,500000,873474,1,0,BRL,0,1,"R$ 4,99 – R$ 104,99 por item",Classificação Livre,8 de ago. de 2017,1779714391,1.50.320,,Demise of Nations é um 4X wargame  grande de estratégia baseado em turnos.,https://play.google.com/store/apps/details?id=com.demiseofnations.app.user.rom&hl=pt&gl=br,84,54,80,pequeno/indie,62672,4245.9,15163.94,49282.81,9401.64,81885.28,50768.87,alta,25,4.16,76.0,16.0,"SerpAPI, ScrapingBee"
Esportes,1,O Placar: Jogos de Futebol,com.oplacar.app,Valverde Lab,contato@oplacar.com.br,https://oplacar.com.br,Esportes,5.0,9,7,100+,100,236,1,0,BRL,1,0,,Classificação Livre,11 de mai. de 2026,1778859507,1.0.1,,"Jogos de hoje, placar, tabela, times e notícias do futebol.",https://play.google.com/store/apps/details?id=com.oplacar.app&hl=pt&gl=br,100,47,80,pequeno/indie,12,0.01,0.03,0.09,0.01,0.15,0.07,baixa,7,5.0,100.0,0.0,"SerpAPI, ScrapingBee"
Medicina,2,Tomar Remédio,br.com.tomarremedio.app,Block 9,hitalocunhadesousa@gmail.com,https://tomarremedio.com.br/,Ferramentas,4.4883723,43,11,1.000+,1000,3368,1,0,BRL,0,1,"R$ 14,90 – R$ 129,90 por item",Classificação Livre,11 de set. de 2024,1779654688,2.0.6,,"Nunca esqueça uma dose: agende, acompanhe e controle seus remédios.",https://play.google.com/store/apps/details?id=br.com.tomarremedio.app&hl=pt&gl=br,100,45,80,pequeno/indie,203,6.22,22.23,72.25,13.78,120.04,74.43,baixa,11,4.27,72.7,9.1,"SerpAPI, ScrapingBee"
Saúde e Fitness,1,MyFitnessCoach Treino Academia,com.myfitnesscoach,MY FITNESS COACH,contact@myfitnesscoach.fit,https://myfitnesscoach.fit,Saúde e fitness,4.180328,1972,14,1.000.000+,1000000,1031354,1,0,BRL,1,1,"R$ 30,00 – R$ 434,99 por item",Classificação Livre,15 de fev. de 2023,1779264271,6.48.3,,Contar calorias exercícios em casa e treino academia para emagrecer com controle,https://play.google.com/store/apps/details?id=com.myfitnesscoach&hl=pt&gl=br,92,41,79,pequeno/indie,87803,11859.98,42357.09,137660.53,26261.39,228728.27,141811.53,média,12,3.17,58.3,41.7,"SerpAPI, ScrapingBee"
Finanças,10,Kinvo: Acompanhe investimentos,com.everestti.kinvo,Kinvo Tecnologia da Informação,contato@kinvo.com.br,http://www.kinvo.com.br,Finanças,4.006837,22335,7565,1.000.000+,1000000,1093031,1,0,BRL,0,1,"R$ 14,99 – R$ 179,90 por item",Classificação Livre,22 de dez. de 2017,1782929738,3.65.0,,"Acompanhe, analise e otimize cada investimento da sua carteira com facilidade.",https://play.google.com/store/apps/details?id=com.everestti.kinvo&hl=pt&gl=br,84,49,79,pequeno/indie,111995,9663.85,34513.75,112169.69,21398.52,186374.25,115552.03,alta,25,1.8,12.0,76.0,"SerpAPI, ScrapingBee"
Jogos de RPG,4,The Dark RPG: 2D Pixel Game,com.redzaam.thedark,Gem Jam,help@notfoundgames.com,https://gemjamllc.com/,RPG,4.03,12199,220,500.000+,500000,556232,1,0,BRL,0,1,"R$ 7,99 – R$ 124,99 por item",Classificação 12 anos,5 de jan. de 2017,1779811386,2.0.4,,"Pixel 2D espera por você: Missão de RPG, masmorras em jogo de fantasia 8-bit!",https://play.google.com/store/apps/details?id=com.redzaam.thedark&hl=pt&gl=br,84,45,78,pequeno/indie,38983,3512.68,12545.29,40772.2,7778.08,67744.57,42001.63,alta,25,3.52,64.0,32.0,"SerpAPI, ScrapingBee"
Jogos Arcade,13,AMUSEMENT ARCADE TOAPLAN,tokyo.tatsujin.aat,"TATSUJIN Co., Ltd.",support@tatsujin.tokyo,https://aat.tatsujin.tokyo/,Arcade,4.0,144,5,10.000+,10000,48875,1,0,BRL,0,1,"R$ 25,99 – R$ 579,99 por item",Classificação 10 anos,7 de nov. de 2024,1761265499,1.0.8,,Truxton e outros clássicos!,https://play.google.com/store/apps/details?id=tokyo.tatsujin.aat&hl=pt&gl=br,100,30,78,pequeno/indie,2986,401.35,1433.39,4658.5,888.7,7740.28,4798.97,baixa,5,3.4,60.0,40.0,"SerpAPI, ScrapingBee"
Ferramentas,6,Ferramenta tudo-em-um,com.smart.toolkit.all.in.one.barcode.scanner.qr.notes.toolbox,Digital Ware Zone,support@digitalwarezone.com,https://digitalwarezone.com/,Ferramentas,4.3789473,3184,45,500.000+,500000,558732,1,0,BRL,1,1,"R$ 53,99 por item",Classificação Livre,19 de ago. de 2022,1765281701,1.0.20,,Use um leitor de código de barras e mais de 30 ferramentas com utilitários.,https://play.google.com/store/apps/details?id=com.smart.toolkit.all.in.one.barcode.scanner.qr.notes.toolbox&hl=pt&gl=br,92,37,78,pequeno/indie,46079,707.51,2526.83,8212.21,1566.64,13644.91,8459.84,média,25,4.08,80.0,20.0,"SerpAPI, ScrapingBee"
Fotografia,7,"Negative Image - Invert Image,",kada.negativeimage.InvertImage,KADA Studio,z.hangl0186+support@gmail.com,https://negativeimage-1914e.firebaseapp.com,Fotografia,4.11,8572,139,1.000.000+,1000000,1249399,1,0,BRL,1,0,,Classificação Livre,11 de mai. de 2019,1770731676,1.54,,"Imagem negativa Câmera, Foto negativo scanner: Ver e converter filme colorido",https://play.google.com/store/apps/details?id=kada.negativeimage.InvertImage&hl=pt&gl=br,94,35,78,pequeno/indie,107407,57.89,206.76,671.97,99.24,1116.5,535.92,alta,25,2.84,44.0,48.0,"SerpAPI, ScrapingBee"
Jogos de Quebra-Cabeça,15,Jigsort Quebra-Cabeça:Brincar,jigsolitaire.jigsort.jigsaw.solitaire.puzzle,EasyFun Puzzle Game Studio,jigsortsup@outlook.com,https://easyfun-games.com/,Quebra-cabeças,4.890661,74800,251,1.000.000+,1000000,2087056,1,0,BRL,1,0,,Classificação Livre,28 de nov. de 2025,1782806563,1.1.5,,Deslize e organize as peças do quebra-cabeça! Uma mistura relaxante de puzzles.,https://play.google.com/store/apps/details?id=jigsolitaire.jigsort.jigsaw.solitaire.puzzle&hl=pt&gl=br,79,89,77,pequeno/indie,206524,201.97,721.33,2344.34,346.24,3895.2,1869.7,alta,25,4.84,96.0,4.0,"SerpAPI, ScrapingBee"
Mapas e Navegação,9,Navegação GPS e mapa de rotas,com.gps.navigation.direction.find.route.map.ptl,PureTech Labs,topapplicationtech856@gmail.com,https://gps-ptl.web.app,Mapas e navegação,3.9807692,617,11,1.000.000+,1000000,1175192,1,0,BRL,1,1,"R$ 28,99 por item",Classificação Livre,10 de nov. de 2025,1782889062,1.14,,"Navegação GPS com rotas, atualizações de trânsito e instruções de voz.",https://play.google.com/store/apps/details?id=com.gps.navigation.direction.find.route.map.ptl&hl=pt&gl=br,100,66,77,pequeno/indie,120858,1555.47,5555.24,18054.52,3444.25,29998.27,18598.93,média,12,3.17,58.3,33.3,"SerpAPI, ScrapingBee"
Jogos Musicais,7,Como ler notas e ritmo,com.classplash.rhythmicvillage,Classplash Lda,support@classplash.com,https://www.classplash.com/rhythmicvillage,Educação,4.18,388,19,100.000+,100000,106337,1,0,BRL,0,1,"R$ 14,99 – R$ 29,99 por item",Classificação Livre,2 de abr. de 2018,1761841735,2.19.40,,Aprenda a ler música e a tocar no ritmo. É só instalar e jogar!,https://play.google.com/store/apps/details?id=com.classplash.rhythmicvillage&hl=pt&gl=br,100,20,76,pequeno/indie,8003,49.9,178.2,579.16,110.49,962.29,596.62,média,25,4.24,80.0,12.0,"SerpAPI, ScrapingBee"
Reprodutores de Vídeo,11,Reprodutor de Vídeos HD,tv.fipe.allformat.player,MINIQUE.AI,dev@fipe.tv,http://fipe.tv/,Reproduzir e editar vídeos,4.73,5667,157,100.000+,100000,377268,1,0,BRL,0,0,,Classificação Livre,21 de nov. de 2023,1781513982,1.2.3,,Reprodutor de vídeo perfeito com suporte a todos os formatos e codecs.,https://play.google.com/store/apps/details?id=tv.fipe.allformat.player&hl=pt&gl=br,100,61,76,pequeno/indie,40221,0.0,0.0,0.0,0.0,0.0,0.0,média,25,4.92,96.0,0.0,"SerpAPI, ScrapingBee"
Redes Sociais,8,Paçoca: rede social brasileira,com.joaoalves.pacoca,João Enrique Barbosa Santos Alves,pacoca150723@gmail.com,https://pacoca.net/,Social,4.4454546,1100,519,10.000+,10000,33142,1,0,BRL,0,0,,Classificação 12 anos,28 de jan. de 2025,1779927374,2.2.3,,"Paçoca a rede social brasileira, inovadora, onde você pode fazer amigos :).",https://play.google.com/store/apps/details?id=com.joaoalves.pacoca&hl=pt&gl=br,100,62,76,pequeno/indie,2326,0.0,0.0,0.0,0.0,0.0,0.0,baixa,25,4.08,80.0,16.0,"SerpAPI, ScrapingBee"
Paternidade,1,V-Baby: Gravidez e Maternidade,com.vlab.vbaby,Vlab,atendimento@vlabhealth.com,https://www.vbaby.app/,Medicina,4.798611,2878,146,100.000+,100000,162264,1,0,BRL,0,0,,Classificação Livre,4 de jan. de 2022,1783083188,7.3.0,,"Gravidez semana a semana, enxoval, chá de bebê virtual e dicas de saúde grátis",https://play.google.com/store/apps/details?id=com.vlab.vbaby&hl=pt&gl=br,100,61,76,pequeno/indie,13762,0.0,0.0,0.0,0.0,0.0,0.0,baixa,25,4.08,72.0,20.0,"SerpAPI, ScrapingBee"
Notícias e Revistas,12,Jornais e Revistas do Brasil,jornais.e.revistas.brasileira.brasil,APPS4NewWorld,apps4newworld@gmail.com,https://dev627157.topdeveloper.info,Notícias e revistas,4.4680853,57,28,1.000+,1000,2626,1,0,BRL,1,0,,Classificação Livre,6 de jan. de 2022,1765874297,2025.3.0,,"Jornais, Revistas do Brasil, imprensa, esportes, economia, moda, clima, cinema",https://play.google.com/store/apps/details?id=jornais.e.revistas.brasileira.brasil&hl=pt&gl=br,100,31,76,pequeno/indie,155,0.07,0.24,0.78,0.12,1.3,0.63,baixa,25,4.36,84.0,8.0,"SerpAPI, ScrapingBee"
Bibliotecas e Demonstrações,9,Biblioteca Virtual by Pearson,com.bibliotecavirtual.bvpearson,Pearson Education do Brasil,suporte.brasil@pearson.com,http://www.bvirtual.com.br/,Educação,4.8170214,4747,1856,100.000+,100000,364068,1,0,BRL,0,0,,Classificação Livre,3 de out. de 2019,1783125641,7.9.7,,A Biblioteca Virtual by Pearson é o seu portal para o mundo do conhecimento!,https://play.google.com/store/apps/details?id=com.bibliotecavirtual.bvpearson&hl=pt&gl=br,100,62,76,pequeno/indie,32283,0.0,0.0,0.0,0.0,0.0,0.0,baixa,25,4.2,76.0,12.0,"SerpAPI, ScrapingBee"
Educação,3,Seu Curso Digital,tech.jobholding.seucursodigital,KHS APPS,contact@khsmidia.com,https://seucursodigital.com,Educação,4.347594,1871,537,100.000+,100000,205442,1,0,BRL,0,1,"R$ 0,39 – R$ 2.099,99 por item",Classificação Livre,22 de fev. de 2025,,Varies with device,,Estude gratuitamente com os cursos online do Seu Curso Digital.,https://play.google.com/store/apps/details?id=tech.jobholding.seucursodigital&hl=pt&gl=br,100,23,76,pequeno/indie,16050,150.52,537.55,1747.05,333.28,2902.8,1799.73,média,25,3.68,64.0,32.0,"SerpAPI, ScrapingBee"
Jogos em Geral,14,The Division Resurgence,com.ubisoft.the.division.mobile.combat.shooting.open.world.rpg,Ubisoft Entertainment,android.support@ubisoft.com,https://www.ubisoft.com,Ação,4.6675,94039,2605,1.000.000+,1000000,3657950,1,0,BRL,0,1,"R$ 2,50 – R$ 499,90 por item",Classificação 18 anos,31 de mar. de 2026,1782838496,1.52754.0,,A luta começa. Prepare-se para retomar Nova York.,https://play.google.com/store/apps/details?id=com.ubisoft.the.division.mobile.combat.shooting.open.world.rpg&hl=pt&gl=br,69,89,75,crescendo,371975,63315.06,226125.22,734906.95,140197.63,1221076.17,757067.23,alta,25,4.4,84.0,16.0,"SerpAPI, ScrapingBee"
Negócios,10,Empresária Online,br.com.yardim.EmpresariaOnline,Yardim,suporte@empresariaonline.com.br,http://www.empresariaonline.com.br,Produtividade,4.8705034,1478,551,100.000+,100000,115731,1,0,BRL,0,0,,Classificação Livre,14 de jan. de 2016,1781271685,3.13.1,,"Controle, organize e aumente suas vendas de forma prática e segura.",https://play.google.com/store/apps/details?id=br.com.yardim.EmpresariaOnline&hl=pt&gl=br,100,58,75,pequeno/indie,11554,0.0,0.0,0.0,0.0,0.0,0.0,média,25,4.16,76.0,16.0,"SerpAPI, ScrapingBee"
Automóveis e Veículos,3,meu carro manutenção serviços,com.anasoftco.mycar,saycoder,saycoder@gmail.com,https://saycoder.com,Veículos,4.29,1965,95,100.000+,100000,274294,1,0,BRL,0,1,"R$ 7,99 – R$ 19,99 por item",Classificação Livre,21 de ago. de 2015,1754465764,17,,para quem tem um carro. aplicação profissional livre para seu carro.,https://play.google.com/store/apps/details?id=com.anasoftco.mycar&hl=pt&gl=br,100,16,75,pequeno/indie,21774,84.44,301.57,980.11,186.98,1628.49,1009.67,média,25,3.76,72.0,28.0,"SerpAPI, ScrapingBee"
Família,10,My Kids Família,br.com.gileade.kidsfamilia,Gileade Sistemas,appmykids@gmail.com,https://appmykids.com.br/,Ferramentas,4.883838,2016,499,500.000+,500000,605306,1,0,BRL,0,0,,Classificação Livre,26 de jun. de 2017,1776351287,1.55,,Gerenciamento de crianças no Ministério Infantil da Igreja,https://play.google.com/store/apps/details?id=br.com.gileade.kidsfamilia&hl=pt&gl=br,100,54,74,pequeno/indie,55144,0.0,0.0,0.0,0.0,0.0,0.0,média,25,4.84,96.0,4.0,"SerpAPI, ScrapingBee"
Jogos de Palavras,7,Caça Palavras,com.everydaysapps.cacapalavras,EveryDay-Apps,everydaysapps@gmail.com,https://affc3da6e.app-ads-txt.com,Palavras,4.1764708,2645,831,500.000+,500000,707009,1,0,BRL,1,0,,Classificação Livre,13 de mar. de 2015,1721050187,1.1,,Encontrar palavras escondidas!!,https://play.google.com/store/apps/details?id=com.everydaysapps.cacapalavras&hl=pt&gl=br,100,13,74,pequeno/indie,50176,35.05,125.18,406.84,60.09,675.97,324.47,média,25,4.44,84.0,16.0,"SerpAPI, ScrapingBee"
Jogos Educacionais,3,Educacross,com.CrossReality.EducaCrossMatematica,Cross Reality,googleplay@educacross.com.br,https://www.educacross.com.br,Educativos,4.7459016,4736,2270,500.000+,500000,517939,1,0,BRL,0,0,,Classificação Livre,15 de jan. de 2016,1781386923,8.4.02,,Plataforma de Aprendizagem baseada em Games,https://play.google.com/store/apps/details?id=com.CrossReality.EducaCrossMatematica&hl=pt&gl=br,92,60,74,pequeno/indie,47735,0.0,0.0,0.0,0.0,0.0,0.0,média,25,4.28,80.0,16.0,"SerpAPI, ScrapingBee"
Reprodutores de Vídeo,4,Reprodutor de Vídeo All Format,com.videoplayer.arcplayer,Arc Video Player,arcplayer.feedback@gmail.com,,Reproduzir e editar vídeos,4.8886557,76554,1904,1.000.000+,1000000,4654007,1,0,BRL,0,1,"R$ 21,99 – R$ 56,99 por item",Classificação Livre,28 de mar. de 2024,1782550993,1.3.4.2.132,,"Reprodutor de vídeo full HD para todos os formatos, reprodução em segundo plano.",https://play.google.com/store/apps/details?id=com.videoplayer.arcplayer&hl=pt&gl=br,75,77,74,pequeno/indie,563206,9419.07,33639.53,109328.47,20856.51,181653.45,112625.14,alta,25,4.96,100.0,0.0,"SerpAPI, ScrapingBee"
Fotografia,1,Film Cam - Câmera vintage,filmcamera.vintagecamera.digitalcamera.retrocamera,ZANKHANA PTE LTD,support@zankhana.ltd,https://zankhana.ltd,Fotografia,4.8616505,79344,5287,1.000.000+,1000000,3390627,1,0,BRL,1,1,"R$ 5,49 – R$ 109,99 por item",Classificação Livre,11 de jul. de 2025,1780052194,1.1.2,,"Câmera de filme vintage, câm digital, câm retro, filtro polaroid, câm analógica",https://play.google.com/store/apps/details?id=filmcamera.vintagecamera.digitalcamera.retrocamera&hl=pt&gl=br,69,86,74,crescendo,336801,8459.42,30212.22,98189.7,18731.57,163145.97,101150.5,alta,25,4.6,88.0,8.0,"SerpAPI, ScrapingBee"
Comunicação,12,Talksy: Communication Skills,com.korop.yaroslavhorach.lingoFlow,Korop Apps,yaroslavgorbach2@gmail.com,http://hjjjjffd.blogspot.com,Educação,,,,10.000+,10000,35012,1,0,BRL,1,1,"R$ 4,79 – R$ 154,99 por item",Classificação Livre,7 de jul. de 2025,1782156466,1.2.0,,"Aprimore sua fala, dicção, vocabulário e habilidades interpessoais.",https://play.google.com/store/apps/details?id=com.korop.yaroslavhorach.lingoFlow&hl=pt&gl=br,100,55,74,pequeno/indie,2959,101.89,363.88,1182.62,225.61,1964.98,1218.28,média,2,1.5,0.0,100.0,"SerpAPI, ScrapingBee"
Beleza,6,ASMR de cuidados com a pele,com.gs.asmr.skincare.relaxing.spa.games,Gaming Switch Studio,gamejazzy4@gmail.com,https://k29f028a8.app-ads-txt.com,Casuais,,,,50.000+,50000,93404,1,0,BRL,1,0,,Classificação Livre,1 de jan. de 2026,1781895180,3.4,,Rotina de cuidados com a pele e beleza limpa em um jogo satisfatório,https://play.google.com/store/apps/details?id=com.gs.asmr.skincare.relaxing.spa.games&hl=pt&gl=br,100,54,74,pequeno/indie,7117,5.25,18.74,60.91,9.0,101.21,48.58,média,2,1.5,0.0,100.0,"SerpAPI, ScrapingBee"
Jogos em Geral,3,Huntdown: Cyberpunk Adventure,com.coffeestain.huntdown,Coffee Stain Publishing,support@easytrigger.com,https://huntdown.com,Ação,4.262857,10487,905,500.000+,500000,928747,1,0,BRL,0,1,"R$ 19,99 por item",Classificação 14 anos,22 de mai. de 2021,1759689126,0.1,,Jogo de plataforma de ação totalmente dublado,https://play.google.com/store/apps/details?id=com.coffeestain.huntdown&hl=pt&gl=br,84,24,73,pequeno/indie,66848,592.68,2116.7,6879.28,1312.36,11430.2,7086.72,alta,25,3.88,68.0,20.0,"SerpAPI, ScrapingBee"
Ferramentas,8,OmniTools - All-in-One Toolkit,com.snitl.omnitools,Snitl,smilteniekse@gmail.com,https://sm1ltins.github.io,Ferramentas,,,,50.000+,50000,64845,1,0,BRL,0,1,"R$ 4,89 – R$ 24,99 por item",Classificação Livre,6 de nov. de 2025,1775941229,1.7.0,,O aplicativo Swiss Army para o seu celular - rápido e pronto para uso offline.,https://play.google.com/store/apps/details?id=com.snitl.omnitools&hl=pt&gl=br,100,48,73,pequeno/indie,4741,27.27,97.4,316.55,60.39,525.96,326.09,média,1,5.0,100.0,0.0,"SerpAPI, ScrapingBee"
Casa e Decoração,13,Casa IA: Design de Interiores,com.godhitech.home.ai.designer,GODHITECH JSC,support@godhitech.com,https://godhitech.com/,Arte e design,3.4482758,906,10,500.000+,500000,801585,1,0,BRL,1,1,"R$ 25,99 – R$ 259,99 por item",Classificação Livre,15 de nov. de 2025,1782552570,1.0.37,,Design com IA por foto. Redecore seu ambiente em qualquer estilo.,https://play.google.com/store/apps/details?id=com.godhitech.home.ai.designer&hl=pt&gl=br,92,57,73,pequeno/indie,80837,4931.18,17611.35,57236.9,10919.04,95101.31,58962.82,média,15,2.67,40.0,60.0,"SerpAPI, ScrapingBee"
Android Wear,6,Diver Classic 20 Wear OS 5+,com.watchfacestudio.dc20,OQ Watchfaces,osmanqadir78@gmail.com,,Personalização,4.769231,384,2,50.000+,50000,50132,1,0,BRL,0,0,,Classificação Livre,28 de abr. de 2025,1773512393,Varies with device,,Um mostrador clássico estilo Diver com muitas opções de cores e personalizações.,https://play.google.com/store/apps/details?id=com.watchfacestudio.dc20&hl=pt&gl=br,100,48,73,pequeno/indie,3970,0.0,0.0,0.0,0.0,0.0,0.0,baixa,2,5.0,100.0,0.0,"SerpAPI, ScrapingBee"
Jogos Arcade,2,Arcade Games,com.fc.nes.mame,arcde,brittlerjyn@gmail.com,http://androidgame.net.cn/Privacy.txt,Arcade,4.3134923,17455,1282,1.000.000+,1000000,1897748,1,0,BRL,1,0,,Classificação Livre,26 de nov. de 2021,1728608565,16,,O melhor simulador,https://play.google.com/store/apps/details?id=com.fc.nes.mame&hl=pt&gl=br,79,26,72,pequeno/indie,141600,98.91,353.26,1148.11,169.57,1907.63,915.66,alta,25,3.8,68.0,28.0,"SerpAPI, ScrapingBee"
Clima,7,"Previsão do tempo, Radar local",weather.forecast.radar.weatherchannel,ZANKHANA PTE LTD,support@zankhana.ltd,https://zankhana.ltd,Clima,4.757282,15822,1058,1.000.000+,1000000,3000846,1,0,BRL,1,1,"R$ 10,99 por item",Classificação Livre,17 de jan. de 2024,1782093828,1.3.5,,"Previsão meteorológica precisa em tempo real, um radar meteorológico local!",https://play.google.com/store/apps/details?id=weather.forecast.radar.weatherchannel&hl=pt&gl=br,69,75,72,crescendo,355599,1891.19,6754.24,21951.28,4187.63,36472.9,22613.2,alta,25,4.72,92.0,8.0,"SerpAPI, ScrapingBee"
Reprodutores de Vídeo,14,aPlayer - Video Player & Cast,team.alpha.aplayer,Alpha Studio Team,aplayer.care@gmail.com,https://aplayer.co,Reproduzir e editar vídeos,3.8983052,4810,31,500.000+,500000,618788,1,0,BRL,1,1,"R$ 9,90 – R$ 24,90 por item",Classificação Livre,6 de jun. de 2020,1781078092,3.5.0,,Reproduza vídeos. Transmita para Chromecast e Smart TVs. Navegador e PiP.,https://play.google.com/store/apps/details?id=team.alpha.aplayer&hl=pt&gl=br,100,44,72,pequeno/indie,61568,490.2,1750.7,5689.77,1085.43,9453.78,5861.34,média,25,4.2,84.0,16.0,"SerpAPI, ScrapingBee"
Compras,9,Lojas Pompéia - Comprar Roupas,pompeia.com.br.pompia,Lojas Pompeia,administrator@lojaspompeia.com.br,http://www.lojaspompeia.com,Compras,4.8407335,10477,2080,1.000.000+,1000000,1374748,1,0,BRL,0,0,,Classificação Livre,3 de mar. de 2016,1781886742,13.236.0,,"Comprar sapato, roupas e dicas de look fashion. Fique na moda com Lojas Pompéia!",https://play.google.com/store/apps/details?id=pompeia.com.br.pompia&hl=pt&gl=br,84,62,72,pequeno/indie,156755,0.0,0.0,0.0,0.0,0.0,0.0,média,25,3.8,64.0,28.0,"SerpAPI, ScrapingBee"
Medicina,9,Lembretes de Remédios e Pílula,com.aidareminder.pillreminder,Sergio Licea,pillandroid@aidaorganizer.com,https://www.aidaorganizer.com/android/pillreminder.html,Medicina,3.673913,2505,19,100.000+,100000,232122,1,0,BRL,0,1,"R$ 13,99 por item",Classificação Livre,4 de jun. de 2018,1782231029,3.5,,"Lembretes com Alarme. Medicamento, Remédio e Pílulas na hora certa",https://play.google.com/store/apps/details?id=com.aidareminder.pillreminder&hl=pt&gl=br,100,44,72,pequeno/indie,21909,129.81,463.61,1506.72,287.44,2503.47,1552.15,média,20,2.75,40.0,50.0,"SerpAPI, ScrapingBee"
Bibliotecas e Demonstrações,7,Libraries for developers,com.desarrollodroide.repos,Desarrollo Droide,desarrollodroide@gmail.com,http://desarrollodroide.com/,Bibliotecas e demos,4.84,5973,44,100.000+,100000,234972,1,0,BRL,0,0,,Classificação Livre,6 de mai. de 2013,1766415264,3.88.00,,Este aplicativo fornece uma coleção de bibliotecas de terceiros.,https://play.google.com/store/apps/details?id=com.desarrollodroide.repos&hl=pt&gl=br,100,46,72,pequeno/indie,20344,0.0,0.0,0.0,0.0,0.0,0.0,média,25,4.84,96.0,4.0,"SerpAPI, ScrapingBee"
Eventos,7,Eventiza,com.eventiza.participantes,Eventiza,contato@eventiza.com.br,https://eventiza.com.br/,Eventos,4.605263,38,5,10.000+,10000,27852,1,0,BRL,0,0,,Classificação Livre,10 de jan. de 2021,1775062630,3.5.2,,Seus ingressos na palma da mão.,https://play.google.com/store/apps/details?id=com.eventiza.participantes&hl=pt&gl=br,100,46,72,pequeno/indie,2127,0.0,0.0,0.0,0.0,0.0,0.0,baixa,5,5.0,100.0,0.0,"SerpAPI, ScrapingBee"
Negócios,7,Gestor de Vendas PDV Completo,com.appvendas.pdv,Sodré Softwares,ivansodre51@gmail.com,https://falcomnavi.github.io/politica-privacidade-gestor-pdv/,Produtividade,4.2727275,11,10,100+,100,273,1,0,BRL,1,1,"R$ 14,99 por item",Classificação Livre,16 de jun. de 2025,1782319313,1.1.13,,"Sistema PDV: vendas, caixa, clientes, produtos e relatórios em um só app.",https://play.google.com/store/apps/details?id=com.appvendas.pdv&hl=pt&gl=br,100,47,72,pequeno/indie,16,0.19,0.69,2.25,0.43,3.74,2.32,baixa,10,4.2,80.0,10.0,"SerpAPI, ScrapingBee"
Livros e Referências,12,Bookmory - rastreador livros,net.tonysoft.bookmory,Tony soft,tonysoft.net@gmail.com,https://bookmory.net,Livros e referências,4.848,77223,1957,1.000.000+,1000000,2547425,1,0,BRL,1,1,"R$ 16,99 – R$ 379,99 por item",Classificação Livre,31 de mai. de 2020,1782718108,1.4.08,,"Acompanhe, organize e aprimore sua jornada de leitura.",https://play.google.com/store/apps/details?id=net.tonysoft.bookmory&hl=pt&gl=br,79,65,72,pequeno/indie,299476,25373.03,90617.96,294508.37,56183.14,489336.98,303388.93,alta,25,4.88,100.0,0.0,"SerpAPI, ScrapingBee"
Android Wear,10,Minimal Basic 2 Wear OS 5+,com.watchfacestudio.minimalbasic2,OQ Watchfaces,osmanqadir78@gmail.com,,Personalização,4.75,138,2,10.000+,10000,34628,1,0,BRL,0,0,,Classificação Livre,27 de mar. de 2022,1773700431,Varies with device,,Um mostrador de relógio digital com texto fino para horas e minutos.,https://play.google.com/store/apps/details?id=com.watchfacestudio.minimalbasic2&hl=pt&gl=br,100,47,72,pequeno/indie,2681,0.0,0.0,0.0,0.0,0.0,0.0,baixa,2,4.5,100.0,0.0,"SerpAPI, ScrapingBee"
Jogos de RPG,5,Darkrise - Pixel Action RPG,com.Roika.Darkrise,Roika,darkriserpg@gmail.com,https://roika.org/,RPG,4.8746457,79084,5602,1.000.000+,1000000,4659765,1,0,BRL,1,1,"R$ 3,00 – R$ 31,00 por item",Classificação 14 anos,4 de mar. de 2021,1781653429,0.27.27,,Classic RPG game in pixel retro style,https://play.google.com/store/apps/details?id=com.Roika.Darkrise&hl=pt&gl=br,79,64,71,pequeno/indie,479345,12189.27,43533.09,141482.55,26990.52,235078.69,145748.79,alta,25,4.56,88.0,8.0,"SerpAPI, ScrapingAnt"
Jogos de Quebra-Cabeça,12,Quebra-cabeça: Jigsaw Puzzle,linkdesks.jigsaw.puzzle.classic,LinkDesks - Jewel Games Star,JigsawPuzzle@linkdesks.com,http://linkdesks.net,Quebra-cabeças,4.6831684,7478,79,1.000.000+,1000000,2247574,1,0,BRL,1,1,"R$ 9,99 – R$ 96,99 por item",Classificação Livre,25 de jan. de 2024,1782204985,1.6.0,,Jogo clássico de quebra-cabeças belos em HD. Relaxe sua mente.,https://play.google.com/store/apps/details?id=linkdesks.jigsaw.puzzle.classic&hl=pt&gl=br,69,74,71,crescendo,223220,6837.88,24420.98,79368.2,15141.01,131873.31,81761.45,alta,25,4.16,80.0,16.0,"SerpAPI, ScrapingBee"
Compras,4,Marketplace: Comprar e Vender,com.apprise.jkmarketplace,Snookums Bear,kamdarakansha@gmail.com,https://approachapps.in,Compras,3.7128713,2236,80,1.000.000+,1000000,1277939,1,0,BRL,1,1,"R$ 0,59 – R$ 17,99 por item",Classificação Livre,19 de fev. de 2021,1781449678,3.22.9,,Marketplace para comprar e vender itens novos e usados perto de você,https://play.google.com/store/apps/details?id=com.apprise.jkmarketplace&hl=pt&gl=br,100,43,71,pequeno/indie,131983,597.52,2133.99,6935.45,1323.07,11523.52,7144.58,média,25,3.92,76.0,24.0,"SerpAPI, ScrapingBee"
Produtividade,7,Tarefas Agenda de anotações,com.calendar.cute,Starnest JSC,ngocttbstarnest@gmail.com,https://starnestsolution.com/calendar,Produtividade,4.7313085,60420,531,1.000.000+,1000000,4261754,1,0,BRL,1,1,"R$ 2,99 – R$ 129,99 por item",Classificação Livre,8 de abr. de 2022,1779252636,363,,"organizador de tarefas , notas, schedule planner semanal, wunderlist, Calendário",https://play.google.com/store/apps/details?id=com.calendar.cute&hl=pt&gl=br,79,62,71,pequeno/indie,427988,21307.17,76097.04,247315.37,47180.16,410923.99,254772.88,alta,25,3.96,76.0,24.0,"SerpAPI, ScrapingBee"
Paternidade,4,Acompanhar gravidez e gestação,com.pregnancyapp.babyinside,Pregnancy App BabyInside,babyinsideapp@gmail.com,https://babyinsideapp.ru/,Criação de filhos,4.7975497,72657,6279,1.000.000+,1000000,3562694,1,0,BRL,1,1,"R$ 4,25 – R$ 50,99 por item",Classificação Livre,23 de mar. de 2020,1779783483,2.8.1,,Minha gravidez. Acompanhamento gestacional. Meu bebe: gestação semana a semana,https://play.google.com/store/apps/details?id=com.pregnancyapp.babyinside&hl=pt&gl=br,79,62,71,pequeno/indie,354735,4384.93,15660.47,50896.53,9709.49,84566.55,52431.26,alta,25,4.56,92.0,8.0,"SerpAPI, ScrapingBee"
Comunicação,11,CommBoards - Comunicação AAC,com.shmoontz.commboards.lite,Shmoontz Apps,shmoontz@gmail.com,https://www.shmoontzapps.com,Educação,3.857143,758,4,50.000+,50000,78074,1,0,BRL,0,1,"R$ 30,99 – R$ 519,99 por item",Classificação Livre,23 de set. de 2017,1782856595,1.59,,O app AAC mais amigável para facilitar a comunicação familiar,https://play.google.com/store/apps/details?id=com.shmoontz.commboards.lite&hl=pt&gl=br,100,43,71,pequeno/indie,6925,808.05,2885.9,9379.16,1789.26,15583.84,9661.98,média,5,4.0,80.0,0.0,"SerpAPI, ScrapingBee"
Livros e Referências,4,Cabeceira - Registre leituras,br.com.taglivros.cabeceira,Tag Livros,contato@taglivros.com.br,https://taglivros.com/,Livros e referências,4.6376786,61651,13633,1.000.000+,1000000,1350446,1,0,BRL,0,0,,Classificação Livre,13 de nov. de 2019,1776107490,1.11.0,,O Cabeceira é o seu assistente pessoal de leituras.,https://play.google.com/store/apps/details?id=br.com.taglivros.cabeceira&hl=pt&gl=br,84,58,71,pequeno/indie,128204,0.0,0.0,0.0,0.0,0.0,0.0,média,25,3.04,44.0,40.0,"SerpAPI, ScrapingBee"
Jogos Esportivos,1,Summer Sports Mania,studio.powerplay.summersportsmania,"POWERPLAY MANAGER, s.r.o.",finance@powerplaymanager.com,http://www.powerplay.studio,Esportes,3.3861387,4001,46,1.000.000+,1000000,1449714,1,0,BRL,1,1,"R$ 12,90 – R$ 599,90 por item",Classificação Livre,19 de jun. de 2024,1782307862,1.31.0,,"Treine atletas em corrida, arco e flecha, armadilha e outros esportes de verão para subir na classificação!",https://play.google.com/store/apps/details?id=studio.powerplay.summersportsmania&hl=pt&gl=br,92,47,70,pequeno/indie,128075,26693.03,95332.27,309829.87,59106.01,514794.25,319172.43,média,25,3.4,52.0,32.0,"SerpAPI, ScrapingBee"
Jogos de Corrida,22,Highway Racer Pro - Car Game,com.SpektraGames.HighwayRacerPro.traffic.car.racing.game,Spektra Games,info@spektra.games,https://www.spektra.games,Corrida,4.6706586,69571,1006,5.000.000+,5000000,6719991,1,0,BRL,1,1,"R$ 2,39 – R$ 529,99 por item",Classificação Livre,29 de jul. de 2025,1783076839,1.0.5,,O melhor jogo de corrida no tráfego com carros reais e gráficos incríveis!,https://play.google.com/store/apps/details?id=com.SpektraGames.HighwayRacerPro.traffic.car.racing.game&hl=pt&gl=br,49,89,70,crescendo,703267,127689.25,456033.03,1482107.36,282740.48,2462578.38,1526798.6,alta,25,4.68,88.0,4.0,"SerpAPI, ScrapingBee"
Jogos de Cassino,5,Slots Slots™: 777 Casino Games,com.slotslimited.fatcatcasino.android,Slots Limited,slotslimited.casino+fatcat@gmail.com,http://www.slotslimited.com,Cassino,4.40678,23285,684,1.000.000+,1000000,3266063,1,0,BRL,1,1,"R$ 34,99 – R$ 2.199,99 por item",Classificação 18 anos,31 de ago. de 2022,1781007722,1.0.78,,Aposte em 777 slots e roleta no jogo de aposta e vença jackpot no cassino Vegas!,https://play.google.com/store/apps/details?id=com.slotslimited.fatcatcasino.android&hl=pt&gl=br,79,57,70,pequeno/indie,300291,23554.01,84121.46,273394.73,52155.3,454255.86,281638.63,alta,25,3.52,60.0,36.0,"SerpAPI, ScrapingBee"
Quadrinhos,5,Manga Fox - mangá,com.nw.cleansite.novel.mangareader,FlowManga Studio,gsprin999@gmail.com,https://cleansite.com.cn/index_en.html,Ferramentas,4.78666,57719,7378,1.000.000+,1000000,3349086,1,0,BRL,1,1,"R$ 5,49 – R$ 159,99 por item",Classificação Livre,9 de mar. de 2021,1776263934,1.1.303,,"Manga Fox, Manga traz para você uma experiência de qualidade rápida.",https://play.google.com/store/apps/details?id=com.nw.cleansite.novel.mangareader&hl=pt&gl=br,79,59,70,pequeno/indie,332477,10791.76,38541.99,125261.47,23896.03,208126.75,129038.58,alta,25,4.84,96.0,4.0,"SerpAPI, ScrapingBee"
Livros e Referências,5,TTS: lê em voz alta livros,tts.reader,Librera,librera.reader@gmail.com,http://librera.mobi,Livros e referências,4.6218486,11726,647,1.000.000+,1000000,2162772,1,0,BRL,1,0,,Classificação Livre,15 de jan. de 2019,1779373282,9.4.8,,"Leia seus livros em voz alta com uma voz humana, leitor de voz",https://play.google.com/store/apps/details?id=tts.reader&hl=pt&gl=br,79,60,70,pequeno/indie,210189,139.58,498.48,1620.08,239.27,2691.82,1292.07,alta,25,4.44,88.0,12.0,"SerpAPI, ScrapingBee"
Android Wear,7,Diver 5 Black For Wear OS 5+,com.watchfacestudio.diver5dark,OQ Watchfaces,osmanqadir78@gmail.com,,Personalização,4.4,930,1,50.000+,50000,88861,1,0,BRL,0,0,,Classificação Livre,29 de jan. de 2023,1765908282,Varies with device,,Um mostrador de relógio para Wear OS 5+ com opções de cores vibrantes e personalização.,https://play.google.com/store/apps/details?id=com.watchfacestudio.diver5dark&hl=pt&gl=br,100,36,70,pequeno/indie,6618,0.0,0.0,0.0,0.0,0.0,0.0,baixa,1,5.0,100.0,0.0,"SerpAPI, ScrapingBee"
Jogos Esportivos,3,Campeonato de Atletismo,gs.rrh.ac,Red Riding Hood Games GBR,acsupport@rrh.gs,https://live2.athleticschampionship.com/,Esportes,4.73,21391,122,1.000.000+,1000000,2149063,1,0,BRL,1,1,"R$ 9,90 – R$ 499,90 por item",Classificação Livre,24 de fev. de 2023,1782980361,189,,Torne-se uma estrela do atletismo em 3D,https://play.google.com/store/apps/details?id=gs.rrh.ac&hl=pt&gl=br,69,65,69,crescendo,212967,37038.35,132279.83,429909.46,82013.5,714311.1,442872.88,alta,25,3.96,72.0,28.0,"SerpAPI, ScrapingBee"
Jogos de Cartas,1,Card Guardians Jogo Cartas RPG,com.tapps.roguelike.rpg.cardguardians,Tapps Games - PT,user.support+cardguardians@tappsgames.com,https://playcardguardians.com/,Estratégia,4.607372,55976,3556,1.000.000+,1000000,2696306,1,0,BRL,1,1,"R$ 2,79 – R$ 1.899,99 por item",Classificação 18 anos,19 de jul. de 2021,1783026450,4.5.0,,Jogo de guerra de carta RPG! Monte seu deck e batalhe nessa aventura roguelike!,https://play.google.com/store/apps/details?id=com.tapps.roguelike.rpg.cardguardians&hl=pt&gl=br,69,65,69,crescendo,270178,12091.81,43185.02,140351.31,26774.71,233199.1,144583.44,alta,25,4.04,76.0,20.0,"SerpAPI, ScrapingBee"
Ferramentas,3,All tools,com.pradhyu.alltoolseveryutility,ATEU Softwares ®,support@alltools.link,https://alltools.link,Ferramentas,4.64,27545,74,1.000.000+,1000000,3958166,1,0,BRL,1,1,"R$ 14,99 – R$ 114,99 por item",Classificação 14 anos,21 de jul. de 2015,1782321697,5.2,,"Mais de 70 ferramentas em um app, perfeitas para o dia a dia.",https://play.google.com/store/apps/details?id=com.pradhyu.alltoolseveryutility&hl=pt&gl=br,69,64,69,normal,475323,13398.11,47850.38,155513.72,29667.23,258392.03,160203.06,alta,25,4.56,92.0,8.0,"SerpAPI, ScrapingBee"
Esportes,8,Strike - Placar de jogos,com.strike.br,CajuinaApps,cajuinaapps@gmail.com,https://cajuinapps.com.br/,Esportes,4.0,5,2,1.000+,1000,1689,1,0,BRL,1,0,,Classificação Livre,11 de mai. de 2025,1782989340,1.0.13,,O Strike é o app perfeito para quem quer acompanhar partidas de vôlei e futebol,https://play.google.com/store/apps/details?id=com.strike.br&hl=pt&gl=br,100,34,69,pequeno/indie,116,0.07,0.25,0.8,0.12,1.33,0.64,baixa,2,4.5,100.0,0.0,"SerpAPI, ScrapingBee"
Casa e Decoração,9,Remodel AI: Projeto De Casa,ai.reimage.remodel,ReImage AI Inc.,support@reimage.ai,https://remodelai.app,Arte e design,4.732771,29652,837,1.000.000+,1000000,2022910,1,0,BRL,0,1,"R$ 24,99 – R$ 434,99 por item",Classificação Livre,17 de abr. de 2023,1782952629,1.5.6+20260701T172419.d622d272.f354ef6c,,"Design de interiores: AI home, room planner e house design para seu projeto casa",https://play.google.com/store/apps/details?id=ai.reimage.remodel&hl=pt&gl=br,69,65,69,crescendo,235140,22902.9,81796.05,265837.18,50713.55,441698.69,273853.19,alta,25,3.8,68.0,24.0,"SerpAPI, ScrapingBee"
Educação,8,Como Estudar - Dicas de estudo,com.study.tips.tecnicas.estudio.consejos,Developer Steph Apps,steph30apps@gmail.com,https://steph30proyectos.blogspot.com/,Educação,3.7608695,133,18,50.000+,50000,59508,1,0,BRL,1,0,,Classificação Livre,16 de set. de 2023,1776676020,1.0.5,,Estude de forma eficiente e organizada com técnicas de estudo e dicas,https://play.google.com/store/apps/details?id=com.study.tips.tecnicas.estudio.consejos&hl=pt&gl=br,100,33,69,pequeno/indie,4328,2.33,8.33,27.08,4.0,45.0,21.6,média,25,4.0,68.0,20.0,"SerpAPI, ScrapingBee"
Livros e Referências,10,ElevenReader: Read Books Aloud,io.elevenlabs.readerapp,Eleven Labs Inc,team@elevenlabs.io,https://elevenreader.io,Livros e referências,4.732143,62766,1115,1.000.000+,1000000,3239866,1,0,BRL,0,1,"R$ 2,59 – R$ 1.699,99 por item",Classificação Livre,19 de ago. de 2024,1782725254,1.7.2,,"Leia em voz alta eBooks, audiolivros, PDFs ou qualquer texto convertido em fala.",https://play.google.com/store/apps/details?id=io.elevenlabs.readerapp&hl=pt&gl=br,69,65,69,crescendo,385346,5618.72,20066.86,65217.29,12441.45,108361.03,67183.84,alta,25,4.6,88.0,4.0,"SerpAPI, ScrapingBee"
Android Wear,2,Pujie Watch Faces - Wear OS 4-,com.pujie.wristwear.pujieblack,Pujie,info@pujie.io,https://pujie.io,Personalização,4.4,11057,79,100.000+,100000,334811,1,0,BRL,0,0,,Classificação Livre,17 de out. de 2014,1759753385,6.5.14,,Criador de mostradores de relógio para smartwatches Wear OS 4 com milhares de mostradores de relógio,https://play.google.com/store/apps/details?id=com.pujie.wristwear.pujieblack&hl=pt&gl=br,100,34,69,pequeno/indie,26867,0.0,0.0,0.0,0.0,0.0,0.0,média,25,3.72,68.0,28.0,"SerpAPI, ScrapingBee"
Jogos de RPG,8,Darkest AFK: Jogo RPG offline,com.alicegames.idle.rpg.battler,Three wishes slot machines game studio,support@alicegamesfze.com,https://darkestafk.com/,RPG,4.5913315,50022,1768,1.000.000+,1000000,3324594,1,0,BRL,1,1,"R$ 0,99 – R$ 549,99 por item",Classificação 18 anos,23 de mai. de 2022,1782811692,2.2.53,,Jogos de RPG por turnos sem internet. PVP Arena de luta. 2d Dark fantasy PVE,https://play.google.com/store/apps/details?id=com.alicegames.idle.rpg.battler&hl=pt&gl=br,69,59,68,normal,336528,126445.37,451590.6,1467669.46,279986.17,2438589.26,1511925.34,alta,25,4.64,96.0,0.0,"SerpAPI, ScrapingBee"
Jogos de Cartas,10,Deck Sort: Jogos De Cartas,sort.puzzle.category.card.games.solitaire,ZeroMaze,zeromaze-official@outlook.com,http://zeromazestudio.com,Quebra-cabeças,,,,10.000+,10000,40565,1,0,BRL,1,1,"R$ 9,99 – R$ 88,99 por item",Classificação Livre,3 de abr. de 2026,1782384100,1.9601,,Mergulhe em jogos de organizar e resolva os jogos de combinar.,https://play.google.com/store/apps/details?id=sort.puzzle.category.card.games.solitaire&hl=pt&gl=br,100,31,68,pequeno/indie,2941,83.26,297.37,966.45,184.37,1605.8,995.59,média,0,0.0,0.0,0.0,"SerpAPI, ScrapingBee"
Medicina,4,Lembrete de Remédios,com.pillreminder.app,"Lena Labs, LLC",lenalabsllc@gmail.com,,Saúde e fitness,4.3636365,107,3,10.000+,10000,14829,1,0,BRL,0,1,"R$ 4,99 – R$ 529,99 por item",Classificação Livre,14 de out. de 2025,1762344534,1.0.2,,Rastreador de Pílulas e Lembrete de Remédios. Rastreador e Lembrete de.,https://play.google.com/store/apps/details?id=com.pillreminder.app&hl=pt&gl=br,100,28,68,pequeno/indie,989,100.03,357.23,1161.01,221.48,1929.06,1196.02,baixa,3,2.67,33.3,66.7,"SerpAPI, ScrapingBee"
Jogos de Palavras,3,Caça Palavras Fácil,word.search.games.free,"Appgeneration - Radio, Podcasts, Games",info@appgeneration.com,https://www.appgeneration.com,Palavras,4.5172415,9636,491,1.000.000+,1000000,2027817,1,0,BRL,1,1,"R$ 6,49 – R$ 129,99 por item",Classificação Livre,7 de jun. de 2021,1780925991,5.4.4,,Um caça palavras clássico em português. Ideal para estimular o seu cérebro,https://play.google.com/store/apps/details?id=word.search.games.free&hl=pt&gl=br,69,55,67,normal,200378,9504.89,33946.05,110324.66,21046.55,183308.67,113651.38,alta,25,4.84,96.0,4.0,"SerpAPI, ScrapingBee"
Jogos Esportivos,6,Desafio Esportivo Mundial 2025,com.gamebee.worldsports,Gamebee Studio,amit@gamebeestudio.com,https://gamebeestudio.com/,Esportes,3.5217392,644,9,100.000+,100000,309042,1,0,BRL,1,1,"R$ 1,99 – R$ 25,99 por item",Classificação Livre,5 de jan. de 2025,1764669104,2.0.2,,"Compita, vença e conquiste o ouro nos maiores esportes globais e seja lendário!",https://play.google.com/store/apps/details?id=com.gamebee.worldsports&hl=pt&gl=br,100,26,67,pequeno/indie,20988,141.23,504.38,1639.25,312.72,2723.67,1688.68,média,8,3.25,50.0,37.5,"SerpAPI, ScrapingBee"
Jogos Casuais,18,Offline Games Box - No WiFi,com.offline.games.mini.game,Simple Puzzle Game,leebostudio@gmail.com,https://leebostudio.github.io/,Casuais,3.4358974,150,15,100.000+,100000,124465,1,0,BRL,1,0,,Classificação Livre,4 de fev. de 2026,1778492455,1.5,,Divirta-se com minijogos offline. Uma coleção de quebra-cabeças que não precisam de Wi-Fi.,https://play.google.com/store/apps/details?id=com.offline.games.mini.game&hl=pt&gl=br,100,25,67,pequeno/indie,8035,4.04,14.43,46.89,6.93,77.91,37.4,média,15,3.4,60.0,40.0,"SerpAPI, ScrapingBee"
Jogos de Cartas,3,Tripeaks Solitário - cartas,solitaire.tripeaks.fun.free.card.games.journey.farm.harvest.patience,Fruit Puzzle Games,chenzhao2016mail@gmail.com,http://fruitcasino.online,Cartas,4.47,29133,360,1.000.000+,1000000,2191595,1,0,BRL,1,1,"R$ 5,99 – R$ 579,99 por item",Classificação Livre,5 de jul. de 2019,1770212634,1.30.4.20260204,,Jogue os melhores tripeaks de paciência de graça,https://play.google.com/store/apps/details?id=solitaire.tripeaks.fun.free.card.games.journey.farm.harvest.patience&hl=pt&gl=br,79,46,67,pequeno/indie,164690,29902.62,106795.08,347084.0,66212.95,576693.41,357549.92,alta,25,4.2,76.0,16.0,"SerpAPI, ScrapingBee"
Jogos de Aventura,10,RPG de sobrevivência pirata,com.heliogames.pirates,Helio Games,support@heliogames.com,https://heliogames.com/,Aventura,4.573269,69425,1759,1.000.000+,1000000,4665537,1,0,BRL,1,1,"R$ 2,59 – R$ 379,99 por item",Classificação 12 anos,27 de out. de 2020,1781705559,0.70.4,,"Sobreviva à sede e à fome, lute animais selvagens, defenda-se contra piratas!",https://play.google.com/store/apps/details?id=com.heliogames.pirates&hl=pt&gl=br,69,58,67,normal,479967,62786.17,224236.33,728768.08,139026.53,1210876.19,750743.24,alta,25,3.6,56.0,24.0,"SerpAPI, ScrapingBee"
Clima,4,Clima em Tempo Real,com.forecasts.noaa.live.weather,WINDWAVE LIMITED,support@weather2024.com,https://www.weather2024.com/,Clima,4.6443663,16904,1709,5.000.000+,5000000,7722310,1,0,BRL,1,1,"R$ 15,99 – R$ 269,99 por item",Classificação Livre,15 de nov. de 2024,1782808995,1.3.18,,Seu aplicativo definitivo para informações meteorológicas em tempo real!,https://play.google.com/store/apps/details?id=com.forecasts.noaa.live.weather&hl=pt&gl=br,49,76,67,crescendo,956935,58583.88,209228.13,679991.41,129721.44,1129831.88,700495.77,alta,25,4.88,96.0,0.0,"SerpAPI, ScrapingBee"
Personalização,2,HyperOS & MIUI Themes,com.intelicarft.miuithemes.android,Wallet Passes Alliance,support.hyperosmiui@walletpasses.me,https://walletpasses.me/hyperosmiui,Personalização,3.81,2889,26,1.000.000+,1000000,1300418,1,0,BRL,1,1,"R$ 5,49 – R$ 549,99 por item",Classificação Livre,1 de set. de 2023,1772695324,4.0.0,,"Personalize o seu dispositivo com os temas mais recentes, papéis de parede e pacotes de ícones incríveis.",https://play.google.com/store/apps/details?id=com.intelicarft.miuithemes.android&hl=pt&gl=br,92,35,67,pequeno/indie,112019,12038.57,42994.89,139733.38,26656.83,232172.38,143946.88,média,25,2.6,40.0,60.0,"SerpAPI, ScrapingBee"
Paternidade,8,Calendário de Gravidez,com.timskiy.pregnancy,Timskiy,support@timskiy.com,http://timskiy.com/,Criação de filhos,4.86,76448,291,1.000.000+,1000000,3010707,1,0,BRL,1,1,"R$ 14,99 – R$ 93,99 por item",Classificação Livre,7 de ago. de 2019,1775804862,1.6.0,,"Siga sua gravidez: Diário, movimentos, contrações.",https://play.google.com/store/apps/details?id=com.timskiy.pregnancy&hl=pt&gl=br,69,58,67,normal,297353,6417.58,22919.94,74489.79,14210.36,123767.66,76735.95,alta,25,4.76,96.0,0.0,"SerpAPI, ScrapingBee"
Estilo de Vida,11,Roubit: Fofa rotina diária,com.roubit,Roubit Inc.,cs@roubit.me,https://www.roubit.me,Produtividade,4.4823527,16376,808,1.000.000+,1000000,2528612,1,0,BRL,1,1,"R$ 4,79 – R$ 214,99 por item",Classificação Livre,16 de jul. de 2020,1782848076,6.4.58,,Rastreador de Hábitos & Diário,https://play.google.com/store/apps/details?id=com.roubit&hl=pt&gl=br,69,58,67,normal,270143,22025.19,78661.39,255649.52,48770.06,424771.5,263358.33,alta,25,4.04,72.0,12.0,"SerpAPI, ScrapingBee"
Educação,6,K.education,com.hoomweb.profkennycourse,Prof. Kenny,contato@profkenny.com.br,http://www.profkenny.com.br/,Educação,4.3265624,7334,3704,100.000+,100000,476856,1,0,BRL,0,0,,Classificação Livre,7 de ago. de 2019,1782986582,5.2.16,,"Aprenda inglês de forma rápida, prática e inteligente com o app da K.education",https://play.google.com/store/apps/details?id=com.hoomweb.profkennycourse&hl=pt&gl=br,100,57,67,pequeno/indie,46798,0.0,0.0,0.0,0.0,0.0,0.0,média,25,4.0,68.0,24.0,"SerpAPI, ScrapingBee"
Encontros,13,NamoroOnline: Encontros,br.com.namoroonline.app,NamoroOnline Servicos,ajuda@namoroonline.com.br,http://www.NamoroOnline.com.br,Encontros,3.18,682,325,100.000+,100000,215343,1,0,BRL,0,1,"R$ 3,49 – R$ 114,99 por item",Classificação 14 anos,14 de fev. de 2017,1777579138,1.9.18,,Marque encontros,https://play.google.com/store/apps/details?id=br.com.namoroonline.app&hl=pt&gl=br,100,27,67,pequeno/indie,16868,839.38,2997.8,9742.85,1858.64,16188.11,10036.63,média,25,2.6,40.0,56.0,"SerpAPI, ScrapingBee"
Beleza,4,Skincare ASMR: Perfect Time,com.skincare.asmr.perfect.time,BLACKGEMS GLOBAL JOINT STOCK COMPANY,info@blackgems.dev,https://blackgemsglobal.net/,Simulador,3.6923077,220,1,100.000+,100000,231736,1,0,BRL,1,1,"R$ 39,99 por item",Classificação Livre,18 de dez. de 2025,1769090908,1.0.09.07.02,,Relaxe a mente com um jogo ASMR de cuidados com a pele.,https://play.google.com/store/apps/details?id=com.skincare.asmr.perfect.time&hl=pt&gl=br,100,27,67,pequeno/indie,15492,392.9,1403.23,4560.48,870.0,7577.42,4698.0,média,1,1.0,0.0,100.0,"SerpAPI, ScrapingBee"
Arte e Design,9,ArtLoop: Desenhar e Pintar,com.LifeIsGame.ArtCanvas,LifeIsGame,dmitrydlj@gmail.com,https://artloop.netlify.app/,Arte e design,4.6131687,66367,666,5.000.000+,5000000,6883626,1,0,BRL,1,1,"R$ 5,49 por item",Classificação Livre,28 de set. de 2024,1782596321,1.9.25,,"Desenhe, pinte e solte a criatividade com esta incrível app de arte",https://play.google.com/store/apps/details?id=com.LifeIsGame.ArtCanvas&hl=pt&gl=br,59,65,67,crescendo,848470,2536.13,9057.61,29437.23,5615.72,48911.09,30324.88,alta,25,4.48,88.0,8.0,"SerpAPI, ScrapingBee"
Android Wear,9,Wave: Wear OS watch face,com.watchfacestudio.awfwave,amoledwatchfaces™,support@amoledwatchfaces.com,https://amoledwatchfaces.com,Personalização,4.56,14117,44,500.000+,500000,941756,1,0,BRL,0,0,,Classificação Livre,7 de fev. de 2022,1764780734,Varies with device,,Mostrador digital simples com fundo preto e ponteiro de segundos ondulado para Wear OS,https://play.google.com/store/apps/details?id=com.watchfacestudio.awfwave&hl=pt&gl=br,84,40,67,pequeno/indie,87784,0.0,0.0,0.0,0.0,0.0,0.0,média,25,4.52,88.0,12.0,"SerpAPI, ScrapingBee"
Jogos de Trivia,13,Bible Trivia -Jogos de palavra,bible.trivia.quiz.question.answer.spelling.correct.knowledge.test.game,Topy Games,joygamellc@gmail.com,http://joygame.site,Conhecimentos,4.7462234,67346,5582,5.000.000+,5000000,8637326,1,0,BRL,1,1,"R$ 5,49 – R$ 269,99 por item",Classificação Livre,15 de out. de 2021,1779194733,3.1,,Bible Trivia: Jogue e fortaleça sua fé! +10.000 perguntas bíblicas offline.,https://play.google.com/store/apps/details?id=bible.trivia.quiz.question.answer.spelling.correct.knowledge.test.game&hl=pt&gl=br,59,62,66,normal,762072,72037.12,257275.45,836145.2,159510.78,1389287.4,861358.19,alta,25,4.8,96.0,4.0,"SerpAPI, ScrapingBee"
Jogos de Cartas,2,Jogo de cartas de Paciência,solitaire.card.classic.bgames,Degoo ltd,bestgame.android@gmail.com,https://www.6677g.com/,Cartas,4.804401,35467,891,5.000.000+,5000000,7954679,1,0,BRL,1,0,,Classificação Livre,2 de nov. de 2021,1778725822,2.4.8,,Relaxe e treine seu cérebro com este jogo de paciência!,https://play.google.com/store/apps/details?id=solitaire.card.classic.bgames&hl=pt&gl=br,59,61,66,normal,699183,759.75,2713.39,8818.52,1302.43,14652.3,7033.11,alta,25,4.28,80.0,16.0,"SerpAPI, ScrapingBee"
Jogos em Geral,2,Vendetta Online (MMORPG),com.guildsoftware.vendetta,"Guild Software, Inc.",support@guildsoftware.com,https://www.vendetta-online.com,RPG,3.37,18576,431,1.000.000+,1000000,1218522,1,0,BRL,0,1,"R$ 2,55 – R$ 509,99 por item",Classificação 10 anos,3 de mar. de 2011,1780632214,1.8.766,,Pilote naves espaciais em uma vasta galáxia online. MMO em 3D.,https://play.google.com/store/apps/details?id=com.guildsoftware.vendetta&hl=pt&gl=br,84,36,66,pequeno/indie,106712,37061.0,132360.72,430172.35,82063.65,714747.91,443143.7,alta,25,3.12,44.0,40.0,"SerpAPI, ScrapingBee"
Notícias e Revistas,8,CNN Brasil,com.cnn.brasil,CNN Brasil,development@cnnbrasil.com.br,http://www.cnnbrasil.com.br,Notícias e revistas,3.6855524,3552,1610,500.000+,500000,851876,1,0,BRL,1,0,,Classificação Livre,15 de mar. de 2020,1766009725,4.3.1,,"Baixe agora e veja a diferença! Pense bem, pense CNN.",https://play.google.com/store/apps/details?id=com.cnn.brasil&hl=pt&gl=br,92,28,66,pequeno/indie,71816,20.9,74.65,242.62,35.83,403.13,193.5,média,25,3.12,52.0,48.0,"SerpAPI, ScrapingBee"
Notícias e Revistas,1,Estadão Notícias,com.fett.android.estadao,Estadão,falecom.estado@grupoestado.com.br,https://www.estadao.com.br/fale-conosco,Notícias e revistas,3.5649264,10217,4219,500.000+,500000,586320,1,0,BRL,1,1,"R$ 1,99 – R$ 99,90 por item",Classificação Livre,15 de out. de 2010,1781098531,10.13.00,,"Notícias nacionais e internacionais, com rapidez e credibilidade em um só lugar!",https://play.google.com/store/apps/details?id=com.fett.android.estadao&hl=pt&gl=br,84,36,66,pequeno/indie,58173,1280.97,4574.89,14868.39,2836.43,24704.4,15316.72,alta,25,2.04,16.0,64.0,"SerpAPI, ScrapingBee"
Música e Áudio,4,MusicTune - Music Player,com.stormlibs.musictune,Storm Libs Limited,cchavezquinncy@gmail.com,https://stormlibs.com/,Ferramentas,4.0761905,1529,85,1.000.000+,1000000,2356642,1,0,BRL,1,0,,Classificação Livre,28 de nov. de 2025,1782827070,1.3.3,,"MusicTune — Curta suas músicas favoritas a qualquer hora, em qualquer lugar!",https://play.google.com/store/apps/details?id=com.stormlibs.musictune&hl=pt&gl=br,87,68,66,pequeno/indie,250905,148.76,531.29,1726.7,255.02,2868.98,1377.11,média,25,3.2,52.0,40.0,"SerpAPI, ScrapingBee"
Negócios,4,HelloLeads - CRM de Vendas,com.appgodz.evh,Dextrasys Technologies Pvt Ltd,support@helloleads.io,https://www.helloleads.io,Negócios,4.3913045,1509,15,100.000+,100000,149249,1,0,BRL,0,0,,Classificação Livre,29 de abr. de 2016,1781776771,2.8.11,,"Acompanhe leads, clientes, acompanhamentos e gerencie o pipeline de vendas",https://play.google.com/store/apps/details?id=com.appgodz.evh&hl=pt&gl=br,100,53,66,pequeno/indie,13743,0.0,0.0,0.0,0.0,0.0,0.0,média,19,4.47,84.2,5.3,"SerpAPI, ScrapingBee"
Jogos Casuais,10,A Little to the Left,com.SecretModeLimited.ALittletotheLeft,Secret Mode Ltd,support@maxinferno.com,https://www.maxinferno.com/,Quebra-cabeças,4.45,7544,95,1.000.000+,1000000,2297787,1,0,BRL,0,1,"R$ 34,90 por item",Classificação Livre,2 de out. de 2024,1774018229,3.6.1,,"Jogo de quebra-cabeça desafiador! Relaxe enquanto separa, empilha e arruma objetos.",https://play.google.com/store/apps/details?id=com.SecretModeLimited.ALittletotheLeft&hl=pt&gl=br,69,48,65,normal,173071,3044.27,10872.38,35335.23,6740.87,58710.84,36400.72,alta,25,3.44,60.0,36.0,"SerpAPI, ScrapingBee"
Jogos Arcade,7,Retro Games (Arcade),com.retro64.retrogames,Sahlaoui Mustpha,pirimipirimi@gmail.com,https://retroteam2025.github.io,Arcade,4.527174,15108,888,1.000.000+,1000000,2168641,1,0,BRL,1,1,"R$ 21,99 por item",Classificação Livre,23 de jan. de 2025,1744433478,1.2.2,,Este é um emulador para jogos retrô (arcade),https://play.google.com/store/apps/details?id=com.retro64.retrogames&hl=pt&gl=br,79,38,65,pequeno/indie,179169,1887.62,6741.49,21909.85,4179.73,36404.07,22570.52,alta,25,4.4,88.0,12.0,"SerpAPI, ScrapingBee"
Jogos Arcade,5,Jetpack Joyride Classic,com.halfbrick.jetpack.classic,Halfbrick Studios,jetpacksupport@halfbrick.com,http://www.halfbrick.com/our-games/jetpack-joyride/,Arcade,3.31,3231,147,1.000.000+,1000000,1092705,1,0,BRL,0,1,"R$ 4,90 – R$ 198,90 por item",Classificação Livre,17 de out. de 2023,1772404227,1.2.20,,Diversão clássica de voar alto!,https://play.google.com/store/apps/details?id=com.halfbrick.jetpack.classic&hl=pt&gl=br,92,25,65,pequeno/indie,79305,4978.04,17778.72,57780.84,11022.81,96005.08,59523.15,média,25,2.72,40.0,56.0,"SerpAPI, ScrapingBee"
Redes Sociais,10,WN Social (Worldnoor),com.ogoul.worldnoor,Posh Enterprise Inc.,info@poshenterpriseinc.com,https://wnsocial.com,Social,3.9142857,2960,13,1.000.000+,1000000,1854544,1,0,BRL,1,0,,Classificação 12 anos,8 de set. de 2020,1777000846,2.5.8,,Junte-se a uma plataforma de mídia social que respeita sua privacidade e liberdade de expressão,https://play.google.com/store/apps/details?id=com.ogoul.worldnoor&hl=pt&gl=br,77,39,65,pequeno/indie,162610,87.65,313.03,1017.33,150.25,1690.34,811.36,média,15,3.2,46.7,33.3,"SerpAPI, ScrapingBee"
Comunicação,2,Comunicação Infantil: Autismo,com.dmwaresolutions.meuabinha,dmmdev,dmwaresolutionsofficial@gmail.com,https://www.dmwaresolutions.com/,Comunicação,4.0,14,4,5.000+,5000,6972,1,0,BRL,1,1,"R$ 7,90 por item",Classificação Livre,21 de fev. de 2025,1765848500,2.5.5,,"Apoio no autismo infantil com comunicação alternativa, timer e fichas visuais.",https://play.google.com/store/apps/details?id=com.dmwaresolutions.meuabinha&hl=pt&gl=br,100,19,65,pequeno/indie,442,1.14,4.07,13.23,2.52,21.99,13.63,baixa,4,3.5,75.0,25.0,"SerpAPI, ScrapingBee"
Jogos Educacionais,13,Keiki Jogos Crianças 4 anos,gen.tech.keiki.world.learning,Benipol Limited,support@keiki.app,https://keiki.app/,Educativos,4.667513,90871,233,5.000.000+,5000000,5825409,1,0,BRL,0,1,"R$ 18,99 – R$ 379,99 por item",Classificação Livre,14 de ago. de 2020,1781797956,10.11.2,,Jogos educativos para crianças 3-5 - aprender letras! Jogos infantis 6 anos,https://play.google.com/store/apps/details?id=gen.tech.keiki.world.learning&hl=pt&gl=br,49,64,64,normal,605591,81860.53,292359.02,950166.82,181262.59,1578738.72,978818.0,alta,25,3.88,72.0,24.0,"SerpAPI, ScrapingBee"
Jogos Educacionais,4,3 Palavrinhas Jogos Educativos,com.ticjoy.palavrinhas,Ticjoy,3palavrinhasgames@gmail.com,http://ticjoy.com.br,Casuais,3.9,1066,466,500.000+,500000,837634,1,0,BRL,1,0,,Classificação Livre,20 de set. de 2022,1730548864,1.7.61,,Baixe o aplicativo de jogos educativos da Turminha do 3 Palavrinhas,https://play.google.com/store/apps/details?id=com.ticjoy.palavrinhas&hl=pt&gl=br,100,12,64,pequeno/indie,59971,28.94,103.37,335.96,49.62,558.2,267.94,média,25,3.52,64.0,32.0,"SerpAPI, ScrapingBee"
Jogos de Aventura,9,Starlit Adventures,com.rockhead.starlit,Rockhead Games,contact@rockheadgames.com,http://www.starlitadventures.com,Aventura,4.7595906,65514,14709,1.000.000+,1000000,2103156,1,0,BRL,0,1,"R$ 2,50 – R$ 129,99 por item",Classificação Livre,13 de mai. de 2015,1764249711,4.7,,"Descubra mundos fantásticos, enfrente criaturas e resolva puzzles!",https://play.google.com/store/apps/details?id=com.rockhead.starlit&hl=pt&gl=br,69,46,64,normal,173497,5097.53,18205.45,59167.7,11287.38,98309.41,60951.83,alta,25,4.88,100.0,0.0,"SerpAPI, ScrapingBee"
Viagens e Localização,11,Hostelworld: Hostel Travel App,com.hostelworld.app,Hostelworld.com Limited,mobilesupport@hostelworld.com,http://www.hostelworld.com,Viagem e Turismo,4.828179,78044,470,5.000.000+,5000000,9567074,1,0,BRL,0,1,"R$ 29,90 – R$ 349,90 por item",Classificação Livre,24 de mai. de 2011,1782988094,9.102.0,,O aplicativo de viagens líder mundial de viagens para mochileiros,https://play.google.com/store/apps/details?id=com.hostelworld.app&hl=pt&gl=br,49,65,64,crescendo,1197283,96288.73,343888.33,1117637.08,213210.77,1856997.0,1151338.14,alta,25,3.8,68.0,28.0,"SerpAPI, ScrapingBee"
Redes Sociais,1,All Social Media In One App,com.allsocialmediaapp.fastechpointapp,Flash TechApp,agbamorovictoria@gmail.com,https://mytechmediapoint.blogspot.com/,Social,3.7,1133,22,100.000+,100000,197609,1,0,BRL,1,0,,Classificação Livre,24 de mai. de 2024,,Varies with device,,"Menos espaço, todos os aplicativos de mídia social em um aplicativo 2024, redes sociais em um só",https://play.google.com/store/apps/details?id=com.allsocialmediaapp.fastechpointapp&hl=pt&gl=br,100,12,64,pequeno/indie,15405,5.98,21.35,69.39,10.25,115.3,55.34,média,24,3.62,58.3,29.2,"SerpAPI, ScrapingBee"
Personalização,11,ARC Launcher® 2024 e temas 4D,apptech.arc,AppTech Launcher Studios Inc,thearclauncher@gmail.com,http://www.arclauncher.com,Personalização,4.6369786,104589,4226,1.000.000+,1000000,3978589,1,0,BRL,1,1,"R$ 16,99 por item",Classificação Livre,12 de mar. de 2018,1780712454,50.5,,"O Arc Launcher torna sua tela inicial extremamente rápida, elegante, fácil e seg",https://play.google.com/store/apps/details?id=apptech.arc&hl=pt&gl=br,49,63,64,normal,477893,3755.92,13413.99,43595.47,8316.67,72435.55,44910.04,alta,25,4.52,88.0,8.0,"SerpAPI, ScrapingBee"
Notícias e Revistas,3,Alternative News - other news,it.pinenuts.altrastampa,Pinenuts Android Developers,pinenutsdev@gmail.com,https://alternativenews.pinenutsdev.com/,Notícias e revistas,,,,10.000+,10000,25848,1,0,BRL,1,0,,Classificação Livre,12 de nov. de 2012,1766138450,2.2.3p,,Explore notícias de fontes alternativas fora do mainstream.,https://play.google.com/store/apps/details?id=it.pinenuts.altrastampa&hl=pt&gl=br,100,14,64,pequeno/indie,1786,0.69,2.48,8.05,1.19,13.37,6.42,baixa,1,5.0,100.0,0.0,"SerpAPI, ScrapingBee"
Saúde e Fitness,5,"Fitness Treino: Casa, Academia",fitness.online.app,FITNESS ONLINE LLC,info@fitnessonline.app,https://fitnessonline.app,Saúde e fitness,4.8942842,81424,5898,5.000.000+,5000000,9311919,1,0,BRL,0,1,"R$ 14,90 – R$ 139,99 por item",Classificação 14 anos,26 de jan. de 2018,1782715631,2.25.0,,App com exercícios grátis de musculação em gym e workout feminino para emagrecer,https://play.google.com/store/apps/details?id=fitness.online.app&hl=pt&gl=br,49,65,64,crescendo,1163909,52055.23,185911.55,604212.54,115265.16,1003922.38,622431.88,alta,25,4.48,88.0,8.0,"SerpAPI, ScrapingBee"
Saúde e Fitness,4,Gym Faction: Fitness Diet App,com.thegymfiction.app,bajarangisoft,contactus.thegymfaction@gmail.com,https://thegymfaction.com/,Saúde e fitness,,,,10.000+,10000,43732,1,0,BRL,1,0,,Classificação Livre,29 de jun. de 2024,,Varies with device,,"Perca gordura, ganhe massa muscular e entre em forma rapidamente com treino e dieta personalizados.",https://play.google.com/store/apps/details?id=com.thegymfiction.app&hl=pt&gl=br,100,12,64,pequeno/indie,3122,1.65,5.9,19.18,2.83,31.87,15.3,baixa,0,0.0,0.0,0.0,"SerpAPI, ScrapingBee"
Eventos,9,Santo Show - Ingressos,app.novaoito.santoshow,Youzoom Soluções Web,santoshowinfo@gmail.com,https://ingressos.santoshow.com.br,Compras,5.0,6,2,5.000+,5000,8372,1,0,BRL,0,0,,Classificação Livre,16 de jun. de 2025,1775746282,2.0.4,,Compre e acesse ingressos dos eventos Santo Show no seu celular!,https://play.google.com/store/apps/details?id=app.novaoito.santoshow&hl=pt&gl=br,100,55,64,pequeno/indie,591,0.0,0.0,0.0,0.0,0.0,0.0,baixa,2,5.0,100.0,0.0,"SerpAPI, ScrapingBee"
Automóveis e Veículos,11,Vehicle Maintenance Log,com.jtnrdev.vehiclemaintenance,JtnrDev,jtnrdev@gmail.com,https://vehiclemaintenancelogs.com/,Veículos,,,,50.000+,50000,57739,1,0,BRL,0,1,"R$ 26,00 por item",Classificação Livre,3 de jul. de 2025,,Varies with device,,Organize a manutenção e revisões de seus veículos e motos em um só lugar.,https://play.google.com/store/apps/details?id=com.jtnrdev.vehiclemaintenance&hl=pt&gl=br,100,12,64,pequeno/indie,4192,30.22,107.92,350.74,66.91,582.77,361.32,baixa,1,2.0,0.0,100.0,"SerpAPI, ScrapingBee"
Automóveis e Veículos,7,CarTracker: Manutenção Carro,com.adr.cartracker,Auto AI Solutions,apps.visiting277@aleeas.com,https://cartracker-9674c.web.app,Veículos,,,,1.000+,1000,1976,1,0,BRL,1,1,"R$ 13,99 – R$ 23,99 por item",Classificação Livre,13 de jan. de 2026,1782686643,8.4.9,,"Economize na revisão com Mecânico IA, diário de abastecimento e lembretes.",https://play.google.com/store/apps/details?id=com.adr.cartracker&hl=pt&gl=br,100,55,64,pequeno/indie,137,1.19,4.24,13.77,2.63,22.89,14.19,baixa,2,4.5,100.0,0.0,"SerpAPI, ScrapingBee"
Jogos de Palavras,13,Caça Palavras português,com.tellmewow.senior.word.search,Senior Games,silverseniorgames@gmail.com,https://tellmewow.com,Palavras,4.47286,98305,4389,5.000.000+,5000000,9767561,1,0,BRL,1,1,"R$ 3,09 – R$ 134,99 por item",Classificação Livre,26 de jun. de 2018,1773644944,4.2.6,,Jogo de busca de palavras em Português: aprenda vocabulário e construa palavras,https://play.google.com/store/apps/details?id=com.tellmewow.senior.word.search&hl=pt&gl=br,59,50,63,normal,787882,34363.71,122727.52,398864.44,76091.06,662728.61,410891.74,alta,25,4.56,88.0,8.0,"SerpAPI, ScrapingBee"
Jogos de Estratégia,22,Risk of war: Wartime Glory,com.sandstormi.bloodhonor,Buldogo Games,contact@buldogo.games,https://wartimeglory.buldogo.games,Tabuleiros,4.505365,79500,2585,5.000.000+,5000000,6264988,1,0,BRL,1,1,"R$ 1,39 – R$ 549,99 por item",Classificação 10 anos,17 de out. de 2013,1782907726,5.95,,Estrategia de conquista global - Jogo de guerra e batalha multiplayer - War!,https://play.google.com/store/apps/details?id=com.sandstormi.bloodhonor&hl=pt&gl=br,49,59,63,normal,653509,122861.72,438791.86,1426073.54,272050.95,2369476.04,1469075.15,alta,25,3.64,68.0,32.0,"SerpAPI, ScrapingBee"
Jogos de Simulação,7,RioRise－Jogo Simulador De Vida,com.roleplay.riorise,Novabits Games,support@riorise.online,https://riorise.online,RPG,4.5831137,28987,8875,5.000.000+,5000000,8529701,1,0,BRL,0,1,"R$ 10,90 – R$ 555,90 por item",Classificação 10 anos,1 de set. de 2025,1782809843,4.8.2,,Explore a cidade em um jogo de aventura e corrida de carros multiplayer!,https://play.google.com/store/apps/details?id=com.roleplay.riorise&hl=pt&gl=br,49,59,63,normal,902570,346644.73,1238016.89,4023554.88,767570.47,6685291.19,4144880.54,alta,25,4.12,76.0,20.0,"SerpAPI, ScrapingAnt"
Jogos em Geral,19,RioRise－Jogo Simulador De Vida,com.roleplay.riorise,Novabits Games,support@riorise.online,https://riorise.online,RPG,4.583511,28987,8872,5.000.000+,5000000,8529701,1,0,BRL,0,1,"R$ 10,90 – R$ 555,90 por item",Classificação 10 anos,1 de set. de 2025,1782809843,4.8.2,,Explore a cidade em um jogo de aventura e corrida de carros multiplayer!,https://play.google.com/store/apps/details?id=com.roleplay.riorise&hl=pt&gl=br,49,59,63,normal,902570,346644.73,1238016.89,4023554.88,767570.47,6685291.19,4144880.54,alta,25,4.12,76.0,20.0,"SerpAPI, ScrapingBee"
Notícias e Revistas,13,SQUID - Notícias,co.squidapp.squid,Squid App,contact@squidapp.co,http://squidapp.co,Notícias e revistas,4.684015,37080,818,5.000.000+,5000000,5589817,1,0,BRL,1,0,,Classificação Livre,1 de jul. de 2019,1776884226,3.15.4,,Todas as notícias. Todas as perspectivas. Um único aplicativo. 60 países.,https://play.google.com/store/apps/details?id=co.squidapp.squid&hl=pt&gl=br,49,59,63,normal,568603,343.25,1225.91,3984.21,588.44,6619.91,3177.56,alta,25,3.76,68.0,28.0,"SerpAPI, ScrapingBee"
Medicina,10,Remedio Agora,br.com.duosystem.remedioagora,PRODESP - Cia de Proc. de Dados do Estado de SP,remedioagora@sp.gov.br,http://www.saude.sp.gov.br/ses/perfil/gestor/assistencia-farmaceutica/medicamentos-dos-componentes-da-assistencia-farmaceutica/medicamentos-do-componente-especializado-da-assistencia-farmaceutica/remedio-agora,Medicina,4.483108,20633,11890,500.000+,500000,559857,1,0,BRL,0,0,,Classificação Livre,3 de ago. de 2019,1746800029,2.20,,"""Remédio Agora"", mais uma facilidade para o cidadão de São Paulo.",https://play.google.com/store/apps/details?id=br.com.duosystem.remedioagora&hl=pt&gl=br,84,27,63,pequeno/indie,46177,0.0,0.0,0.0,0.0,0.0,0.0,média,25,4.04,76.0,20.0,"SerpAPI, ScrapingBee"
Educação,4,Evolua Educação,com.appavaenter.evolua,Evolua Educação,suporte@suporteinterativo.com.br,http://evoluaeducacao.com.br/,Educação,4.208,1251,459,100.000+,100000,248338,1,0,BRL,0,0,,Classificação Livre,27 de mar. de 2020,1778897434,8.0.3,,Plataforma de ensino on-line Evolua Educação,https://play.google.com/store/apps/details?id=com.appavaenter.evolua&hl=pt&gl=br,100,40,63,pequeno/indie,19606,0.0,0.0,0.0,0.0,0.0,0.0,média,25,3.52,60.0,36.0,"SerpAPI, ScrapingBee"
Educação,1,Cursos Escola Educação,com.cursosee,VS3 Digital,cursos@escolaeducacao.com.br,https://cursos.escolaeducacao.com.br/,Educação,4.2,852,391,100.000+,100000,264913,1,0,BRL,0,0,,Classificação Livre,19 de ago. de 2021,1781833229,2.4.13,,Cursos Grátis com opção de CERTIFICADO VÁLIDO,https://play.google.com/store/apps/details?id=com.cursosee&hl=pt&gl=br,100,42,63,pequeno/indie,25187,0.0,0.0,0.0,0.0,0.0,0.0,média,25,4.08,72.0,16.0,"SerpAPI, ScrapingBee"
Comunicação,3,JusTalk Kids Messenger,com.justalk.kids.android,JusTalk,kids@justalk.com,https://kids.justalk.com/,Comunicação,4.5873785,63245,1087,5.000.000+,5000000,7100860,1,0,BRL,0,1,"R$ 5,49 – R$ 449,99 por item",Classificação Livre,15 de jun. de 2018,1783091205,2.14.1,,"Chamada de texto, voz e vídeo, mensagens, bate-papo em grupo, telefone dos pais.",https://play.google.com/store/apps/details?id=com.justalk.kids.android&hl=pt&gl=br,49,60,63,normal,730425,46111.44,164683.71,535222.06,102103.9,889292.04,551361.06,alta,25,4.44,84.0,12.0,"SerpAPI, ScrapingBee"
Ferramentas,2,Ferramentas Inteligentes,com.pcmehanik.smarttoolbox,PC Mehanik,maroltma@gmail.com,http://www.pcmehanik.com,Ferramentas,4.47,12707,440,1.000.000+,1000000,3503781,1,0,BRL,1,1,"R$ 15,99 por item",Classificação Livre,3 de jul. de 2015,1752480622,21.2,,Kit prático de ferramentas com 40 ferramentas e utilitários inteligentes.,https://play.google.com/store/apps/details?id=com.pcmehanik.smarttoolbox&hl=pt&gl=br,79,27,62,pequeno/indie,316900,1542.38,5508.5,17902.63,3415.27,29745.91,18442.47,alta,25,4.28,84.0,12.0,"SerpAPI, ScrapingBee"
Redes Sociais,7,Chatter Social,io.chattersocial.app,Chatter Social Inc.,support@chattersocial.io,https://support.chattersocial.io,Social,,,,10.000+,10000,32259,1,0,BRL,0,1,"R$ 5,49 – R$ 1.149,99 por item",Classificação 12 anos,19 de abr. de 2024,1757426417,2.1.3,,"Grupos de última geração, alcance instantâneo",https://play.google.com/store/apps/details?id=io.chattersocial.app&hl=pt&gl=br,100,5,62,pequeno/indie,2260,22.07,78.82,256.16,48.87,425.62,263.88,baixa,2,4.0,50.0,0.0,"SerpAPI, ScrapingBee"
Redes Sociais,2,Fanbase,com.fanbase,Fanbase Social Media Inc,support@fanbase.app,https://fanbase.app,Social,3.49,6905,89,1.000.000+,1000000,1114700,1,0,BRL,0,1,"R$ 5,49 – R$ 1.099,99 por item",Classificação 12 anos,3 de set. de 2021,1768860033,5.0.0,,Fanbase é uma plataforma de mídia social que permite aos usuários monetizar seu conteúdo,https://play.google.com/store/apps/details?id=com.fanbase&hl=pt&gl=br,84,22,62,pequeno/indie,95275,1291.03,4610.84,14985.22,2858.72,24898.52,15437.09,alta,25,3.64,60.0,28.0,"SerpAPI, ScrapingBee"
Música e Áudio,6,Podcast Republic - Podcast App,com.itunestoppodcastplayer.app,Podcast Republic LLC,tech@podcastrepublic.net,https://www.podcastrepublic.net/,Música e áudio,4.7759433,103518,2244,1.000.000+,1000000,3173196,1,0,BRL,1,1,"R$ 20,99 – R$ 26,99 por item",Classificação 12 anos,23 de jun. de 2012,1782561201,Varies with device,,"App de podcasts com várias funções de reprodução, organização, lista e download.",https://play.google.com/store/apps/details?id=com.itunestoppodcastplayer.app&hl=pt&gl=br,39,65,62,crescendo,377038,4080.99,14574.97,47368.67,9036.48,78704.86,48797.02,alta,25,4.44,88.0,12.0,"SerpAPI, ScrapingBee"
Saúde e Fitness,12,Treino,com.pacto,PACTO SOLUÇÕES TECNOLÓGICAS LTDA,vitorafonso@pactosolucoes.com.br,http://www.pacto.vc,Saúde e fitness,4.607153,107790,6757,1.000.000+,1000000,2768221,1,0,BRL,1,0,,Classificação Livre,2 de abr. de 2014,1783010025,6.19.18,,Fique mais próximo do seu professor da academia utilizando o Pacto Treino,https://play.google.com/store/apps/details?id=com.pacto&hl=pt&gl=br,39,65,62,crescendo,326752,295.88,1056.72,3434.33,507.22,5706.28,2739.01,alta,25,4.76,96.0,4.0,"SerpAPI, ScrapingBee"
Gastronomia,9,Prato do Dia - Receitas Fáceis,com.rncook,AlemDaConta Co.,mario@alemdaconta.co,http://www.pratododia.app,Comer e beber,4.1666665,24,12,10.000+,10000,16261,1,0,BRL,0,1,"R$ 4,90 por item",Classificação Livre,12 de dez. de 2024,,Varies with device,,"Receitas como você nunca viu, na palma da sua mão.",https://play.google.com/store/apps/details?id=com.rncook&hl=pt&gl=br,100,5,62,pequeno/indie,1091,1.48,5.29,17.21,3.28,28.59,17.72,baixa,12,4.0,75.0,25.0,"SerpAPI, ScrapingBee"
Educação,9,Sys Educação,com.systempro.sys176.sys176,System Sistemas de Gestão,app@systempro.com.br,https://www.systempro.com.br/,Educação,4.7843137,453,12,10.000+,10000,14783,1,0,BRL,0,0,,Classificação Livre,15 de out. de 2021,1771261439,1.0.13,,O SysEducação traz agilidade na comunicação Institucional e serviços acadêmicos,https://play.google.com/store/apps/details?id=com.systempro.sys176.sys176&hl=pt&gl=br,100,46,62,pequeno/indie,1084,0.0,0.0,0.0,0.0,0.0,0.0,baixa,12,2.92,41.7,50.0,"SerpAPI, ScrapingBee"
Jogos de Quebra-Cabeça,6,Jigsaw Master - quebra-cabeças,com.mintgames.jigsawmaster,Mint Games,support@mint-games.org,https://www.firedragongame.com,Tabuleiros,4.5395684,15721,483,5.000.000+,5000000,6219552,1,0,BRL,1,1,"R$ 33,99 – R$ 344,99 por item",Classificação Livre,12 de dez. de 2023,1778841920,1.0.20,,Visuais vibrantes. 20K+ quebra-cabeças incríveis!,https://play.google.com/store/apps/details?id=com.mintgames.jigsawmaster&hl=pt&gl=br,49,54,61,normal,540458,63672.71,227402.55,739058.29,140989.58,1227973.78,761343.74,alta,25,4.72,88.0,4.0,"SerpAPI, ScrapingBee"
Jogos Casuais,4,Jogos Offline Sem Wifi: Bons,com.aemobile.offline.games.no.wifi.relaxing.fun,AE Mobile Inc,offlinegame@richdom.org,https://richdom.org/offlinegames,Casuais,,,,50.000+,50000,77233,1,0,BRL,1,0,,Classificação Livre,,,Varies with device,,"Jogos sem internet e sem wifi: Minijogos viciantes de puzzle, blocos e arcade.",https://play.google.com/store/apps/details?id=com.aemobile.offline.games.no.wifi.relaxing.fun&hl=pt&gl=br,100,0,61,pequeno/indie,4849,2.34,8.36,27.17,4.01,45.14,21.67,baixa,0,0.0,0.0,0.0,"SerpAPI, ScrapingBee"
Jogos de Tabuleiro,3,Damas Online: Jogue com amigos,com.miniclip.checkers,Miniclip.com,support@miniclip.com,https://www.miniclip.com/,Tabuleiros,4.556752,26330,2058,5.000.000+,5000000,5691320,1,0,BRL,1,1,"R$ 3,50 – R$ 339,90 por item",Classificação 18 anos,25 de jan. de 2023,1778247747,4.9.3,,Jogue damas online com seus amigos e outros jogadores reais,https://play.google.com/store/apps/details?id=com.miniclip.checkers&hl=pt&gl=br,49,54,61,normal,492505,52626.09,187950.32,610838.54,116529.2,1014931.73,629257.67,alta,25,3.76,64.0,28.0,"SerpAPI, ScrapingBee"
Esportes,2,Placar.app,placar.app,DevTenho,suporte@placar.app,https://portal.placar.app/contacts/new,Esportes,4.5555553,10,1,1.000+,1000,3971,1,0,BRL,0,0,,Classificação Livre,8 de ago. de 2025,1781034927,1.0.61,,App de torneios esportivos,https://play.google.com/store/apps/details?id=placar.app&hl=pt&gl=br,100,43,61,pequeno/indie,319,0.0,0.0,0.0,0.0,0.0,0.0,baixa,1,5.0,100.0,0.0,"SerpAPI, ScrapingAnt"
Beleza,10,Skincare ASMR Makeup Games,com.pg.skincare.asmr.makeup.time.game,Pop it Games,coconutgames00@gmail.com,https://dreamdoor.trimindsstudio.com/,Casuais,,,,50.000+,50000,59001,1,0,BRL,1,0,,Classificação Livre,,,Varies with device,,Desfrute de uma experiência relaxante de cuidados de beleza com ASMR de skincare e maquiagem divertida.,https://play.google.com/store/apps/details?id=com.pg.skincare.asmr.makeup.time.game&hl=pt&gl=br,100,0,61,pequeno/indie,3646,1.76,6.29,20.43,3.02,33.94,16.29,baixa,0,0.0,0.0,0.0,"SerpAPI, ScrapingBee"
Beleza,9,Skin Bliss: Skincare Routines,com.getskinbliss.skinbliss,skinbliss,info@getskinbliss.com,https://getskinbliss.com,Beleza,4.5873017,9894,267,1.000.000+,1000000,2021963,1,0,BRL,0,1,"R$ 4,99 – R$ 249,90 por item",Classificação Livre,3 de ago. de 2018,1757246262,5.0.6,,"Brilhe com ciência: cosméticos, scanner de ingredientes, rastreamento e análise facial",https://play.google.com/store/apps/details?id=com.getskinbliss.skinbliss&hl=pt&gl=br,69,31,61,normal,195854,6919.1,24711.06,80310.95,15320.86,133439.73,82732.63,alta,25,4.48,88.0,12.0,"SerpAPI, ScrapingBee"
Jogos de Estratégia,14,Iron Marines jogo rts,com.ironhidegames.android.ironmarines,Ironhide Games,support@ironmarines.com,https://www.ironhidegames.com,Estratégia,4.8,127292,3620,1.000.000+,1000000,4020535,1,0,BRL,0,1,"R$ 0,99 – R$ 579,99 por item",Classificação 14 anos,13 de set. de 2017,1774377704,1.9.20,,Jogo rts: lidere seu exército em batalhas de estratégia em tempo real!,https://play.google.com/store/apps/details?id=com.ironhidegames.android.ironmarines&hl=pt&gl=br,39,57,60,normal,342248,111350.06,397678.79,1292456.06,246560.85,2147465.45,1331428.58,alta,25,4.96,100.0,0.0,"SerpAPI, ScrapingBee"
Redes Sociais,3,Waveful - Torne-se um Criador,app.waveful,Waveful,contact@waveful.app,https://waveful.app,Social,4.3203883,91961,97,1.000.000+,1000000,2781562,1,0,BRL,1,1,"R$ 5,49 – R$ 2.849,99 por item",Classificação 12 anos,8 de dez. de 2020,1783062576,2.0.2607030705,,Sua voz importa na Waveful.,https://play.google.com/store/apps/details?id=app.waveful&hl=pt&gl=br,69,59,60,normal,298549,4700.83,16788.68,54563.23,10408.98,90658.9,56208.52,alta,25,3.88,72.0,24.0,"SerpAPI, ScrapingBee"
Notícias e Revistas,15,Jornal de Notícias,com.newspaperdirect.jn.android,Noticias_Ilimitadas,apoioaocliente@noticiasilimitadas.pt,https://www.jn.pt/,Notícias e revistas,4.428571,22,1,5.000+,5000,8468,1,0,BRL,0,0,,Classificação Livre,28 de jul. de 2025,,Varies with device,,App oficial do Jornal de Notícias. Informação e confiança,https://play.google.com/store/apps/details?id=com.newspaperdirect.jn.android&hl=pt&gl=br,100,39,60,pequeno/indie,544,0.0,0.0,0.0,0.0,0.0,0.0,baixa,3,1.67,0.0,66.7,"SerpAPI, ScrapingBee"
Entretenimento,10,"NoFlix - TV, Filmes e Séries",com.noflixtv.inc,noflix,sidineysantoscosta09@gmail.com,http://noflix.top/app-ads.txt,Entretenimento,3.8607595,79,49,10.000+,10000,17573,1,0,BRL,1,0,,Classificação Livre,6 de abr. de 2026,1783043877,3.5,,NoFlix seu guia Completo pra Acompanhar Novidades.,https://play.google.com/store/apps/details?id=com.noflixtv.inc&hl=pt&gl=br,100,39,60,pequeno/indie,1422,0.84,3.01,9.79,1.45,16.26,7.81,média,25,3.64,60.0,24.0,"SerpAPI, ScrapingBee"
Quadrinhos,9,K MANGA,com.kodansha.kmanga,Kodansha Ltd.,support@kmanga.kodansha.com,https://kmanga.kodansha.com/app_info/index.html,Quadrinhos,4.35,12336,91,1.000.000+,1000000,3158463,1,0,BRL,1,1,"R$ 3,00 – R$ 75,00 por item",Classificação 16 anos,15 de jan. de 2025,1773019722,3.0.0,,Aplicativo oficial de mangá da Kodansha,https://play.google.com/store/apps/details?id=com.kodansha.kmanga&hl=pt&gl=br,69,60,60,normal,284245,4421.15,15789.82,51316.9,9789.69,85265.01,52864.3,alta,25,2.72,36.0,48.0,"SerpAPI, ScrapingBee"
Quadrinhos,6,"INKR — Comics, Manga, Webtoons",com.inkr.comics,INKR Comics,help@inkr.com,http://inkr.com,Quadrinhos,3.87,9323,104,500.000+,500000,984223,1,0,BRL,1,1,"R$ 11,99 – R$ 559,99 por item",Classificação 14 anos,12 de out. de 2020,1733611845,2.13.5,,Atualizações diárias e capítulos GRATUITOS,https://play.google.com/store/apps/details?id=com.inkr.comics&hl=pt&gl=br,84,15,60,pequeno/indie,83590,6659.23,23782.98,77294.68,14745.45,128428.09,79625.42,alta,25,3.44,48.0,32.0,"SerpAPI, ScrapingBee"
Negócios,3,"Vendas, financeiro e estoque",br.com.vhsys,vhsys,contato@vhsys.com.br,https://vhsys.com.br,Finanças,4.214876,1519,730,100.000+,100000,238228,1,0,BRL,0,0,,Classificação Livre,26 de nov. de 2013,1769537656,4.7.18,,"Aplicativo de Gestão com Vendas, Pedidos, Ordens de Serviço e Finanças, para MEI",https://play.google.com/store/apps/details?id=br.com.vhsys&hl=pt&gl=br,100,30,60,pequeno/indie,18765,0.0,0.0,0.0,0.0,0.0,0.0,média,25,3.36,60.0,40.0,"SerpAPI, ScrapingBee"
Jogos de Estratégia,15,World Conqueror 4-WW2 Strategy,com.easytech.wc4.android,EasyTech Games,easytechmail@gmail.com,http://www.ieasytech.com/,Estratégia,4.753482,135373,2980,5.000.000+,5000000,7242342,1,0,BRL,1,1,"R$ 4,39 – R$ 254,99 por item",Classificação 10 anos,13 de out. de 2017,1782460250,1.27.2,,Comandantes! É hora de liderar a força especial e usar a estratégia para vencer a guerra!,https://play.google.com/store/apps/details?id=com.easytech.wc4.android&hl=pt&gl=br,29,65,59,crescendo,760575,123176.15,439914.83,1429723.2,272747.2,2375540.09,1472834.86,alta,25,4.28,76.0,8.0,"SerpAPI, ScrapingBee"
Personalização,6,Tema Alpha Hybrid Launcher 4D,launcher.alpha,AppTech Launcher Studios Inc,thealphalauncher@gmail.com,https://arclauncher.com/,Personalização,4.8116593,116422,2387,5.000.000+,5000000,9009707,1,0,BRL,1,1,"R$ 3,99 – R$ 16,99 por item",Classificação Livre,17 de jun. de 2019,1781610682,15.7,,"Temas, Ocultar aplicativos, Bloqueio de aplicativos de impressão digital, Papel",https://play.google.com/store/apps/details?id=launcher.alpha&hl=pt&gl=br,29,64,59,normal,1124431,5741.98,20507.06,66647.96,12714.38,110738.15,68657.65,alta,25,4.52,84.0,4.0,"SerpAPI, ScrapingBee"
Paternidade,9,Gravidez,com.easymobs.pregnancy,Amila,developers.amila@gmail.com,https://amila.io,Criação de filhos,4.8963733,469686,340,5.000.000+,5000000,9878806,1,0,BRL,1,1,"R$ 7,49 – R$ 150,00 por item",Classificação Livre,4 de mai. de 2016,1782734368,1.4.66,,Gravidez semana a semana,https://play.google.com/store/apps/details?id=com.easymobs.pregnancy&hl=pt&gl=br,29,65,59,crescendo,1238111,42111.34,150397.66,488792.39,93246.55,812147.35,503531.36,alta,25,4.84,96.0,4.0,"SerpAPI, ScrapingBee"
Eventos,10,LM | PASS: Ingressos e eventos,com.ticketeira,LM INGRESSOS LTDA,contato@lmingressos.com.br,https://lmpass.com.br,Eventos,5.0,10,4,10.000+,10000,15292,1,0,BRL,0,0,,Classificação Livre,7 de jun. de 2024,,Varies with device,,Baixe agora nosso app e venha dar uma olhadinha no que está te esperando!! #,https://play.google.com/store/apps/details?id=com.ticketeira&hl=pt&gl=br,100,32,59,pequeno/indie,1124,0.0,0.0,0.0,0.0,0.0,0.0,baixa,4,5.0,100.0,0.0,"SerpAPI, ScrapingBee"
Jogos de Aventura,5,Grand Mountain Adventure 2,com.toppluva.grandmountain2,Toppluva AB,support@toppluva.com,http://www.toppluva.com,Esportes,4.3,6418,167,1.000.000+,1000000,2779766,1,0,BRL,1,1,"R$ 19,99 por item",Classificação Livre,18 de fev. de 2025,1780075976,1.07600,,Uma aventura de esqui e snowboard em mundo aberto,https://play.google.com/store/apps/details?id=com.toppluva.grandmountain2&hl=pt&gl=br,69,54,58,normal,211329,3088.04,11028.7,35843.26,6837.79,59554.96,36924.08,alta,25,4.52,88.0,12.0,"SerpAPI, ScrapingBee"
Esportes,4,placarZão - jogos de hoje,com.placarzao.placarzao,GHF Apps,contato@placardefutebol.com.br,https://www.placardefutebol.com.br,Esportes,4.34,530,270,100.000+,100000,144691,1,0,BRL,0,0,,Classificação Livre,22 de out. de 2019,1668221301,2.10.0,,Resultados de futebol em tempo real (placar ao vivo) e calendário de jogos.,https://play.google.com/store/apps/details?id=com.placarzao.placarzao&hl=pt&gl=br,100,20,58,pequeno/indie,11083,0.0,0.0,0.0,0.0,0.0,0.0,baixa,25,3.8,64.0,12.0,"SerpAPI, ScrapingBee"
Jogos de Estratégia,5,Wild Castle DT Defesa de Torre,com.wildsky.wildcastle,Funovus,wild-castle-support@funovus.com,https://www.funovus.com,Estratégia,4.8906784,593162,15159,5.000.000+,5000000,9277345,1,0,BRL,1,1,"R$ 2,49 – R$ 294,99 por item",Classificação Livre,30 de jan. de 2020,1783116573,1.105.18,,"Desenvolva castelos, exércitos, heróis e sobreviva a ondas de monstros furiosos!",https://play.google.com/store/apps/details?id=com.wildsky.wildcastle&hl=pt&gl=br,19,66,57,crescendo,821234,99670.28,355965.3,1156887.22,220698.48,1922212.61,1191771.82,alta,25,5.0,100.0,0.0,"SerpAPI, ScrapingBee"
Jogos Esportivos,8,Biathlon Mania,com.powerplaymanager.biathlonmania,"POWERPLAY MANAGER, s.r.o.",support.android@biathlonmania.com,http://www.powerplay.studio,Esportes,4.0588236,19085,3,1.000.000+,1000000,2406279,1,0,BRL,1,1,"R$ 6,90 – R$ 1.299,90 por item",Classificação 18 anos,20 de dez. de 2016,1782309867,14.27.0,,Biathlon Mania é um jogo de esportes com elementos de RPG estrelando biatletas reais.,https://play.google.com/store/apps/details?id=com.powerplaymanager.biathlonmania&hl=pt&gl=br,69,48,57,normal,217984,5067.5,18098.21,58819.19,11220.89,97730.35,60592.82,alta,8,4.5,87.5,12.5,"SerpAPI, ScrapingBee"
Jogos de Quebra-Cabeça,11,Fantasy Jigsaw - HD Puzzle,jigsaw.puzzle.color.master.paint.classical.hd.funny,Coloring Game Studio@RabiGame,support@rabigame.com,https://jigsaw.rabigame.com,Quebra-cabeças,4.28,23179,124,1.000.000+,1000000,2439883,1,0,BRL,1,1,"R$ 4,99 – R$ 394,99 por item",Classificação Livre,30 de jun. de 2022,1782738800,2.25.9,,20000 jogos de quebra-cabeças HD. Quebra-cabeças diários para ajudá-lo a relaxar,https://play.google.com/store/apps/details?id=jigsaw.puzzle.color.master.paint.classical.hd.funny&hl=pt&gl=br,69,49,57,normal,221178,24716.14,88271.95,286883.82,54728.61,476668.51,295534.47,alta,25,4.48,84.0,8.0,"SerpAPI, ScrapingAnt"
Jogos de Quebra-Cabeça,8,Puzzle Crown | Quebra Cabeças,tek.games.net.jigsawpuzzle,Jigsaw Puzzles Master,info@puzzlemaster.uk,http://www.puzzlemaster.uk,Quebra-cabeças,4.7182045,156803,842,5.000.000+,5000000,7315206,1,0,BRL,1,1,"R$ 4,19 – R$ 164,99 por item",Classificação Livre,13 de nov. de 2017,1782292740,1.2.1.2,,Jogo de Quebra-Cabeça Para Adultos | Novos Puzzles Diários | Relaxante | Offline,https://play.google.com/store/apps/details?id=tek.games.net.jigsawpuzzle&hl=pt&gl=br,19,65,57,crescendo,768583,36795.7,131413.2,427092.89,81476.18,709631.26,439971.38,alta,25,4.56,92.0,8.0,"SerpAPI, ScrapingBee"
Esportes,6,AlertaGol – Copa 26 Resultados,com.gol_footbal_sa,TorAlarm GmbH,support@toralarm.eu,https://toralarm.com,Esportes,4.788532,150509,19029,5.000.000+,5000000,6331045,1,0,BRL,1,0,,Classificação Livre,25 de nov. de 2017,1783081621,7.5.9,,Resultados ao vivo da Copa 2026,https://play.google.com/store/apps/details?id=com.gol_footbal_sa&hl=pt&gl=br,19,66,57,crescendo,647768,281.55,1005.54,3268.02,482.66,5429.94,2606.37,alta,25,4.84,96.0,0.0,"SerpAPI, ScrapingBee"
Paternidade,7,Pregnancy and Baby : Kiindred,app.kiindred.co,Kiindred Pty. Ltd,sabir@kiindred.co,https://kiindred.co/,Criação de filhos,,,,1.000+,1000,2184,1,0,BRL,0,1,"R$ 18,99 – R$ 359,99 por item",Classificação Livre,28 de mai. de 2021,1776827012,Build 127 v3.6.7,,Paternidade e Nascimento | Aplicativo de apoio ao bebê na Austrália,https://play.google.com/store/apps/details?id=app.kiindred.co&hl=pt&gl=br,100,25,57,pequeno/indie,127,9.3,33.23,107.99,20.6,179.43,111.25,baixa,0,0.0,0.0,0.0,"SerpAPI, ScrapingBee"
Música e Áudio,13,Podcast Player & App - Shuttle,com.simplecityapps.shuttle.podcasts,SimpleCity,support@shuttlepodcasts.app,https://shuttlepodcasts.app,Música e áudio,,,,1.000+,1000,3769,1,0,BRL,0,1,"R$ 3,69 – R$ 234,99 por item",Classificação Livre,19 de mar. de 2026,,Varies with device,,"Player de podcast e leitor RSS - offline, Android Auto, Chromecast, OPML.",https://play.google.com/store/apps/details?id=com.simplecityapps.shuttle.podcasts&hl=pt&gl=br,100,24,57,pequeno/indie,229,7.58,27.06,87.94,16.78,146.11,90.59,baixa,2,5.0,100.0,0.0,"SerpAPI, ScrapingBee"
Saúde e Fitness,8,Hevy - Treino de Academia Gym,com.hevy,Hevy Gym Workout Tracker,hello@hevyapp.com,https://www.hevyapp.com,Saúde e fitness,4.9424376,236112,4253,5.000.000+,5000000,7338545,1,0,BRL,0,1,"R$ 12,90 – R$ 279,00 por item",Classificação 12 anos,29 de jun. de 2019,1783021659,Varies with device,,Diario de Treino de Academia & Registro de Treinos em Casa | Workout e Fitness,https://play.google.com/store/apps/details?id=com.hevy&hl=pt&gl=br,19,65,57,crescendo,907235,76467.35,273097.68,887567.47,169320.56,1474727.49,914331.05,alta,25,4.88,96.0,0.0,"SerpAPI, ScrapingBee"
Encontros,6,Mequeres - Namoro e encontros,com.mequeres,Mequeres,android@mequeres.com,https://www.mequeres.com,Encontros,4.413322,99189,30602,5.000.000+,5000000,8378623,1,0,BRL,1,1,"R$ 2,49 – R$ 709,99 por item",Classificação 18 anos,4 de dez. de 2017,1761077034,4.4.0,,"Site de namoro para solteiros. Converse, faça amizades e marque encontros",https://play.google.com/store/apps/details?id=com.mequeres&hl=pt&gl=br,49,37,57,normal,789532,170856.55,610201.96,1983156.36,378325.21,3295090.56,2042956.15,alta,25,4.08,80.0,20.0,"SerpAPI, ScrapingBee"
Android Wear,5,StarWatchfaces - Wear OS Shop,com.starwatchfaces.watchfaces,StarWatchfaces,wearos@starwatchfaces.com,https://starwatchfaces.com,Personalização,,,,10.000+,10000,14908,1,0,BRL,0,1,"R$ 2,59 – R$ 1.099,99 por item",Classificação Livre,12 de nov. de 2023,1775540864,2.1.0,,"Mostradores de relógio premium para Wear OS. O pacote vitalício, adquirido uma única vez, desbloqueia todos eles!",https://play.google.com/store/apps/details?id=com.starwatchfaces.watchfaces&hl=pt&gl=br,100,24,57,pequeno/indie,994,13.11,46.82,152.18,29.03,252.85,156.77,média,0,0.0,0.0,0.0,"SerpAPI, ScrapingBee"
Jogos de Trivia,7,Erudite - Trívia & Quiz Jogos,com.erudite.trivia.brain.quiz.mind.game,Mioris LTD,support@erudite.games,https://erudite.games/,Conhecimentos,4.8243804,181843,827,5.000.000+,5000000,5503871,1,0,BRL,1,1,"R$ 1,49 – R$ 199,99 por item",Classificação Livre,29 de nov. de 2021,1781875728,3.26.1,,Jogo de perguntas e respostas sobre conhecimentos gerais que treine seu cérebro!,https://play.google.com/store/apps/details?id=com.erudite.trivia.brain.quiz.mind.game&hl=pt&gl=br,19,64,56,normal,570642,39634.98,141553.52,460048.93,87763.18,764388.99,473921.17,alta,25,3.96,68.0,24.0,"SerpAPI, ScrapingBee"
Jogos de RPG,7,AnimA ARPG (Action RPG 2021),com.ExiliumGames.Anima,Redeev,support@animathegame.com,https://www.animathegame.com/,RPG,4.402615,121649,6906,1.000.000+,1000000,4958337,1,0,BRL,1,1,"R$ 3,09 – R$ 184,99 por item",Classificação 12 anos,1 de nov. de 2019,1765184269,3.1.8,,RPG de ação com estilo clássico e ambiente medieval escuro,https://play.google.com/store/apps/details?id=com.ExiliumGames.Anima&hl=pt&gl=br,39,41,56,normal,387545,32934.37,117622.77,382273.99,72926.11,635162.93,393801.02,alta,25,3.96,76.0,20.0,"SerpAPI, ScrapingBee"
Jogos Casuais,6,MegaJogos: Cartas e Tabuleiro,air.br.com.megajogos.mobile,MegaJogos,suporte@megajogos.com.br,https://www.megajogos.com.br,Cartas,4.668256,150764,33315,5.000.000+,5000000,8506985,1,0,BRL,1,1,"R$ 0,89 – R$ 579,99 por item",Classificação Livre,27 de set. de 2012,1781818891,148.1.6,,"Truco, Cacheta, Buraco e os melhores jogos em um único app. Baixe grátis agora!",https://play.google.com/store/apps/details?id=air.br.com.megajogos.mobile&hl=pt&gl=br,19,64,56,normal,900056,178208.92,636460.43,2068496.4,394605.47,3436886.32,2130869.52,alta,25,2.88,44.0,48.0,"SerpAPI, ScrapingBee"
Jogos de Tabuleiro,9,MegaJogos: Cartas e Tabuleiro,air.br.com.megajogos.mobile,MegaJogos,suporte@megajogos.com.br,https://www.megajogos.com.br,Cartas,4.668256,150764,33315,5.000.000+,5000000,8506985,1,0,BRL,1,1,"R$ 0,89 – R$ 579,99 por item",Classificação Livre,27 de set. de 2012,1781818891,148.1.6,,"Truco, Cacheta, Buraco e os melhores jogos em um único app. Baixe grátis agora!",https://play.google.com/store/apps/details?id=air.br.com.megajogos.mobile&hl=pt&gl=br,19,64,56,normal,900056,178208.92,636460.43,2068496.4,394605.47,3436886.32,2130869.52,alta,25,2.88,44.0,48.0,"SerpAPI, ScrapingBee"
Redes Sociais,5,Elomento - Rede social,com.elomento,Elomentoredesocial,suporte@elomento.com,https://www.elomento.com/,Social,4.714286,23,18,500+,500,730,1,0,BRL,0,0,,Classificação 12 anos,24 de fev. de 2026,,Varies with device,,"Uma rede social feita para interagir, não para competir",https://play.google.com/store/apps/details?id=com.elomento&hl=pt&gl=br,100,21,56,pequeno/indie,43,0.0,0.0,0.0,0.0,0.0,0.0,baixa,18,4.67,88.9,5.6,"SerpAPI, ScrapingBee"
Paternidade,11,Rastreador de gravidez e bebê,com.zoobagames.android.hamilelik,Firehawk,support.babytracker@firehawk.ai,https://firehawk.ai/babytracker,Criação de filhos,4.06,15796,33,1.000.000+,1000000,2674499,1,0,BRL,1,1,"R$ 5,49 – R$ 549,99 por item",Classificação Livre,4 de jan. de 2013,1777888560,355.0.9,,Rastreador de gravidez e bebê: informações sobre a gravidez semana a semana,https://play.google.com/store/apps/details?id=com.zoobagames.android.hamilelik&hl=pt&gl=br,69,43,56,normal,238759,25659.17,91639.89,297829.63,56816.73,494855.39,306810.34,alta,25,3.84,72.0,28.0,"SerpAPI, ScrapingBee"
Medicina,3,Lembrete de Medicamentos,eu.smartpatient.mytherapy,MyTherapy,support@mytherapyapp.com,https://www.mytherapyapp.com,Medicina,4.811594,233530,12142,5.000.000+,5000000,9565847,1,0,BRL,1,1,"R$ 9,99 – R$ 259,99 por item",Classificação Livre,14 de abr. de 2015,1781274970,3.272.0,,Alarme de remédio e pílula: tome medicamentos na hora certa,https://play.google.com/store/apps/details?id=eu.smartpatient.mytherapy&hl=pt&gl=br,19,64,56,normal,1197123,69232.4,247258.58,803590.38,153300.32,1335196.33,827821.72,alta,25,4.96,100.0,0.0,"SerpAPI, ScrapingBee"
Saúde e Fitness,10,Gym WP - Treinos para Academia,com.lealApps.pedro.gymWorkoutPlan,Leal Apps LTDA,contact@gymwp.app,https://gymwp.app/,Saúde e fitness,4.7206125,138819,19128,5.000.000+,5000000,9759164,1,0,BRL,1,1,"R$ 3,99 – R$ 499,99 por item",Classificação Livre,11 de nov. de 2016,1781001319,10.24.4,,Acompanhe seus treinos de musculação com exercícios e planos personalizados.,https://play.google.com/store/apps/details?id=com.lealApps.pedro.gymWorkoutPlan&hl=pt&gl=br,19,63,56,normal,1222435,179000.89,639288.88,2077688.87,396359.11,3452159.97,2140339.18,alta,25,4.04,72.0,24.0,"SerpAPI, ScrapingBee"
Gastronomia,4,Restaurante Recanto Divisa,com.wabiz.delivery.recantodivisa,WABiz - Aplicativos para Delivery,comercial@wabiz.com.br,,Comer e beber,4.882353,17,4,1.000+,1000,4321,1,0,BRL,0,0,,Classificação 10 anos,8 de jun. de 2020,,Varies with device,,Faça seu pedido pelo aplicativo do Restaurante Recanto Divisa!,https://play.google.com/store/apps/details?id=com.wabiz.delivery.recantodivisa&hl=pt&gl=br,100,20,56,pequeno/indie,291,0.0,0.0,0.0,0.0,0.0,0.0,baixa,4,5.0,100.0,0.0,"SerpAPI, ScrapingBee"
Quadrinhos,8,IZNEO lecture BD et Manga HD,fr.airweb.izneo,ONO - IZNEO,support@izneo.com,https://www.izneo.com/,Quadrinhos,2.488889,5513,26,1.000.000+,1000000,1684900,1,0,BRL,0,1,"R$ 0,30 – R$ 5.200,00 por item",Classificação 14 anos,23 de abr. de 2012,1760606218,9.9.5,,"Leitura digital e familiar de histórias em quadrinhos, quadrinhos e mangás online ou em ebook!",https://play.google.com/store/apps/details?id=fr.airweb.izneo&hl=pt&gl=br,69,14,56,normal,147034,74.72,266.87,867.32,165.46,1441.08,893.47,alta,25,2.64,40.0,52.0,"SerpAPI, ScrapingBee"
Automóveis e Veículos,1,Drivvo - Gestão de veículos,br.com.ctncardoso.ctncar,Drivvo,support@drivvo.com,https://www.drivvo.com,Veículos,4.8343143,113829,16839,5.000.000+,5000000,5197982,1,0,BRL,1,1,"R$ 2,00 – R$ 2.099,90 por item",Classificação Livre,24 de jun. de 2012,1779887744,9.4,,Gerencie todos os tipos de veículos e equipamentos em um só lugar,https://play.google.com/store/apps/details?id=br.com.ctncardoso.ctncar&hl=pt&gl=br,19,62,56,normal,526941,7349.61,26248.62,85308.0,16274.14,141742.52,87880.36,alta,25,4.04,72.0,16.0,"SerpAPI, ScrapingBee"
Jogos de Palavras,5,Caça palavras: Jogo de palavra,com.rvappstudios.word.search.puzzle.game,RV AppStudios,app_support@rvappstudios.com,http://www.rvappstudios.com,Palavras,4.064516,8195,448,1.000.000+,1000000,4272300,1,0,BRL,1,1,"R$ 4,99 – R$ 274,99 por item",Classificação Livre,19 de ago. de 2019,1777467947,1.9.5,,"Caça-palavras relaxantes para jogar, modos divertidos para experimentar!",https://play.google.com/store/apps/details?id=com.rvappstudios.word.search.puzzle.game&hl=pt&gl=br,69,41,55,normal,331575,28914.76,103266.98,335617.7,64025.53,557641.72,345737.86,alta,25,4.24,76.0,12.0,"SerpAPI, ScrapingBee"
Jogos de Cartas,5,Solitaire Collection,solitaire.collection.klondike.spider.freecell.tripeaks.pyramid.cardgame,Solitaire Card Studio,myfuncookie@gmail.com,https://www.solitairecardstudio.com,Cartas,4.6807513,159891,2924,5.000.000+,5000000,7206893,1,0,BRL,1,1,"R$ 4,99 – R$ 86,99 por item",Classificação Livre,19 de mar. de 2022,1764852643,1.0.35,,"Solitaire Collection: Klondike, Spider, FreeCell, Pirâmide e Tripeaks!",https://play.google.com/store/apps/details?id=solitaire.collection.klondike.spider.freecell.tripeaks.pyramid.cardgame&hl=pt&gl=br,29,47,55,normal,630566,13355.31,47697.54,155017.0,29572.47,257566.71,159691.36,alta,25,4.4,80.0,8.0,"SerpAPI, ScrapingBee"
Jogos de Tabuleiro,1,Board Games,cat.minkusoft.jocstauler,minkusoft,info@minkusoft.com,http://minkusoft.com,Tabuleiros,4.5111113,34891,69,5.000.000+,5000000,5269767,1,0,BRL,1,0,,Classificação Livre,20 de out. de 2011,1745852418,3.5.13,,Com JOGOS DE TABULEIRO você pode se divertir com jogos de todos os tempos como na sua infância,https://play.google.com/store/apps/details?id=cat.minkusoft.jocstauler&hl=pt&gl=br,49,28,55,normal,454379,355.49,1269.62,4126.25,609.42,6855.92,3290.84,alta,25,4.64,92.0,4.0,"SerpAPI, ScrapingBee"
Ferramentas,9,"Ancleaner, limpador Android",appinventor.ai_mmfrutos7878.Ancleaner,Senforein Software,android@senforeinsoft.com,http://senforeinsoft.com,Ferramentas,4.5038834,135424,6695,5.000.000+,5000000,8713169,1,0,BRL,1,0,,Classificação Livre,8 de ago. de 2014,1780996960,0.232,,"Ancleaner, Android Cleaner, é um limpador de celular completo e seguro.",https://play.google.com/store/apps/details?id=appinventor.ai_mmfrutos7878.Ancleaner&hl=pt&gl=br,19,57,55,normal,1085750,720.99,2574.97,8368.64,1235.98,13904.82,6674.31,alta,25,4.52,92.0,8.0,"SerpAPI, ScrapingBee"
Encontros,1,Inner Circle - Encontros,com.theinnercircle,Circle Imperium B.V.,android@theinnercircle.co,https://www.theinnercircle.co,Encontros,4.4036126,114491,13183,5.000.000+,5000000,9582278,1,0,BRL,0,1,"R$ 0,59 – R$ 579,90 por item",Classificação 18 anos,4 de jun. de 2015,1781615441,5.30.5,,O app de relacionamento para conhecer e encontrar com pessoas que valem a pena.,https://play.google.com/store/apps/details?id=com.theinnercircle&hl=pt&gl=br,19,58,55,normal,1090248,292389.89,1044249.6,3393811.2,647434.75,5638947.85,3496147.66,alta,25,1.84,20.0,80.0,"SerpAPI, ScrapingBee"
Android Wear,8,Simple Watchface AKM Wear OS,com.akchimwf.simpledigital,Akchim Watchfaces,akchimwf@gmail.com,,Personalização,4.111111,209,0,50.000+,50000,58775,1,0,BRL,0,0,,Classificação Livre,21 de dez. de 2023,1753620240,Varies with device,,"Minimalista, rigoroso, digital.",https://play.google.com/store/apps/details?id=com.akchimwf.simpledigital&hl=pt&gl=br,100,11,55,pequeno/indie,4272,0.0,0.0,0.0,0.0,0.0,0.0,baixa,0,0.0,0.0,0.0,"SerpAPI, ScrapingBee"
Jogos de Trivia,12,Quiz - Conhecimentos Gerais,com.creactive.quemquersermilionario.millonario.lite,WalkMe Mobile Solutions,info@walkme.pt,http://www.walkme.pt,Conhecimentos,4.473054,140117,1916,5.000.000+,5000000,7856515,1,0,BRL,1,1,"R$ 4,59 – R$ 509,99 por item",Classificação Livre,30 de set. de 2013,1779110883,8.3.4,,Um jogo perfeito que irá aumentar a tua cultura geral e fazer-te ganhar milhões!,https://play.google.com/store/apps/details?id=com.creactive.quemquersermilionario.millonario.lite&hl=pt&gl=br,19,55,54,normal,627417,100121.49,357576.75,1162124.42,221697.58,1930914.42,1197166.94,alta,25,3.8,64.0,20.0,"SerpAPI, ScrapingBee"
Jogos Musicais,5,Deemo,com.rayark.pluto,RAYARK,service@rayark.com,http://www.rayark.com/g/deemo/,Música,4.808157,556928,9057,5.000.000+,5000000,8650480,1,0,BRL,1,1,"R$ 4,90 – R$ 299,90 por item",Classificação Livre,26 de dez. de 2013,1770955321,5.0.11,,Never left without saying goodbye,https://play.google.com/store/apps/details?id=com.rayark.pluto&hl=pt&gl=br,19,53,54,normal,763286,72485.53,258876.88,841349.88,160503.67,1397935.18,866719.81,alta,25,4.76,96.0,4.0,"SerpAPI, ScrapingBee"
Jogos de Cassino,3,Viva Slots Vegas: Casino Slots,com.RocketGames.ClassicSlots,"Viva Slots Classic Slot Machine Games, LLC",support@vivaslots.com,https://www.vivaslots.com,Cassino,4.4135666,213613,1957,5.000.000+,5000000,8190094,1,0,BRL,1,1,"R$ 3,09 – R$ 1.249,99 por item",Classificação 18 anos,16 de jul. de 2015,1778098936,4.3.01,,"Caça-níqueis clássicas, online ou offline, na segurança de sua casa!",https://play.google.com/store/apps/details?id=com.RocketGames.ClassicSlots&hl=pt&gl=br,19,54,54,normal,655313,35878.44,128137.27,416446.14,79445.11,691941.28,429003.59,alta,25,4.48,84.0,12.0,"SerpAPI, ScrapingBee"
Notícias e Revistas,14,Jornais e Revistas,jornais.revistas.portugal,APPS4NewWorld,apps4newworld@gmail.com,https://dev627157.topdeveloper.info,Notícias e revistas,,,,1.000+,1000,3048,1,0,BRL,1,0,,Classificação Livre,10 de jul. de 2023,1765873735,2025.3.0,,"Jornais e Revistas Portuguesas, imprensa, esportes, economia, moda, cinema.",https://play.google.com/store/apps/details?id=jornais.revistas.portugal&hl=pt&gl=br,100,14,54,pequeno/indie,182,0.07,0.25,0.82,0.12,1.37,0.66,baixa,8,4.25,87.5,0.0,"SerpAPI, ScrapingBee"
Mapas e Navegação,14,Avenza Maps: Mapas Offline,com.Avenza,Avenza Systems Inc.,support@avenza.com,https://store.avenza.com/,Mapas e navegação,4.5880775,111142,6506,5.000.000+,5000000,7926652,1,0,BRL,0,1,"R$ 2,49 – R$ 1.499,90 por item",Classificação Livre,19 de set. de 2013,1777673958,5.6,,"Mapas para caminhadas, trilhas, offroading e rastreamento por GPS offline",https://play.google.com/store/apps/details?id=com.Avenza&hl=pt&gl=br,19,54,54,normal,819536,9885.18,35304.23,114738.75,21888.62,190642.84,118198.56,alta,25,3.0,48.0,48.0,"SerpAPI, ScrapingBee"
Bibliotecas e Demonstrações,5,Minha Biblioteca,com.vgm.mylibrary,Julien Keith,mylibraryappli@gmail.com,https://discord.gg/Nk8BB8C,Produtividade,4.8642745,74027,3409,1.000.000+,1000000,4224606,1,0,BRL,0,0,,Classificação Livre,3 de jun. de 2016,1782159578,2.2.0.1,,Catalogue sua biblioteca!,https://play.google.com/store/apps/details?id=com.vgm.mylibrary&hl=pt&gl=br,79,65,54,pequeno/indie,508897,0.0,0.0,0.0,0.0,0.0,0.0,média,25,4.96,100.0,0.0,"SerpAPI, ScrapingBee"
Saúde e Fitness,2,Growth - Dieta e Treino,br.com.dietaetreino,Growth Supplements,appdietaetreino@gmail.com,https://www.gsuplementos.com.br/,Saúde e fitness,4.7586045,43176,16677,1.000.000+,1000000,3029583,1,0,BRL,0,0,,Classificação Livre,30 de mar. de 2020,1782738213,7.5.11,,Controle sua dieta e treino com o app da Growth!,https://play.google.com/store/apps/details?id=br.com.dietaetreino&hl=pt&gl=br,79,65,54,pequeno/indie,359169,0.0,0.0,0.0,0.0,0.0,0.0,média,25,4.68,88.0,4.0,"SerpAPI, ScrapingBee"
Encontros,7,Namoro e bate-papo - Liketoo,com.liketoo,Red Panda App,support@liketoo.app,https://liketoo.app,Encontros,4.177778,11075,498,1.000.000+,1000000,4779924,1,0,BRL,1,1,"R$ 7,49 – R$ 279,99 por item",Classificação 18 anos,5 de dez. de 2024,1772543400,1.0.9,,Conheça e saia com solteiros perto de você. Flerte e ame.,https://play.google.com/store/apps/details?id=com.liketoo&hl=pt&gl=br,69,37,54,normal,438769,53493.71,191048.95,620909.08,118450.35,1031664.33,639631.88,alta,25,3.88,68.0,24.0,"SerpAPI, ScrapingBee"
Android Wear,3,Field Watch 2 Wear OS 5+,com.watchfacestudio.fw2,OQ Watchfaces,osmanqadir78@gmail.com,,Personalização,,,,1.000+,1000,3164,0,5.99,BRL,0,0,,Classificação Livre,20 de mai. de 2023,1766555690,Varies with device,,Um watchface de campo para wear os com fundo preto e personalizações de cores,https://play.google.com/store/apps/details?id=com.watchfacestudio.fw2&hl=pt&gl=br,100,15,54,pequeno/indie,189,111.44,398.0,1293.5,246.76,2149.2,1332.5,baixa,0,0.0,0.0,0.0,"SerpAPI, ScrapingBee"
Compras,13,Torra: Comprar Roupas,br.com.app.torra,Lojas Torra,lojastorratorra@gmail.com,https://www.lojastorra.com.br/,Compras,4.8757935,21960,4969,1.000.000+,1000000,3981478,1,0,BRL,0,0,,Classificação Livre,26 de set. de 2019,1781108092,13.0.24,,"Roupas, calçados, jeans, cama, mesa e banho para comprar online e economizar",https://play.google.com/store/apps/details?id=br.com.app.torra&hl=pt&gl=br,79,63,53,pequeno/indie,478257,0.0,0.0,0.0,0.0,0.0,0.0,média,25,4.44,84.0,12.0,"SerpAPI, ScrapingBee"
Finanças,6,Paraná Banco – Investimentos,br.paranabanco.app,Parana Banco S/A,investimentos@paranabanco.com.br,https://www.paranabancoinvestimentos.com.br/,Finanças,3.6,425,236,100.000+,100000,101336,1,0,BRL,0,0,,Classificação Livre,27 de jun. de 2017,1782328193,3.204.0,,Baixe o app e conte com uma curadoria em Renda Fixa e Fundos de Investimento.,https://play.google.com/store/apps/details?id=br.paranabanco.app&hl=pt&gl=br,100,41,53,pequeno/indie,9127,0.0,0.0,0.0,0.0,0.0,0.0,média,25,2.64,40.0,56.0,"SerpAPI, ScrapingBee"
Jogos Musicais,8,Cytus II,com.rayark.cytus2,RAYARK,service@rayark.com,https://www.rayark.com/g/cytus2/,Música,4.3439155,136757,2632,1.000.000+,1000000,4023056,0,9.9,BRL,0,1,"R$ 15,99 – R$ 369,99 por item",Classificação 12 anos,7 de mar. de 2018,1781857075,5.2.16,,Você consegue me ouvir?,https://play.google.com/store/apps/details?id=com.rayark.cytus2&hl=pt&gl=br,39,58,52,normal,373607,87218.23,311493.68,1012354.47,193126.08,1682065.89,1042880.85,alta,25,3.8,68.0,20.0,"SerpAPI, ScrapingBee"
Jogos Musicais,6,Sonolus,com.FosFenes.Sonolus,Macau FosFenes Technology,support@sonolus.com,https://sonolus.com,Música,3.990099,5534,114,1.000.000+,1000000,2257576,1,0,BRL,1,1,"R$ 16,99 – R$ 169,99 por item",Classificação Livre,14 de jul. de 2025,1779475067,1.1.2,,Nova era dos Jogos De Ritmo,https://play.google.com/store/apps/details?id=com.FosFenes.Sonolus&hl=pt&gl=br,69,67,52,crescendo,169896,10944.03,39085.83,127028.94,24233.21,211063.46,130859.35,alta,25,3.84,68.0,24.0,"SerpAPI, ScrapingBee"
Jogos Educacionais,6,Ler e Contar,com.bergman.lerecontar,Apps Bergman,contato@appsbergman.com,http://appsbergman.com/,Educativos,4.3079743,19540,5816,5.000.000+,5000000,8900493,1,0,BRL,1,1,"R$ 39,99 por item",Classificação Livre,26 de set. de 2014,1773154258,7.0.5,,"Aprender o alfabeto completo e ilustrado, contar até 100,  formas, cores e mais",https://play.google.com/store/apps/details?id=com.bergman.lerecontar&hl=pt&gl=br,49,49,52,normal,714887,18304.02,65371.48,212457.32,40530.32,353006.01,218863.72,alta,25,4.16,80.0,20.0,"SerpAPI, ScrapingBee"
Jogos Educacionais,2,Silabando,com.appsbergman.silabando,Apps Bergman,contato@appsbergman.com,http://appsbergman.com/,Educativos,4.357675,7723,2856,5.000.000+,5000000,5159889,1,0,BRL,1,1,"R$ 27,99 por item",Classificação Livre,29 de out. de 2016,1773155740,2.9,,Aprender as sílabas simples e complexas de um jeito fácil e divertido!,https://play.google.com/store/apps/details?id=com.appsbergman.silabando&hl=pt&gl=br,49,47,52,normal,404057,7358.72,26281.13,85413.66,16294.3,141918.08,87989.21,alta,25,4.44,84.0,12.0,"SerpAPI, ScrapingBee"
Jogos de Ação,4,Brutal Street 2,com.bpgames.bs2.and,Black Pearl Games Ltd.,cs@blackpearlgame.com,http://www.brutalstreet2.com,Ação,4.3930635,38184,1927,1.000.000+,1000000,2080343,1,0,BRL,1,1,"R$ 3,19 – R$ 319,99 por item",Classificação 16 anos,26 de set. de 2017,1752893376,1.3.5,,O jogo de ação gângster offline mais hardcore!,https://play.google.com/store/apps/details?id=com.bpgames.bs2.and&hl=pt&gl=br,69,29,52,normal,155930,11284.2,40300.72,130977.34,24986.45,217623.88,134926.81,alta,25,3.8,68.0,28.0,"SerpAPI, ScrapingBee"
Personalização,4,"GO Launcher S – 3D Theme, Wall",com.gau.go.launcherex.s,go live llc,launchersgo@gmail.com,http://golauncher.goforandroid.com,Personalização,4.674286,165688,4489,5.000.000+,5000000,8719998,1,0,BRL,1,1,"R$ 3,79 – R$ 354,99 por item",Classificação Livre,28 de set. de 2018,1756462793,1.21,,GO Launcher S-💎Customize your phone with free themes & HD wallpapers!,https://play.google.com/store/apps/details?id=com.gau.go.launcherex.s&hl=pt&gl=br,29,38,52,normal,905534,45423.0,162225.01,527231.27,100579.5,876015.04,543129.33,alta,25,4.44,80.0,8.0,"SerpAPI, ScrapingBee"
Mapas e Navegação,6,GPS Brasil – Navegador Offline,com.ndrive.oimapas,"NDRIVE, NAVIGATION SYSTEMS, S.A.",support@ndrive.com,https://ndrive.com,Mapas e navegação,4.522625,142793,72536,1.000.000+,1000000,4222746,1,0,BRL,1,1,"R$ 2,82 – R$ 239,99 por item",Classificação Livre,12 de jun. de 2013,1745913859,2.50.03,,"GPS que funciona sem internet, com trânsito e alerta de radar de velocidade.",https://play.google.com/store/apps/details?id=com.ndrive.oimapas&hl=pt&gl=br,39,28,52,normal,423885,14449.47,51605.24,167717.03,31995.25,278668.29,172774.34,alta,25,4.44,84.0,8.0,"SerpAPI, ScrapingBee"
Negócios,6,Venda Fácil - Controle Vendas,com.defapps.VendaFacil,Def Aplicativos,defaplicativos@gmail.com,,Negócios,3.6470587,19,17,1.000+,1000,2459,1,0,BRL,1,1,"R$ 24,99 – R$ 149,99 por item",Classificação Livre,20 de out. de 2025,,Varies with device,,Controle Total das Suas Vendas. Gerencie todas as suas vendas em um só lugar,https://play.google.com/store/apps/details?id=com.defapps.VendaFacil&hl=pt&gl=br,100,5,52,pequeno/indie,144,6.79,24.24,78.78,15.03,130.9,81.16,baixa,19,3.79,63.2,5.3,"SerpAPI, ScrapingBee"
Família,5,Jogos de tabuleiro família,com.pescapps.boardgameskids,pescAPPs,support@pescapps.com,http://www.pescapps.com/,Tabuleiros,4.1028037,5849,502,1.000.000+,1000000,2305052,1,0,BRL,1,1,"R$ 6,49 por item",Classificação Livre,4 de mai. de 2017,1760357589,3.1,,4 jogos de tabuleiro clássicos para toda a família. Diversão garantida!,https://play.google.com/store/apps/details?id=com.pescapps.boardgameskids&hl=pt&gl=br,69,23,51,normal,173645,621.13,2218.32,7209.54,1375.36,11978.93,7426.94,alta,25,3.96,68.0,16.0,"SerpAPI, ScrapingBee"
Clima,5,Previsão do Tempo Preciso Info,weather.forecast.radar.channel.platinum,1 Bit,pointdotdog@gmail.com,https://onebit-app.web.app/,Clima,,,,500+,500,955,0,28.99,BRL,0,0,,Classificação Livre,6 de jul. de 2023,1736503071,1.22.0,,"Previsão do tempo precisa, radar meteo rastreia todas as informações meteo",https://play.google.com/store/apps/details?id=weather.forecast.radar.channel.platinum&hl=pt&gl=br,100,0,51,pequeno/indie,52,107.14,382.64,1243.57,237.23,2066.24,1281.07,baixa,2,5.0,100.0,0.0,"SerpAPI, ScrapingBee"
Reprodutores de Vídeo,13,Just (Video) Player,com.brouken.player,Marcel Dopita,m@rcel.cz,https://github.com/moneytoo/Player,Reproduzir e editar vídeos,3.97,3222,53,1.000.000+,1000000,1078861,1,0,BRL,0,0,,Classificação Livre,11 de nov. de 2020,1780127372,0.212,,Reprodutor de vídeo de código aberto sem atraso de Bluetooth e suporte para vários codecs,https://play.google.com/store/apps/details?id=com.brouken.player&hl=pt&gl=br,92,42,51,pequeno/indie,92058,0.0,0.0,0.0,0.0,0.0,0.0,média,25,4.04,72.0,20.0,"SerpAPI, ScrapingBee"
Viagens e Localização,13,Quero Passagem: Ônibus e Hotel,br.com.queropassagem,Quero Passagem Lta,saconibus@queropassagem.com.br,http://www.queropassagem.com.br,Viagem e Turismo,4.664016,45355,6630,1.000.000+,1000000,2944590,1,0,BRL,0,0,,Classificação Livre,28 de mar. de 2018,1781033185,3.3.36,,Compare e compre passagens de ônibus baratas e reserve hotéis em todo o Brasil,https://play.google.com/store/apps/details?id=br.com.queropassagem&hl=pt&gl=br,69,63,51,normal,348613,0.0,0.0,0.0,0.0,0.0,0.0,média,25,2.84,44.0,52.0,"SerpAPI, ScrapingBee"
Ferramentas,7,Deep Tools,com.deepblue.si.deeptools,Deep Blue d.o.o.,hello@deepblue.si,http://www.deeptools.app,Ferramentas,,,,1.000+,1000,3780,1,0,BRL,0,1,"R$ 14,99 – R$ 229,99 por item",Classificação Livre,4 de set. de 2023,,Varies with device,,Planeje com inteligência. Mergulhe com mais segurança.,https://play.google.com/store/apps/details?id=com.deepblue.si.deeptools&hl=pt&gl=br,100,0,51,pequeno/indie,229,7.8,27.86,90.54,17.27,150.43,93.27,baixa,0,0.0,0.0,0.0,"SerpAPI, ScrapingBee"
Ferramentas,5,Omni Tools – All in One Tools,com.tss.omnitools,Total Soft Solutions,tssdigisol@gmail.com,https://tssdigisol.github.io/omnitools,Ferramentas,,,,1.000+,1000,3228,1,0,BRL,0,1,"R$ 26,99 por item",Classificação Livre,18 de mai. de 2025,,Varies with device,,"61 ferramentas gratuitas: scanner, calculadora, PDF, pacote de finanças e saúde. 100% offline.",https://play.google.com/store/apps/details?id=com.tss.omnitools&hl=pt&gl=br,100,0,51,pequeno/indie,193,1.45,5.18,16.84,3.21,27.99,17.35,baixa,0,0.0,0.0,0.0,"SerpAPI, ScrapingBee"
Esportes,7,Placar,com.codeisland.placar,Code Island Cabo Verde,codeisland1460@gmail.com,https://placar.cv/,Esportes,,,,100+,100,480,1,0,BRL,1,0,,Classificação Livre,18 de abr. de 2026,,Varies with device,,"Acompanhe resultados, jogos e classificação do futebol cabo-verdiano",https://play.google.com/store/apps/details?id=com.codeisland.placar&hl=pt&gl=br,100,0,51,pequeno/indie,24,0.01,0.03,0.11,0.02,0.19,0.09,baixa,4,5.0,100.0,0.0,"SerpAPI, ScrapingBee"
Bibliotecas e Demonstrações,2,Biblioteca LDM,com.gonsoltradingcompanyllc.bibliotecaldm,Gonsolcompany,contact@gonsoltradingcompany.com,https://gonsolcompany.com,Entretenimento,,,,1.000+,1000,2463,1,0,BRL,0,1,"R$ 14,99 – R$ 149,99 por item",Classificação Livre,1 de dez. de 2024,,Varies with device,,"Você pode encontrar Bíblias, hinários e outros livros",https://play.google.com/store/apps/details?id=com.gonsoltradingcompanyllc.bibliotecaldm&hl=pt&gl=br,100,0,51,pequeno/indie,145,3.32,11.85,38.51,7.35,63.99,39.67,baixa,0,0.0,0.0,0.0,"SerpAPI, ScrapingBee"
Finanças,11,Avenue - Investir em Dólar,us.avenue,avenue.us,customer@avenue.us,https://avenue.us,Finanças,4.85,34578,5102,1.000.000+,1000000,2150121,1,0,BRL,0,0,,Classificação 18 anos,6 de ago. de 2019,1783027503,6.13.1,,Investimentos em dólar e conta corrente internacional - uma empresa Itaú,https://play.google.com/store/apps/details?id=us.avenue&hl=pt&gl=br,69,65,51,crescendo,250679,0.0,0.0,0.0,0.0,0.0,0.0,média,25,4.44,88.0,12.0,"SerpAPI, ScrapingBee"
Educação,7,Estudar & Aprender,com.duhnnae.studyar,duhnnae,info@duhnnae.com,https://duhnnae.com,Educação,,,,5.000+,5000,8976,1,0,BRL,1,1,"R$ 9,49 – R$ 47,99 por item",Classificação Livre,1 de out. de 2025,,Varies with device,,Aprenda qualquer matéria - Explore o conhecimento em várias áreas,https://play.google.com/store/apps/details?id=com.duhnnae.studyar&hl=pt&gl=br,100,0,51,pequeno/indie,579,4.84,17.28,56.17,10.72,93.33,57.86,baixa,2,3.0,50.0,50.0,"SerpAPI, ScrapingBee"
Beleza,5,Skincare ASMR Beauty Time,com.pd.skincare.relaxing.asmr.makeup.makeover.games,Petdragon Inc,bestone.gamez4@gmail.com,https://jde31086a.app-ads-txt.com/,Simulador,,,,,,,0,,,1,0,,Classificação Livre,,,Varies with device,,"Relaxe com uma experiência ASMR satisfatória de cuidados com a pele, maquiagem e transformação da pele.",https://play.google.com/store/apps/details?id=com.pd.skincare.relaxing.asmr.makeup.makeover.games&hl=pt&gl=br,100,0,51,pequeno/indie,,0.0,0.0,0.0,0.0,0.0,,baixa,0,0.0,0.0,0.0,"SerpAPI, ScrapingBee"
Jogos Esportivos,9,Estrelas do Basquete,com.pikpok.bbl.play,PIKPOK,support@pikpok.com,http://www.pikpok.com,Esportes,4.4741144,169377,5739,5.000.000+,5000000,6377942,1,0,BRL,1,1,"R$ 3,19 – R$ 319,99 por item",Classificação Livre,22 de out. de 2014,1763580856,2.10.5,,O poder para criar o time supremo de basquete... está em suas mãos.,https://play.google.com/store/apps/details?id=com.pikpok.bbl.play&hl=pt&gl=br,19,40,50,normal,504430,36546.34,130522.66,424198.64,80924.05,704822.35,436989.86,alta,25,3.68,64.0,28.0,"SerpAPI, ScrapingBee"
Jogos de Aventura,3,RPG MMO 3D AdventureQuest,com.battleon.aq3d,Artix Entertainment LLC,Help@AQ3D.com,http://www.AQ3D.com,RPG,4.1238832,86910,8820,5.000.000+,5000000,5663700,1,0,BRL,1,1,"R$ 5,49 – R$ 274,99 por item",Classificação 12 anos,19 de out. de 2016,1775682940,1.159.1,,"Batalha! Um jogo de RPG multiplayer 3D exclusivo, agora com PvP.",https://play.google.com/store/apps/details?id=com.battleon.aq3d&hl=pt&gl=br,49,42,50,normal,445457,77828.62,277959.35,903367.87,172334.79,1500980.46,930607.89,alta,25,3.6,60.0,28.0,"SerpAPI, ScrapingBee"
Viagens e Localização,7,ViajaNet: voos e hotéis,br.com.ioasys.viajanet,Decolar,suporte.app@viajanet.com.br,https://www.viajanet.com.br/?utm_source=google&utm_medium=appstore&utm_campaign=marketing,Viagem e Turismo,4.8713355,18836,4310,1.000.000+,1000000,3241777,1,0,BRL,0,0,,Classificação Livre,7 de jul. de 2016,1783097413,4.63.2,,"Viajar nas férias é com Viajanet! Pacotes, voos e hotéis com os melhores preços.",https://play.google.com/store/apps/details?id=br.com.ioasys.viajanet&hl=pt&gl=br,65,65,50,crescendo,321320,0.0,0.0,0.0,0.0,0.0,0.0,média,25,4.88,100.0,0.0,"SerpAPI, ScrapingAnt"
Gastronomia,5,Liv Up – Comida Saudável,br.com.livup.ecommerce,Liv Up,troqueumaideia@livup.com.br,http://www.livup.com.br,Comer e beber,4.668821,6210,2029,1.000.000+,1000000,2257004,1,0,BRL,0,0,,Classificação 10 anos,20 de ago. de 2018,1782844809,53.0.3,,"Uma alimentação prática, gostosa e saudável, na palma da sua mão!",https://play.google.com/store/apps/details?id=br.com.livup.ecommerce&hl=pt&gl=br,69,62,50,normal,263768,0.0,0.0,0.0,0.0,0.0,0.0,média,25,4.36,84.0,16.0,"SerpAPI, ScrapingBee"
Livros e Referências,7,Livros Em Portugues,com.appgame.free.books.read.free.books,App Game Development Solutions,hello@gameapp.solutions,https://gameapp.solutions,Livros e referências,4.719512,133890,4515,5.000.000+,5000000,7969092,1,0,BRL,1,0,,Classificação Livre,15 de jul. de 2020,1756145614,1.3,,Leia e baixe livros em português gratuitamente,https://play.google.com/store/apps/details?id=com.appgame.free.books.read.free.books&hl=pt&gl=br,19,38,50,normal,824127,358.21,1279.31,4157.76,614.07,6908.27,3315.97,alta,25,4.76,96.0,4.0,"SerpAPI, ScrapingBee"
Jogos Esportivos,11,Voleibol 2026,com.simplicity.vb_challenge,Simplicity Games,info@simplicitygames.pl,https://simplicitygames.pl/,Esportes,4.356701,53039,1947,5.000.000+,5000000,6676879,1,0,BRL,1,1,"R$ 2,49 – R$ 40,99 por item",Classificação Livre,25 de abr. de 2019,1761922796,1.0.73,,Vôlei como nunca visto antes! Volleyball Challenge - jogo de volei 2026!,https://play.google.com/store/apps/details?id=com.simplicity.vb_challenge&hl=pt&gl=br,49,38,49,normal,529201,5472.3,19543.93,63517.79,12117.24,105537.25,65433.09,alta,25,4.48,84.0,8.0,"SerpAPI, ScrapingBee"
Esportes,10,Placar UOL: Futebol e notícias,br.com.golmobile.placaruol,UOL Inc.,apps-conteudo-google@uolinc.com,https://aplicativos.uol.com.br,Esportes,4.237385,141010,52487,1.000.000+,1000000,4032660,1,0,BRL,1,1,"R$ 1,99 – R$ 19,90 por item",Classificação Livre,8 de dez. de 2010,1781292325,8.2.1,,"Siga seu time, receba alerta de jogos e resultados e leia reportagens e opiniões",https://play.google.com/store/apps/details?id=br.com.golmobile.placaruol&hl=pt&gl=br,39,48,49,normal,440637,2303.7,8227.49,26739.35,5101.05,44428.46,27545.65,alta,25,2.84,44.0,56.0,"SerpAPI, ScrapingBee"
Personalização,10,Live Launcher Lite-3Dwallpaper,com.launcher.light.theme3d,LiveLauncher,livelauncher02@gmail.com,https://launcher-light.web.app,Personalização,3.72549,9878,255,1.000.000+,1000000,3992888,1,0,BRL,1,0,,Classificação Livre,21 de jul. de 2023,1781782723,3.9.1,,O Live Launcher Lite deixa seu telefone sempre fresco e colorido!,https://play.google.com/store/apps/details?id=com.launcher.light.theme3d&hl=pt&gl=br,79,46,49,pequeno/indie,436085,258.55,923.41,3001.08,443.24,4986.41,2393.48,alta,25,3.48,60.0,36.0,"SerpAPI, ScrapingBee"
Redes Sociais,4,Werfie: Social Media with AI,com.ogoul.werfieapp,Posh Enterprise Inc.,info@ogoul.com,https://werfie.com,Social,3.1666667,463,8,100.000+,100000,300090,1,0,BRL,0,0,,Classificação 12 anos,9 de dez. de 2021,1772449748,6.0.0,,"Explore vídeos virais, tendências e converse com a IA em tempo real.",https://play.google.com/store/apps/details?id=com.ogoul.werfieapp&hl=pt&gl=br,100,21,48,pequeno/indie,23938,0.0,0.0,0.0,0.0,0.0,0.0,média,8,3.0,37.5,37.5,"SerpAPI, ScrapingBee"
Fotografia,6,Kapi Cam - Y2K & CCD Camera,com.sensemobile.action,Sensevideo,kapiaction@gmail.com,https://kapi-action-int.shyuhuankj.com/,Fotografia,4.5096617,54768,1612,10.000.000+,10000000,14293249,1,0,BRL,0,1,"R$ 5,99 – R$ 364,99 por item",Classificação Livre,23 de jan. de 2024,1782480554,4.28.1,,「Kapi」是一款让您能拍摄DV、CCD、胶片的应用。您可以用它来记录生活中的美好时刻，享受复古风格的画面质感和氛围感。,https://play.google.com/store/apps/details?id=com.sensemobile.action&hl=pt&gl=br,59,71,48,crescendo,1821642,143099.12,511068.3,1660971.98,316862.35,2759768.82,1711056.67,alta,25,3.2,48.0,40.0,"SerpAPI, ScrapingBee"
Beleza,7,Skincare ASMR: Makeover Game,com.skincare.makeup.makeover.asmr.game,CAT Studio,catsgamestudio@gmail.com,https://catgamestudio.web.app/,Simulador,2.2857144,726,17,1.000.000+,1000000,2213003,1,0,BRL,1,1,"R$ 12,99 por item",Classificação Livre,9 de abr. de 2026,1782981517,0.0.7,,"Relaxe com ASMR de cuidados com a pele, maquiagem e transformação em minijogos satisfatórios.",https://play.google.com/store/apps/details?id=com.skincare.makeup.makeover.asmr.game&hl=pt&gl=br,87,33,48,pequeno/indie,199654,1917.17,6847.04,22252.87,4245.16,36974.0,22923.88,média,18,1.67,16.7,83.3,"SerpAPI, ScrapingBee"
Mapas e Navegação,3,Navegação GPS por Voz-Direções,com.voice.navigation.driving.voicegps.map.directions,Droid-Developer,droiddeveloper4us@gmail.com,http://www.droid-developer.com,Mapas e navegação,4.7481637,69229,3297,10.000.000+,10000000,13219701,1,0,BRL,1,1,"R$ 10,99 – R$ 85,99 por item",Classificação Livre,18 de ago. de 2022,1782384935,1.10.7,,"GPS de voz com mapa em tempo real. Encontre localização, navegação, planeje rota",https://play.google.com/store/apps/details?id=com.voice.navigation.driving.voicegps.map.directions&hl=pt&gl=br,59,65,47,crescendo,1678903,35592.02,127114.37,413121.71,78810.91,686417.61,425578.92,alta,25,4.84,96.0,0.0,"SerpAPI, ScrapingBee"
Bibliotecas e Demonstrações,8,Bibliotecas USP,br.usp.bibliotecas_usp,Universidade de São Paulo,atendimento@abcd.usp.br,http://www.app.usp.br,Educação,3.81,198,52,50.000+,50000,81978,1,0,BRL,0,0,,Classificação Livre,12 de fev. de 2015,1761328553,2.6.28,,Faça pesquisas na Agência de Bibliotecas e Coleções Digitais (ABCD) da USP.,https://play.google.com/store/apps/details?id=br.usp.bibliotecas_usp&hl=pt&gl=br,100,19,47,pequeno/indie,6077,0.0,0.0,0.0,0.0,0.0,0.0,baixa,25,2.72,40.0,56.0,"SerpAPI, ScrapingBee"
Jogos de Trivia,11,Word Trivia - curiosidades,trivia.quiz.trivia.star.millionaire.word.question.offine.game.free,Magic Word Games,mengjunyou2019@gmail.com,http://magicword.online/,Palavras,4.826558,51406,1355,10.000.000+,10000000,11988353,1,0,BRL,1,1,"R$ 4,59 – R$ 46,99 por item",Classificação Livre,11 de mar. de 2021,1779362215,4.0,,Quer testar sua inteligência? Experimente este jogo de trivia grátis!,https://play.google.com/store/apps/details?id=trivia.quiz.trivia.star.millionaire.word.question.offine.game.free&hl=pt&gl=br,59,62,46,normal,1073693,20046.5,71594.63,232682.53,44388.67,386610.98,239698.81,alta,25,4.68,92.0,8.0,"SerpAPI, ScrapingBee"
Viagens e Localização,1,"CVC: Voos, hotéis e ingressos",com.cvc.minhacvc,CVC Brasil,mobile@cvc.com.br,http://www.cvc.com.br,Viagem e Turismo,4.816843,22233,5095,5.000.000+,5000000,6445089,1,0,BRL,0,0,,Classificação Livre,7 de nov. de 2017,1782832397,6.9.0,,"Turismo que cabe no bolso! Com pacotes de viagens CVC, incluso passagem e hotel",https://play.google.com/store/apps/details?id=com.cvc.minhacvc&hl=pt&gl=br,49,65,46,crescendo,791984,0.0,0.0,0.0,0.0,0.0,0.0,média,25,3.52,60.0,36.0,"SerpAPI, ScrapingBee"
Compras,14,"Nike App: Roupas, Tênis e mais",br.com.gruposbf.nike,FISIA COMERCIO DE PRODUTOS ESPORTIVOS S/A,teamappnike@gruposbf.com.br,https://www.nike.com.br/,Compras,4.7748346,67545,10363,5.000.000+,5000000,8312017,1,0,BRL,0,0,,Classificação Livre,22 de set. de 2023,1782758386,2.35.0,,"Comprar tênis, roupas de academia, acessórios, camisas de time, camisa do Brasil",https://play.google.com/store/apps/details?id=br.com.gruposbf.nike&hl=pt&gl=br,49,65,46,crescendo,1033517,0.0,0.0,0.0,0.0,0.0,0.0,média,25,4.16,80.0,20.0,"SerpAPI, ScrapingBee"
Casa e Decoração,5,Viva Real Imóveis,com.project.vivareal,OLX Brasil,suporte-vivareal@olxbr.com,http://www.vivareal.com.br,Casa e decoração,4.746597,81188,17650,5.000.000+,5000000,5918640,1,0,BRL,0,0,,Classificação Livre,27 de ago. de 2013,1782931101,6.718.5,,"Buscando por Alugar Casa, Apartamento ou Imóveis a venda? Encontre aqui!",https://play.google.com/store/apps/details?id=com.project.vivareal&hl=pt&gl=br,49,65,46,crescendo,724402,0.0,0.0,0.0,0.0,0.0,0.0,média,25,3.12,48.0,44.0,"SerpAPI, ScrapingBee"
Finanças,7,BTG Pactual Investimentos,com.btg.pactual.digital.mobile,Banco BTG Pactual S.A.,atendimentoinvestimentos@btgpactual.com,https://www.btgpactualdigital.com,Finanças,4.619844,83037,21740,5.000.000+,5000000,9665735,1,0,BRL,0,0,,Classificação Livre,7 de jun. de 2016,1781824998,9.6.120,,Invista com o BTG Pactual Investimentos em renda fixa e variável,https://play.google.com/store/apps/details?id=com.btg.pactual.digital.mobile&hl=pt&gl=br,49,64,46,normal,1210199,0.0,0.0,0.0,0.0,0.0,0.0,média,25,3.08,48.0,48.0,"SerpAPI, ScrapingBee"
Eventos,4,EVENTIM Brasil,br.com.eventim.mobile.app.Android,Eventim BR,mobile@eventim.com.br,http://www.eventim.com.br,Entretenimento,2.509091,2805,1664,1.000.000+,1000000,1980968,1,0,BRL,0,0,,Classificação Livre,22 de dez. de 2016,1782398672,6.8.0,,O aplicativo EVENTIM.App dá acesso a mais de 100.000 eventos todos os anos.,https://play.google.com/store/apps/details?id=br.com.eventim.mobile.app.Android&hl=pt&gl=br,77,35,46,pequeno/indie,209115,0.0,0.0,0.0,0.0,0.0,0.0,média,25,1.56,12.0,84.0,"SerpAPI, ScrapingBee"
Entretenimento,7,Looke,br.com.encripta.looke,LOOKE,contato@looke.com.br,http://www.looke.com.br,Entretenimento,3.9556074,8986,2756,1.000.000+,1000000,3041607,1,0,BRL,0,1,"R$ 16,90 – R$ 149,90 por item",Classificação 12 anos,30 de jan. de 2015,1778769805,6.15.14,,Plataforma de streaming de filmes e séries,https://play.google.com/store/apps/details?id=br.com.encripta.looke&hl=pt&gl=br,69,43,46,normal,273230,8773.16,31332.73,101831.37,19426.29,169196.74,104901.98,alta,25,2.92,44.0,44.0,"SerpAPI, ScrapingBee"
Negócios,1,"PagVendas: Tap, Vendas, Gestão",br.com.uol.ps.pagvendas.gp,PagBank,atendimentopagvendas@uolinc.com,https://pagseguro.uol.com.br/para-seu-negocio/vendas/,Finanças,4.7340183,43810,9647,5.000.000+,5000000,5104476,1,0,BRL,0,0,,Classificação Livre,11 de jul. de 2019,1782149828,2.74.1,,"Venda com Tap On, Pix, crédito e débito e faça a gestão do seu negócio!",https://play.google.com/store/apps/details?id=br.com.uol.ps.pagvendas.gp&hl=pt&gl=br,49,65,46,crescendo,620423,0.0,0.0,0.0,0.0,0.0,0.0,média,25,3.84,72.0,28.0,"SerpAPI, ScrapingBee"
Jogos de Aventura,11,Typoman Remastered,com.BrainseedFactory.Typoman,Supercharge Mobile,studio@brainseed-factory.com,https://www.superchargemobile.app/,Aventura,3.89,9139,589,1.000.000+,1000000,2264518,1,0,BRL,1,1,"R$ 14,99 – R$ 104,99 por item",Classificação Livre,27 de jun. de 2022,1776434063,2.1.4,,Aventura Mundial Premiada,https://play.google.com/store/apps/details?id=com.BrainseedFactory.Typoman&hl=pt&gl=br,69,41,45,normal,170444,6463.93,23085.47,75027.76,14312.99,124661.52,77290.14,alta,25,3.44,60.0,36.0,"SerpAPI, ScrapingBee"
Música e Áudio,12,Podcast Studio,com.spreaker.android.studio,"Spreaker, Inc",support.android@spreaker.com,https://www.spreaker.com,Música e áudio,4.4636364,61482,3814,5.000.000+,5000000,5652925,1,0,BRL,0,0,,Classificação Livre,29 de set. de 2014,1783074450,1.34.4,,Com tudo para os seus podcasts,https://play.google.com/store/apps/details?id=com.spreaker.android.studio&hl=pt&gl=br,49,59,45,normal,627628,0.0,0.0,0.0,0.0,0.0,0.0,média,25,4.6,88.0,0.0,"SerpAPI, ScrapingBee"
Educação,10,Cursos Grátis iPED,br.com.iped,Cursos Sie,parcerias@iped.com.br,https://www.iped.com.br,Educação,3.5231788,4610,1761,500.000+,500000,601656,1,0,BRL,0,0,,Classificação Livre,26 de set. de 2014,1764897307,3.10.0,,Mais de 1000 opções de Cursos com animações e também 100% em vídeo aulas.,https://play.google.com/store/apps/details?id=br.com.iped&hl=pt&gl=br,92,18,45,pequeno/indie,49813,0.0,0.0,0.0,0.0,0.0,0.0,baixa,25,2.96,48.0,48.0,"SerpAPI, ScrapingBee"
Jogos Educacionais,15,Vogais para crianças 3 a 5,com.ilugon.vocales.para.ninos,ilugon,info@ilugon.com,http://www.ilugon.com,Educativos,3.75,6720,39,1.000.000+,1000000,2668995,1,0,BRL,0,1,"R$ 14,99 por item",Classificação Livre,22 de out. de 2020,1771190908,2.4.0,,"Jogos para aprender vogais e vocabulário para crianças de 3, 4 e 5 anos",https://play.google.com/store/apps/details?id=com.ilugon.vocales.para.ninos&hl=pt&gl=br,69,35,44,normal,202507,1869.92,6678.28,21704.42,4140.54,36062.73,22358.89,alta,25,3.0,44.0,44.0,"SerpAPI, ScrapingBee"
Medicina,1,Lembrete de Remedios e Pilula,com.medisafe.android.client,Medisafe®,support@medisafe.com,https://www.medisafeapp.com/,Saúde e fitness,4.193929,248892,16558,5.000.000+,5000000,6282716,1,0,BRL,1,1,"R$ 15,99 – R$ 279,99 por item",Classificação Livre,9 de out. de 2012,1781027874,9.51.0,,💊⏰ Não se esqueça de tomar seu remedios e medicamentos com lembretes Medisafe!,https://play.google.com/store/apps/details?id=com.medisafe.android.client&hl=pt&gl=br,19,47,44,normal,701011,60478.17,215993.45,701978.72,133915.94,1166364.65,723146.08,alta,25,4.12,76.0,20.0,"SerpAPI, ScrapingBee"
Mapas e Navegação,10,Navegação GPS: Mapa Terrestre,com.gps.liveearthtracker.map.routefinder.navigation,Prometheus Interactive LLC,support.livenavigation@useprometheus.app,https://useprometheus.app/livenavigation,Viagem e Turismo,4.13,9847,175,5.000.000+,5000000,8933922,1,0,BRL,1,1,"R$ 5,49 – R$ 549,99 por item",Classificação Livre,30 de out. de 2017,1747647017,2.1.0,,"Fique no caminho certo com Mapas em Tempo Real, Navegação por Voz e Trânsito!",https://play.google.com/store/apps/details?id=com.gps.liveearthtracker.map.routefinder.navigation&hl=pt&gl=br,49,15,44,normal,844348,65333.69,233334.59,758337.42,144667.45,1260006.79,781204.21,alta,25,3.08,52.0,44.0,"SerpAPI, ScrapingBee"
Encontros,12,Namoro e Encontros - Meetville,com.meetville.dating,Loveland Inc.,support@meetville.com,http://meetville.com,Encontros,4.0692306,50958,7429,5.000.000+,5000000,9490208,1,0,BRL,0,1,"R$ 9,49 – R$ 739,99 por item",Classificação 14 anos,17 de dez. de 2014,1661761316,7.2.2,,Mais melhor online app para conhecer e relacionamentos com solteiros pessoas!,https://play.google.com/store/apps/details?id=com.meetville.dating&hl=pt&gl=br,49,18,44,normal,899413,203845.48,728019.57,2366063.59,451372.13,3931305.65,2437409.5,alta,25,4.16,80.0,20.0,"SerpAPI, ScrapingBee"
Automóveis e Veículos,2,Infocar - Scanner OBD2,mureung.obdproject,"Infocar Co., Ltd.",tech@infocarmobility.com,http://infocarmobility.com,Veículos,4.602122,26588,1808,10.000.000+,10000000,10469732,1,0,BRL,1,1,"R$ 17,99 – R$ 1.099,99 por item",Classificação Livre,20 de set. de 2018,1781758348,2.29.5,,"Diagnosticar, limpar códigos, ver dados ao vivo e gerenciar carro com OBD2",https://play.google.com/store/apps/details?id=mureung.obdproject&hl=pt&gl=br,49,64,44,normal,1315659,22806.01,81450.03,264712.59,50499.02,439830.16,272694.7,alta,25,3.48,60.0,32.0,"SerpAPI, ScrapingBee"
Família,4,Happy Daycare: jogo de criança,com.playtoddlers.happydaycarestories.free,SUBARA,support@subara.com,https://subara.com,Educativos,4.4331846,58015,3329,10.000.000+,10000000,25668410,1,0,BRL,1,1,"R$ 16,99 – R$ 26,99 por item",Classificação Livre,13 de out. de 2016,1782186731,1.5.6,,"Jogos seguros para crianças 3-7. Cuide de bebês, creche e brinque de babá",https://play.google.com/store/apps/details?id=com.playtoddlers.happydaycarestories.free&hl=pt&gl=br,49,59,43,normal,2594456,41759.63,149141.52,484709.95,92467.74,805364.22,499325.82,alta,25,4.12,76.0,16.0,"SerpAPI, ScrapingBee"
Jogos de Simulação,2,Simulador de navio: barco,ship.simulator.river.climb,Azur Interactive Games Limited,vectorblitz@yandex.ru,https://azurgames.com/,Simulador,4.630662,40990,927,10.000.000+,10000000,19309877,1,0,BRL,1,1,"R$ 5,49 – R$ 65,99 por item",Classificação Livre,2 de ago. de 2023,1776867136,0.7.6,,Comece a dirigir e construa uma usina nuclear. Desenvolva engenharia na água!,https://play.google.com/store/apps/details?id=ship.simulator.river.climb&hl=pt&gl=br,49,59,43,normal,1766796,40817.35,145776.26,473772.86,90381.28,787191.82,488058.93,alta,25,4.88,96.0,0.0,"SerpAPI, ScrapingBee"
Jogos Musicais,12,Piano Tiles 2™ - Jogo de Piano,com.kooapps.pianotiles2gp,Kooapps Games | Fun Arcade and Casual Action Games,support@kooapps.com,https://kooapps.com,Música,4.4957056,72712,2846,10.000.000+,10000000,13621178,1,0,BRL,1,1,"R$ 1,69 – R$ 1.649,99 por item",Classificação Livre,6 de out. de 2023,1782466399,1.10.1,,O Piano Tiles voltou. Jogue jogos divertidos de música e ritmo em festas.,https://play.google.com/store/apps/details?id=com.kooapps.pianotiles2gp&hl=pt&gl=br,49,59,43,normal,1338539,32540.23,116215.12,377699.15,72053.38,627561.66,389088.23,alta,25,3.04,48.0,52.0,"SerpAPI, ScrapingBee"
Jogos Educacionais,12,LogicLike Jogos educativos 2-8,com.logicappkids,Massiana - Educational Games,office@logiclike.com,https://logiclike.com,Educativos,4.5585685,79866,1364,10.000.000+,10000000,14553275,1,0,BRL,0,1,"R$ 11,99 – R$ 1.099,99 por item",Classificação Livre,16 de jun. de 2021,1782719348,2.127.0,,"Jogos para crianças: lógica, aprendizado e pré-escolar divertido",https://play.google.com/store/apps/details?id=com.logicappkids&hl=pt&gl=br,49,59,43,normal,1577843,39946.52,142666.14,463664.96,88453.01,770397.16,477646.24,alta,25,3.36,56.0,40.0,"SerpAPI, ScrapingBee"
Jogos de Cartas,9,ZingPlay - Jogos de Cartas,com.zps.br,VNG ZingPlay Game Studios,zingplaybrasil@gmail.com,http://play.zing.vn,Cartas,3.4442954,20564,10541,1.000.000+,1000000,4230854,1,0,BRL,0,1,"R$ 2,99 – R$ 579,99 por item",Classificação Livre,14 de out. de 2019,1766721659,2025.08.26,,ZingPlay - o mundo dos jogos de cartas: Truco - Buraco - Tranca - Cacheta.,https://play.google.com/store/apps/details?id=com.zps.br&hl=pt&gl=br,79,22,43,pequeno/indie,328206,42431.14,151539.77,492504.27,93954.66,818314.78,507355.16,alta,25,1.76,12.0,80.0,"SerpAPI, ScrapingBee"
Redes Sociais,9,status - sims but social media,link.socialai.app,WishRoll,support@statusai.com,https://www.statusai.com/,Estilo de vida,3.783318,416965,35519,1.000.000+,1000000,2471567,1,0,BRL,0,1,"R$ 4,19 – R$ 1.099,99 por item",Classificação Livre,28 de jan. de 2025,1782488606,1.9.45,,Construa a vida dos seus sonhos nas redes sociais com o Status!,https://play.google.com/store/apps/details?id=link.socialai.app&hl=pt&gl=br,39,61,43,normal,263754,3883.03,13867.98,45070.94,8598.15,74887.09,46430.0,alta,25,2.96,44.0,40.0,"SerpAPI, ScrapingBee"
Gastronomia,3,Delivery Much: Pedir Comida,br.com.deliverymuch.gastro,Delivery Much,app@deliverymuch.com.br,https://www.deliverymuch.com.br,Comer e beber,4.759016,121226,29697,1.000.000+,1000000,4585443,1,0,BRL,0,0,,Classificação Livre,7 de nov. de 2014,1781637608,4.95.3,,"Peça delivery de comida com cupons, promoção, entrega rápida e economize tempo!",https://play.google.com/store/apps/details?id=br.com.deliverymuch.gastro&hl=pt&gl=br,39,64,43,normal,554518,0.0,0.0,0.0,0.0,0.0,0.0,média,25,4.68,92.0,4.0,"SerpAPI, ScrapingBee"
Eventos,6,Central dos Eventos Produtor,br.com.centraldoseventos.produtor,Central dos Eventos,contato@centraldoseventos.com.br,https://centraldoseventos.com.br,Eventos,1.7142857,49,39,10.000+,10000,21122,1,0,BRL,0,0,,Classificação Livre,15 de mar. de 2023,1728495196,1.40.0,,Uma plataforma inteligente preparada para otimizar as vendas de ingressos,https://play.google.com/store/apps/details?id=br.com.centraldoseventos.produtor&hl=pt&gl=br,100,0,43,pequeno/indie,1441,0.0,0.0,0.0,0.0,0.0,0.0,baixa,25,1.32,8.0,92.0,"SerpAPI, ScrapingBee"
Comunicação,8,PicTalk AAC,org.pictalk.www.twa,Pictalk Speech Made Easy,alex@pictalk.org,,Comunicação,,,,50.000+,50000,53543,1,0,BRL,0,0,,Classificação Livre,26 de fev. de 2022,,Varies with device,,Aplicativo AAC gratuito para autistas e outras deficiências,https://play.google.com/store/apps/details?id=org.pictalk.www.twa&hl=pt&gl=br,100,0,43,pequeno/indie,3870,0.0,0.0,0.0,0.0,0.0,0.0,baixa,3,3.67,66.7,33.3,"SerpAPI, ScrapingBee"
Arte e Design,3,Caderno de Desenho - Pinturas,com.raed.drawing,Cards,support.sketchlite@cardsapp.com,https://cardsapp.com/sketchlite,Arte e design,4.6475096,89583,6528,10.000.000+,10000000,13654017,1,0,BRL,1,1,"R$ 5,49 – R$ 549,99 por item",Classificação Livre,30 de nov. de 2021,1779090628,2.5.9,,Crie arte digital!,https://play.google.com/store/apps/details?id=com.raed.drawing&hl=pt&gl=br,49,61,43,normal,1447160,155618.31,555779.67,1806283.92,344583.39,3001210.21,1860750.33,alta,25,4.44,84.0,8.0,"SerpAPI, ScrapingBee"
Família,11,Jogos para crianças pequenas,com.bimiboo.playandlearn,Bimi Boo Kids Learning Games for Toddlers FZ-LLC,info@bimiboo.net,https://www.bimiboo.net/,Educativos,4.571429,64532,1401,10.000.000+,10000000,14568480,1,0,BRL,0,1,"R$ 3,99 – R$ 35,99 por item",Classificação Livre,25 de mar. de 2016,1781271016,1.127,,30 jogos educacionais para crianças pequenas e em em idade de jardim de infância,https://play.google.com/store/apps/details?id=com.bimiboo.playandlearn&hl=pt&gl=br,49,58,42,normal,1579565,21395.57,76412.75,248341.45,47375.91,412628.87,255829.9,alta,25,4.0,72.0,24.0,"SerpAPI, ScrapingBee"
Jogos de Corrida,4,Chaos Road: Corrida e Combate,com.Zeeppo.ChaosRoad,Supercharge Mobile,contact@superchargemobile.app,https://www.superchargemobile.app/,Ação,4.514223,98635,1424,10.000.000+,10000000,45214727,1,0,BRL,1,1,"R$ 1,79 – R$ 264,99 por item",Classificação Livre,21 de abr. de 2020,1780073222,5.18.6,,Destrua inimigos no melhor jogo arcade de CORRIDA DE CARRO 3D e tiro!,https://play.google.com/store/apps/details?id=com.Zeeppo.ChaosRoad&hl=pt&gl=br,49,56,42,normal,4293222,393174.84,1404195.87,4563636.58,870601.44,7582657.71,4701247.78,alta,25,4.52,80.0,4.0,"SerpAPI, ScrapingBee"
Jogos de Quebra-Cabeça,14,Jigsawcard Solitaire Puzzle,com.oakever.jigsawcard,Oakever Games,support@oakevergames.com,https://oakevergames.com/,Quebra-cabeças,4.7976327,315781,566,10.000.000+,10000000,11552284,1,0,BRL,1,0,,Classificação Livre,14 de nov. de 2025,1783000837,1.5.9,,Deslize e combine cartões para vencer desafios em HD.,https://play.google.com/store/apps/details?id=com.oakever.jigsawcard&hl=pt&gl=br,19,89,42,crescendo,1239480,1212.16,4329.16,14069.77,2078.0,23377.46,11221.18,alta,25,4.72,96.0,4.0,"SerpAPI, ScrapingBee"
Encontros,11,Namoro e bate-papo - Lovector,com.dating.lovector,Red Panda App,support@lovectorapp.com,https://lovectorapp.com,Encontros,3.9481866,12225,699,5.000.000+,5000000,6104614,1,0,BRL,1,1,"R$ 7,49 – R$ 279,99 por item",Classificação 14 anos,17 de jul. de 2024,1772543959,1.0.13,,"Encontre o amor verdadeiro, relacionamentos e conexões reais. Comece hoje mesmo!",https://play.google.com/store/apps/details?id=com.dating.lovector&hl=pt&gl=br,49,49,42,normal,566853,69109.43,246819.39,802163.02,153028.02,1332824.71,826351.32,alta,25,3.36,56.0,36.0,"SerpAPI, ScrapingBee"
Arte e Design,8,Sketchar desenho pintura em RA,ktech.sketchar,Sketchar Inc,support@sketchar.io,https://sketchar.io,Arte e design,3.8720539,76592,1008,5.000.000+,5000000,6932236,1,0,BRL,0,1,"R$ 5,99 – R$ 4.149,99 por item",Classificação Livre,10 de mai. de 2017,1781778301,10.8.1-play,,"Aprenda a desenhar mais rápido, esboce, pinte e relaxe com coloração.",https://play.google.com/store/apps/details?id=ktech.sketchar&hl=pt&gl=br,49,48,42,normal,777037,11971.66,42755.91,138956.71,26508.67,230881.92,143146.79,alta,25,2.36,28.0,68.0,"SerpAPI, ScrapingBee"
Família,9,Playhome: Jogos de casa,skidos.house.learning.game,"Skidos Learning Games for 4,5,6,7,8,9,10 Year Olds",support@skidos.com,https://skidos.com,RPG,2.51,1309,119,1.000.000+,1000000,3060820,1,0,BRL,0,1,"R$ 13,99 – R$ 329,99 por item",Classificação Livre,3 de fev. de 2023,1767858595,2.8,,Jogos de casa: explore uma casa divertida e domine a matemática.,https://play.google.com/store/apps/details?id=skidos.house.learning.game&hl=pt&gl=br,77,18,41,pequeno/indie,233784,49536.94,176917.65,574982.36,109688.94,955355.31,592320.29,média,25,2.64,40.0,56.0,"SerpAPI, ScrapingBee"
Jogos de Simulação,14,Train Simulator - Ferrovias 2D,train.railroad.climb.simulator,Azur Interactive Games Limited,support@azurgames.com,https://azurgames.com/,Simulador,4.5583334,99131,2532,10.000.000+,10000000,39719672,1,0,BRL,1,1,"R$ 7,49 – R$ 81,99 por item",Classificação Livre,29 de set. de 2021,1776867295,0.7.6,,"Transporte, explore e faça melhorias! Divirta-se com esta simulação realista",https://play.google.com/store/apps/details?id=train.railroad.climb.simulator&hl=pt&gl=br,49,53,41,normal,3750557,107440.22,383715.08,1247074.02,237903.35,2072061.45,1284678.1,alta,25,4.4,88.0,12.0,"SerpAPI, ScrapingBee"
Jogos Musicais,4,Friday Night Funkin',me.funkin.fnf,The Funkin' Crew Inc.,support@funkin.me,https://funkin.me/,Música,4.796726,425420,30328,10.000.000+,10000000,23013978,1,0,BRL,1,0,,Classificação 12 anos,10 de jul. de 2025,1775467720,0.8.5,,O jogo de ritmo mais legal dessa porcaria de Play Store (respeitosamente),https://play.google.com/store/apps/details?id=me.funkin.fnf&hl=pt&gl=br,19,82,41,crescendo,2122110,2305.94,8235.49,26765.33,3953.03,44471.62,21346.38,alta,25,4.88,96.0,0.0,"SerpAPI, ScrapingBee"
Jogos Educacionais,8,Infantis jogo educativo 4 anos,com.eruditoplus.funny.food5.kids.toddlers.learning.games,Wow Kids,support@eruditoplus.com,http://eruditoplus.com,Educativos,4.5153375,40514,757,10.000.000+,10000000,24077617,1,0,BRL,1,1,"R$ 15,99 – R$ 19,99 por item",Classificação Livre,23 de ago. de 2022,1776944488,1.2.5,,Jogo educativo para crianças de 4 6 anos! jogo das frutas e vegetais infantil,https://play.google.com/store/apps/details?id=com.eruditoplus.funny.food5.kids.toddlers.learning.games&hl=pt&gl=br,49,53,41,normal,2224605,27070.03,96678.68,314205.71,59940.78,522064.87,323680.22,alta,25,4.48,88.0,12.0,"SerpAPI, ScrapingBee"
Jogos de Tabuleiro,14,Jogo de Damas,com.gamma.checkers,Gamma Play,gammaplay.com@gmail.com,http://www.gammaplay.com/,Tabuleiros,4.7586207,41886,1773,10.000.000+,10000000,15379153,1,0,BRL,1,1,"R$ 2,49 – R$ 9,99 por item",Classificação Livre,23 de jun. de 2019,1760531215,1.98,,Seu novo e desafiador jogo de damas. Baixe agora mesmo!,https://play.google.com/store/apps/details?id=com.gamma.checkers&hl=pt&gl=br,59,43,41,normal,1392933,4944.82,17660.08,57395.25,10949.25,95364.41,59125.93,alta,25,4.44,84.0,12.0,"SerpAPI, ScrapingBee"
Compras,8,"Marketplace: Buy, Sell, Tradet",com.app.offerit,MarketPlace,info@tradet.co,https://tradet.co,Compras,3.5247524,6942,717,1.000.000+,1000000,2747008,1,0,BRL,1,1,"R$ 18,99 – R$ 299,99 por item",Classificação Livre,18 de ago. de 2018,1771671860,4.3.11,,Buy and sell with Tradet Marketplace & find great deals and turn items into cash,https://play.google.com/store/apps/details?id=com.app.offerit&hl=pt&gl=br,69,25,41,normal,245551,15177.0,54203.59,176161.65,33606.22,292699.36,181473.6,alta,25,3.0,48.0,48.0,"SerpAPI, ScrapingBee"
Android Wear,4,Bubble Cloud Wear OS Launcher,dyna.logix.bookmarkbubbles,DYNA Logix,bcwhelp@gmail.com,http://bubble.dynalogix.eu,Personalização,3.61,9764,73,1.000.000+,1000000,2527681,1,0,BRL,1,1,"R$ 2,00 – R$ 20,00 por item",Classificação Livre,5 de out. de 2014,1697453804,Varies with device,,Tile Launcher ou Watch Face: melhorar a experiência do Wear OS,https://play.google.com/store/apps/details?id=dyna.logix.bookmarkbubbles&hl=pt&gl=br,79,15,41,pequeno/indie,225032,751.67,2684.52,8724.7,1664.41,14496.43,8987.79,alta,25,3.8,72.0,24.0,"SerpAPI, ScrapingBee"
Jogos de Palavras,12,Caça-Palavras - jogo de puzzle,word.search.wordsearch.wordgames.kids.adults.free.puzzle.games,Brainit Games,zhongjunwei365@gmail.com,http://seaworldgame.online,Palavras,4.511737,28783,940,10.000.000+,10000000,11372765,1,0,BRL,1,1,"R$ 5,49 – R$ 104,99 por item",Classificação Livre,24 de dez. de 2019,1764314381,3.4,,"Treine o cérebro, aprenda palavras! Para todas as idades, jogue todo dia.",https://play.google.com/store/apps/details?id=word.search.wordsearch.wordgames.kids.adults.free.puzzle.games&hl=pt&gl=br,59,40,40,normal,1016126,25690.13,91750.46,298188.99,56885.28,495452.47,307180.53,alta,25,4.48,88.0,12.0,"SerpAPI, ScrapingBee"
Jogos Esportivos,2,Tennis World Open 2026 - Tenis,eu.inlogic.tennis.open.tournament2019,INLOGIC SPORTS - football tennis golf soccer,tennis.support@inlogic.sk,https://www.inlogic.sk,Esportes,4.739827,94894,2597,10.000.000+,10000000,19834305,1,0,BRL,1,1,"R$ 4,59 – R$ 359,99 por item",Classificação Livre,20 de fev. de 2019,1765799164,1.3.6,,Descobre o mundo dos jogos de tenis. Aproveita este incrível jogo de tenis clash,https://play.google.com/store/apps/details?id=eu.inlogic.tennis.open.tournament2019&hl=pt&gl=br,49,48,40,normal,1816938,148319.64,529713.0,1721567.24,328422.06,2860450.18,1773479.11,alta,25,4.56,88.0,8.0,"SerpAPI, ScrapingBee"
Jogos de Quebra-Cabeça,10,Jigsaw Puzzle - Daily Puzzles,com.criticalhitsoftware.jigsawpuzzle,Critical Hit Software,support@mobilityware.com,http://www.mobilityware.com,Quebra-cabeças,3.99,55163,203,5.000.000+,5000000,7359445,1,0,BRL,1,1,"R$ 2,50 – R$ 559,99 por item",Classificação Livre,13 de jun. de 2013,1776185345,2026.2.0.106395,,Enigmas grátis! Novo jigsaw adicionado todas as semanas e grátis para jogar!,https://play.google.com/store/apps/details?id=com.criticalhitsoftware.jigsawpuzzle&hl=pt&gl=br,49,42,40,normal,585945,83521.44,298290.86,969445.3,184940.33,1610770.66,998677.81,alta,25,4.08,72.0,20.0,"SerpAPI, ScrapingBee"
Bibliotecas e Demonstrações,4,Biblioteca Digital RMB-Córdoba,es.odilo.cordoba,Odilo,enterprise@odilo.us,http://www.odilo.es,Livros e referências,,,,1.000+,1000,2774,1,0,BRL,0,0,,Classificação Livre,5 de jun. de 2020,1782315554,26.6.2,,Plataforma de empréstimo digital da Rede Municipal de Bibliotecas de Córdoba,https://play.google.com/store/apps/details?id=es.odilo.cordoba&hl=pt&gl=br,100,31,40,pequeno/indie,197,0.0,0.0,0.0,0.0,0.0,0.0,baixa,0,0.0,0.0,0.0,"SerpAPI, ScrapingBee"
Jogos de Ação,6,BlazBlue RR- jogo de ação,com.actgames.bbrr.sgp,91Act,globalservice_en@91act.com,https://91act.com/,Ação,3.8474576,52486,3336,1.000.000+,1000000,2956018,1,0,BRL,0,1,"R$ 3,39 – R$ 339,99 por item",Classificação 10 anos,1 de abr. de 2016,1686645459,1.42,,"Licenciado Oficialmente, um ótimo jogo de luta para dispositivo móvel.",https://play.google.com/store/apps/details?id=com.actgames.bbrr.sgp&hl=pt&gl=br,69,18,39,normal,225399,17163.7,61298.92,199221.5,38005.33,331014.19,205228.8,alta,25,3.6,64.0,28.0,"SerpAPI, ScrapingBee"
Clima,6,Tempo Brasil,com.bvl.weatherapp,Saevio,saevioapps@gmail.com,https://www.saevioapps.com,Clima,4.7057943,323988,4746,10.000.000+,10000000,19987990,1,0,BRL,1,0,,Classificação Livre,10 de set. de 2016,1783153754,256,,Previsão do tempo animada e precisa,https://play.google.com/store/apps/details?id=com.bvl.weatherapp&hl=pt&gl=br,29,66,39,crescendo,2154874,936.62,3345.05,10871.43,1605.63,18063.3,8670.38,alta,25,4.16,80.0,16.0,"SerpAPI, ScrapingBee"
Reprodutores de Vídeo,7,Reprodutor de Vídeo Universal,uplayer.video.player,UPlayer,arunnanthalath@gmail.com,http://www.olangattu.com,Reproduzir e editar vídeos,4.757706,457223,13660,10.000.000+,10000000,29116489,1,0,BRL,1,1,"R$ 4,99 – R$ 26,99 por item",Classificação Livre,27 de fev. de 2018,1782740795,Varies with device,,O melhor reprodutor de vídeo HD com todos os recursos avançados que você precisa,https://play.google.com/store/apps/details?id=uplayer.video.player&hl=pt&gl=br,29,65,39,crescendo,3829593,28476.14,101700.51,330526.67,63054.32,549182.77,340493.32,alta,25,5.0,100.0,0.0,"SerpAPI, ScrapingBee"
Compras,7,KaBuM! Comprar Online,br.com.kabum.webviewapp,KaBuM!,apps@kabum.com.br,https://www.kabum.com.br,Compras,4.827122,218336,23014,5.000.000+,5000000,7319924,1,0,BRL,0,0,,Classificação 14 anos,20 de abr. de 2018,1783078487,3.57.2,,"Comprar PS5, promoção e desconto no app",https://play.google.com/store/apps/details?id=br.com.kabum.webviewapp&hl=pt&gl=br,19,65,39,crescendo,904826,0.0,0.0,0.0,0.0,0.0,0.0,média,25,3.96,68.0,20.0,"SerpAPI, ScrapingBee"
Produtividade,11,Lista de tarefas - Lembretes,todolist.scheduleplanner.dailyplanner.todo.reminders,Dairy App & Notes & Audio Editor & Voice Recorder,betterapp88@gmail.com,https://www.betterapptech.com/,Produtividade,4.8601294,691581,27333,10.000.000+,10000000,43423441,1,0,BRL,1,1,"R$ 4,99 – R$ 279,99 por item",Classificação Livre,14 de dez. de 2020,1782986170,Varies with device,,"Lista de tarefas é planejador de programação, organizador de tarefas, lembretes.",https://play.google.com/store/apps/details?id=todolist.scheduleplanner.dailyplanner.todo.reminders&hl=pt&gl=br,29,65,39,crescendo,5810836,612336.79,2186917.1,7107480.57,1355888.6,11809352.33,7321798.44,alta,25,4.72,96.0,4.0,"SerpAPI, ScrapingBee"
Fotografia,18,Photo Editor Pro - Square Pic,com.photo.editor.square.pic.splash,Video Maker & Video Editor Pro Studio,wongbruce0816@gmail.com,,Fotografia,4.8097014,11206,1001,5.000.000+,5000000,6246548,1,0,BRL,0,0,,Classificação Livre,28 de out. de 2021,1714458443,1.7,,"Square Pic é um poderoso aplicativo de edição de fotos. Com fundo desfocado, sem layout de corte",https://play.google.com/store/apps/details?id=com.photo.editor.square.pic.splash&hl=pt&gl=br,55,32,39,normal,638722,0.0,0.0,0.0,0.0,0.0,0.0,média,25,5.0,100.0,0.0,"SerpAPI, ScrapingBee"
Fotografia,5,ProCCD - Digital Film Camera,com.cerdillac.proccd,cerdillac,cerdillaczhang@outlook.com,https://www.tribiecommunity.com,Fotografia,4.8194337,181835,5943,10.000.000+,10000000,20718336,1,0,BRL,1,1,"R$ 1,39 – R$ 124,99 por item",Classificação 12 anos,8 de jul. de 2022,1781708800,4.8.0,,"Fx de filme analógico vintage, filtros de polaroid e câmera antiga.",https://play.google.com/store/apps/details?id=com.cerdillac.proccd&hl=pt&gl=br,29,64,39,normal,2684596,73625.1,262946.78,854577.05,163027.01,1419912.64,880345.83,alta,25,4.96,100.0,0.0,"SerpAPI, ScrapingBee"
Fotografia,2,OldRoll - Vintage Film Camera,com.accordion.analogcam,accordion,flyelephant01@gmail.com,https://www.apptechmelodyst.com,Fotografia,4.6434426,210651,5250,10.000.000+,10000000,38938093,1,0,BRL,1,1,"R$ 2,39 – R$ 519,99 por item",Classificação 12 anos,28 de ago. de 2020,1781268167,6.5.0,,"Retro analog filtros & vhs dazz efeitos, polaroid fotografia,8mm editor de foto,",https://play.google.com/store/apps/details?id=com.accordion.analogcam&hl=pt&gl=br,29,64,39,normal,5186279,577118.86,2061138.77,6698701.01,1277906.04,11130149.37,6900692.61,alta,25,4.68,92.0,4.0,"SerpAPI, ScrapingBee"
Estilo de Vida,4,Loop - Acompanhador de Hábitos,org.isoron.uhabits,Álinson S Xavier,dev@loophabits.org,,Produtividade,4.821727,62705,1557,5.000.000+,5000000,7625799,1,0,BRL,0,0,,Classificação Livre,22 de fev. de 2016,1757890566,2.3.1,,Forme bons hábitos e acompanhe seu progresso ao passar do tempo (sem anúncios),https://play.google.com/store/apps/details?id=org.isoron.uhabits&hl=pt&gl=br,45,40,39,normal,787021,0.0,0.0,0.0,0.0,0.0,0.0,média,25,4.8,96.0,0.0,"SerpAPI, ScrapingBee"
Bibliotecas e Demonstrações,1,Android Demo,com.trustly.androidtestapplication,Trustly Group AB,android.development@trustly.com,https://www.trustly.net/,Finanças,,,,100+,100,315,1,0,BRL,0,0,,Classificação Livre,8 de jan. de 2026,,Varies with device,,Demonstração do comerciante,https://play.google.com/store/apps/details?id=com.trustly.androidtestapplication&hl=pt&gl=br,100,24,39,pequeno/indie,15,0.0,0.0,0.0,0.0,0.0,0.0,baixa,0,0.0,0.0,0.0,"SerpAPI, ScrapingBee"
Casa e Decoração,7,ZAP Imóveis | Compra e Aluguel,br.com.zap.imoveis,OLX Brasil,suporte-zap@olxbr.com,http://www.zapimoveis.com.br,Casa e decoração,4.7753086,111483,17514,5.000.000+,5000000,8312471,1,0,BRL,0,0,,Classificação Livre,13 de jun. de 2013,1782931109,6.718.5,,"Alugar Casa, apartamento ou Imóveis a venda? Encontre no app  ZAP Imóveis!!",https://play.google.com/store/apps/details?id=br.com.zap.imoveis&hl=pt&gl=br,19,65,39,crescendo,1033576,0.0,0.0,0.0,0.0,0.0,0.0,média,25,3.4,52.0,32.0,"SerpAPI, ScrapingBee"
Casa e Decoração,4,"Projeto de casa por IA, DecAI™",ai.interior.design.home.renovation.app,Smart AI DEV,summerdaysc@outlook.com,https://decai.ai/,Arte e design,4.788696,214700,1738,10.000.000+,10000000,12848819,1,0,BRL,1,1,"R$ 10,99 – R$ 679,99 por item",Classificação Livre,22 de mai. de 2024,1782816133,1.5.0,,Decoração e design de casa poderosos para projetar a casa dos sonhos.,https://play.google.com/store/apps/details?id=ai.interior.design.home.renovation.app&hl=pt&gl=br,29,65,39,crescendo,1629705,239532.6,855473.57,2780289.1,530393.61,4619557.28,2864125.51,alta,25,4.48,88.0,12.0,"SerpAPI, ScrapingBee"
Quadrinhos,10,"Manta - Manga, Manhwa, Novels",net.manta.comic,RIDI Corporation,help@manta.net,https://manta.net,Quadrinhos,3.504762,62317,338,5.000.000+,5000000,8724356,1,0,BRL,0,1,"R$ 1,89 – R$ 1.299,99 por item",Classificação 10 anos,9 de dez. de 2020,1781857095,26.6.464,,"Leia mangás, webcomics, webtoons e webnovels oficiais",https://play.google.com/store/apps/details?id=net.manta.comic&hl=pt&gl=br,49,38,39,normal,988371,14257.94,50921.2,165493.9,31571.14,274974.48,170484.18,alta,25,2.6,28.0,56.0,"SerpAPI, ScrapingBee"
Beleza,2,Skincare ASMR: Relaxing Games,com.mp.care.relaxing.asmr.makeover.games,Mini Play,feedback.miniplay1@gmail.com,https://theminiplay.com/,Simulador,4.646489,122175,808,10.000.000+,10000000,22975378,1,0,BRL,1,1,"R$ 10,99 por item",Classificação Livre,18 de abr. de 2025,1781081664,1.1.3,,Experimente maquiagem ASMR satisfatória com cuidados com a pele em jogos relaxantes de transformação de salão,https://play.google.com/store/apps/details?id=com.mp.care.relaxing.asmr.makeover.games&hl=pt&gl=br,29,63,39,normal,2542073,21968.88,78460.28,254995.89,48645.37,423685.49,262685.0,alta,25,4.44,88.0,12.0,"SerpAPI, ScrapingBee"
Jogos de Palavras,8,Jogo da Forca: Forca Jogo,hang.man.word.guessing.games,Kerun Games,kerun_service40@outlook.com,http://kerungames.com,Palavras,4.787531,297109,12700,10.000.000+,10000000,33506118,1,0,BRL,1,1,"R$ 4,99 – R$ 24,99 por item",Classificação Livre,17 de dez. de 2021,1780048923,1.5201,,"Jogo da Forca, salve o homem de fósforo com seu rico vocabulário português!",https://play.google.com/store/apps/details?id=hang.man.word.guessing.games&hl=pt&gl=br,29,62,38,normal,3140692,35654.75,127338.39,413849.77,78949.8,687627.31,426328.93,alta,25,4.6,92.0,8.0,"SerpAPI, ScrapingBee"
Jogos de Trivia,15,TRIVIA Master -Jogo de palavra,trivia.master.question.quiz.answer.crack.star.millionaire.free.knowledge,Topy Games,joygamellc@gmail.com,http://joygame.site,Conhecimentos,4.600529,113233,1625,10.000.000+,10000000,44335197,1,0,BRL,1,1,"R$ 10,99 por item",Classificação Livre,25 de jun. de 2021,1779362832,3.4,,Trivia Master: 50.000+ quizzes para treinar seu cérebro e se divertir!,https://play.google.com/store/apps/details?id=trivia.master.question.quiz.answer.crack.star.millionaire.free.knowledge&hl=pt&gl=br,29,62,38,normal,4206173,36350.21,129822.19,421922.12,80489.76,701039.83,434644.7,alta,25,4.68,92.0,8.0,"SerpAPI, ScrapingBee"
Jogos de Simulação,15,Spaceflight Simulator,com.StefMorojna.SpaceflightSimulator,Team Curiosity ✦,games.morojna@gmail.com,https://discord.gg/v8u5Y9C,Simulador,4.841597,586257,23045,10.000.000+,10000000,44260861,1,0,BRL,0,1,"R$ 2,99 – R$ 58,99 por item",Classificação Livre,30 de nov. de 2017,1778320009,1.6.00.22,,Ciência de foguetes simplificada!,https://play.google.com/store/apps/details?id=com.StefMorojna.SpaceflightSimulator&hl=pt&gl=br,29,61,38,normal,4198819,80154.79,286267.1,930368.07,177485.6,1545842.32,958422.24,alta,25,4.68,92.0,4.0,"SerpAPI, ScrapingBee"
Clima,2,Climatempo - Clima e Previsão,com.mobimidia.climaTempo,Climatempo Meteorologia,mobileclimatempo@gmail.com,https://www.climatempo.com.br,Clima,4.7475142,270211,41933,10.000.000+,10000000,13483889,1,0,BRL,1,1,"R$ 3,99 – R$ 9,99 por item",Classificação Livre,4 de fev. de 2011,1777988391,7.0.88,,"Previsão do tempo e clima em tempo real. Alertas para hoje, amanhã e 15 dias.",https://play.google.com/store/apps/details?id=com.mobimidia.climaTempo&hl=pt&gl=br,29,60,38,normal,1428320,4706.07,16807.41,54624.08,10420.59,90760.01,56271.21,alta,25,3.56,60.0,36.0,"SerpAPI, ScrapingBee"
Fotografia,8,Câmera HD para Android: Câm 4K,photo.hd.video.beauty.camera,iMediaStar,tingstudio.dev@gmail.com,https://tingstudio.s3.amazonaws.com/index.html,Fotografia,4.804167,105035,2185,10.000.000+,10000000,20091293,1,0,BRL,1,1,"R$ 15,99 – R$ 52,99 por item",Classificação Livre,6 de ago. de 2020,1781087205,3.8.2,,"Câmera HD, câmera selfie, câmera 4K gratuita com recursos completos",https://play.google.com/store/apps/details?id=photo.hd.video.beauty.camera&hl=pt&gl=br,25,63,38,normal,2599807,39700.52,141787.58,460809.63,87908.3,765652.93,474704.82,alta,25,4.48,88.0,12.0,"SerpAPI, ScrapingBee"
Finanças,5,Safra: investimentos e conta,br.livetouch.safra.net,Banco Safra SA.,contatos@safra.com.br,http://www.safranet.com.br,Finanças,4.075416,10374,5499,1.000.000+,1000000,3873848,1,0,BRL,0,0,,Classificação Livre,25 de mai. de 2015,1779375981,5.21.4,,"Conta completa com investimentos, cartões e benefícios exclusivos em um só app.",https://play.google.com/store/apps/details?id=br.livetouch.safra.net&hl=pt&gl=br,69,44,38,normal,352060,0.0,0.0,0.0,0.0,0.0,0.0,média,25,2.44,32.0,60.0,"SerpAPI, ScrapingBee"
Entretenimento,8,"Watch: Filmes, Séries e TV",br.tv.watch.watchbrasil,Watch TV Entretenimentos LTDA,ouvidoria@watch.tv.br,https://play.watch.tv.br,Entretenimento,2.9525065,3770,2448,1.000.000+,1000000,1723527,1,0,BRL,0,0,,Classificação 16 anos,30 de nov. de 2017,,Varies with device,,"Nova versão do app: mais rápida, estável e com navegação fluida.",https://play.google.com/store/apps/details?id=br.tv.watch.watchbrasil&hl=pt&gl=br,77,4,38,pequeno/indie,150574,0.0,0.0,0.0,0.0,0.0,0.0,baixa,25,2.56,40.0,56.0,"SerpAPI, ScrapingBee"
Jogos de Estratégia,24,Top Heroes,com.greenmushroom.boomblitz.gp,RiverGame,support_th@rivergame.net,https://www.topheroes.com/,Estratégia,4.7533917,208828,1993,10.000.000+,10000000,14599698,1,0,BRL,0,1,"R$ 4,90 – R$ 499,90 por item",Classificação Livre,17 de fev. de 2024,1782795154,1.110.9,,《Top Heroes》é um jogo de exploração com múltiplos personagens,https://play.google.com/store/apps/details?id=com.greenmushroom.boomblitz.gp&hl=pt&gl=br,19,65,37,crescendo,1583102,492276.57,1758130.59,5713924.42,1090040.97,9493905.19,5886221.22,alta,25,4.48,88.0,12.0,"SerpAPI, ScrapingBee"
Jogos de Simulação,16,City Island 5 - Building Sim,com.sparklingsociety.cityisland5,Sparkling Society - Build Town City Building Games,android-cityisland5@sparklingsociety.net,http://www.sparklingsociety.net,Simulador,4.6986165,475691,11239,10.000.000+,10000000,23767291,1,0,BRL,1,1,"R$ 3,29 – R$ 339,99 por item",Classificação 18 anos,16 de dez. de 2018,1782723351,5.8.0,,Simulação Grátis de Construção de Cidade. Aumente sua cidade para várias ilhas!,https://play.google.com/store/apps/details?id=com.sparklingsociety.cityisland5&hl=pt&gl=br,19,65,37,crescendo,2633617,309446.26,1105165.21,3591786.94,685202.43,5967892.14,3700093.13,alta,25,4.6,88.0,0.0,"SerpAPI, ScrapingBee"
Jogos de Corrida,5,Race Max Pro - Jogos de Carros,game.revani.racemaxpro,Revani,info@revani.game,https://revani.game,Corrida,4.7986255,679404,19173,10.000.000+,10000000,49521743,1,0,BRL,1,1,"R$ 0,90 – R$ 294,90 por item",Classificação 18 anos,20 de nov. de 2023,1782473421,2.13.16,,"Supercars, drift & drag race! Customize seu carro e domine cada circuito.",https://play.google.com/store/apps/details?id=game.revani.racemaxpro&hl=pt&gl=br,19,65,37,crescendo,5664574,574457.71,2051634.67,6667812.68,1272013.5,11078827.22,6868872.88,alta,25,4.84,96.0,4.0,"SerpAPI, ScrapingBee"
Jogos de Quebra-Cabeça,5,Jogo de Quebra-cabeça Dificil,com.veraxen.jigsaw,Veraxen Ltd.,jigsaw.android@veraxen.com,https://veraxen.com,Quebra-cabeças,4.75,131633,3648,10.000.000+,10000000,20834850,1,0,BRL,1,1,"R$ 4,99 – R$ 529,99 por item",Classificação 12 anos,7 de mai. de 2021,1782227555,3.24.1,,Jogo de quebra-cabeças para adultos. Quebra-cabeças diários. - Jigsaw puzzle,https://play.google.com/store/apps/details?id=com.veraxen.jigsaw&hl=pt&gl=br,19,65,37,crescendo,2295309,342630.96,1223682.02,3976966.55,758682.85,6607882.89,4096887.39,alta,25,4.6,88.0,8.0,"SerpAPI, ScrapingBee"
Jogos de Quebra-Cabeça,2,Jogos de quebra-cabeças HD,jigsaw.puzzle.free.games,Guru Puzzle Game,jigsaw@fungame.studio,https://jigsaw.gurugame.ai/,Quebra-cabeças,4.878118,322305,5379,10.000.000+,10000000,39813640,1,0,BRL,1,1,"R$ 7,29 – R$ 704,89 por item",Classificação Livre,24 de abr. de 2020,1782291954,10.3.1-26062447,,Jogo relaxante de quebra-cabeça grátis para adultos: Coleções diárias em HD,https://play.google.com/store/apps/details?id=jigsaw.puzzle.free.games&hl=pt&gl=br,19,65,37,crescendo,4511775,895110.36,3196822.72,10389673.84,1982030.09,17262842.69,10702962.47,alta,25,4.68,92.0,8.0,"SerpAPI, ScrapingBee"
Jogos Casuais,20,"No Humanity, Jogo mais difícil",com.sweatychair.lastofhumanity,SweatyChair Studio,chicka@sweatychair.com,https://www.sweatychair.com/no-humanity/,Arcade,4.7281995,191993,3088,10.000.000+,10000000,11289211,1,0,BRL,1,1,"R$ 6,99 – R$ 464,99 por item",Classificação 18 anos,29 de jan. de 2015,1782455181,8.6.5,,Odiamos os nossos jogadores e adoramos ver-te lutar e sofrer...,https://play.google.com/store/apps/details?id=com.sweatychair.lastofhumanity&hl=pt&gl=br,19,65,37,crescendo,1209987,194931.56,696184.15,2262598.48,431634.17,3759394.39,2330824.52,alta,25,3.96,72.0,28.0,"SerpAPI, ScrapingBee"
Jogos Casuais,17,Porca Parafuso Madeira Puzzle,com.fc.nut.screw.bolt.washer.fastener.puzzle,FALCON GAMES,support.screw@falcongames.com,https://falcongames.com/,Quebra-cabeças,4.7078714,216484,4522,10.000.000+,10000000,46951578,1,0,BRL,1,1,"R$ 4,99 – R$ 519,99 por item",Classificação Livre,4 de jan. de 2024,1782897074,1.217,,"Sem tédio, resolva enigmas de porcas e parafusos no jogo de madeira emocionante!",https://play.google.com/store/apps/details?id=com.fc.nut.screw.bolt.washer.fastener.puzzle&hl=pt&gl=br,19,65,37,crescendo,5358391,785017.35,2803633.41,9111808.58,1738252.71,15139620.4,9386564.65,alta,25,3.88,72.0,28.0,"SerpAPI, ScrapingBee"
Jogos de Cassino,1,Lotsa Slots: 777 Slots Cassino,com.diamondlife.slots.vegas.free,SpinX Games Limited,LotsaSlots-cs@spinxgames.com,https://spinxgames.com/,Cassino,4.728427,1264196,10749,10.000.000+,10000000,31909935,1,0,BRL,1,1,"R$ 5,99 – R$ 2.399,99 por item",Classificação 18 anos,22 de out. de 2017,1782805893,Varies with device,,Gire os 777 Slots e Roleta no jogo de aposta e ganhe Mega Jackpot no cassino!,https://play.google.com/store/apps/details?id=com.diamondlife.slots.vegas.free&hl=pt&gl=br,19,65,37,crescendo,3581700,223750.06,799107.35,2597098.89,495446.56,4315179.7,2675411.41,alta,25,4.68,92.0,4.0,"SerpAPI, ScrapingBee"
Jogos de Cartas,8,Skip-Bo™: Solitaire Card Game,com.mattel163.skipbo,Mattel163 Limited,skip-bo@mattel163.com,https://www.mattel163.com/,Cartas,4.702381,386745,176,10.000.000+,10000000,12014174,1,0,BRL,1,1,"R$ 6,90 – R$ 999,90 por item",Classificação Livre,23 de out. de 2021,1782812623,1.12.9050,,Cartas de paciência com um toque diferente,https://play.google.com/store/apps/details?id=com.mattel163.skipbo&hl=pt&gl=br,19,65,37,crescendo,1291333,442022.32,1578651.14,5130616.2,978763.71,8524716.14,5285324.01,alta,25,4.12,80.0,16.0,"SerpAPI, ScrapingBee"
Jogos de Tabuleiro,13,Xadrez Online e Offline,com.splendapps.checkmate,Splend Apps,support@splendapps.com,https://splendapps.com/,Tabuleiros,4.8632674,443745,4105,10.000.000+,10000000,25391922,1,0,BRL,1,1,"R$ 17,99 por item",Classificação Livre,4 de set. de 2024,1782803649,2.8.23,,A melhor experiência de xadrez. Para iniciantes e grandes mestres!,https://play.google.com/store/apps/details?id=com.splendapps.checkmate&hl=pt&gl=br,19,65,37,crescendo,2821821,37770.96,134896.28,438412.92,83635.69,728439.92,451632.75,alta,25,4.68,92.0,4.0,"SerpAPI, ScrapingBee"
Jogos de Tabuleiro,4,Board World - All in one game,com.boardworld,GAME OFFLINE HAY,offlinegamehay@gmail.com,http://vnplay.mobi,Tabuleiros,4.3825665,21882,872,10.000.000+,10000000,24425807,1,0,BRL,1,1,"R$ 9,99 por item",Classificação 10 anos,18 de jul. de 2022,1782876903,1.58,,"Todos os seus jogos favoritos estão aqui. Jogue, relaxe e aproveite a diversão!",https://play.google.com/store/apps/details?id=com.boardworld&hl=pt&gl=br,59,59,37,normal,2463490,19305.01,68946.45,224075.97,42746.8,372310.84,230832.72,alta,25,4.0,72.0,20.0,"SerpAPI, ScrapingBee"
Jogos em Geral,15,Sky: Filhos da Luz,com.tgc.sky.android,thatgamecompany inc,support@thatgamecompany.mail.helpshift.com,http://thatskygame.com/,RPG,4.7056646,1157753,48149,10.000.000+,10000000,41101077,1,0,BRL,0,1,"R$ 6,90 – R$ 299,90 por item",Classificação Livre,6 de abr. de 2020,1782503241,0.33.8 (399977),,Sky é uma aventura social para ser explorada com seus entes queridos.,https://play.google.com/store/apps/details?id=com.tgc.sky.android&hl=pt&gl=br,19,65,37,crescendo,4664044,969597.43,3462847.98,11254255.93,2146965.75,18699379.08,11593615.03,alta,25,4.52,88.0,8.0,"SerpAPI, ScrapingBee"
Viagens e Localização,2,"KAYAK: Voos, Hotéis e Carros",com.kayak.android,KAYAK.com,android@kayak.com,https://www.kayak.com,Viagem e Turismo,4.84054,415239,4746,10.000.000+,10000000,32794543,1,0,BRL,1,0,,Classificação Livre,,1782743947,258.3,,"Compare e reserve voos, hotéis e aluguel de carros com a app de viagens da KAYAK",https://play.google.com/store/apps/details?id=com.kayak.android&hl=pt&gl=br,19,65,37,crescendo,4335719,2879.13,10282.59,33418.43,4935.64,55526.01,26652.48,alta,25,4.04,76.0,24.0,"SerpAPI, ScrapingBee"
Produtividade,2,Todoist: To do list–Calendário,com.todoist,Doist Inc.,support@todoist.com,http://todoist.com,Produtividade,4.8518367,301330,8914,10.000.000+,10000000,48968462,1,0,BRL,0,1,"R$ 2,55 – R$ 769,99 por item",Classificação Livre,18 de nov. de 2012,1782993167,Varies with device,,"Organize tarefas, registre ideias com a voz e mantenha o alinhamento da equipe.",https://play.google.com/store/apps/details?id=com.todoist&hl=pt&gl=br,19,65,37,crescendo,6586595,1861085.51,6646733.98,21601885.44,4120975.07,35892363.5,22253265.37,alta,25,3.68,64.0,32.0,"SerpAPI, ScrapingBee"
Personalização,5,Niagara Launcher Tela Inicial,bitpit.launcher,Mellowdrop Studio,support@niagaralauncher.com,https://niagaralauncher.com,Personalização,4.8355403,204420,3192,10.000.000+,10000000,15366648,1,0,BRL,0,1,"R$ 1,79 – R$ 79,99 por item",Classificação Livre,30 de jan. de 2021,1783086512,1.16.11,,Um Launcher produtivo minimalista. Amigável para uso de uma mão. Zero anúncios.,https://play.google.com/store/apps/details?id=bitpit.launcher&hl=pt&gl=br,19,66,37,crescendo,1637352,18558.92,66281.84,215415.98,41094.74,357921.94,221911.6,alta,25,4.04,80.0,20.0,"SerpAPI, ScrapingBee"
Paternidade,2,Minha gravidez e meu bebê hoje,com.babycenter.pregnancytracker,BabyCenter,customerservice@babycenter.com,http://www.babycenter.com,Criação de filhos,4.8946123,1536660,163533,10.000.000+,10000000,35176755,1,0,BRL,1,0,,Classificação Livre,11 de mar. de 2011,1782850707,6.10.0,,Acompanhe a gravidez e o crescimento do bebê com o aplicativo do BabyCenter!,https://play.google.com/store/apps/details?id=com.babycenter.pregnancytracker&hl=pt&gl=br,19,65,37,crescendo,4664809,3097.66,11063.06,35954.95,5310.27,59740.54,28675.46,alta,25,4.76,96.0,4.0,"SerpAPI, ScrapingBee"
Estilo de Vida,8,Me+ Agenda de Rotina Diária,daily.planner.routine.habits,ENERJOY PTE. LTD.,meplus_android@support.enerjoy.life,https://www.enerjoy.life/,Saúde e fitness,4.8068414,853655,20901,10.000.000+,10000000,23147263,1,0,BRL,0,1,"R$ 38,99 – R$ 344,99 por item",Classificação Livre,9 de ago. de 2023,1782891603,2.0.6,,Viva saudável com coaching diário para a rotina perfeita.,https://play.google.com/store/apps/details?id=daily.planner.routine.habits&hl=pt&gl=br,19,65,37,crescendo,3014037,334179.06,1193496.65,3878864.12,739967.92,6444881.92,3995826.79,alta,25,4.52,84.0,8.0,"SerpAPI, ScrapingBee"
Casa e Decoração,3,Home IA - Design Interior IA,interior.home.design.ai,HubX,info@homeinterior.ai,https://homeinterior.ai/,Estilo de vida,4.672136,982319,4803,10.000.000+,10000000,18120627,1,0,BRL,0,1,"R$ 24,99 – R$ 409,99 por item",Classificação Livre,3 de abr. de 2024,1782998764,1.8.3,,"Decorar casa com Home AI: design de interiores, planeje quartos e redecore casas",https://play.google.com/store/apps/details?id=interior.home.design.ai&hl=pt&gl=br,19,65,37,crescendo,2334079,214985.11,767803.97,2495362.89,476038.46,4146141.42,2570607.68,alta,25,4.12,76.0,20.0,"SerpAPI, ScrapingBee"
Casa e Decoração,1,Decoração de interior de casa,com.icandesignapp.all,Room Planner Ltd,support@icandesignapp.com,http://icandesignapp.com,Casa e decoração,4.6065884,237581,12701,10.000.000+,10000000,34577531,1,0,BRL,0,1,"R$ 7,49 – R$ 1.499,99 por item",Classificação Livre,17 de dez. de 2016,1783001228,2632,,"Criador de planta baixa, design de interiores, decoração de casas e casa 3D",https://play.google.com/store/apps/details?id=com.icandesignapp.all&hl=pt&gl=br,19,65,37,crescendo,4581940,69849.15,249461.25,810749.07,154665.98,1347090.77,835196.28,alta,25,4.12,76.0,20.0,"SerpAPI, ScrapingBee"
Saúde e Fitness,7,Desafio 30 Dias Fitness,com.popularapp.thirtydayfitnesschallenge,Leap Fitness Group,support@leap.app,https://leap.app,Saúde e fitness,4.869329,550078,24436,10.000.000+,10000000,49065577,1,0,BRL,1,1,"R$ 40,99 – R$ 329,99 por item",Classificação Livre,19 de mai. de 2016,1782300322,2.1.1,,"Aceite o desafio: 30 Dias para melhorar sua saúde e boa forma, em casa.",https://play.google.com/store/apps/details?id=com.popularapp.thirtydayfitnesschallenge&hl=pt&gl=br,19,65,37,crescendo,6600215,712994.88,2546410.29,8275833.43,1578774.38,13750615.54,8525381.64,alta,25,4.84,96.0,4.0,"SerpAPI, ScrapingBee"
Finanças,8,Yahoo Finanças,com.yahoo.mobile.client.android.finance,Yahoo,finance.support@yahooinc.com,https://mobile.yahoo.com/finance,Finanças,4.7952757,241521,1200,10.000.000+,10000000,25031864,1,0,BRL,1,0,,Classificação Livre,10 de nov. de 2014,1782513164,26.12.1,,"Siga suas ações favoritas, índices, e criptomoedas.",https://play.google.com/store/apps/details?id=com.yahoo.mobile.client.android.finance&hl=pt&gl=br,19,65,37,crescendo,3270666,4541.2,16218.58,52710.38,7784.92,87580.33,42038.56,alta,25,4.76,92.0,4.0,"SerpAPI, ScrapingBee"
Educação,2,Cursa - Cursos online,com.ionicframework.cursosdegraca,Cursa Educação,contato@cursa.app,https://cursa.app,Educação,4.8771276,264262,29553,10.000.000+,10000000,10919695,1,0,BRL,1,0,,Classificação Livre,31 de jan. de 2017,1782860152,2.9.6,,+ de 5.000 Cursos Gratuitos com Certificados e Exercícios totalmente grátis,https://play.google.com/store/apps/details?id=com.ionicframework.cursosdegraca&hl=pt&gl=br,19,65,37,crescendo,1374837,912.96,3260.56,10596.83,1565.07,17607.05,8451.38,alta,25,4.88,100.0,0.0,"SerpAPI, ScrapingBee"
Livros e Referências,3,Skeelo: Audiobooks & Ebooks,br.com.gold360.skeelo,Skeelo,contato@skeelo.com,https://ajuda.skeelo.com/hc/pt-br/requests/new,Livros e referências,4.740345,201058,40648,10.000.000+,10000000,13640066,1,0,BRL,0,1,"R$ 0,30 – R$ 5.200,00 por item",Classificação Livre,30 de mai. de 2019,1782851085,Varies with device,,Leia ebooks ou ouça audiobooks incríveis,https://play.google.com/store/apps/details?id=br.com.gold360.skeelo&hl=pt&gl=br,19,65,37,crescendo,1734737,1346.88,4810.28,15633.42,2982.38,25975.53,16104.83,alta,25,3.88,64.0,20.0,"SerpAPI, ScrapingBee"
Automóveis e Veículos,10,Car Scanner ELM OBD2,com.ovz.carscanner,CAR SCANNER LLC,admin@carscanner.info,https://www.carscanner.info,Veículos,4.779351,344190,8987,10.000.000+,10000000,26908770,1,0,BRL,1,1,"R$ 6,99 – R$ 29,99 por item",Classificação Livre,23 de jan. de 2018,1782134205,2.1.46,,O melhor diagnóstico de carro com a mais ampla variedade de recursos e painel!,https://play.google.com/store/apps/details?id=com.ovz.carscanner&hl=pt&gl=br,19,65,37,crescendo,3527056,29960.8,107002.86,347759.3,66341.77,577815.45,358245.58,alta,25,4.76,96.0,4.0,"SerpAPI, ScrapingBee"
Família,8,Bebi - Jogos para Crianças,com.happytools.learning.kids.games,Bebi Family: preschool learning games for kids,support@bebi.family,http://bebi.family/,Educativos,4.637621,242159,15523,10.000.000+,10000000,36717406,1,0,BRL,0,1,"R$ 3,19 – R$ 649,99 por item",Classificação Livre,17 de jul. de 2019,1779348140,10.09.67,,Aprenda jogando mais de 500 jogos divertidos e educativos <b>sem anúncios</b>.,https://play.google.com/store/apps/details?id=com.happytools.learning.kids.games&hl=pt&gl=br,19,62,36,normal,3455348,764659.59,2730927.1,8875513.07,1693174.8,14747006.34,9143143.93,alta,25,4.6,92.0,4.0,"SerpAPI, ScrapingBee"
Jogos de Simulação,18,Idle Guy: Rico vida simulação,com.heatherglade.idleguy,Heatherglade Publishing,support@heatherglade.com,https://heatherglade.com,Simulador,4.751543,421238,26779,10.000.000+,10000000,28637990,1,0,BRL,1,1,"R$ 2,69 – R$ 529,99 por item",Classificação 10 anos,,1780489980,1.12.2.552,,Simulação ocioso vida! Interativa milionário gestão história! Tornar milionário!,https://play.google.com/store/apps/details?id=com.heatherglade.idleguy&hl=pt&gl=br,19,63,36,normal,3199347,581216.7,2075773.91,6746265.22,1286979.83,11209179.14,6949691.07,alta,25,4.28,84.0,16.0,"SerpAPI, ScrapingBee"
Jogos de Simulação,10,TheoTown: Simulador de Cidades,info.flowersoft.theotown.theotown,blueflower,info@theotown.com,https://theotown.com/,Simulador,4.861239,796139,26944,10.000.000+,10000000,28749234,1,0,BRL,1,1,"R$ 3,29 – R$ 389,99 por item",Classificação Livre,11 de abr. de 2015,1779095234,1.12.74a,,"Sem limites. Construa, destrua e reconstrua a cidade do seu jeito.",https://play.google.com/store/apps/details?id=info.flowersoft.theotown.theotown&hl=pt&gl=br,19,61,36,normal,2676931,327166.22,1168450.79,3797465.08,724439.49,6309634.28,3911973.26,alta,25,4.8,96.0,4.0,"SerpAPI, ScrapingBee"
Jogos de RPG,9,Diablo Immortal,com.blizzard.diablo.immortal,"Blizzard Entertainment, Inc.",support@blizzard.com,https://battle.net/support/help/games/immortal,RPG,4.846767,2052034,45076,10.000.000+,10000000,23282844,1,0,BRL,0,1,"R$ 1,90 – R$ 1.099,90 por item",Classificação 18 anos,31 de mai. de 2022,1781045741,5.0.0,,Mate demônios. Salve Santuário. Sinta a ação do MMORPG na ponta dos dedos.,https://play.google.com/store/apps/details?id=com.blizzard.diablo.immortal&hl=pt&gl=br,19,63,36,normal,2577600,108286.92,386739.01,1256901.79,239778.19,2088390.67,1294802.22,alta,25,4.44,84.0,8.0,"SerpAPI, ScrapingBee"
Jogos de RPG,6,Grim Soul: Dark Survival RPG,fantasy.survival.game.rpg,Brickworks Games Ltd,support@grimsoulgame.com,http://grimsoulgame.com/,RPG,4.687936,770339,38763,10.000.000+,10000000,26610343,1,0,BRL,1,1,"R$ 1,19 – R$ 719,99 por item",Classificação 12 anos,16 de fev. de 2018,1781102006,8.2.6,,Jogo dos criadores de Last day on earth: sobrevivência RPG hardcore de verdade,https://play.google.com/store/apps/details?id=fantasy.survival.game.rpg&hl=pt&gl=br,19,63,36,normal,2963302,1455165.89,5197021.04,16890318.37,3222153.04,28063913.61,17399626.44,alta,25,4.64,84.0,0.0,"SerpAPI, ScrapingBee"
Jogos de Corrida,13,Static Shift Racing,com.timbojimbo.ssr,Timbo Jimbo,hello@timbojimbo.com,https://support.center.timbojimbo.com/,Corrida,4.683028,110594,5162,10.000.000+,10000000,13524534,1,0,BRL,0,1,"R$ 7,49 – R$ 479,99 por item",Classificação 10 anos,17 de jan. de 2023,1779954243,117.1.0,,Enfrente jogadores reais em um mundo aberto feito para as corridas!,https://play.google.com/store/apps/details?id=com.timbojimbo.ssr&hl=pt&gl=br,19,62,36,normal,1217897,201145.83,718377.95,2334728.33,445394.33,3879240.91,2405129.37,alta,25,4.68,96.0,4.0,"SerpAPI, ScrapingBee"
Jogos Educacionais,7,Smart kids play & learn,com.kidsiq.quickgameapp,Amandeep Singh wavy,wavyinformatics@gmail.com,https://wavyinformatics.com,Educativos,,,,5.000+,5000,7113,1,0,BRL,0,0,,Classificação Livre,11 de mar. de 2024,1725026417,1.0.0,,"Play, learn, grow: colorful games for kids!",https://play.google.com/store/apps/details?id=com.kidsiq.quickgameapp&hl=pt&gl=br,100,12,36,pequeno/indie,384,0.0,0.0,0.0,0.0,0.0,0.0,baixa,0,0.0,0.0,0.0,"SerpAPI, ScrapingBee"
Jogos de Cassino,11,Jackpot Master™ Slots - Casino,com.jmsgame.jackpotmastercasino,Zeroo Gravity Games,gamesupport@zeroogravity.com,http://zeroogravitygames.com/,Cassino,4.6784453,465753,830,10.000.000+,10000000,11209378,1,0,BRL,1,1,"R$ 4,99 – R$ 2.949,99 por item",Classificação 18 anos,22 de jul. de 2021,1780655023,2.0.84,,Experimente os jogos de caça-níqueis de Las Vegas com jackpots enormes e infinitos!,https://play.google.com/store/apps/details?id=com.jmsgame.jackpotmastercasino&hl=pt&gl=br,19,63,36,normal,1201043,74729.96,266892.72,867401.35,165473.49,1441220.71,893556.84,alta,25,4.44,84.0,12.0,"SerpAPI, ScrapingBee"
Jogos de Tabuleiro,2,Damas - Online & Offline,com.gamovation.quickcheckers,GamoVation,info@gamovation.com,https://www.gamovation.com,Tabuleiros,4.6009693,262663,7847,10.000.000+,10000000,45130156,1,0,BRL,1,1,"R$ 4,09 – R$ 409,99 por item",Classificação Livre,6 de abr. de 2020,1779281434,2.9.3,,O melhor jogo de dama online (8x8) multiplayer disponível gratuitamente.,https://play.google.com/store/apps/details?id=com.gamovation.quickcheckers&hl=pt&gl=br,19,62,36,normal,4284849,606244.46,2165158.78,7036766.05,1342398.45,11691857.43,7248951.61,alta,25,2.68,40.0,56.0,"SerpAPI, ScrapingBee"
Jogos em Geral,5,Magic Rampage,com.asanteegames.magicrampage,Asantee Games,support@asanteegames.com,https://magicrampage.com/,RPG,4.76479,758003,106824,10.000.000+,10000000,44891921,1,0,BRL,1,1,"R$ 3,90 – R$ 35,90 por item",Classificação 12 anos,4 de mar. de 2015,1780923419,7.8.2,,Aventura Incrível de RPG e Plataforma!,https://play.google.com/store/apps/details?id=com.asanteegames.magicrampage&hl=pt&gl=br,19,63,36,normal,5113518,150128.07,536171.67,1742557.91,332426.43,2895326.99,1795102.74,alta,25,4.68,96.0,4.0,"SerpAPI, ScrapingBee"
Jogos em Geral,4,Into the Dead 2,com.pikpok.dr2.play,PIKPOK,support@pikpok.com,http://www.pikpok.com,Ação,4.686305,713582,26295,10.000.000+,10000000,45481590,1,0,BRL,1,1,"R$ 0,99 – R$ 537,00 por item",Classificação 14 anos,11 de out. de 2017,1780354052,1.85.0,,"Num mundo dominado por zumbis, até onde você irá para sobreviver?",https://play.google.com/store/apps/details?id=com.pikpok.dr2.play&hl=pt&gl=br,19,63,36,normal,4319648,792509.96,2830392.72,9198776.34,1754843.49,15284120.69,9476154.83,alta,25,4.28,84.0,16.0,"SerpAPI, ScrapingBee"
Clima,14,Clima & Widget - Weawow,com.weawow,Weawow,support@weawow.com,https://weawow.com/,Clima,4.896696,744461,11167,10.000.000+,10000000,10037639,1,0,BRL,0,1,"R$ 7,00 – R$ 200,00 por item",Classificação Livre,1 de mai. de 2017,1780286314,7.1.7,,Sem anúncios. App de clima bonita e altamente personalizável,https://play.google.com/store/apps/details?id=com.weawow&hl=pt&gl=br,19,63,36,normal,1049113,45985.0,164232.15,533754.49,101823.93,886853.61,549849.24,alta,25,4.96,100.0,0.0,"SerpAPI, ScrapingBee"
Clima,12,Tempo Brasil Clima XL PRO,com.exovoid.weather.app,Exovoid Sàrl,support@exovoid.ch,http://www.exovoid.ch,Clima,4.620715,505454,21974,10.000.000+,10000000,30502519,1,0,BRL,1,1,"R$ 25,75 por item",Classificação Livre,15 de ago. de 2014,1778409932,Varies with device,,"Previsões do tempo, belas animações",https://play.google.com/store/apps/details?id=com.exovoid.weather.app&hl=pt&gl=br,19,61,36,normal,3350021,35233.61,125834.34,408961.6,78017.29,679505.42,421293.36,alta,25,4.92,96.0,0.0,"SerpAPI, ScrapingBee"
Produtividade,1,Any.do - Tarefas + Calendário,com.anydo,Any.do To-do list & Calendar,customers@any.do,https://www.any.do,Produtividade,4.733822,504635,7429,10.000.000+,10000000,32576120,1,0,BRL,0,1,"R$ 2,50 – R$ 484,99 por item",Classificação Livre,10 de nov. de 2011,1780298438,Varies with device,,"Organize sua vida com uma lista de tarefas, calendário e planejador diário",https://play.google.com/store/apps/details?id=com.anydo&hl=pt&gl=br,19,63,36,normal,3587995,639737.69,2284777.47,7425526.77,1416562.03,12337798.32,7649434.96,alta,25,3.72,68.0,32.0,"SerpAPI, ScrapingBee"
Música e Áudio,14,Podcast Addict - Podcast/Radio,com.bambuna.podcastaddict,Xavier Guillemane - Podcast & Radio Addict,support@podcastaddict.com,https://podcastaddict.com,Música e áudio,4.695107,594417,13651,10.000.000+,10000000,13140474,1,0,BRL,1,1,"R$ 5,49 – R$ 589,99 por item",Classificação 14 anos,10 de jan. de 2012,1781915992,Varies with device,,"Gerencie seus Podcasts, Audiobooks, feeds RSS e Rádios em um único app",https://play.google.com/store/apps/details?id=com.bambuna.podcastaddict&hl=pt&gl=br,19,64,36,normal,1668389,211479.88,755285.3,2454677.23,468276.89,4078540.63,2528695.19,alta,25,4.52,92.0,4.0,"SerpAPI, ScrapingBee"
Música e Áudio,9,Musicolet Reprodutor de música,in.krosbits.musicolet,Krosbits,musicolet@krosbits.in,http://krosbits.in/musicolet,Música e áudio,4.6771445,236819,10505,10.000.000+,10000000,20234184,1,0,BRL,0,1,"R$ 20,90 – R$ 359,20 por item",Classificação Livre,24 de jun. de 2016,1779175137,Varies with device,,Várias filas • Equalizadores separados • Crie letras sincronizadas • E mais…,https://play.google.com/store/apps/details?id=in.krosbits.musicolet&hl=pt&gl=br,19,61,36,normal,2182599,159699.17,570354.19,1853651.12,353619.6,3079912.63,1909545.83,alta,25,4.52,88.0,12.0,"SerpAPI, ScrapingBee"
Mapas e Navegação,8,OsmAnd — Mapas e GPS Offline,net.osmand,OsmAnd,support@osmand.net,https://osmand.net,Viagem e Turismo,4.747768,243881,1166,10.000.000+,10000000,15019529,1,0,BRL,0,1,"R$ 6,63 – R$ 249,99 por item",Classificação Livre,16 de ago. de 2010,1778506071,5.3.10,,A navegação nas caminhadas não é um problema. Descarregue o mapa e coloque notas,https://play.google.com/store/apps/details?id=net.osmand&hl=pt&gl=br,19,61,36,normal,1598727,78976.08,282057.41,916686.59,174875.6,1523110.03,944328.22,alta,25,4.28,84.0,16.0,"SerpAPI, ScrapingBee"
Bibliotecas e Demonstrações,12,eReader Prestigio: Leitor,com.prestigio.ereader,Prestigio development team,ereader@prestigio.com,https://prestigio.com/,Livros e referências,4.8154383,552181,14116,10.000.000+,10000000,30997383,1,0,BRL,1,1,"R$ 3,39 – R$ 334,99 por item",Classificação Livre,29 de fev. de 2012,1778851601,Varies with device,,drm epub pdf mobi fb2 html rtf txt book reader - free ebook ereader by Prestigio,https://play.google.com/store/apps/details?id=com.prestigio.ereader&hl=pt&gl=br,19,61,36,normal,3406754,223966.26,799879.49,2599608.33,495925.28,4319349.23,2677996.52,alta,25,4.56,92.0,8.0,"SerpAPI, ScrapingBee"
Casa e Decoração,8,Home Design 3D: Criar Casa,fr.anuman.HomeDesign3D,Anuman,support@homedesign3d.net,https://en.homedesign3d.net/,Casa e decoração,4.4028435,46659,3228,10.000.000+,10000000,24430240,1,0,BRL,1,1,"R$ 2,09 – R$ 109,90 por item",Classificação Livre,21 de nov. de 2014,1756307762,5.4.1,,Crie plantas de casa em 3D. Design de interiores e preview realista,https://play.google.com/store/apps/details?id=fr.anuman.HomeDesign3D&hl=pt&gl=br,49,32,36,normal,2415644,38545.14,137661.23,447398.98,85349.96,743370.62,460889.78,alta,25,3.72,68.0,24.0,"SerpAPI, ScrapingBee"
Entretenimento,6,Angel: TV e Filmes,com.vidangel.thechosen,"Angel Studios, Inc.",support@angel.com,https://www.angel.com,Entretenimento,4.630526,373989,33012,10.000.000+,10000000,19271210,1,0,BRL,0,1,"R$ 68,99 – R$ 1.049,99 por item",Classificação Livre,23 de nov. de 2019,1781732616,26.6.11,,"Transmita Homestead, Sound of Freedom, Cabrini, Dry Bar Comedy e mais.",https://play.google.com/store/apps/details?id=com.vidangel.thechosen&hl=pt&gl=br,19,64,36,normal,2489084,59396.22,212129.34,689420.37,131520.19,1145498.46,710209.04,alta,25,2.48,36.0,60.0,"SerpAPI, ScrapingBee"
Entretenimento,5,SuperCine.TV - Filmes e Séries,tv.supercine,Royal solutions,contato.royalprime@protonmail.com,https://mee727d47.app-ads-txt.com,Entretenimento,4.520893,184172,93625,10.000.000+,10000000,16778568,1,0,BRL,1,0,,Classificação 16 anos,31 de ago. de 2022,1776630918,1.0.0,,Mantenha-se sempre atualizado .,https://play.google.com/store/apps/details?id=tv.supercine&hl=pt&gl=br,29,53,36,normal,1794842,1083.51,3869.68,12576.46,1857.45,20896.27,10030.21,alta,25,3.76,60.0,20.0,"SerpAPI, ScrapingBee"
Encontros,15,Solteiros Locais: Bloom,com.jaumo.prime,Joyride GmbH,help@getbloomapp.com,https://www.getbloomapp.com,Encontros,4.738526,612831,44616,10.000.000+,10000000,33387746,1,0,BRL,1,1,"R$ 2,99 – R$ 1.199,00 por item",Classificação 18 anos,13 de dez. de 2016,1779779203,202605.1.0,,App de namoro para encontrar o amor. Converse com pessoas reais & solteiras.,https://play.google.com/store/apps/details?id=com.jaumo.prime&hl=pt&gl=br,19,62,36,normal,3681314,10083.28,36011.73,117038.11,22327.27,194463.32,120567.26,alta,25,3.76,68.0,32.0,"SerpAPI, ScrapingBee"
Encontros,4,Lovely bate-papo com solteiros,com.pinkapp,Joyride GmbH,help@lovelyapp.com,https://www.lovelyapp.com,Encontros,4.801097,631790,52065,10.000.000+,10000000,31723186,1,0,BRL,1,1,"R$ 2,99 – R$ 849,00 por item",Classificação 18 anos,18 de dez. de 2015,1779779203,202605.1.0,,"App de namoro para solteiros. Encontre amigos, flerte, ligue e bata papo online.",https://play.google.com/store/apps/details?id=com.pinkapp&hl=pt&gl=br,19,62,36,normal,3490030,1378800.27,4924286.67,16003931.68,3053057.74,26591148.02,16486511.77,alta,25,4.36,84.0,12.0,"SerpAPI, ScrapingBee"
Livros e Referências,2,eReader Prestigio: Leitor,com.prestigio.ereader,Prestigio development team,ereader@prestigio.com,https://prestigio.com/,Livros e referências,4.8154383,552181,14116,10.000.000+,10000000,30997383,1,0,BRL,1,1,"R$ 3,39 – R$ 334,99 por item",Classificação Livre,29 de fev. de 2012,1778851601,Varies with device,,drm epub pdf mobi fb2 html rtf txt book reader - free ebook ereader by Prestigio,https://play.google.com/store/apps/details?id=com.prestigio.ereader&hl=pt&gl=br,19,61,36,normal,3406754,223966.26,799879.49,2599608.33,495925.28,4319349.23,2677996.52,alta,25,4.56,92.0,8.0,"SerpAPI, ScrapingBee"
Arte e Design,7,Infinite Painter,com.brakefield.painter,Infinite Studio LLC,support@infinitestudio.art,https://www.infinitestudio.art/,Arte e design,4.621653,239394,6335,10.000.000+,10000000,36646489,1,0,BRL,0,1,"R$ 2,99 – R$ 30,99 por item",Classificação Livre,2 de abr. de 2012,1778530473,7.2.7,,"Pintar, esboçar e ilustrar",https://play.google.com/store/apps/details?id=com.brakefield.painter&hl=pt&gl=br,19,61,36,normal,4056925,26536.96,94774.86,308018.3,58760.41,511784.25,317306.24,alta,25,3.88,72.0,24.0,"SerpAPI, ScrapingBee"
Família,12,Jogos de Bebê 1-3 Educativos,com.educational.baby.games,Bebi Family: preschool learning games for kids,support@bebi.family,,Educativos,4.7558684,119492,1299,10.000.000+,10000000,10533138,1,0,BRL,0,1,"R$ 9,99 – R$ 214,99 por item",Classificação Livre,27 de ago. de 2019,1780901277,7.01.49,,"Jogo infantil pré escola para criança aprender: joguinhos, colorir, ler e contar",https://play.google.com/store/apps/details?id=com.educational.baby.games&hl=pt&gl=br,15,63,35,normal,1125393,85781.09,306361.04,995673.37,189943.84,1654349.6,1025696.75,alta,25,4.92,96.0,0.0,"SerpAPI, ScrapingBee"
Família,3,Sweet Home: Jogos infantis 3-7,com.playtoddlers.sweethomestories.free,SUBARA,support@subara.com,https://subara.com,Educativos,4.479844,105436,6434,10.000.000+,10000000,32978265,1,0,BRL,1,1,"R$ 9,99 – R$ 15,99 por item",Classificação Livre,24 de fev. de 2017,1782714048,1.5.4,,"Casinha de brincar p/ crianças 3-7: faz de conta, cuidar, cozinhar e histórias",https://play.google.com/store/apps/details?id=com.playtoddlers.sweethomestories.free&hl=pt&gl=br,19,59,35,normal,3369914,33690.08,120321.72,391045.58,74599.46,649737.28,402837.11,alta,25,4.64,88.0,8.0,"SerpAPI, ScrapingBee"
Jogos de Estratégia,9,The Battle of Polytopia,air.com.midjiwan.polytopia,Midjiwan AB,feedback@midjiwan.com,http://www.polytopia.io,Estratégia,4.535915,235861,6515,10.000.000+,10000000,17025622,1,0,BRL,0,1,"R$ 3,79 – R$ 23,99 por item",Classificação Livre,30 de nov. de 2016,1781500291,2.17.1.16265,,Jogo de estratégia em turnos. Construa uma Civilization e leve-a ao combate!,https://play.google.com/store/apps/details?id=air.com.midjiwan.polytopia&hl=pt&gl=br,19,58,35,normal,1858908,31810.53,113609.03,369229.33,70437.6,613488.74,380363.02,alta,25,4.36,80.0,8.0,"SerpAPI, ScrapingBee"
Jogos de RPG,10,Evil Lands: Jogo de RPG MMO,com.ragequitgames.evillands,Rage Quit Games Group,support@ragequitgames.com,https://ragequitgames.com,RPG,4.581673,499189,24346,10.000.000+,10000000,27867118,1,0,BRL,1,1,"R$ 5,49 – R$ 559,99 por item",Classificação 18 anos,8 de jul. de 2019,1781169632,4.3.0,,"Mundo aberto multiplayer com CO-OP, batalhas PVP e aventura medieval de fantasia",https://play.google.com/store/apps/details?id=com.ragequitgames.evillands&hl=pt&gl=br,19,57,35,normal,3109522,1198906.99,4281810.66,13915884.66,2654722.61,23121777.58,14335502.1,alta,25,4.64,92.0,4.0,"SerpAPI, ScrapingBee"
Jogos de Corrida,23,Car Eats Car 3 Survival Racing,com.smokoko.careatscar3,SMOKOKO LTD,support@smokoko.com,http://www.smokoko.com,Corrida,4.4476614,117547,2079,10.000.000+,10000000,26427838,1,0,BRL,1,1,"R$ 6,49 – R$ 254,99 por item",Classificação Livre,29 de dez. de 2017,1781164161,4.3.0,,"Corrida survival + batalhas de carros: dirija, evolua, boost e destrua inimigos!",https://play.google.com/store/apps/details?id=com.smokoko.careatscar3&hl=pt&gl=br,19,57,35,normal,2674630,240140.89,857646.03,2787349.61,531740.54,4631288.58,2871398.92,alta,25,4.52,84.0,12.0,"SerpAPI, ScrapingBee"
Jogos Educacionais,5,Jogos para crianças de 2 anos,com.gkgrips.preschoollearning,Gkgrips,gkgrips237@gmail.com,http://gkgrips.co.in/,Educativos,3.54,5502,103,5.000.000+,5000000,7656679,1,0,BRL,1,1,"R$ 8,99 – R$ 27,99 por item",Classificação Livre,1 de abr. de 2019,1757400772,2025.1.0.2,,Mais de 150 jogos infantis para crianças pré-escolares com mais de 2 anos,https://play.google.com/store/apps/details?id=com.gkgrips.preschoollearning&hl=pt&gl=br,59,10,35,normal,610729,5328.37,19029.89,61847.16,11798.53,102761.43,63712.09,alta,25,2.92,44.0,52.0,"SerpAPI, ScrapingBee"
Jogos de Cassino,10,Cash Frenzy- 777 Slot&Cassino,slots.pcg.casino.games.free.android,SpinX Games Limited,cashfrenzy-support@spinxgames.com,https://spinxgames.com/,Cassino,4.476142,1134785,3875,10.000.000+,10000000,30951395,1,0,BRL,1,1,"R$ 4,89 – R$ 1.899,99 por item",Classificação 18 anos,12 de jan. de 2019,1783051908,Varies with device,,Faça a aposta e gire o Mega Jackpot em 888 slots e Roleta no Vegas Cassino!,https://play.google.com/store/apps/details?id=slots.pcg.casino.games.free.android&hl=pt&gl=br,19,59,35,normal,3154099,194239.91,693713.95,2254570.34,430102.65,3746055.34,2322554.31,alta,25,4.52,92.0,8.0,"SerpAPI, ScrapingBee"
Jogos de Cassino,7,Slots Era - Jackpot Slots Game,com.murka.slotsera,Murka Games Limited,support@murka.com,https://murka.com,Cassino,4.4235296,773467,1202,10.000.000+,10000000,13234522,1,0,BRL,0,1,"R$ 1,99 – R$ 4.599,99 por item",Classificação 12 anos,5 de nov. de 2016,1782915689,2.75.0,,Online Casino Slots From Vegas. History & Nature Casino Games.,https://play.google.com/store/apps/details?id=com.murka.slotsera&hl=pt&gl=br,19,59,35,normal,1298854,76033.07,271546.67,882526.68,168358.94,1466352.03,909138.26,alta,25,4.52,88.0,12.0,"SerpAPI, ScrapingBee"
Jogos de Cassino,6,Club Vegas - Jogos de Cassino,com.bagelcode.slots1,Bagelcode: Social Casino & Slot Machine Games,apps@bagelcode.com,https://bagelcode.com,Cassino,4.495943,646784,6459,10.000.000+,10000000,21261700,1,0,BRL,1,1,"R$ 5,90 – R$ 20.449,99 por item",Classificação 18 anos,27 de abr. de 2017,1783057482,Varies with device,,Jogue Club Vegas hoje! Desfrute das melhores máquinas caça-níqueis online!,https://play.google.com/store/apps/details?id=com.bagelcode.slots1&hl=pt&gl=br,19,59,35,normal,2131304,154364.79,551302.84,1791734.22,341807.76,2977035.32,1845761.9,alta,25,4.12,76.0,20.0,"SerpAPI, ScrapingBee"
Jogos de Tabuleiro,12,Chess Clash: jogue online,com.miniclip.chess,Miniclip.com,support@miniclip.com,https://www.miniclip.com/,Tabuleiros,4.6701903,136981,745,10.000.000+,10000000,18032375,1,0,BRL,1,1,"R$ 3,50 – R$ 339,90 por item",Classificação 18 anos,28 de set. de 2021,1776938127,8.13.3,,Divirta-se muito com o melhor jogo de Xadrez para 2 jogadores e multijogador!,https://play.google.com/store/apps/details?id=com.miniclip.chess&hl=pt&gl=br,19,59,35,normal,1644896,175763.53,627726.88,2040112.36,389190.67,3389725.16,2101629.6,alta,25,4.16,80.0,16.0,"SerpAPI, ScrapingBee"
Jogos de Ação,13,Combat Master - FPS Móvel,com.AlfaBravo.CombatMaster,Alfa Bravo Inc.,alfabravogames@gmail.com,https://www.alfabravo.us,Ação,4.5781035,244322,11203,10.000.000+,10000000,14648132,1,0,BRL,0,1,"R$ 5,49 – R$ 284,99 por item",Classificação 12 anos,23 de dez. de 2021,1771020863,0.29.2,,Tiroteio de última geração. 2ª temporada! Desempenho extremo e muito mais,https://play.google.com/store/apps/details?id=com.AlfaBravo.CombatMaster&hl=pt&gl=br,29,47,35,normal,1323825,118439.84,422999.43,1374748.15,262259.65,2284196.93,1416202.1,alta,25,4.52,84.0,8.0,"SerpAPI, ScrapingBee"
Jogos em Geral,12,Albion Online - MMORPG sandbox,com.albiononline,Sandbox Interactive GmbH,support@albiononline.com,https://albiononline.com,RPG,4.460502,391434,18277,10.000.000+,10000000,21061036,1,0,BRL,0,1,"R$ 4,99 – R$ 1.308,00 por item",Classificação 12 anos,9 de jun. de 2021,1782832725,1.31.031.337183,,Albion Online é um MMORPG de mundo aberto localizado em mundo medieval.,https://play.google.com/store/apps/details?id=com.albiononline&hl=pt&gl=br,19,59,35,normal,2110305,6003.85,21442.33,69687.58,13294.25,115788.59,71788.93,alta,25,3.64,64.0,32.0,"SerpAPI, ScrapingBee"
Produtividade,10,ClevNote - Listas de tarefas,com.dencreak.esmemo,Cleveni Inc.,cs@cleveni.com,https://www.cleveni.com/clevnote,Produtividade,4.707229,192607,2290,10.000.000+,10000000,13245377,1,0,BRL,1,1,"R$ 9,90 – R$ 84,90 por item",Classificação Livre,4 de mar. de 2013,1777268992,2.24.18,,Um app de notas útil para gerenciar suas atividades diárias com facilidade,https://play.google.com/store/apps/details?id=com.dencreak.esmemo&hl=pt&gl=br,19,60,35,normal,1401926,45651.94,163042.66,529888.64,101086.45,880430.35,545866.82,alta,25,4.36,84.0,12.0,"SerpAPI, ScrapingBee"
Mapas e Navegação,15,GPS Navegação E Mapa Direção,com.entertaininglogixapps.gps.navigation.direction.find.route.map.guide.pro,Sharp Apps Studio,abrafay1098@gmail.com,https://currency-converter-app-90b54.web.app/,Mapas e navegação,4.2322273,68982,853,10.000.000+,10000000,31305969,1,0,BRL,1,1,"R$ 54,99 – R$ 2.999,99 por item",Classificação Livre,22 de mai. de 2019,1783052035,3.8.13,,Navegação GPS e Directions route finder app é um dos melhores guia de mapa livre,https://play.google.com/store/apps/details?id=com.entertaininglogixapps.gps.navigation.direction.find.route.map.guide.pro&hl=pt&gl=br,59,49,35,normal,3755073,85444.87,305160.26,991770.84,189199.36,1647865.4,1021676.55,alta,25,4.4,84.0,12.0,"SerpAPI, ScrapingBee"
Encontros,9,"Kismia: Namoro, Relacionamento",com.kismia.app,Kismia Group,support@kismia.com,https://kismia.com/,Social,4.4089303,547986,9520,10.000.000+,10000000,34840865,1,0,BRL,1,1,"R$ 1,49 – R$ 999,99 por item",Classificação 18 anos,27 de nov. de 2020,1780592607,2.5.11,,App de namoro e app de relacionamento. Encontre solteiros perto de você.,https://play.google.com/store/apps/details?id=com.kismia.app&hl=pt&gl=br,19,57,35,normal,4198500,893136.31,3189772.55,10366760.78,1977658.98,17224771.76,10679358.49,alta,25,2.6,36.0,48.0,"SerpAPI, ScrapingBee"
Comunicação,6,JusTalk - Bate-papo por vídeo,com.juphoon.justalk,JusTalk,support@justalk.com,https://justalk.com,Comunicação,4.4491725,319403,2256,10.000.000+,10000000,33224443,1,0,BRL,1,1,"R$ 4,09 – R$ 679,99 por item",Classificação 12 anos,19 de fev. de 2014,1783090814,8.14.1,,"Aplicativo de chamada de voz e de vídeo, chamada de grupo e mensagens privadas",https://play.google.com/store/apps/details?id=com.juphoon.justalk&hl=pt&gl=br,19,60,35,normal,3329573,317135.68,1132627.41,3681039.09,702229.0,6116188.02,3792036.57,alta,25,4.44,84.0,8.0,"SerpAPI, ScrapingBee"
Beleza,1,Hora Cuidados Pele ASMR,com.fc.p.gp.skincare.makeup.makeover.asmr.game,FALCON GAME,publisher.mkt@falcongames.com,https://falcongames.com,Simulador,4.0788865,37532,1556,10.000.000+,10000000,43144872,1,0,BRL,1,1,"R$ 9,99 – R$ 14,99 por item",Classificação Livre,21 de nov. de 2024,1781497761,0.9.0,,"Série de minijogos: cuidados da pele, maquiagem e cuidados com animais",https://play.google.com/store/apps/details?id=com.fc.p.gp.skincare.makeup.makeover.asmr.game&hl=pt&gl=br,49,60,35,normal,4460156,42507.27,151811.68,493387.95,94123.24,819783.06,508265.49,alta,25,3.96,76.0,16.0,"SerpAPI, ScrapingBee"
Arte e Design,13,Infinite Design,com.brakefield.idfree,Infinite Studio LLC,support@infinitestudio.art,http://www.infinitestudio.art/,Arte e design,4.514045,97828,1877,10.000.000+,10000000,15934567,1,0,BRL,0,1,"R$ 7,49 – R$ 30,99 por item",Classificação Livre,19 de set. de 2011,1748550496,3.5.9,,As únicas graves gráficos vetoriais app no ​​celular,https://play.google.com/store/apps/details?id=com.brakefield.idfree&hl=pt&gl=br,49,28,35,normal,1700628,9070.01,32392.89,105276.9,20083.59,174921.61,108451.4,alta,25,4.24,84.0,12.0,"SerpAPI, ScrapingBee"
Arte e Design,11,Aprenda a desenhar・ArtWorkout,app.artworkout.learn.how.to.draw,ArtWorkout,feedback@artworkout.app,https://artworkout.app,Arte e design,4.570699,414086,9023,10.000.000+,10000000,21166170,1,0,BRL,1,1,"R$ 29,99 – R$ 319,99 por item",Classificação 10 anos,16 de dez. de 2024,1782204189,0.1.86,,Desenho de pintar passo a passo・Caderno de desenho・Colorir・Dibujo y pintura,https://play.google.com/store/apps/details?id=app.artworkout.learn.how.to.draw&hl=pt&gl=br,19,59,35,normal,2745220,205266.45,733094.47,2382557.03,454518.57,3958710.14,2454400.29,alta,25,4.32,80.0,16.0,"SerpAPI, ScrapingBee"
Jogos de Aventura,6,Jungle Adventures 3,com.renderedideas.jungleadventures3,Rendered Ideas,support@renderedideas.com,http://www.renderedideas.com,Ação,4.6693726,101034,6271,10.000.000+,10000000,37343058,1,0,BRL,1,1,"R$ 0,99 – R$ 259,99 por item",Classificação 10 anos,24 de jun. de 2019,1772462568,466.0,,Salve a selva neste melhor jogo de aventura e ação móvel!,https://play.google.com/store/apps/details?id=com.renderedideas.jungleadventures3&hl=pt&gl=br,19,55,34,normal,3516788,286507.36,1023240.58,3325531.87,634409.16,5525499.11,3425809.45,alta,25,4.64,92.0,8.0,"SerpAPI, ScrapingBee"
Jogos de Ação,8,POLYWAR: jogo de tiro FPS 3D,com.nobodyshot.POLYWAR,ost nbsh games,pw@nbsh.me,https://nbsh.me/,Ação,4.3611493,90902,4037,10.000.000+,10000000,15392551,1,0,BRL,1,1,"R$ 1,49 – R$ 59,99 por item",Classificação 12 anos,26 de mai. de 2022,1778230631,2.7.0,,Jogo de tiro FPS multiplayer online. Jogos de tiro PVP 5v5 em primeira pessoa,https://play.google.com/store/apps/details?id=com.nobodyshot.POLYWAR&hl=pt&gl=br,49,55,34,normal,1267455,25230.02,90107.22,292848.47,55866.48,486578.99,301678.97,alta,25,4.48,88.0,12.0,"SerpAPI, ScrapingBee"
Clima,9,Clima: previsão do tempo,com.weather.nold.forecast,Weather Forecast - WaiWao Studio,wowodancerapp@outlook.com,https://k303c46b0.app-ads-txt.com,Clima,4.8736663,210623,6637,10.000.000+,10000000,18818727,1,0,BRL,1,1,"R$ 13,99 – R$ 23,99 por item",Classificação Livre,22 de fev. de 2023,1762542916,1.1.42,,Provedores locais de meteorologia fornecem previsões precisas,https://play.google.com/store/apps/details?id=com.weather.nold.forecast&hl=pt&gl=br,29,45,34,normal,2023398,11530.7,41181.06,133838.45,25532.26,222377.74,137874.2,alta,25,4.68,92.0,8.0,"SerpAPI, ScrapingBee"
Música e Áudio,5,App Offline Podcast: Player FM,fm.player,Maple Media,support@player.fm,https://maplemedia.io/,Música e áudio,4.494863,106962,2661,10.000.000+,10000000,12737894,1,0,BRL,1,1,"R$ 4,49 – R$ 559,99 por item",Classificação Livre,28 de abr. de 2013,1779771665,8.0.1(27881),,"Player para transmitir programas de áudio, vídeo e tecnologia de tendências",https://play.google.com/store/apps/details?id=fm.player&hl=pt&gl=br,19,56,34,normal,1223487,147054.21,525193.61,1706879.22,325620.04,2836045.48,1758348.2,alta,25,3.0,44.0,48.0,"SerpAPI, ScrapingBee"
Bibliotecas e Demonstrações,11,Biblioteca A,com.binpar.bibliotecaarg,BinPar Team S.L.,apps@binpar.com,,Livros e referências,2.4318182,44,32,10.000+,10000,10880,1,0,BRL,0,0,,Classificação Livre,23 de mai. de 2023,1759804713,12.9.1,,Este é o aplicativo de leitura de e-books da +A Educação.,https://play.google.com/store/apps/details?id=com.binpar.bibliotecaarg&hl=pt&gl=br,100,4,34,pequeno/indie,711,0.0,0.0,0.0,0.0,0.0,0.0,baixa,25,2.12,24.0,68.0,"SerpAPI, ScrapingBee"
Jogos de Palavras,10,Caça Palavras!,com.word.search.find.puzzle,Mindful Daily Puzzles,crush.support@pandasofcaribbean.com,https://www.pandasofcaribbean.com/,Palavras,4.907425,238326,5308,10.000.000+,10000000,12112056,1,0,BRL,1,0,,Classificação Livre,13 de nov. de 2023,1767609054,1.1.97,,Desbloqueie um mundo de palavras: Viva uma jornada inesquecível em busca delas!,https://play.google.com/store/apps/details?id=com.word.search.find.puzzle&hl=pt&gl=br,19,50,33,normal,1085277,1179.29,4211.75,13688.17,2021.64,22743.42,10916.84,alta,25,4.68,88.0,4.0,"SerpAPI, ScrapingBee"
Jogos de Estratégia,17,Age of Empires Mobile,com.proximabeta.aoemobile,Level Infinite,service@aoemobile.com,,Estratégia,4.5876365,447665,11301,10.000.000+,10000000,13225923,1,0,BRL,0,1,"R$ 4,99 – R$ 569,99 por item",Classificação 18 anos,15 de out. de 2024,1779356246,1.12.100.0,,O jogo de estratégia de guerra medieval da icônica franquia Age of Empires,https://play.google.com/store/apps/details?id=com.proximabeta.aoemobile&hl=pt&gl=br,15,56,33,normal,1189808,421415.49,1505055.32,4891429.8,933134.3,8127298.74,5038925.22,alta,25,4.4,80.0,8.0,"SerpAPI, ScrapingBee"
Jogos de RPG,3,Vampire's Fall: Origins RPG,com.earlymorningstudio.vampiresfall2,Early Morning Studio,support@earlymorningstudio.com,http://earlymorningstudio.com/,RPG,4.8119493,661522,21070,10.000.000+,10000000,15123467,1,0,BRL,1,1,"R$ 5,99 – R$ 249,99 por item",Classificação 18 anos,6 de set. de 2018,1769695933,1.18.122,,"RPG de vampiro em mundo aberto. Combate por turnos, missões e PvP. Offline.",https://play.google.com/store/apps/details?id=com.earlymorningstudio.vampiresfall2&hl=pt&gl=br,19,52,33,normal,1368745,218803.44,781440.87,2539682.82,484493.34,4219780.69,2616264.03,alta,25,4.84,96.0,4.0,"SerpAPI, ScrapingBee"
Jogos de Corrida,3,Hillside Drive Racing,car.hillside.rush.racing,Dreamy Dingo,dreamydingo@gmail.com,http://dreamydingo.com/,Corrida,4.103604,44732,1013,10.000.000+,10000000,16876258,1,0,BRL,1,1,"R$ 2,49 – R$ 99,00 por item",Classificação Livre,30 de abr. de 2020,1776965801,0.8.10-110,,Mergulhe no incrível jogo de corrida em montanhas!,https://play.google.com/store/apps/details?id=car.hillside.rush.racing&hl=pt&gl=br,59,43,33,normal,1395360,44971.23,160611.54,521987.5,99579.15,867302.31,537727.43,alta,25,3.44,48.0,28.0,"SerpAPI, ScrapingBee"
Jogos de Aventura,4,Swordigo,com.touchfoo.swordigo,Touch Foo,playsupport@touchfoo.com,http://www.touchfoo.com/,Aventura,4.810453,839666,55402,10.000.000+,10000000,40331222,1,0,BRL,1,1,"R$ 6,49 – R$ 8,99 por item",Classificação Livre,27 de fev. de 2014,1769783541,1.4.12,,"Corra, salte, corte e divirta-se em um jogo de plataforma de aventura épica.",https://play.google.com/store/apps/details?id=com.touchfoo.swordigo&hl=pt&gl=br,19,52,33,normal,3810806,22310.23,79679.39,258958.01,49401.22,430268.69,266766.59,alta,25,4.96,100.0,0.0,"SerpAPI, ScrapingAnt"
Clima,11,Yahoo Tempo,com.yahoo.mobile.client.android.weather,Yahoo,weather.feedback@yahooinc.com,http://mobile.yahoo.com/weather/,Clima,4.529556,1449358,42235,10.000.000+,10000000,44116096,1,0,BRL,1,0,,Classificação Livre,5 de out. de 2010,1775773862,1.64.1,,Yahoo Tempo - Veja o tempo como nunca.,https://play.google.com/store/apps/details?id=com.yahoo.mobile.client.android.weather&hl=pt&gl=br,19,52,33,normal,4922940,2971.88,10613.86,34495.04,5094.65,57314.84,27511.12,alta,25,4.32,84.0,16.0,"SerpAPI, ScrapingBee"
Música e Áudio,2,Podcast Player - Castbox,fm.castbox.audiobook.radio.podcast,Castbox.FM - Radio & Podcast & AudioBooks,contact@castbox.fm,https://castbox.fm,Música e áudio,4.76958,367487,8437,10.000.000+,10000000,26019334,1,0,BRL,1,1,"R$ 3,09 – R$ 389,99 por item",Classificação 14 anos,15 de abr. de 2017,1768901032,11.24.0-260114369,,"Aplicativos mais baixados de podcast para Android
Podcast, rádio, audiobooks",https://play.google.com/store/apps/details?id=fm.castbox.audiobook.radio.podcast&hl=pt&gl=br,19,51,33,normal,2837883,216449.85,773035.19,2512364.37,479281.82,4174390.03,2588121.82,alta,25,2.96,48.0,48.0,"SerpAPI, ScrapingBee"
Estilo de Vida,7,HábitoVivo: Hábitos e Rotina,com.habitovivo.app,Allysson Couto,habituarservice@gmail.com,https://habitovivo-production.up.railway.app,Saúde e fitness,,,,50+,50,80,1,0,BRL,0,0,,Classificação Livre,27 de abr. de 2026,,Varies with device,,"Rastreie hábitos, água e km com gamificação, streaks e notificações inteligente.",https://play.google.com/store/apps/details?id=com.habitovivo.app&hl=pt&gl=br,100,0,33,pequeno/indie,3,0.0,0.0,0.0,0.0,0.0,0.0,baixa,0,0.0,0.0,0.0,"SerpAPI, ScrapingBee"
Gastronomia,10,Delivery Meu Pedir Comida,com.deliverymeucombr.myapp,Delivery Meu,administrativo@deliverymeu.com.br,https://deliverymeu.com.br/,Comer e beber,,,,10+,10,47,1,0,BRL,0,0,,Classificação 12 anos,24 de set. de 2025,,Varies with device,,Delivery Meu Pedir Comida porções lanches e muito mais .,https://play.google.com/store/apps/details?id=com.deliverymeucombr.myapp&hl=pt&gl=br,100,0,33,pequeno/indie,1,0.0,0.0,0.0,0.0,0.0,0.0,baixa,1,1.0,0.0,100.0,"SerpAPI, ScrapingBee"
Gastronomia,8,Real Delivery: Comida e Mais,com.TowerUpStudios.RealDelivery,Tower Up Studios,apprealdelivery@gmail.com,https://realdelivery.com.br,Comer e beber,,,,1.000+,1000,1189,1,0,BRL,0,0,,Classificação 12 anos,4 de fev. de 2026,,Varies with device,,"O sabor da nossa cidade na sua mão. Peça comida, água, gás e mais.",https://play.google.com/store/apps/details?id=com.TowerUpStudios.RealDelivery&hl=pt&gl=br,100,0,33,pequeno/indie,66,0.0,0.0,0.0,0.0,0.0,0.0,baixa,2,5.0,100.0,0.0,"SerpAPI, ScrapingBee"
Eventos,8,Event Organizer,com.simpletix.boxoffice,Simpletix.com LLC,support@simpletix.com,https://www.simpletix.com/,Negócios,,,,10.000+,10000,18142,1,0,BRL,0,0,,Classificação Livre,28 de jun. de 2019,,Varies with device,,O SimpleTix Box Office oferece tudo o que você precisa para gerenciar seus eventos.,https://play.google.com/store/apps/details?id=com.simpletix.boxoffice&hl=pt&gl=br,100,0,33,pequeno/indie,1226,0.0,0.0,0.0,0.0,0.0,0.0,baixa,0,0.0,0.0,0.0,"SerpAPI, ScrapingBee"
Comunicação,9,COMUNICA,br.edu.unisagrado.comunica,TI Unisagrado,tulio7alves@gmail.com,,Educação,,,,500+,500,572,1,0,BRL,0,0,,Classificação Livre,26 de mai. de 2025,,Varies with device,,Comunica: app lúdico para apoiar comunicação e aprendizado de crianças autistas,https://play.google.com/store/apps/details?id=br.edu.unisagrado.comunica&hl=pt&gl=br,100,0,33,pequeno/indie,30,0.0,0.0,0.0,0.0,0.0,0.0,baixa,0,0.0,0.0,0.0,"SerpAPI, ScrapingBee"
Comunicação,1,ComuniCAA,com.comunicaa.app,CAUTA - Grupo de Pesquisa,comunicaa.app@gmail.com,https://comunicaa.app.br/,Comunicação,,,,100+,100,393,1,0,BRL,0,0,,Classificação Livre,8 de set. de 2025,,Varies with device,,O app é uma prancha de comunicação para autistas não verbais.,https://play.google.com/store/apps/details?id=com.comunicaa.app&hl=pt&gl=br,100,0,33,pequeno/indie,20,0.0,0.0,0.0,0.0,0.0,0.0,baixa,1,1.0,0.0,100.0,"SerpAPI, ScrapingBee"
Jogos de Trivia,5,Quiz: Jogo de perguntas,com.theangrykraken.trivial,The Angry Kraken,theangrykraken@gmail.com,https://www.theangrykraken.com,Conhecimentos,4.5325046,104593,13964,10.000.000+,10000000,14521509,1,0,BRL,1,1,"R$ 3,79 – R$ 31,99 por item",Classificação Livre,13 de jun. de 2019,1760950013,5.1,,Jogo de perguntas e respostas: aproveite jogos offline,https://play.google.com/store/apps/details?id=com.theangrykraken.trivial&hl=pt&gl=br,29,37,32,normal,1311870,11435.5,40841.06,132733.46,25321.46,220541.75,136735.88,alta,25,4.0,72.0,20.0,"SerpAPI, ScrapingBee"
Jogos de Estratégia,13,World Conqueror 3-WW2 Strategy,com.easytech.wc3,EasyTech Games,easytechmail@gmail.com,http://www.ieasytech.com/,Estratégia,4.55622,210616,4324,10.000.000+,10000000,12692294,1,0,BRL,1,1,"R$ 2,80 – R$ 519,99 por item",Classificação 10 anos,13 de jul. de 2015,1758870405,1.8.10,,Vivenciando um ótimo jogo de estratégia baseado em turnos da Segunda Guerra Mundial.,https://play.google.com/store/apps/details?id=com.easytech.wc3&hl=pt&gl=br,29,35,32,normal,1139680,241853.2,863761.42,2807224.63,535532.08,4664311.69,2891873.25,alta,25,4.24,84.0,12.0,"SerpAPI, ScrapingBee"
Jogos de Ação,15,Armed Heist: Jogo de Luta!,com.sozap.badmen,Sozap,support@sozap.mail.helpshift.com,http://www.sozap.com,Ação,4.525386,332443,21044,10.000.000+,10000000,31136642,1,0,BRL,1,1,"R$ 4,99 – R$ 519,99 por item",Classificação 14 anos,15 de mar. de 2019,1770909798,3.2.13,,Prepare-se para muita ação neste jogo on-line de tiroteio em terceira pessoa!,https://play.google.com/store/apps/details?id=com.sozap.badmen&hl=pt&gl=br,19,47,32,normal,2909317,473580.01,1691357.19,5496910.86,1048641.46,9133328.81,5662663.87,alta,25,4.56,88.0,4.0,"SerpAPI, ScrapingBee"
Música e Áudio,7,Podcast Rádio Música- Castbox,com.podcast.podcasts,Castbox.FM - Radio & Podcast & AudioBooks,support@castbox.fm,http://castbox.fm,Notícias e revistas,4.770149,312063,4489,10.000.000+,10000000,17864368,1,0,BRL,1,1,"R$ 8,49 – R$ 83,99 por item",Classificação 14 anos,4 de jan. de 2016,1764841675,9.16.1-251202123,,🎙🎧Melhor App de Podcast&Rádio-🎵 Música 😆 Comédia 🎓 Educação 📰 Notícias 📻,https://play.google.com/store/apps/details?id=com.podcast.podcasts&hl=pt&gl=br,19,47,32,normal,1916344,25396.12,90700.41,294776.34,56234.25,489782.22,303664.98,alta,25,4.04,76.0,24.0,"SerpAPI, ScrapingBee"
Gastronomia,6,TudoGostoso Receitas,com.nzn.tdg,Webedia,apps.brasil@webedia-group.com,https://www.tudogostoso.com.br,Comer e beber,4.438386,692786,251963,10.000.000+,10000000,21507333,1,0,BRL,1,0,,Classificação Livre,11 de mar. de 2013,1770979040,5.5.2,,O app de receitas mais querido do Brasil!,https://play.google.com/store/apps/details?id=com.nzn.tdg&hl=pt&gl=br,19,47,32,normal,2114727,1276.62,4559.35,14817.89,2188.49,24620.5,11817.84,alta,25,3.44,56.0,36.0,"SerpAPI, ScrapingBee"
Arte e Design,14,ArtFlow: Paint Draw Sketchbook,com.bytestorm.artflow,Artflow Studio,bjanusz@artflowstudio.com,http://artflowstudio.com,Arte e design,3.58,33837,641,5.000.000+,5000000,6381536,1,0,BRL,1,1,"R$ 9,99 – R$ 19,99 por item",Classificação Livre,23 de mai. de 2013,1753333630,2.9.40,,Mas poderosa aplicação simples de desenho e pintura para o artista de todos os tempos,https://play.google.com/store/apps/details?id=com.bytestorm.artflow&hl=pt&gl=br,49,9,32,normal,593797,2640.19,9429.26,30645.1,5846.14,50918.01,31569.17,alta,25,3.28,60.0,36.0,"SerpAPI, ScrapingBee"
Jogos Casuais,7,Alto's Odyssey,com.noodlecake.altosodyssey,Noodlecake,support+odyssey@noodlecake.com,http://www.noodlecake.com/games/altos-odyssey/,Ação,4.760898,285191,13734,10.000.000+,10000000,29405049,1,0,BRL,1,1,"R$ 1,99 – R$ 589,99 por item",Classificação Livre,25 de jul. de 2018,1760636395,1.0.42,,Explora um deserto infinito,https://play.google.com/store/apps/details?id=com.noodlecake.altosodyssey&hl=pt&gl=br,19,43,31,normal,2740690,361935.13,1292625.48,4201032.8,801427.79,6980177.57,4327710.09,alta,25,4.76,96.0,4.0,"SerpAPI, ScrapingBee"
Reprodutores de Vídeo,3,NOVA Video Player,org.courville.nova,Courville Software,software@courville.org,http://www.courville.org,Reproduzir e editar vídeos,4.07,12710,242,1.000.000+,1000000,4437767,1,0,BRL,0,0,,Classificação Livre,19 de ago. de 2018,1747857961,6.4.3-20250521.1917,,Player de vídeo para conteúdo local/de rede com suporte para download de legendas/metadados,https://play.google.com/store/apps/details?id=org.courville.nova&hl=pt&gl=br,69,16,31,normal,405929,0.0,0.0,0.0,0.0,0.0,0.0,média,25,3.96,68.0,16.0,"SerpAPI, ScrapingBee"
Livros e Referências,1,Skoob - Para quem ama livros!,com.gaudium.skoob,Skeelo,contato@skoob.com.br,https://www.skoob.com.br,Livros e referências,4.0651164,150781,35925,1.000.000+,1000000,4497670,1,0,BRL,0,0,,Classificação Livre,11 de abr. de 2015,1781903987,5.3.3,,Organize suas leituras e leia cada vez mais.,https://play.google.com/store/apps/details?id=com.gaudium.skoob&hl=pt&gl=br,39,48,31,normal,494005,0.0,0.0,0.0,0.0,0.0,0.0,média,25,2.96,44.0,44.0,"SerpAPI, ScrapingBee"
Jogos de Trivia,2,TRIVIA 360: Jogo de perguntas,smartowlapps.com.quiz360,Smart Owl Apps,contact@smartowlapps.com,http://www.owlgames.co/,Conhecimentos,4.5163264,125735,5146,10.000.000+,10000000,11194356,1,0,BRL,1,1,"R$ 2,99 por item",Classificação Livre,3 de jun. de 2016,1761591331,2.5.0,,TRÍVIA 360 - Modo Single e Multiplayer,https://play.google.com/store/apps/details?id=smartowlapps.com.quiz360&hl=pt&gl=br,19,38,30,normal,999467,2107.37,7526.32,24460.55,4666.32,40642.15,25198.13,alta,25,3.68,64.0,24.0,"SerpAPI, ScrapingBee"
Jogos em Geral,7,ARK: Ultimate Mobile Edition,com.studiowildcard.arkuse,Studio Wildcard,support@grovestreetgames.com,https://grovestreetgames.com/support,Aventura,3.5395546,135960,14759,5.000.000+,5000000,9957008,1,0,BRL,1,1,"R$ 3,19 – R$ 159,99 por item",Classificação 12 anos,16 de dez. de 2024,1772643966,1.10192,,Construir. Domar. Sobreviver!,https://play.google.com/store/apps/details?id=com.studiowildcard.arkuse&hl=pt&gl=br,19,29,30,normal,803870,40986.99,146382.12,475741.89,90756.91,790463.45,490087.34,alta,25,3.44,56.0,28.0,"SerpAPI, ScrapingBee"
Livros e Referências,11,NovelToon: Leitura de Livros,mobi.mangatoon.novel.portuguese,Toon Group,noveltoon.app@gmail.com,https://mangatoon.mobi/,Livros e referências,4.3904724,112085,11831,10.000.000+,10000000,24414502,1,0,BRL,1,1,"R$ 5,49 – R$ 559,99 por item",Classificação 14 anos,28 de dez. de 2019,1782195658,3.35.06,,"Leia romances, histórias e livros grátis. Aproveite histórias no NovelToon.",https://play.google.com/store/apps/details?id=mobi.mangatoon.novel.portuguese&hl=pt&gl=br,29,59,30,normal,2896823,348584.36,1244944.14,4046068.47,771865.37,6722698.38,4168073.0,alta,25,3.88,68.0,24.0,"SerpAPI, ScrapingBee"
Jogos de Tabuleiro,10,Ludo Party: Jogo de Tabuleiro,com.miniclip.ludo,Miniclip.com,support@miniclip.com,https://www.miniclip.com/,Tabuleiros,4.3186584,88577,916,10.000.000+,10000000,26842468,1,0,BRL,1,1,"R$ 1,00 – R$ 339,90 por item",Classificação 18 anos,30 de mar. de 2021,1759402632,8.8.3,,"Jogue o popular Ludo com amigos e familia, agora com bate-papo de vídeo e voz",https://play.google.com/store/apps/details?id=com.miniclip.ludo&hl=pt&gl=br,49,35,29,normal,2265369,172839.85,617285.19,2006176.87,382716.82,3333340.03,2066670.82,alta,25,3.0,48.0,48.0,"SerpAPI, ScrapingBee"
Viagens e Localização,9,Passagens Imperdíveis,br.com.passagensimperdiveis,Passagens Imperdíveis,contato@passagensimperdiveis.com.br,http://www.passagensimperdiveis.com.br,Viagem e Turismo,3.7214613,2668,862,1.000.000+,1000000,2230490,1,0,BRL,0,0,,Classificação Livre,4 de dez. de 2014,1779715035,9.2.1,,Encontre sua passagem aérea imperdível!,https://play.google.com/store/apps/details?id=br.com.passagensimperdiveis&hl=pt&gl=br,77,42,29,pequeno/indie,197362,0.0,0.0,0.0,0.0,0.0,0.0,média,25,2.96,44.0,44.0,"SerpAPI, ScrapingBee"
Música e Áudio,16,Música MP3 offline - Mixtube,com.toto.jcyj.mvmix,Mixtube Music player,hook123qaws@gmail.com,https://mixtubeapp.com,Música e áudio,4.3301086,116116,12421,10.000.000+,10000000,25453729,1,0,BRL,1,1,"R$ 15,99 – R$ 104,99 por item",Classificação Livre,30 de mai. de 2022,1780908048,4.7.2,,Ouvir musica offline gratis. Tuner radio& young radio. Todas as músicas app. mp3,https://play.google.com/store/apps/details?id=com.toto.jcyj.mvmix&hl=pt&gl=br,29,57,29,normal,3025659,79303.8,283227.85,920490.51,175601.27,1529430.38,948246.84,alta,25,3.8,68.0,28.0,"SerpAPI, ScrapingBee"
Jogos de Ação,10,Implosion,com.rayark.implosion,Rayark International Limited,service@rayark.com,http://www.rayark.com/,Ação,3.4460607,287766,10979,5.000.000+,5000000,8969837,1,0,BRL,0,1,"R$ 9,90 por item",Classificação 12 anos,16 de abr. de 2015,1765166681,1.5.12,,Trazendo uma experiência de jogos de console AAA para dispositivos móveis.,https://play.google.com/store/apps/details?id=com.rayark.implosion&hl=pt&gl=br,19,21,28,normal,720714,3164.55,11301.96,36731.36,7007.21,61030.56,37838.95,alta,25,4.08,76.0,20.0,"SerpAPI, ScrapingBee"
Reprodutores de Vídeo,6,Lark Video Reprodutor,com.larkvideo.player,"Lark Player Studio - Video, MP4 & Music Player",hello@larkvideoplayer.com,https://www.larkvideoplayer.com/,Reproduzir e editar vídeos,4.7415204,62305,1077,10.000.000+,10000000,12811785,1,0,BRL,0,0,,Classificação Livre,17 de jan. de 2025,1778323565,1.32.7,,"Reprodutor de vídeo offline, vídeo HD e 4K, todos os formatos",https://play.google.com/store/apps/details?id=com.larkvideo.player&hl=pt&gl=br,49,73,28,crescendo,1353996,0.0,0.0,0.0,0.0,0.0,0.0,média,25,4.68,92.0,4.0,"SerpAPI, ScrapingBee"
Medicina,5,e-saudeSP,br.com.duosystem.avancasaude.sp.prod,Secretaria Municipal da Saúde - São Paulo - SP,contato@getconnect.com.br,https://suporte.getconnect.com.br/hc/pt-br/requests/new,Medicina,3.949768,25980,11045,1.000.000+,1000000,2728798,1,0,BRL,0,0,,Classificação Livre,2 de jul. de 2020,1777901159,3.1.60,,Plataforma de acesso e registro de informações de saúde do cidadão paulistano.,https://play.google.com/store/apps/details?id=br.com.duosystem.avancasaude.sp.prod&hl=pt&gl=br,69,44,28,normal,243844,0.0,0.0,0.0,0.0,0.0,0.0,média,25,4.16,76.0,20.0,"SerpAPI, ScrapingBee"
Automóveis e Veículos,9,Olho no Carro: Consultar Placa,br.com.usemobile.olhonocarro,Olho no Carro,comercial@olhonocarro.com.br,https://www.olhonocarro.com.br/,Veículos,3.9036427,8498,1591,1.000.000+,1000000,2435864,1,0,BRL,0,0,,Classificação Livre,10 de ago. de 2022,1779925307,2.14.2,,Consulta veicular confiável: saiba o passado do carro antes de comprar.,https://play.google.com/store/apps/details?id=br.com.usemobile.olhonocarro&hl=pt&gl=br,69,44,28,normal,216466,0.0,0.0,0.0,0.0,0.0,0.0,média,25,1.92,12.0,72.0,"SerpAPI, ScrapingBee"
Jogos de Corrida,21,Pixel Car Racer,com.StudioFurukawa.PixelCarRacer,Studio Furukawa,support@studiofurukawa.com,http://www.pixelcarracer.com,Corrida,4.5187197,381736,17308,10.000.000+,10000000,45595488,1,0,BRL,0,1,"R$ 5,49 – R$ 56,99 por item",Classificação 18 anos,22 de jul. de 2016,1707498101,1.2.5,,"O melhor jogo de corrida arcade retrô, com personalização ilimitada de carros.",https://play.google.com/store/apps/details?id=com.StudioFurukawa.PixelCarRacer&hl=pt&gl=br,19,28,27,normal,4330929,60007.47,214312.4,696515.3,132873.69,1157286.97,717517.92,alta,25,4.6,88.0,8.0,"SerpAPI, ScrapingBee"
Jogos de Ação,5,Noblemen: 1896,com.foursakenmedia.noblemen,Foursaken Media,info@foursakenmedia.com,http://www.foursakenmedia.com,Ação,4.489086,205103,5972,10.000.000+,10000000,16189630,1,0,BRL,1,1,"R$ 5,49 – R$ 559,99 por item",Classificação 12 anos,30 de ago. de 2017,1732243352,1.04.16,,Guerra em uma realidade alternativa,https://play.google.com/store/apps/details?id=com.foursakenmedia.noblemen&hl=pt&gl=br,19,28,27,normal,1336106,168594.16,602122.01,1956896.53,373315.65,3251458.85,2015904.49,alta,25,4.56,92.0,8.0,"SerpAPI, ScrapingBee"
Arte e Design,12,Tayasui Sketches,com.tayasui.sketches,Tayasui Sketches,com@tayasui.com,https://tayasui.com/,Arte e design,4.1473355,77005,1531,10.000.000+,10000000,10257349,1,0,BRL,0,1,"R$ 17,99 – R$ 294,99 por item",Classificação Livre,29 de out. de 2020,1760610560,1.5.41,,"Desenho, Rascunho e Pintura",https://play.google.com/store/apps/details?id=com.tayasui.sketches&hl=pt&gl=br,49,27,27,normal,975580,42319.72,151141.84,491210.98,93707.94,816165.93,506022.88,alta,25,3.2,56.0,40.0,"SerpAPI, ScrapingBee"
Eventos,5,Ingresse - Ingressos e Eventos,com.ingresse.ticketbooth,Ingresse,contato@ingresse.com,http://www.ingresse.com,Eventos,2.7153285,5606,2281,1.000.000+,1000000,3700596,1,0,BRL,0,0,,Classificação 14 anos,18 de dez. de 2013,1783086911,6.0.12,,"Ingressos para shows, eventos e futebol. Descubra, compre e venda fácil",https://play.google.com/store/apps/details?id=com.ingresse.ticketbooth&hl=pt&gl=br,69,36,26,normal,335580,0.0,0.0,0.0,0.0,0.0,0.0,média,25,1.2,4.0,96.0,"SerpAPI, ScrapingBee"
Jogos de Cassino,8,Jackpot World 777 Slot Cassino,com.grandegames.slots.dafu.casino,SpinX Games Limited,jackpotworld-support@spinxgames.com,https://www.jackpot-world.com/,Cassino,4.099278,842913,2140,10.000.000+,10000000,37140721,1,0,BRL,1,1,"R$ 4,99 – R$ 2.249,99 por item",Classificação 18 anos,11 de mai. de 2018,1782897215,Varies with device,,Ganhe o jackpot! Gire a vegas roleta de MEGA 777 slots no 888 cassino de aposta!,https://play.google.com/store/apps/details?id=com.grandegames.slots.dafu.casino&hl=pt&gl=br,19,49,25,normal,3814815,234681.49,838148.19,2723981.62,519651.88,4526000.23,2806120.14,alta,25,4.52,88.0,12.0,"SerpAPI, ScrapingBee"
Jogos de Cassino,2,Jackpot Party Casino Slots,com.williamsinteractive.jackpotparty,SciPlay,android@jackpotpartycasino.zendesk.com,https://www.jackpotparty.com,Cassino,4.2040815,1198256,852,10.000.000+,10000000,35651374,1,0,BRL,0,1,"R$ 2,55 – R$ 5.200,00 por item",Classificação Livre,3 de jun. de 2013,1783028332,5070.01,,Ganhe o prêmio máximo nos caça-níqueis em Las Vegas! Jogos de cassino on-line,https://play.google.com/store/apps/details?id=com.williamsinteractive.jackpotparty&hl=pt&gl=br,19,49,25,normal,3655377,15705.69,56091.77,182298.24,34776.89,302895.54,187795.23,alta,25,3.8,68.0,24.0,"SerpAPI, ScrapingBee"
Viagens e Localização,12,123milhas: Voos e Hotéis,com.a123milhas.app,123Milhas,app@123milhas.com.br,https://123milhas.com/,Viagem e Turismo,4.5068164,37961,15578,10.000.000+,10000000,11441977,1,0,BRL,0,0,,Classificação Livre,13 de nov. de 2019,1782302853,6.5.4,,Escolha como e pra onde viajar e deixe o resto com o app de viagem 123milhas!,https://play.google.com/store/apps/details?id=com.a123milhas.app&hl=pt&gl=br,49,59,25,normal,1443659,0.0,0.0,0.0,0.0,0.0,0.0,média,25,4.4,84.0,12.0,"SerpAPI, ScrapingBee"
Quadrinhos,3,Tapas – Comics and Novels,com.tapastic,Tapas Entertainment Inc.,feedback@tapas.io,https://tapas.io/,Quadrinhos,4.018405,124774,1745,10.000.000+,10000000,11081278,1,0,BRL,1,1,"R$ 4,99 – R$ 499,99 por item",Classificação 14 anos,2 de out. de 2012,1782436854,7.11.2,,Leia webcomics e webnovels,https://play.google.com/store/apps/details?id=com.tapastic&hl=pt&gl=br,19,49,25,normal,1269195,136466.92,487381.84,1583990.99,302176.74,2631861.95,1631754.41,alta,25,3.28,52.0,36.0,"SerpAPI, ScrapingBee"
Jogos de Trivia,8,TRIVIA STAR Quiz Games Offline,com.trivia.star.android,Super Free,support@platinumplayerllc.com,https://superfree.com/,Conhecimentos,4.2376237,396895,85,10.000.000+,10000000,31850460,1,0,BRL,1,1,"R$ 4,79 – R$ 1.049,99 por item",Classificação Livre,3 de mar. de 2020,1781491995,1.413,,JOGUE JOGOS DE TRIVIA no Trivia Star - Quiz + Jogos Offline! Receba Quizzes Mentais Diários,https://play.google.com/store/apps/details?id=com.trivia.star.android&hl=pt&gl=br,19,48,24,normal,3249759,80421.32,287219.0,933461.75,178075.78,1550982.59,961609.21,alta,25,3.64,60.0,32.0,"SerpAPI, ScrapingBee"
Jogos Esportivos,4,Jogos Esportivos de Verão,com.hdhstack.athletics,TerranDroid,support@terrandroid.com,http://www2.terrandroid.com,Esportes,4.16875,94407,1686,10.000.000+,10000000,14208230,1,0,BRL,1,1,"R$ 5,99 – R$ 299,99 por item",Classificação Livre,29 de jul. de 2018,1723790979,1.8,,O jogos esportivos mais profissionais deste ano!,https://play.google.com/store/apps/details?id=com.hdhstack.athletics&hl=pt&gl=br,49,18,24,normal,1165736,79914.37,285408.46,927577.51,176953.25,1541205.71,955547.54,alta,25,4.08,72.0,16.0,"SerpAPI, ScrapingBee"
Jogos de Simulação,1,Days After－Sobrevivência Zumbi,games.alternativa.projectv.test,MY.GAMES VENTURE CAPITAL LTD,support@days-after.com,http://days-after.com/,Simulador,4.1718826,214617,8186,10.000.000+,10000000,18189263,1,0,BRL,1,1,"R$ 0,99 – R$ 99,99 por item",Classificação 18 anos,24 de mai. de 2021,1781792545,13.4.1,,Jogo de zumbi mundo aberto. Sobrevivência online pós apocalíptico. Survival game,https://play.google.com/store/apps/details?id=games.alternativa.projectv.test&hl=pt&gl=br,19,48,24,normal,1810743,63881.65,228148.75,741483.45,141452.23,1232003.28,763842.03,alta,25,4.04,80.0,20.0,"SerpAPI, ScrapingBee"
Jogos de RPG,1,Days After－Sobrevivência Zumbi,games.alternativa.projectv.test,MY.GAMES VENTURE CAPITAL LTD,support@days-after.com,http://days-after.com/,Simulador,4.1718826,214617,8186,10.000.000+,10000000,18189263,1,0,BRL,1,1,"R$ 0,99 – R$ 99,99 por item",Classificação 18 anos,24 de mai. de 2021,1781792545,13.4.1,,Jogo de zumbi mundo aberto. Sobrevivência online pós apocalíptico. Survival game,https://play.google.com/store/apps/details?id=games.alternativa.projectv.test&hl=pt&gl=br,19,48,24,normal,1810743,63881.65,228148.75,741483.45,141452.23,1232003.28,763842.03,alta,25,4.04,80.0,20.0,"SerpAPI, ScrapingBee"
Jogos Arcade,1,Days After－Sobrevivência Zumbi,games.alternativa.projectv.test,MY.GAMES VENTURE CAPITAL LTD,support@days-after.com,http://days-after.com/,Simulador,4.1718826,214613,8186,10.000.000+,10000000,18189263,1,0,BRL,1,1,"R$ 0,99 – R$ 99,99 por item",Classificação 18 anos,24 de mai. de 2021,1781792545,13.4.1,,Jogo de zumbi mundo aberto. Sobrevivência online pós apocalíptico. Survival game,https://play.google.com/store/apps/details?id=games.alternativa.projectv.test&hl=pt&gl=br,19,48,24,normal,1810743,63881.65,228148.75,741483.45,141452.23,1232003.28,763842.03,alta,25,4.04,80.0,20.0,"SerpAPI, ScrapingBee"
Jogos de Aventura,1,Days After－Sobrevivência Zumbi,games.alternativa.projectv.test,MY.GAMES VENTURE CAPITAL LTD,support@days-after.com,http://days-after.com/,Simulador,4.1718826,214617,8186,10.000.000+,10000000,18189263,1,0,BRL,1,1,"R$ 0,99 – R$ 99,99 por item",Classificação 18 anos,24 de mai. de 2021,1781792545,13.4.1,,Jogo de zumbi mundo aberto. Sobrevivência online pós apocalíptico. Survival game,https://play.google.com/store/apps/details?id=games.alternativa.projectv.test&hl=pt&gl=br,19,48,24,normal,1810743,63881.65,228148.75,741483.45,141452.23,1232003.28,763842.03,alta,25,4.04,80.0,20.0,"SerpAPI, ScrapingBee"
Jogos de Ação,1,Days After－Sobrevivência Zumbi,games.alternativa.projectv.test,MY.GAMES VENTURE CAPITAL LTD,support@days-after.com,http://days-after.com/,Simulador,4.1718826,214617,8186,10.000.000+,10000000,18189263,1,0,BRL,1,1,"R$ 0,99 – R$ 99,99 por item",Classificação 18 anos,24 de mai. de 2021,1781792545,13.4.1,,Jogo de zumbi mundo aberto. Sobrevivência online pós apocalíptico. Survival game,https://play.google.com/store/apps/details?id=games.alternativa.projectv.test&hl=pt&gl=br,19,48,24,normal,1810743,63881.65,228148.75,741483.45,141452.23,1232003.28,763842.03,alta,25,4.04,80.0,20.0,"SerpAPI, ScrapingBee"
Jogos em Geral,1,Days After－Sobrevivência Zumbi,games.alternativa.projectv.test,MY.GAMES VENTURE CAPITAL LTD,support@days-after.com,http://days-after.com/,Simulador,4.1718826,214617,8186,10.000.000+,10000000,18189263,1,0,BRL,1,1,"R$ 0,99 – R$ 99,99 por item",Classificação 18 anos,24 de mai. de 2021,1781792545,13.4.1,,Jogo de zumbi mundo aberto. Sobrevivência online pós apocalíptico. Survival game,https://play.google.com/store/apps/details?id=games.alternativa.projectv.test&hl=pt&gl=br,19,48,24,normal,1810743,63881.65,228148.75,741483.45,141452.23,1232003.28,763842.03,alta,25,4.04,80.0,20.0,"SerpAPI, ScrapingAnt"
Reprodutores de Vídeo,1,KMPlayer - Player de vídeo,com.kmplayer,PANDORA.TV,support.mobile@kmplayer.com,https://www.kmplayer.com,Reproduzir e editar vídeos,4.038961,386063,2590,10.000.000+,10000000,42337922,1,0,BRL,0,1,"R$ 5,41 – R$ 54,99 por item",Classificação Livre,19 de mar. de 2014,1781524878,36.04.235,,Leitor de vídeo 4k-8k perfeito. Compatível com todos os formatos de ficheiros.,https://play.google.com/store/apps/details?id=com.kmplayer&hl=pt&gl=br,19,48,24,normal,5144936,65802.19,235007.82,763775.43,145704.85,1269042.25,786806.2,alta,25,4.16,80.0,16.0,"SerpAPI, ScrapingBee"
Gastronomia,11,Tasty Receitas,com.buzzfeed.tasty,BuzzFeed,support@buzzfeed.com,http://www.tasty.co ,Comer e beber,4.130435,180335,796,10.000.000+,10000000,17474974,1,0,BRL,0,1,"R$ 16,99 – R$ 164,99 por item",Classificação Livre,14 de ago. de 2018,1776182151,2.15.0,,"O lugar oficial de tudo relacionado ao Tasty, a maior rede de comida do mundo.",https://play.google.com/store/apps/details?id=com.buzzfeed.tasty&hl=pt&gl=br,19,42,23,normal,1702484,59640.0,213000.0,692249.99,132060.0,1150199.98,713123.99,alta,25,3.28,52.0,40.0,"SerpAPI, ScrapingBee"
Casa e Decoração,6,Homestyler Projeto e decoração,com.autodesk.homestyler,HomestylerApp,homestyler-support@service.alibaba.com,https://www.homestyler.com/room-design-app,Casa e decoração,3.6,91404,2470,10.000.000+,10000000,11725581,1,0,BRL,0,1,"R$ 5,49 – R$ 879,99 por item",Classificação Livre,30 de jul. de 2013,1781512025,13.3.0,,"Design de Interiores, Decoração, Construção, Reforma, Renovação, Planta baixa",https://play.google.com/store/apps/details?id=com.autodesk.homestyler&hl=pt&gl=br,49,48,22,normal,1346443,252458.76,901638.43,2930324.9,559015.83,4868847.52,3018685.46,alta,25,2.68,44.0,56.0,"SerpAPI, ScrapingBee"
Finanças,9,Tesouro Direto,br.gov.fazenda.tesouro.td,Serviços e Informações do Brasil,info@b3.com.br,https://www.tesourodireto.com.br,Finanças,3.3903096,7514,3543,1.000.000+,1000000,2145451,1,0,BRL,0,0,,Classificação Livre,3 de dez. de 2016,1766507503,3.7.1,,Agora o Tesouro Direto está muito mais perto de você.,https://play.google.com/store/apps/details?id=br.gov.fazenda.tesouro.td&hl=pt&gl=br,69,20,22,normal,189475,0.0,0.0,0.0,0.0,0.0,0.0,média,25,1.72,8.0,76.0,"SerpAPI, ScrapingBee"
Viagens e Localização,16,ClickBus - Passagens de ônibus,com.clickbus.mobile,ClickBus Serviços de Viagens e Passagens de Ônibus,suporte-app@clickbus.com,https://www.clickbus.com.br,Viagem e Turismo,4.8249793,294136,27330,10.000.000+,10000000,15661287,1,0,BRL,0,0,,Classificação Livre,13 de ago. de 2014,1783106335,1005.5.42,,"Compare +200 empresas, ganhe cashback e pague em 12x. Viaje com a ClickBus!",https://play.google.com/store/apps/details?id=com.clickbus.mobile&hl=pt&gl=br,19,66,19,crescendo,1670168,0.0,0.0,0.0,0.0,0.0,0.0,média,25,4.44,84.0,8.0,"SerpAPI, ScrapingBee"
Viagens e Localização,4,Decolar: Voos e Hotéis,com.gm.decolar,Decolar,suportemovel@decolar.com,https://www.decolar.com,Viagem e Turismo,4.8175087,342200,59262,10.000.000+,10000000,29633446,1,0,BRL,0,0,,Classificação Livre,27 de nov. de 2012,1783096398,18.71.2,,A maior agência de viagens do Brasil,https://play.google.com/store/apps/details?id=com.gm.decolar&hl=pt&gl=br,19,66,19,crescendo,3250480,0.0,0.0,0.0,0.0,0.0,0.0,média,25,4.04,72.0,16.0,"SerpAPI, ScrapingBee"
Compras,11,Pontofrio: Compras Online,com.sonyericsson.pontofrio,Grupo Casas Bahia S.A.,suportemobile@viavarejo.com.br,https://www.pontofrio.com.br,Compras,4.7561045,222184,31533,10.000.000+,10000000,26271612,1,0,BRL,0,0,,Classificação 10 anos,14 de out. de 2011,1782737958,8.10.58,,Vai com tudo novo: Compre no carnê e pague em 60 dias!,https://play.google.com/store/apps/details?id=com.sonyericsson.pontofrio&hl=pt&gl=br,19,65,19,crescendo,3439931,0.0,0.0,0.0,0.0,0.0,0.0,média,25,3.8,68.0,28.0,"SerpAPI, ScrapingBee"
Compras,6,Lojas Renner - Comprar Roupas,br.com.lojasrenner,Lojas Renner,atendimento@lojasrenner.com.br,https://www.lojasrenner.com.br/privacidade-seguranca,Compras,4.775246,726756,114709,10.000.000+,10000000,39068365,1,0,BRL,0,0,,Classificação 14 anos,9 de out. de 2012,1782734027,15.90.0,,"Nova Coleção: Roupas, calçados e beleza! Baixe o App e ganhe 15% OFF*",https://play.google.com/store/apps/details?id=br.com.lojasrenner&hl=pt&gl=br,19,65,19,crescendo,5204378,0.0,0.0,0.0,0.0,0.0,0.0,média,25,3.56,56.0,28.0,"SerpAPI, ScrapingBee"
Bibliotecas e Demonstrações,10,Biblioteca do Evangelho,org.lds.ldssa,The Church of Jesus Christ of Latter-day Saints,gospel-library-android@churchofjesuschrist.org,https://www.churchofjesuschrist.org/pages/mobileapps/gospellibrary,Livros e referências,4.828812,231181,12624,10.000.000+,10000000,12092184,1,0,BRL,0,0,,Classificação Livre,28 de mai. de 2010,1782837396,7.7.1-(771058.3080695),,Estudar a palavra de Deus,https://play.google.com/store/apps/details?id=org.lds.ldssa&hl=pt&gl=br,19,65,19,crescendo,1529529,0.0,0.0,0.0,0.0,0.0,0.0,média,25,4.96,100.0,0.0,"SerpAPI, ScrapingBee"
Gastronomia,2,aiqfome: delivery de tudo,com.vanuatu.aiqfome,aiqfome,ninja@aiqfome.com,https://aiqfome.com,Comer e beber,4.6267676,309309,81563,10.000.000+,10000000,10304572,1,0,BRL,0,0,,Classificação Livre,9 de jun. de 2014,1782669989,18.11.1,,Vai pedir delivery? Peça pelo aiqfome!,https://play.google.com/store/apps/details?id=com.vanuatu.aiqfome&hl=pt&gl=br,19,65,19,crescendo,1293965,0.0,0.0,0.0,0.0,0.0,0.0,média,25,3.48,60.0,40.0,"SerpAPI, ScrapingBee"
Eventos,3,Fever: Eventos & Ingressos,com.feverup.fever,Fever Labs,info@feverup.com,https://feverup.com,Eventos,4.9044547,137655,1117,10.000.000+,10000000,13836067,1,0,BRL,0,0,,Classificação 14 anos,20 de mar. de 2014,1782976413,5.216.0,,"Descubra eventos e experiências em São Paulo, Rio, Brasília e mais cidades!",https://play.google.com/store/apps/details?id=com.feverup.fever&hl=pt&gl=br,19,65,19,crescendo,1760796,0.0,0.0,0.0,0.0,0.0,0.0,média,25,4.36,84.0,16.0,"SerpAPI, ScrapingBee"
Eventos,1,Sympla: Ingressos para Eventos,com.sympla.tickets,Sympla,suporte@sympla.com.br,http://www.sympla.com.br,Eventos,4.8927593,178459,8207,10.000.000+,10000000,10366455,1,0,BRL,0,0,,Classificação Livre,2 de ago. de 2016,1782515206,13.9.0,,Descubra os melhores eventos e compre seu ingresso agora!,https://play.google.com/store/apps/details?id=com.sympla.tickets&hl=pt&gl=br,19,65,19,crescendo,1302092,0.0,0.0,0.0,0.0,0.0,0.0,média,25,4.48,88.0,12.0,"SerpAPI, ScrapingBee"
Compras,12,Riachuelo - Roupas e compras,br.com.riachuelo.app,Lojas Riachuelo,suporteapp.rchlo@riachuelo.com.br,,Compras,4.7885528,327301,43695,10.000.000+,10000000,25845790,1,0,BRL,0,0,,Classificação Livre,25 de nov. de 2019,1782496910,6.23.0,,"App de moda com maior variedade em roupas, acessórios, beleza e itens para casa.",https://play.google.com/store/apps/details?id=br.com.riachuelo.app&hl=pt&gl=br,15,65,18,crescendo,3381754,0.0,0.0,0.0,0.0,0.0,0.0,média,25,3.48,56.0,36.0,"SerpAPI, ScrapingBee"
Jogos de Ação,9,Battle Forces jogo de tiro 3d,battle.shooter.fps.online.game,Go Dreams,feedback@gardenofdreams.games,https://gardenofdreams.games/,Ação,3.931174,42543,1204,10.000.000+,10000000,16651023,1,0,BRL,1,1,"R$ 5,49 – R$ 539,99 por item",Classificação 18 anos,12 de jul. de 2022,1761820186,0.19.10,,"FPS online! Jogo de tiro grátis com batalhas PvP, ops táticos e ação intensa!",https://play.google.com/store/apps/details?id=battle.shooter.fps.online.game&hl=pt&gl=br,49,28,17,normal,1375911,167399.15,597854.11,1943025.87,370669.55,3228412.21,2001615.57,alta,25,2.84,44.0,52.0,"SerpAPI, ScrapingBee"
Produtividade,9,Trello: organize o que quiser!,com.trello,Atlassian,support@trello.com,http://trello.com/,Produtividade,4.4723516,122297,5260,10.000.000+,10000000,30427156,1,0,BRL,0,0,,Classificação Livre,8 de ago. de 2012,1782306834,Varies with device,,Baixe o Trello e experimente uma nova era de produtividade pessoal.,https://play.google.com/store/apps/details?id=com.trello&hl=pt&gl=br,19,59,17,normal,3645147,0.0,0.0,0.0,0.0,0.0,0.0,média,25,3.48,56.0,36.0,"SerpAPI, ScrapingBee"
Mapas e Navegação,4,TomTom - Mapas & Tráfego,com.tomtom.speedcams.android.map,TomTom International BV,tomtom-app-support@tomtom.com,https://www.tomtom.com/,Mapas e navegação,4.585443,202625,1565,10.000.000+,10000000,10184371,1,0,BRL,0,0,,Classificação Livre,20 de jan. de 2020,1782926824,16.27.0-production,,AmiGO agora é TomTom,https://play.google.com/store/apps/details?id=com.tomtom.speedcams.android.map&hl=pt&gl=br,19,59,17,normal,1278186,0.0,0.0,0.0,0.0,0.0,0.0,média,25,4.04,76.0,16.0,"SerpAPI, ScrapingBee"
Jogos de Aventura,8,Survival Island: EVO 2,com.dbSoftware.sievolve,Not Found Games,help@notfoundgames.com,https://notfoundgames.com/,Aventura,3.8448353,209117,11622,10.000.000+,10000000,20546545,1,0,BRL,1,1,"R$ 4,19 – R$ 479,99 por item",Classificação 10 anos,24 de jun. de 2016,1783007078,0.3.252,,Survival Island EVO: Por quanto tempo você pode sobreviver na natureza selvagem?,https://play.google.com/store/apps/details?id=com.dbSoftware.sievolve&hl=pt&gl=br,19,49,15,normal,2056502,339543.77,1212656.31,3941133.02,751846.91,6548344.09,4059973.34,alta,25,2.6,40.0,60.0,"SerpAPI, ScrapingBee"
Esportes,11,AiScore - Resultados ao Vivo,com.onesports.score,AiScore Sports,service@aiscore.com,https://www.aiscore.com,Esportes,3.8851674,104964,4922,10.000.000+,10000000,29039110,1,0,BRL,1,1,"R$ 4,09 – R$ 1.499,99 por item",Classificação 10 anos,27 de ago. de 2019,1782388370,4.2.3,,"Placar ao vivo, futebol estatisticas e Brasileirão resultados",https://play.google.com/store/apps/details?id=com.onesports.score&hl=pt&gl=br,19,49,15,normal,3471794,53317.66,190420.22,618865.72,118060.54,1028269.19,637526.9,alta,25,3.16,44.0,40.0,"SerpAPI, ScrapingBee"
Personalização,1,Wallpaper Tema +HOME Launcher,jp.co.a_tm.android.launcher,+HOME by Ateam Entertainment,info+android@atm-plushome.com,https://www.ateam-entertainment.com/ja/services/,Personalização,3.955322,346831,10038,10.000.000+,10000000,38729637,1,0,BRL,1,1,"R$ 2,79 – R$ 3,19 por item",Classificação Livre,27 de out. de 2011,1782451274,4.1.9,,Personalize seu smartphone comlindos temas e papel de parede HD!,https://play.google.com/store/apps/details?id=jp.co.a_tm.android.launcher&hl=pt&gl=br,19,49,15,normal,4688475,8716.65,31130.89,101175.39,19301.15,168106.8,104226.22,alta,25,4.16,80.0,12.0,"SerpAPI, ScrapingBee"
Fotografia,15,Editor de fotos esboçadas,gr.pixelab.sketch,Pixelab,pixelab@isystem.gr,http://www.isystemgroup.org,Fotografia,3.8085105,67824,1316,10.000.000+,10000000,18541095,1,0,BRL,1,1,"R$ 5,49 – R$ 10,99 por item",Classificação 14 anos,6 de abr. de 2015,1701542879,1.41,,Transforme suas fotos e vídeos em esboços a lápis,https://play.google.com/store/apps/details?id=gr.pixelab.sketch&hl=pt&gl=br,49,18,14,normal,1811119,4839.69,17284.6,56174.94,10716.45,93336.83,57868.83,alta,25,3.84,68.0,24.0,"SerpAPI, ScrapingBee"
Jogos Arcade,4,PAC-MAN 256 - Endless Maze,eu.bandainamcoent.pacman256,BANDAI NAMCO Entertainment Europe,support-pacman256@bandainamcoent.eu,https://en.bandainamcoent.eu/,Arcade,3.6910973,471881,16665,10.000.000+,10000000,41821342,1,0,BRL,1,1,"R$ 3,90 – R$ 18,90 por item",Classificação Livre,18 de ago. de 2015,1777537375,2.1.5,,"Dos criadores de Crossy Road, PAC-MAN 256 é o labirinto que nunca acaba.",https://play.google.com/store/apps/details?id=eu.bandainamcoent.pacman256&hl=pt&gl=br,19,44,13,normal,3597968,27884.44,99587.28,323658.66,61744.11,537771.3,333418.21,alta,25,3.32,52.0,40.0,"SerpAPI, ScrapingBee"
Encontros,8,Badoo - conversas e encontros,com.badoo.twa,Badoo,android.support@badoo.com,http://www.badoo.com,Encontros,3.4250765,28727,3157,10.000.000+,10000000,11281257,1,0,BRL,1,1,"R$ 1,90 – R$ 939,99 por item",Classificação 14 anos,14 de fev. de 2020,1716214752,1.6,,Há mais de 460 milhões de pessoas no Badoo e há uma nova ligação a cada segundo!,https://play.google.com/store/apps/details?id=com.badoo.twa&hl=pt&gl=br,49,7,12,normal,1077625,307621.89,1098649.62,3570611.26,681162.76,5932707.95,3678278.93,alta,25,2.92,48.0,52.0,"SerpAPI, ScrapingBee"
Quadrinhos,1,WebComics - Webtoon & Manga,com.webcomics.manga,WEBCOMICS HOLDINGS HK LIMITED,webcomics@sidewalkgroup.com,https://www.webcomicsapp.com/,Quadrinhos,2.630522,234394,1232,10.000.000+,10000000,15940568,1,0,BRL,1,1,"R$ 2,49 – R$ 314,99 por item",Classificação 18 anos,19 de jan. de 2018,1782912037,3.8.85,,"Read amazing and stunning Manga, Comics & Manhwa series of all genres!",https://play.google.com/store/apps/details?id=com.webcomics.manga&hl=pt&gl=br,19,39,12,normal,1855961,125594.86,448553.08,1457797.5,278102.91,2422186.61,1501755.7,alta,25,2.36,28.0,64.0,"SerpAPI, ScrapingBee"
Arte e Design,4,Artmate: Drawing Together,com.trace.art.draw.drawing.paint,Braly JSC,feedback.outlaw@bralyvn.com,https://bralyvn.com/app-ads.txt,Arte e design,,,,10.000.000+,10000000,10996973,1,0,BRL,1,0,,Classificação Livre,,,Varies with device,,Draw together with friends! A fun multiplayer drawing app with easy lessons.,https://play.google.com/store/apps/details?id=com.trace.art.draw.drawing.paint&hl=pt&gl=br,57,0,12,normal,1049251,407.19,1454.26,4726.35,698.05,7853.02,3769.45,média,0,0.0,0.0,0.0,"SerpAPI, ScrapingBee"
Compras,3,enjoei: comprar e vender roupa,br.com.enjoei.app,enjoei,ajuda@enjoei.com.br,http://www.enjoei.com.br,Compras,4.086741,246936,104074,10.000.000+,10000000,41575701,1,0,BRL,0,0,,Classificação 14 anos,2 de jul. de 2015,1782135680,62.7.0,,"promoções de roupas, sapatos e acessórios. compre e venda online",https://play.google.com/store/apps/details?id=br.com.enjoei.app&hl=pt&gl=br,19,49,7,normal,5048374,0.0,0.0,0.0,0.0,0.0,0.0,média,25,3.96,72.0,20.0,"SerpAPI, ScrapingBee"
Jogos de Simulação,8,Construction Simulator 3 Lite,com.astragon.cs3lite,astragon Entertainment GmbH,support.cs3@astragon.com,http://www.construction-simulator.com,Simulador,3.5425904,100697,3839,10.000.000+,10000000,26713494,1,0,BRL,1,1,"R$ 3,59 – R$ 91,99 por item",Classificação Livre,26 de jun. de 2019,1759436302,1.1.1474,,Construction Simulator 3 volta à Europa!,https://play.google.com/store/apps/details?id=com.astragon.cs3lite&hl=pt&gl=br,19,15,6,normal,2254010,48956.49,174844.6,568244.96,108403.65,944160.85,585379.73,alta,25,3.64,64.0,28.0,"SerpAPI, ScrapingBee"
Educação,5,Khan Academy,org.khanacademy.android,Khan Academy,androidfeedback@khanacademy.org,https://khanacademy.org,Educação,4.0143228,172483,6830,10.000.000+,10000000,32297269,1,0,BRL,0,0,,Classificação Livre,22 de set. de 2015,1771968870,8.4.1,,Podes aprender qualquer coisa! Gratuitamente!,https://play.google.com/store/apps/details?id=org.khanacademy.android&hl=pt&gl=br,19,38,4,normal,3232687,0.0,0.0,0.0,0.0,0.0,0.0,média,25,3.32,56.0,40.0,"SerpAPI, ScrapingBee"
Redes Sociais,6,Bluesky,xyz.blueskyweb.app,Bluesky PBLLC,support@bsky.app,https://bsky.app,Social,3.5273159,56989,5475,10.000.000+,10000000,14813572,1,0,BRL,0,0,,Classificação 18 anos,9 de abr. de 2023,1782756134,1.126.0,,Social que é realmente social,https://play.google.com/store/apps/details?id=xyz.blueskyweb.app&hl=pt&gl=br,49,39,2,normal,1719084,0.0,0.0,0.0,0.0,0.0,0.0,média,25,3.68,56.0,20.0,"SerpAPI, ScrapingBee"
Mapas e Navegação,12,Mapas e navegação do HERE WeGo,com.here.app.maps,HERE Europe B.V.,appsupport@here.com,https://www.here.com/products/wego,Mapas e navegação,3.4179652,501060,22119,10.000.000+,10000000,41060200,1,0,BRL,0,0,,Classificação Livre,9 de out. de 2014,1782378790,4.20.100,,Aproveite a viagem,https://play.google.com/store/apps/details?id=com.here.app.maps&hl=pt&gl=br,19,39,0,normal,4983109,0.0,0.0,0.0,0.0,0.0,0.0,média,25,3.16,44.0,32.0,"SerpAPI, ScrapingBee"
Finanças,3,XP Investimentos,br.com.xp.carteira,XP INVESTIMENTOS CCTVM S.A.,appxpinvestimentos@xpi.com.br,http://www.xpi.com.br,Finanças,3.8714817,313069,79737,10.000.000+,10000000,10529524,1,0,BRL,0,0,,Classificação Livre,26 de jan. de 2018,1782649652,4.167.0,,"Investimento, conta digital, Pix, pagamentos e mais em um só app.",https://play.google.com/store/apps/details?id=br.com.xp.carteira&hl=pt&gl=br,19,49,0,normal,1203197,0.0,0.0,0.0,0.0,0.0,0.0,média,25,2.68,40.0,56.0,"SerpAPI, ScrapingBee"
Finanças,1,Rico: só vantagem pra investir,br.com.rico.mobile,RICO.COM.VC,avaliacaoapp@rico.com.vc,http://www.rico.com.vc,Finanças,3.9435127,270103,94622,10.000.000+,10000000,11554689,1,0,BRL,0,0,,Classificação Livre,3 de ago. de 2016,1782605632,4.167.0,,Rentabilíssimas: produtos exclusivos de renda fixa com rentabilidade imbatível!,https://play.google.com/store/apps/details?id=br.com.rico.mobile&hl=pt&gl=br,19,49,0,normal,1325936,0.0,0.0,0.0,0.0,0.0,0.0,média,25,2.56,40.0,56.0,"SerpAPI, ScrapingBee"
Entretenimento,12,TV Time: Seguir Séries e filme,com.tozelabs.tvshowtime,Whip Networks,support@tvtime.com,https://www.tvtime.com,Entretenimento,3.938547,551116,41887,10.000.000+,10000000,27876712,1,0,BRL,0,0,,Classificação 16 anos,8 de nov. de 2013,1780473176,10.11.0+2026052201,,Acompanhe o que você está assistindo!,https://play.google.com/store/apps/details?id=com.tozelabs.tvshowtime&hl=pt&gl=br,19,47,0,normal,2772406,0.0,0.0,0.0,0.0,0.0,0.0,média,25,4.72,92.0,8.0,"SerpAPI, ScrapingBee"
