categoria,rank,title,app_id,developer,developer_email,developer_website,genre,score,ratings,reviews,installs,min_installs,real_installs,free,price,currency,contains_ads,offers_iap,iap_price,content_rating,released,updated,version,android_version,summary,url,indie_score,growth_score,opportunity_score,perfil_detectado,estimated_mau,revenue_monthly_usd_low,revenue_monthly_usd_base,revenue_monthly_usd_high,profit_monthly_usd_base,revenue_monthly_brl_base,profit_monthly_brl_base,financial_confidence,review_count_collected,review_score_avg_recent,review_positive_pct,review_negative_pct,external_sources_used
Negócios · ERP para Pequenos Negócios,14,Controle de Estoque Online,io.controle.estoque,Aleff,aleffbruno@gmail.com,https://nodemailer-mycanlendarionic.onrender.com/,Produtividade,4.79,522,302,10.000+,10000,28985,1,0,BRL,1,1,"R$ 12,99 – R$ 1.099,99 por item",Classificação Livre,21 de jun. de 2024,1783649666,0.0.155,,"App de controle de estoque e produtos: entradas, saídas, código de barras",https://play.google.com/store/apps/details?id=io.controle.estoque&hl=pt&gl=br,100,70,96,pequeno/indie,2663,76.51,273.24,888.03,169.41,1475.5,914.81,média,25,4.68,88.0,0.0,"SerpAPI, Firecrawl"
Personalização · Widgets,21,Temas Celular Ícones Widgets,ac.themes.wallpapers.widgets,App Craze,allappsfeedback@gmail.com,https://appcraze.co/,Personalização,4.8627453,1830,64,100.000+,100000,211061,1,0,BRL,1,1,"R$ 4,89 – R$ 104,99 por item",Classificação Livre,17 de fev. de 2026,1784284464,59.0,,"Personalize seu telefone com ícones, temas e widgets facilmente.",https://play.google.com/store/apps/details?id=ac.themes.wallpapers.widgets&hl=pt&gl=br,100,61,94,pequeno/indie,18165,284.55,1016.24,3302.79,630.07,5487.71,3402.38,média,25,4.76,96.0,4.0,"SerpAPI, Firecrawl"
Personalização · Widgets,11,Material You Widgets,com.appslab.materialyou.widgetspro,AppsLab Co.,support@appslab.co,https://appslab.co/,Personalização,4.73,5461,85,50.000+,50000,78883,0,2.39,BRL,0,1,"R$ 10,99 – R$ 55,99 por item",Classificação Livre,28 de mai. de 2025,1783142890,2.5,,Mais de 300 widgets inspirados no design expressivo do Material You e do Material 3.,https://play.google.com/store/apps/details?id=com.appslab.materialyou.widgetspro&hl=pt&gl=br,100,61,94,pequeno/indie,7702,1701.43,6076.53,19748.71,3767.45,32813.24,20344.21,média,25,4.8,92.0,0.0,"SerpAPI, Firecrawl"
Personalização · Ícones e Temas,4,Temas Celular Ícones Widgets,ac.themes.wallpapers.widgets,App Craze,allappsfeedback@gmail.com,https://appcraze.co/,Personalização,4.8627453,1830,64,100.000+,100000,211061,1,0,BRL,1,1,"R$ 4,89 – R$ 104,99 por item",Classificação Livre,17 de fev. de 2026,1784284464,59.0,,"Personalize seu telefone com ícones, temas e widgets facilmente.",https://play.google.com/store/apps/details?id=ac.themes.wallpapers.widgets&hl=pt&gl=br,100,61,94,pequeno/indie,18165,284.55,1016.24,3302.79,630.07,5487.71,3402.38,média,25,4.76,96.0,4.0,"SerpAPI, Firecrawl"
Negócios · ERP para Pequenos Negócios,9,"Jarbas: PDV, vendas e estoque",com.jarbas.jarbas,Jarbas Software e Servicos,help@jarbas.app,https://jarbas.app,Negócios,4.806667,2273,301,100.000+,100000,104332,1,0,BRL,0,1,"R$ 9,99 – R$ 399,99 por item",Classificação Livre,19 de ago. de 2021,1784137305,2.7.64,,"Melhore seu negócio: estoque, pdv, finanças, pedidos, gestão financeira, venda",https://play.google.com/store/apps/details?id=com.jarbas.jarbas&hl=pt&gl=br,100,61,94,pequeno/indie,10354,1716.05,6128.76,19918.47,3799.83,33095.3,20519.09,média,25,4.48,92.0,8.0,"SerpAPI, Firecrawl"
Negócios · ERP para Pequenos Negócios,8,Estoque Fácil 2.0,rodsoftware.br.com.estoquefacil2,Rodsoftware Desenvolvimento de Sistemas LTDA.,rodrigo.estoquefacil@hotmail.com,,Finanças,4.6931624,11867,6448,100.000+,100000,410820,1,0,BRL,0,1,"R$ 0,99 – R$ 179,00 por item",Classificação Livre,12 de mai. de 2018,1780960919,245.0,,"Controle estoque e vendas sem complicação. Tudo no celular, em minutos.",https://play.google.com/store/apps/details?id=rodsoftware.br.com.estoquefacil2&hl=pt&gl=br,100,60,94,pequeno/indie,36665,2921.91,10435.41,33915.08,6469.95,56351.22,34937.75,alta,25,4.6,88.0,8.0,"SerpAPI, Firecrawl"
Negócios · ERP para Pequenos Negócios,6,"Pedidos, Estoque e Financeiro",com.quardmobile.vendas,Quard Sistemas,suporte@neoquard.com.br,http://vendasmobile.neoquard.com.br,Negócios,4.738983,3872,2551,100.000+,100000,332049,1,0,BRL,0,1,"R$ 1,99 – R$ 131,99 por item",Classificação Livre,31 de dez. de 2014,1784118607,8083,,"Vendas Mobile permite realizar Pedidos, Vendas, Estoque e Controle Financeiro.",https://play.google.com/store/apps/details?id=com.quardmobile.vendas&hl=pt&gl=br,100,62,94,pequeno/indie,35157,1904.17,6800.6,22101.97,4216.38,36723.27,22768.43,média,25,4.48,88.0,12.0,"SerpAPI, Firecrawl"
Personalização · Widgets,13,Widget Studio: Crie Widgets,studio.widgets.android,Olyndo Apps,admin.apps@olyndo.com,https://olyndo.com,Personalização,4.517857,478,17,50.000+,50000,63026,1,0,BRL,1,1,"R$ 6,99 – R$ 112,99 por item",Classificação Livre,16 de jul. de 2025,1777568841,1.3.1,,"Crie widgets personalizados: Foto, Relógio, Clima, Eventos e mais.",https://play.google.com/store/apps/details?id=studio.widgets.android&hl=pt&gl=br,100,57,93,pequeno/indie,5060,119.94,428.35,1392.12,265.57,2313.06,1434.1,média,16,3.62,62.5,31.2,"SerpAPI, Firecrawl"
Negócios · ERP para Pequenos Negócios,5,Controle de Estoque Fácil,com.cristianwdev.estoquefacil,Cristian Correia,suportccapps@gmail.com,https://app-ads-ce234.web.app/,Produtividade,4.85,572,261,10.000+,10000,26258,1,0,BRL,1,1,"R$ 9,90 por item",Classificação Livre,26 de dez. de 2024,1784228460,5.0.9,,"App eficiente para gestão de estoque, rastreie entradas, saídas em tempo real.",https://play.google.com/store/apps/details?id=com.cristianwdev.estoquefacil&hl=pt&gl=br,100,58,93,pequeno/indie,2398,20.12,71.85,233.52,44.55,388.0,240.56,média,25,4.96,100.0,0.0,"SerpAPI, Firecrawl"
Negócios · ERP para Pequenos Negócios,2,Controle de estoque - Kontro,com.br.kontro,Catálogo Virtual e Controle de Estoque - Kontro,oi@kontro.com.br,https://kontro.app,Negócios,4.85,294,210,50.000+,50000,59430,1,0,BRL,0,1,"R$ 39,90 – R$ 589,99 por item",Classificação Livre,27 de abr. de 2024,1782934821,2.9.11,,"Catálogo virtual, controle de vendas & estoque & fiados, PDV, lucro & custo",https://play.google.com/store/apps/details?id=com.br.kontro&hl=pt&gl=br,100,56,93,pequeno/indie,5706,1453.01,5189.31,16865.27,3217.38,28022.3,17373.83,média,25,4.84,96.0,4.0,"SerpAPI, Firecrawl"
Personalização · Ícones e Temas,14,Juno Icon Pack,studio14.application.juno,One4Studio,info@one4studio.com,http://www.one4studio.com,Personalização,4.4947367,1215,42,100.000+,100000,319928,1,0,BRL,0,1,"R$ 8,99 – R$ 249,99 por item",Classificação Livre,26 de nov. de 2018,1784218314,7.6.1,,"Juno pacote de ícones consistem em ícones coloridos e modernos, com alguns gradientes agradáveis.",https://play.google.com/store/apps/details?id=studio14.application.juno&hl=pt&gl=br,100,54,92,pequeno/indie,30732,1685.34,6019.07,19561.97,3731.82,32502.97,20151.84,média,25,4.52,84.0,8.0,"SerpAPI, Firecrawl"
Personalização · Launchers,9,Octopi Launcher,com.otp.octopilauncher,OctopiAppFactory,octopiappfactory@gmail.com,,Personalização,4.5531917,1468,33,100.000+,100000,164707,1,0,BRL,0,1,"R$ 4,89 – R$ 16,99 por item",Classificação Livre,27 de mai. de 2025,1784127469,1.842,,O lançador que tenta ser diferente,https://play.google.com/store/apps/details?id=com.otp.octopilauncher&hl=pt&gl=br,100,54,92,pequeno/indie,16777,77.73,277.61,902.22,172.12,1499.08,929.43,média,25,4.6,88.0,0.0,"SerpAPI, Firecrawl"
Personalização · Launchers,6,Simple Launcher - Home Screen,com.simpleapp.simplelauncher,NTS.Dev,ntsdevs@gmail.com,https://simpleappdesignvn.blogspot.com,Personalização,4.476923,23796,586,1.000.000+,1000000,1267686,1,0,BRL,1,1,"R$ 5,99 – R$ 80,99 por item",Classificação Livre,12 de ago. de 2024,1782920729,3.2.3,,Simple Launcher é a melhor experiência na tela inicial,https://play.google.com/store/apps/details?id=com.simpleapp.simplelauncher&hl=pt&gl=br,94,58,92,pequeno/indie,130871,2497.29,8918.89,28986.39,5529.71,48162.0,29860.44,alta,25,4.72,92.0,8.0,"SerpAPI, Firecrawl"
Personalização · Papéis de Parede,25,Vídeo Papel de Parede Animado,com.smartappcraft.video.wallpaper.maker,Smart App Craft,smartappcraft@gmail.com,https://myvideo.smartappcraft.com/,Personalização,4.6237626,8807,379,500.000+,500000,666312,1,0,BRL,0,1,"R$ 19,99 – R$ 49,99 por item",Classificação Livre,22 de fev. de 2025,1779470355,3.14,,Transforme vídeos em wallpapers animados. Imagens de fundo 4K e temas incríveis.,https://play.google.com/store/apps/details?id=com.smartappcraft.video.wallpaper.maker&hl=pt&gl=br,94,58,92,pequeno/indie,61007,821.85,2935.16,9539.28,1819.8,15849.88,9826.93,alta,25,4.4,88.0,12.0,"SerpAPI, Firecrawl"
Personalização · Papéis de Parede,18,Chill Live Wallpaper,com.chilllive.chillwallpaperproject,Chill Live,support@chillstudioapps.com,https://github.com/ChillLive/ChillLiveWallpaperProject,Personalização,4.5625,1282,11,100.000+,100000,207054,1,0,BRL,0,1,"R$ 5,49 – R$ 109,99 por item",Classificação Livre,10 de jul. de 2023,1782140819,1.2.3,,"Seu papel de parede animado muda com o tempo e o clima. Minimalista, tranquilo e econômico em termos de bateria.",https://play.google.com/store/apps/details?id=com.chilllive.chillwallpaperproject&hl=pt&gl=br,100,52,92,pequeno/indie,21362,522.37,1865.6,6063.21,1156.67,10074.25,6246.03,média,11,5.0,100.0,0.0,"SerpAPI, Firecrawl"
Negócios · ERP para Pequenos Negócios,20,Estoque Simples,br.com.gameloop.estoquesimples,André F.,andre@gameloop.com.br,https://andrefortunato.dev.br,Produtividade,4.498371,3090,1621,100.000+,100000,176186,1,0,BRL,1,1,"R$ 12,99 por item",Classificação Livre,2 de jan. de 2017,1783540913,17,,"Facilita o controle do seu estoque de forma simples, rápida e eficiente.",https://play.google.com/store/apps/details?id=br.com.gameloop.estoquesimples&hl=pt&gl=br,100,55,92,pequeno/indie,16376,174.4,622.85,2024.28,386.17,3363.41,2085.32,média,25,3.88,68.0,20.0,"SerpAPI, Firecrawl"
Negócios · CRM e Vendas,24,Bigin by Zoho CRM,com.zoho.bigin,Zoho Corporation,bigin@zohomobile.com,https://www.zoho.com/bigin/,Negócios,4.732673,2531,117,500.000+,500000,587155,1,0,BRL,0,1,"R$ 45,99 – R$ 1.499,99 por item",Classificação Livre,11 de dez. de 2019,1783670171,2.0.5,,Sales CRM for Small Businesses,https://play.google.com/store/apps/details?id=com.zoho.bigin&hl=pt&gl=br,92,60,92,pequeno/indie,64086,2530.06,9035.92,29366.75,5602.27,48793.98,30252.27,média,25,4.8,96.0,4.0,"SerpAPI, Firecrawl"
Negócios · CRM e Vendas,3,Pocket CRM - Clientes e Leads,com.mindweaver.pocketcrm,VividSphere LLP,contact@vividsphere.co,https://vividsphere.co,Negócios,4.571429,1436,10,100.000+,100000,111015,1,0,BRL,0,1,"R$ 19,99 – R$ 179,00 por item",Classificação Livre,5 de jul. de 2020,1783348699,4.5.1,,"CRM para Pequenos Negócios: Gerencie Leads, Contatos, Impulsione Vendas",https://play.google.com/store/apps/details?id=com.mindweaver.pocketcrm&hl=pt&gl=br,100,53,92,pequeno/indie,11056,889.44,3176.58,10323.89,1969.48,17153.54,10635.2,média,11,3.36,45.5,27.3,"SerpAPI, Firecrawl"
Negócios · ERP para Pequenos Negócios,3,Mobile Inventory: Contagem,ro.bino.inventory,Bino Solutions,support@mobileinventory.net,https://www.mobileinventory.net,Negócios,4.6831684,2036,32,500.000+,500000,558836,1,0,BRL,0,1,"R$ 7,88 – R$ 2.199,99 por item",Classificação Livre,20 de out. de 2015,1782375681,Montsant - 7.5.p17,,"Contagem de estoque em equipe, leitura de códigos de barras e controle offline.",https://play.google.com/store/apps/details?id=ro.bino.inventory&hl=pt&gl=br,92,59,91,pequeno/indie,60837,1788.42,6387.21,20758.43,3960.07,34490.93,21384.38,média,25,4.64,92.0,0.0,"SerpAPI, Firecrawl"
Personalização · Ícones e Temas,10,Aura Icon Pack,studio14.application.auraicons,One4Studio,info@one4studio.com,http://www.one4studio.com,Personalização,4.49,1919,96,500.000+,500000,674397,1,0,BRL,0,1,"R$ 8,99 – R$ 249,99 por item",Classificação Livre,18 de jul. de 2018,1784218273,7.6.1,,IOS colorido e moderno como ícones com alguns gradientes agradáveis.,https://play.google.com/store/apps/details?id=studio14.application.auraicons&hl=pt&gl=br,92,55,90,pequeno/indie,67403,3696.37,13201.31,42904.25,8184.81,71287.06,44197.98,média,25,4.36,84.0,12.0,"SerpAPI, Firecrawl"
Personalização · Papéis de Parede,3,Pix Wallpapers,com.pashapuma.pix.wallpapers,PashaPuma Design,Pashapuma1@gmail.com,https://twitter.com/pashapuma1,Personalização,4.48,3018,53,500.000+,500000,823176,1,0,BRL,0,1,"R$ 5,49 – R$ 53,99 por item",Classificação Livre,14 de jul. de 2020,1774969046,4.6.3,,Pix Wallpapers - Papéis de parede exclusivos de designers e  de banco de imagens,https://play.google.com/store/apps/details?id=com.pashapuma.pix.wallpapers&hl=pt&gl=br,100,46,90,pequeno/indie,69274,793.18,2832.8,9206.6,1756.34,15297.12,9484.21,média,25,4.72,96.0,4.0,"SerpAPI, Firecrawl"
Negócios · ERP para Pequenos Negócios,11,Controle de vendas e estoque,com.firebaseapp.salesinvetory,Beauty Tools Apps,beautytoolshelp@gmail.com,https://controledeestoque.web.app/,Negócios,4.58,258,126,10.000+,10000,35347,1,0,BRL,1,1,"R$ 9,99 – R$ 49,90 por item",Classificação Livre,13 de dez. de 2024,1777683807,2.8,,Controle suas vendas e estoque de forma simples e prática,https://play.google.com/store/apps/details?id=com.firebaseapp.salesinvetory&hl=pt&gl=br,100,44,90,pequeno/indie,2740,63.48,226.7,736.78,140.55,1224.18,758.99,média,25,4.64,88.0,0.0,"SerpAPI, Firecrawl"
Personalização · Widgets,20,Themes: Wallpaper & Widgets,com.flyer.theme,ImoDevel,inventafrica5@gmail.com,https://rhynhawlk.dev/,Personalização,4.6181817,20345,454,1.000.000+,1000000,1736105,1,0,BRL,1,1,"R$ 4,99 – R$ 104,99 por item",Classificação Livre,9 de fev. de 2026,1782881151,12.0,,"Temas - Deixe seu celular incrível com papéis de parede, widgets e ícones de aplicativos personalizados.",https://play.google.com/store/apps/details?id=com.flyer.theme&hl=pt&gl=br,79,63,89,pequeno/indie,200281,4797.2,17132.85,55681.77,10622.37,92517.41,57360.79,alta,25,4.64,92.0,0.0,"SerpAPI, Firecrawl"
Personalização · Ícones e Temas,24,LineX Icon Pack,com.jndapp.line.x.iconpack,JustNewDesigns,justnewdesigns@gmail.com,,Personalização,4.49,6939,185,100.000+,100000,258543,0,4.19,BRL,0,1,"R$ 3,09 – R$ 30,99 por item",Classificação Livre,16 de dez. de 2018,1769580514,7.8,,Olhar incrivelmente diferente com ícones de linha e cores de néon,https://play.google.com/store/apps/details?id=com.jndapp.line.x.iconpack&hl=pt&gl=br,100,42,89,pequeno/indie,20457,8879.91,31713.97,103070.4,19662.66,171255.43,106178.37,alta,25,4.16,80.0,16.0,"SerpAPI, Firecrawl"
Negócios · Nota Fiscal e Contabilidade,14,"MEI Gratis - CNPJ, DAS, Vendas",br.com.qipu.meigratis,Codex Tecnologia,contato@meigratis.app,https://meigratis.app,Negócios,4.7394137,3100,806,100.000+,100000,482637,1,0,BRL,0,1,"R$ 9,99 – R$ 99,00 por item",Classificação Livre,9 de abr. de 2020,1763059407,2.18.2,,"Cuide do seu MEI: abertura, CNPJ, emissão DAS, loja e vendas, PIX, Radar CNPJ.",https://play.google.com/store/apps/details?id=br.com.qipu.meigratis&hl=pt&gl=br,100,40,89,pequeno/indie,43446,1252.95,4474.84,14543.22,2774.4,24164.12,14981.76,média,25,3.72,64.0,32.0,"SerpAPI, Firecrawl"
Personalização · Launchers,22,Tem principais do AlphaLaunchr,launcher.alpha.prime,AppTech Launcher Studios Inc,thealphalauncher@gmail.com,https://arclauncher.com/,Personalização,4.6,3240,124,10.000+,10000,29624,0,16.99,BRL,0,0,,Classificação Livre,26 de jun. de 2019,1761632632,15.2,,"Economiza tempo 3x, Pegue suas coisas em uma torneira com Alpha",https://play.google.com/store/apps/details?id=launcher.alpha.prime&hl=pt&gl=br,100,38,88,pequeno/indie,2271,826.22,2950.78,9590.05,1829.49,15934.24,9879.23,média,25,4.04,76.0,24.0,"SerpAPI, Firecrawl"
Personalização · Papéis de Parede,8,Papel de Parede 4K: PhoneWalls,com.phonewalls.stockwallpapers,YTECHB,phonewallsapp@ytechb.com,https://www.phonewalls.in,Personalização,4.6,17222,166,1.000.000+,1000000,1874051,1,0,BRL,1,1,"R$ 5,99 – R$ 114,99 por item",Classificação Livre,26 de jun. de 2020,1783056635,3.1.9,,"5000+ 4K, papéis de parede animados, depth effect e editor grátis para celular.",https://play.google.com/store/apps/details?id=com.phonewalls.stockwallpapers&hl=pt&gl=br,69,63,87,oportunidade,217016,5703.53,20369.75,66201.7,12629.25,109996.68,68197.94,alta,25,4.32,84.0,12.0,"SerpAPI, Firecrawl"
Personalização · Widgets,22,Glassy Widgets: Glassmorfismo,com.glassywidgets.app,WidgetVibes,support@widgetvibes.com,https://widgetvibes.com/,Personalização,4.0,241,0,50.000+,50000,50012,1,0,BRL,1,1,"R$ 4,99 – R$ 79,00 por item",Classificação Livre,28 de mar. de 2026,1782381262,1.1.7,,"Widgets e ícones premium com efeito de vidro, desfoque e transparência.",https://play.google.com/store/apps/details?id=com.glassywidgets.app&hl=pt&gl=br,100,63,86,pequeno/indie,4320,79.4,283.57,921.62,175.82,1531.3,949.41,média,0,0.0,0.0,0.0,"SerpAPI, Firecrawl"
Personalização · Widgets,23,Criador de Widgets Coloridos,com.colorwidgets.newwidget.magicwidgets,GeniusTools Labs,support.colorfulwidget@geniustoolslabs.com,https://geniustoolslabs.com/colorfulwidget,Personalização,4.47,9018,172,500.000+,500000,959785,1,0,BRL,1,1,"R$ 5,49 – R$ 549,99 por item",Classificação Livre,15 de dez. de 2022,1768832286,19.1.3,,Decore sua tela inicial com Widgets Estéticos personalizados!,https://play.google.com/store/apps/details?id=com.colorwidgets.newwidget.magicwidgets&hl=pt&gl=br,84,42,85,pequeno/indie,81410,8754.38,31265.63,101613.3,19384.69,168834.41,104677.33,alta,25,3.92,68.0,20.0,"SerpAPI, Firecrawl"
Negócios · CRM e Vendas,18,LEADer CRM Leads & Vendas,com.katans.leader,Leader AI Labs LLC,support@leader.net,http://www.leader.net,Negócios,4.3,8617,314,100.000+,100000,492014,1,0,BRL,0,1,"R$ 8,49 – R$ 1.899,99 por item",Classificação Livre,12 de set. de 2017,1784094997,4.8.19,,"Monitoramento Grátis de CRM & Vendas para Acompanhar Clientes, Leads & Vendas",https://play.google.com/store/apps/details?id=com.katans.leader&hl=pt&gl=br,100,57,85,pequeno/indie,48366,1425.87,5092.39,16550.27,3157.28,27498.92,17049.33,alta,25,3.56,60.0,32.0,"SerpAPI, Firecrawl"
Personalização · Ícones e Temas,23,App Icon Editor & Changer,com.icon.changer.theme.changer.pack,GeniusTools Labs,support.iconchanger@geniustoolslabs.com,https://geniustoolslabs.com/iconchanger,Personalização,4.64,4603,44,1.000.000+,1000000,1175856,1,0,BRL,1,1,"R$ 5,49 – R$ 549,99 por item",Classificação Livre,29 de nov. de 2021,1739358331,2.1.3,,App Icon Editor & Changer - create custom icons with icon themer & icon maker,https://play.google.com/store/apps/details?id=com.icon.changer.theme.changer.pack&hl=pt&gl=br,92,30,84,pequeno/indie,110852,8582.67,30652.38,99620.23,19004.47,165522.84,102624.16,média,25,4.68,92.0,8.0,"SerpAPI, Firecrawl"
Personalização · Ícones e Temas,20,"Temas, Widgets e Ícones",com.highsecure.themes.widgets,highsecure,highsecure.global@gmail.com,http://high-secure.appspot.com/,Personalização,4.5049505,860,99,100.000+,100000,172207,1,0,BRL,1,0,,Classificação Livre,4 de fev. de 2026,,Varies with device,,"Temas estéticos, widgets, ícones e papéis de parede para decorar a tela inicial",https://play.google.com/store/apps/details?id=com.highsecure.themes.widgets&hl=pt&gl=br,100,21,84,pequeno/indie,14654,6.37,22.75,73.93,10.92,122.84,58.96,média,25,4.48,92.0,4.0,"SerpAPI, Firecrawl"
Personalização · Ícones e Temas,18,Themepack & Icon Changer,com.dqhuynh.wallpaper.themewidget,DictionaryAndTranslator,support.themepackchanger@dictionarytranslator.app,https://dictionarytranslator.app/themepackchanger,Personalização,4.54,6849,66,500.000+,500000,513991,1,0,BRL,1,1,"R$ 5,49 – R$ 549,99 por item",Classificação Livre,4 de set. de 2024,1764259279,2.1.2,,Experimente o Themepack e o App Icon Changer agora mesmo. Use o Icon Pack App Changer hoje mesmo.,https://play.google.com/store/apps/details?id=com.dqhuynh.wallpaper.themewidget&hl=pt&gl=br,84,37,84,pequeno/indie,46423,3594.33,12836.91,41719.95,7958.88,69319.31,42977.97,alta,25,3.92,76.0,24.0,"SerpAPI, Firecrawl"
Personalização · Launchers,3,AIO Launcher,ru.execbit.aiolauncher,AIO Mobile Soft,zobnin@gmail.com,https://aiolauncher.app,Personalização,4.39,16888,237,1.000.000+,1000000,1278510,1,0,BRL,0,1,"R$ 5,49 – R$ 51,99 por item",Classificação Livre,4 de nov. de 2017,1784339255,7.3.0,,Tudo que você precisa em uma tela,https://play.google.com/store/apps/details?id=ru.execbit.aiolauncher&hl=pt&gl=br,94,58,84,pequeno/indie,110037,876.64,3130.86,10175.28,1941.13,16906.62,10482.1,alta,25,4.28,76.0,8.0,"SerpAPI, Firecrawl"
Personalização · Ícones e Temas,22,White Moonlight Icon Pack,com.italiano.whitemoonlight,PizzApp Design,pizzappdesign@protonmail.com,https://linktr.ee/pizzappdesign,Personalização,4.923077,316,9,10.000+,10000,11812,0,2.99,BRL,0,1,"R$ 2,09 – R$ 8,99 por item",Classificação Livre,10 de jan. de 2024,1783029716,6.8,,Adote uma aparência de tela inicial minimalista e limpa com esses ícones brancos e disformes!,https://play.google.com/store/apps/details?id=com.italiano.whitemoonlight&hl=pt&gl=br,100,56,83,pequeno/indie,1024,249.6,891.42,2897.12,552.68,4813.67,2984.47,média,9,4.78,88.9,0.0,"SerpAPI, Firecrawl"
Personalização · Ícones e Temas,13,Nova Icon Pack,cs14.pixelperfect.iconpack.nova,One4Studio,info@one4studio.com,http://www.one4studio.com,Personalização,4.75,331,1,10.000+,10000,15150,0,5.99,BRL,0,1,"R$ 8,99 – R$ 249,99 por item",Classificação Livre,13 de out. de 2019,1784218886,7.3.4,,iOS como pacote de ícones. Ícones coloridos em forma de quadrado arredondado.,https://play.google.com/store/apps/details?id=cs14.pixelperfect.iconpack.nova&hl=pt&gl=br,100,57,83,pequeno/indie,1335,818.61,2923.62,9501.76,1812.64,15787.54,9788.27,média,0,0.0,0.0,0.0,"SerpAPI, Firecrawl"
Personalização · Launchers,25,Simple Launcher,com.simplemobiletools.launcher,Simple Mobile Tool,support.simplelauncher@simplemobiletools.com,https://simplemobiletools.com/simplelauncher,Ferramentas,4.4752474,8982,249,500.000+,500000,684095,1,0,BRL,1,1,"R$ 5,49 – R$ 549,99 por item",Classificação Livre,6 de out. de 2022,1761814795,5.2.0,,Um lançador prático e personalizável para iniciar facilmente seus aplicativos favoritos,https://play.google.com/store/apps/details?id=com.simplemobiletools.launcher&hl=pt&gl=br,84,35,83,pequeno/indie,57020,4414.74,15766.91,51242.47,9775.49,85141.33,52787.62,alta,25,4.48,88.0,12.0,"SerpAPI, Firecrawl"
Negócios · ERP para Pequenos Negócios,19,Controle de Estoque PDV,com.codefusion.controledeestoquepdv,Code Fusion Tech,codefusiontechsolutions@gmail.com,https://codefusion.digital/,Negócios,4.5882354,51,4,1.000+,1000,3990,1,0,BRL,0,1,"R$ 19,99 – R$ 29,99 por item",Classificação Livre,17 de jul. de 2025,1778686763,1.0.8,,"Gestão de estoque, vendas e PDV, gerencia, backup e visual e fácil de usar",https://play.google.com/store/apps/details?id=com.codefusion.controledeestoquepdv&hl=pt&gl=br,100,55,82,pequeno/indie,267,4.92,17.57,57.09,10.89,94.85,58.81,baixa,3,5.0,100.0,0.0,"SerpAPI, Firecrawl"
Negócios · Nota Fiscal e Contabilidade,9,"Nota Fiscal NFS-e, NF-e, NFC-e",br.com.inovar.phoenix,InovarTec,brenobbb26@gmail.com,http://www.inovarce.com.br,Negócios,4.745098,51,43,1.000+,1000,4805,1,0,BRL,0,1,"R$ 19,99 – R$ 49,99 por item",Classificação Livre,18 de out. de 2024,1784351840,88.7.18,,"Emita NFS-e, NF-e e NFC-e pelo celular em segundos. Ideal para MEI e empresas!",https://play.google.com/store/apps/details?id=br.com.inovar.phoenix&hl=pt&gl=br,100,54,82,pequeno/indie,326,6.05,21.61,70.22,13.4,116.68,72.34,baixa,25,4.84,96.0,4.0,"SerpAPI, Firecrawl"
Negócios · Nota Fiscal e Contabilidade,16,"Total MEI: INSS, DAS Fácil",com.totalmei,Total MEI,contato@totalmei.com,https://totalmei.com,Finanças,4.4606895,7256,3093,1.000.000+,1000000,1017463,1,0,BRL,1,0,,Classificação Livre,27 de fev. de 2020,1753736540,1.21,,"Nota Fiscal MEI, Suporte, DAS, Maquininhas, Finanças, Ofertas e Muito Mais...",https://play.google.com/store/apps/details?id=com.totalmei&hl=pt&gl=br,84,26,81,pequeno/indie,86560,78.67,280.96,913.11,134.86,1517.16,728.24,alta,25,3.76,68.0,24.0,"SerpAPI, Firecrawl"
Personalização · Papéis de Parede,4,Zeel Walls - 4K Wallpapers,app.yog.zeelwalls,YoG,ybgosavi12@gmail.com,,Personalização,4.2727275,457,7,50.000+,50000,62216,1,0,BRL,0,1,"R$ 1,89 – R$ 179,99 por item",Classificação Livre,24 de fev. de 2024,1779386752,43.0.0,,"Papéis de parede AI, fundos 4K UHD modernos com aparência HD estética para o seu telefone",https://play.google.com/store/apps/details?id=app.yog.zeelwalls&hl=pt&gl=br,100,37,80,pequeno/indie,4537,158.88,567.44,1844.18,351.81,3064.17,1899.79,média,7,5.0,100.0,0.0,"SerpAPI, Firecrawl"
Negócios · ERP para Pequenos Negócios,13,TapPOS vendas de estoque,net.tappos.trial,TapStyle Pty Ltd,support@tapstyle.net,http://www.tapstyle.net,Negócios,4.204819,1553,51,500.000+,500000,571775,1,0,BRL,0,1,"R$ 3,99 por item",Classificação Livre,21 de jun. de 2012,1781840395,6.9.0,,All-in-one app para todas as pequenas empresas de retalho,https://play.google.com/store/apps/details?id=net.tappos.trial&hl=pt&gl=br,92,42,79,pequeno/indie,56655,182.77,652.73,2121.38,404.69,3524.76,2185.35,média,25,3.96,68.0,20.0,"SerpAPI, Firecrawl"
Personalização · Ícones e Temas,25,HyperOS & MIUI Themes,com.intelicarft.miuithemes.android,Wallet Passes Alliance,support.hyperosmiui@walletpasses.me,https://walletpasses.me/hyperosmiui,Personalização,4.0,3168,28,1.000.000+,1000000,1344447,1,0,BRL,1,1,"R$ 5,49 – R$ 549,99 por item",Classificação Livre,1 de set. de 2023,1772695324,4.0.0,,"Personalize o seu dispositivo com os temas mais recentes, papéis de parede e pacotes de ícones incríveis.",https://play.google.com/store/apps/details?id=com.intelicarft.miuithemes.android&hl=pt&gl=br,92,34,77,pequeno/indie,116006,12467.06,44525.21,144706.93,27605.63,240436.13,149070.4,média,25,2.6,40.0,60.0,"SerpAPI, Firecrawl"
Personalização · Papéis de Parede,11,Depth Wallpapers & Live Clock,com.jndapp.depth.live.wallpaper,JustNewDesigns,justnewdesigns@gmail.com,http://justnewdesigns.com,Personalização,4.8,11173,227,1.000.000+,1000000,2550350,1,0,BRL,0,1,"R$ 1,69 – R$ 54,99 por item",Classificação Livre,21 de nov. de 2025,1781266092,2.1.06,,Lindos papéis de parede com relógio animado e efeitos de profundidade.,https://play.google.com/store/apps/details?id=com.jndapp.depth.live.wallpaper&hl=pt&gl=br,79,85,77,pequeno/indie,249864,2998.87,10710.25,34808.31,6640.36,57835.35,35857.92,alta,25,4.88,100.0,0.0,"SerpAPI, Firecrawl"
Negócios · CRM e Vendas,23,"Clientes, Vendas e Orçamentos",com.plandesk.customersapp,StonyDev,crm.clientes.app@gmail.com,https://por.b2desk.com,Negócios,4.39823,2346,1622,100.000+,100000,269056,1,0,BRL,0,1,"R$ 12,89 – R$ 14,90 por item",Classificação Livre,17 de dez. de 2020,,Varies with device,,"Controle de Clientes, Vendas, Agenda, Pedidos, Orçamentos e Catálogo Digital",https://play.google.com/store/apps/details?id=com.plandesk.customersapp&hl=pt&gl=br,100,23,76,pequeno/indie,21335,156.89,560.31,1821.0,347.39,3025.67,1875.91,média,25,4.56,88.0,8.0,"SerpAPI, Firecrawl"
Negócios · CRM e Vendas,10,Mercos - Vendas e Pedidos B2B,br.com.meuspedidos,Simplest Software,contato@mercos.com,https://mercos.com,Negócios,4.836735,9939,2378,100.000+,100000,466172,1,0,BRL,0,0,,Classificação Livre,16 de nov. de 2011,1783430826,260706,,"Plataforma de vendas com IA: gestão de pedidos, estoque, CRM e e-commerce B2B",https://play.google.com/store/apps/details?id=br.com.meuspedidos&hl=pt&gl=br,100,63,76,pequeno/indie,50264,0.0,0.0,0.0,0.0,0.0,0.0,média,25,4.48,88.0,8.0,"SerpAPI, Firecrawl"
Negócios · CRM e Vendas,2,Agendor - CRM para Vendas,br.com.agendor,Agendor,contato@agendor.com.br,http://www.agendor.com.br/?ref=app492jd39,Negócios,4.838509,3947,989,100.000+,100000,499256,1,0,BRL,0,0,,Classificação Livre,18 de fev. de 2013,1783091109,4.14.0,,"App de CRM, funil de vendas e gestão comercial para equipes de vendas",https://play.google.com/store/apps/details?id=br.com.agendor&hl=pt&gl=br,100,61,76,pequeno/indie,54028,0.0,0.0,0.0,0.0,0.0,0.0,média,25,4.32,80.0,4.0,"SerpAPI, Firecrawl"
Negócios · RH e Gestão de Equipe,11,Pontotel Gestão,com.pontotel.appgestor,PontoTel,contato@pontotel.com.br,http://www.pontotel.com.br,Produtividade,4.7789474,1884,558,100.000+,100000,232109,1,0,BRL,0,0,,Classificação Livre,25 de jun. de 2019,1783108842,3.2.1,,Gestão de ponto e jornada,https://play.google.com/store/apps/details?id=com.pontotel.appgestor&hl=pt&gl=br,100,59,75,pequeno/indie,24099,0.0,0.0,0.0,0.0,0.0,0.0,média,25,3.44,60.0,40.0,"SerpAPI, Firecrawl"
Personalização · Widgets,16,Photo Widget: Screen Gallery,com.msint.photowidget,MS International,msdeveloper0291@gmail.com,https://msmobileapps.blogspot.com,Personalização,4.256098,1174,31,100.000+,100000,290598,1,0,BRL,1,1,"R$ 14,99 por item",Classificação Livre,7 de mar. de 2022,,Varies with device,,"Exiba fotos em widgets personalizados. Grade, pilha, apresentação de slides e muito mais!",https://play.google.com/store/apps/details?id=com.msint.photowidget&hl=pt&gl=br,100,12,74,pequeno/indie,23141,105.14,375.49,1220.35,232.8,2027.65,1257.14,média,25,4.36,84.0,12.0,"SerpAPI, Firecrawl"
Personalização · Widgets,14,Material Photo Widget,com.fibelatti.photowidget,Filipe Belatti,appsupport@fibelatti.com,https://github.com/fibelatti/photo-widget/releases,Personalização,4.7,2475,155,500.000+,500000,627184,1,0,BRL,0,0,,Classificação Livre,15 de nov. de 2023,1783262074,1.44.3,,Um widget para exibir suas fotos favoritas,https://play.google.com/store/apps/details?id=com.fibelatti.photowidget&hl=pt&gl=br,92,60,74,pequeno/indie,68692,0.0,0.0,0.0,0.0,0.0,0.0,média,25,4.56,92.0,8.0,"SerpAPI, Firecrawl"
Negócios · RH e Gestão de Equipe,8,Sys Ponto | Gestão de Ponto,com.systempro.sys175x575,System Sistemas de Gestão,suporte@systempro.com.br,https://www.systempro.com.br/,Negócios,4.66,477,25,10.000+,10000,22935,1,0,BRL,0,0,,Classificação Livre,21 de out. de 2020,1778172920,1.0.47,,O SysPonto traz agilidade e mobilidade nas marcações de ponto dos colaboradores,https://play.google.com/store/apps/details?id=com.systempro.sys175x575&hl=pt&gl=br,100,52,74,pequeno/indie,1730,0.0,0.0,0.0,0.0,0.0,0.0,baixa,25,2.6,40.0,60.0,"SerpAPI, Firecrawl"
Negócios · Nota Fiscal e Contabilidade,25,Contabilidade Facilitada,io.kodular.victor.ContabilidadeFacilitada,Contabilidade Facilitada Educacional,financeiro@contabilidadefacilitada.com,https://acesso.contabilidadefacilitada.com/,Educação,4.8,291,102,10.000+,10000,39374,1,0,BRL,0,0,,Classificação Livre,26 de set. de 2023,1780888674,3.2.0,,Contabilidade Facilitada Educacional,https://play.google.com/store/apps/details?id=io.kodular.victor.ContabilidadeFacilitada&hl=pt&gl=br,100,54,74,pequeno/indie,3073,0.0,0.0,0.0,0.0,0.0,0.0,baixa,25,4.64,88.0,8.0,"SerpAPI, Firecrawl"
Negócios · CRM e Vendas,22,CRM Analytics,com.salesforce.wave,"Salesforce.com, inc.",analyticscloudmobilesupport@salesforce.com,http://www.salesforce.com,Negócios,4.909091,181,0,10.000+,10000,45874,1,0,BRL,0,0,,Classificação Livre,18 de ago. de 2016,1781643882,262.0.1,,Leve seus dados do Salesforce para onde você for.,https://play.google.com/store/apps/details?id=com.salesforce.wave&hl=pt&gl=br,100,54,74,pequeno/indie,3613,0.0,0.0,0.0,0.0,0.0,0.0,baixa,0,0.0,0.0,0.0,"SerpAPI, Firecrawl"
Negócios · CRM e Vendas,12,noCRM.io,com.youdontneedacrm.ydncrm,Positive noCRM,support@youdontneedacrm.com,https://youdontneedacrm.com/,Produtividade,4.9,420,19,10.000+,10000,28339,1,0,BRL,0,0,,Classificação Livre,8 de fev. de 2016,1781169260,11.0.2,,"Gerencie prospects, pipelines e leads em qualquer momento com o aplicativo noCRM",https://play.google.com/store/apps/details?id=com.youdontneedacrm.ydncrm&hl=pt&gl=br,100,55,74,pequeno/indie,2167,0.0,0.0,0.0,0.0,0.0,0.0,baixa,19,4.84,100.0,0.0,"SerpAPI, Firecrawl"
Negócios · ERP para Pequenos Negócios,18,"360 ERP Vendas, notas, boletos",br.com.x360smarttrade,Scaratti Soluções em TI,contato@360erp.com.br,https://360erp.com.br,Negócios,4.48,182,115,10.000+,10000,42376,1,0,BRL,0,0,,Classificação Livre,25 de fev. de 2020,1784032701,6.0.1,,"Pedidos, Boletos, Danfe, Catálogo, Estoque, Venda Externa, Offline.",https://play.google.com/store/apps/details?id=br.com.x360smarttrade&hl=pt&gl=br,100,50,73,pequeno/indie,3624,0.0,0.0,0.0,0.0,0.0,0.0,baixa,25,3.96,72.0,24.0,"SerpAPI, Firecrawl"
Negócios · ERP para Pequenos Negócios,15,Stock e Inventário Simples,com.stockmanagment.next.app,Chester Software (Xaltos Technologies Ltd),chester.help.si@gmail.com,https://chester-sw.com,Negócios,4.75,22524,297,1.000.000+,1000000,2801842,1,0,BRL,0,1,"R$ 2,89 – R$ 364,99 por item",Classificação Livre,25 de ago. de 2016,1784322411,2.1.48r10,,Forma simples de gerir mercadorias em lojas e armazéns ou o inventário doméstico,https://play.google.com/store/apps/details?id=com.stockmanagment.next.app&hl=pt&gl=br,79,65,72,pequeno/indie,275762,26843.02,95867.92,311570.73,59438.11,517686.74,320965.78,alta,25,4.44,84.0,12.0,"SerpAPI, Firecrawl"
Negócios · ERP para Pequenos Negócios,22,MarketPOS: Vendas e Estoque,com.bupos,Turkuaz Grup Teknoloji Enerji Ticaret Ltd. Şti.,iletisim@turkuaz-grup.com,http://marketpos.turkuaz-grup.com,Negócios,3.9375,1383,7,100.000+,100000,385631,1,0,BRL,0,1,"R$ 35,99 – R$ 565,00 por item",Classificação Livre,4 de abr. de 2020,1782926480,v1.04.36d,,"Mercado, Loja, Loja, Açougueiro, Cantina, Papelaria Ponto de Venda (POS) Sistema",https://play.google.com/store/apps/details?id=com.bupos&hl=pt&gl=br,100,43,71,pequeno/indie,37419,9091.04,32467.99,105520.97,20130.15,175327.14,108702.83,média,16,4.25,75.0,12.5,"SerpAPI, Firecrawl"
Negócios · CRM e Vendas,6,Pipedrive – CRM de Vendas,com.pipedrive,Pipedrive Inc.,support@pipedrive.com,http://www.pipedrive.com?utm_source=google_play&utm_medium=listing,Negócios,4.46,3559,291,500.000+,500000,651097,1,0,BRL,0,0,,Classificação Livre,23 de mai. de 2014,1783928169,26.8.1,,Pipedrive é um CRM que dezenas de milhares de pequenas equipes adoram usar.,https://play.google.com/store/apps/details?id=com.pipedrive&hl=pt&gl=br,88,55,71,pequeno/indie,64955,0.0,0.0,0.0,0.0,0.0,0.0,média,25,4.28,84.0,12.0,"SerpAPI, Firecrawl"
Personalização · Widgets,17,Photo Widget Easy,com.nbow.photowidget,Nbow Developer,nbowdeveloper@gmail.com,https://photowidget-9d565.web.app,Personalização,4.8314605,26430,830,1.000.000+,1000000,2611498,1,0,BRL,1,1,"R$ 14,99 – R$ 239,99 por item",Classificação Livre,15 de mar. de 2022,1777179965,16.0,,Widget de fotos Fácil de usar como widgets do iOS. Aplicativo de widget simples para tela inicial.,https://play.google.com/store/apps/details?id=com.nbow.photowidget&hl=pt&gl=br,79,58,70,pequeno/indie,256150,12727.45,45455.18,147729.34,28182.21,245457.99,152183.95,alta,25,4.84,96.0,0.0,"SerpAPI, Firecrawl"
Personalização · Papéis de Parede,21,Cuto Wallpaper,com.sspai.cuto.android,Ordinary Jar,hi@cutowallpaper.com,https://cuto.app,Personalização,3.9411764,1177,13,100.000+,100000,197078,1,0,BRL,0,1,"R$ 10,99 – R$ 36,99 por item",Classificação Livre,28 de ago. de 2016,1779632460,3.2.0,,"Papel de parede escolhido a dedo para você, mudando automaticamente em segundo plano.",https://play.google.com/store/apps/details?id=com.sspai.cuto.android&hl=pt&gl=br,100,39,70,pequeno/indie,15361,141.88,506.72,1646.84,314.17,2736.28,1696.49,média,11,4.36,81.8,18.2,"SerpAPI, Firecrawl"
Personalização · Widgets,8,"WidgetClub:Tema, Widget, Ícone",com.widgetclub,Liume Inc.,support@liume.jp,https://widget-club.com/,Personalização,4.872549,15650,154,1.000.000+,1000000,2983703,1,0,BRL,1,1,"R$ 8,99 – R$ 254,99 por item",Classificação 12 anos,10 de ago. de 2022,1782813987,3.14.26,,"Personalize Android com Widgets, Temas, Ícones, Papel de Parede e Live Wallpaper",https://play.google.com/store/apps/details?id=com.widgetclub&hl=pt&gl=br,69,63,69,normal,353469,19992.89,71403.16,232060.28,44269.96,385577.07,239057.79,alta,25,4.64,88.0,0.0,"SerpAPI, Firecrawl"
Personalização · Ícones e Temas,12,"WidgetClub:Tema, Widget, Ícone",com.widgetclub,Liume Inc.,support@liume.jp,https://widget-club.com/,Personalização,4.872549,15650,154,1.000.000+,1000000,2983703,1,0,BRL,1,1,"R$ 8,99 – R$ 254,99 por item",Classificação 12 anos,10 de ago. de 2022,1782813987,3.14.26,,"Personalize Android com Widgets, Temas, Ícones, Papel de Parede e Live Wallpaper",https://play.google.com/store/apps/details?id=com.widgetclub&hl=pt&gl=br,69,63,69,normal,353469,19992.89,71403.16,232060.28,44269.96,385577.07,239057.79,alta,25,4.64,88.0,0.0,"SerpAPI, Firecrawl"
Personalização · Widgets,19,Pixel Widget Plus,fifteen.clock.mibrahim,M.Ibrahim Apps,ibrahimtest49@gmail.com,,Personalização,3.1176472,742,24,100.000+,100000,317443,1,0,BRL,1,1,"R$ 15,99 por item",Classificação Livre,11 de jul. de 2024,1770339634,8.2,,Widget inspirado no relógio da tela de bloqueio do Pixel com mais estilos e personalização!,https://play.google.com/store/apps/details?id=fifteen.clock.mibrahim&hl=pt&gl=br,100,31,68,pequeno/indie,25400,166.64,595.14,1934.2,368.99,3213.75,1992.53,média,25,2.48,32.0,60.0,"SerpAPI, Firecrawl"
Personalização · Papéis de Parede,23,Live Wallpapers - VibeWalls,com.vibewalls.ai.wallpaper.theme.widget.studio,"Hong Kong Mishi Technology Co., Limited",fanshu.official@gmail.com,http://imstool.com/,Personalização,,,,100.000+,100000,232436,1,0,BRL,0,1,"R$ 2,49 – R$ 204,99 por item",Classificação Livre,24 de dez. de 2025,1784276533,1.0.59,,"Papéis de parede animados, papéis de parede 4D, fundos animados em HD, temas estéticos e 4K.",https://play.google.com/store/apps/details?id=com.vibewalls.ai.wallpaper.theme.widget.studio&hl=pt&gl=br,100,31,68,pequeno/indie,21940,963.95,3442.68,11188.72,2134.46,18590.48,11526.1,média,1,5.0,100.0,0.0,"SerpAPI, Firecrawl"
Personalização · Papéis de Parede,16,WallpaperZ - 8K Wallpapers,com.zoneoftech.wallpaper,ZONEofTECH LTD,support@wallpaperzapp.com,,Personalização,3.3333333,701,5,100.000+,100000,168189,1,0,BRL,0,1,"R$ 4,99 – R$ 374,99 por item",Classificação Livre,14 de ago. de 2023,1781171194,3.0.8,,Papéis de parede de qualidade por criadores,https://play.google.com/store/apps/details?id=com.zoneoftech.wallpaper&hl=pt&gl=br,100,30,68,pequeno/indie,12993,1045.5,3733.94,12135.3,2315.04,20163.26,12501.22,média,6,4.5,83.3,16.7,"SerpAPI, Firecrawl"
Personalização · Papéis de Parede,6,Papel de Parede Estético Fofo,com.Aesthetic.Wallpaper.High.Definition.Apps,DOSA Apps,support.aestheticwallpaper1@dosaapps.com,https://dosaapps.com/aestheticwallpaper1,Personalização,4.8177457,40352,966,1.000.000+,1000000,3367529,1,0,BRL,1,1,"R$ 5,49 – R$ 549,99 por item",Classificação Livre,24 de mai. de 2021,1778850728,8.1.0,,Aplicativo de papel de parede: Descubra papéis de parede fofos e estéticos,https://play.google.com/store/apps/details?id=com.Aesthetic.Wallpaper.High.Definition.Apps&hl=pt&gl=br,69,60,68,normal,334397,35958.91,128424.69,417380.24,79623.31,693493.32,429965.86,alta,25,4.84,96.0,4.0,"SerpAPI, Firecrawl"
Personalização · Widgets,15,"Temas: App Ícones, Widgets",com.azmobile.themepack,Maxlabs Personalization Tools,android-support@maxlabs.hk,https://www.maxlabs.hk/,Personalização,4.741419,57323,1896,5.000.000+,5000000,8671698,1,0,BRL,1,1,"R$ 5,49 – R$ 229,99 por item",Classificação Livre,21 de jul. de 2024,1783669190,1.8.6,,"1000+ temas, ícones e widgets para deixar sua tela inicial única",https://play.google.com/store/apps/details?id=com.azmobile.themepack&hl=pt&gl=br,49,77,67,crescendo,1080345,54586.57,194952.04,633594.14,120870.27,1052741.03,652699.44,alta,25,4.4,84.0,16.0,"SerpAPI, Firecrawl"
Personalização · Ícones e Temas,8,"Temas: App Ícones, Widgets",com.azmobile.themepack,Maxlabs Personalization Tools,android-support@maxlabs.hk,https://www.maxlabs.hk/,Personalização,4.741419,57323,1896,5.000.000+,5000000,8671698,1,0,BRL,1,1,"R$ 5,49 – R$ 229,99 por item",Classificação Livre,21 de jul. de 2024,1783669190,1.8.6,,"1000+ temas, ícones e widgets para deixar sua tela inicial única",https://play.google.com/store/apps/details?id=com.azmobile.themepack&hl=pt&gl=br,49,77,67,crescendo,1080345,54586.57,194952.04,633594.14,120870.27,1052741.03,652699.44,alta,25,4.4,84.0,16.0,"SerpAPI, Firecrawl"
Negócios · ERP para Pequenos Negócios,23,Offline Shop - Inventário POS,com.binaryscript.offlineshop,BinaryScript,support@binaryscript.com,https://binaryscript.com,Produtividade,,,,10.000+,10000,29827,1,0,BRL,0,1,"R$ 19,99 – R$ 254,99 por item",Classificação Livre,30 de jan. de 2026,,Varies with device,,"Gerencie inventário, pedidos & vendas offline. Perfeito para lojas de varejo.",https://play.google.com/store/apps/details?id=com.binaryscript.offlineshop&hl=pt&gl=br,100,24,67,pequeno/indie,2080,136.95,489.1,1589.57,303.24,2641.13,1637.5,baixa,0,0.0,0.0,0.0,"SerpAPI, Firecrawl"
Negócios · ERP para Pequenos Negócios,1,"Estoque, Vendas, Pdv, Finanças",br.com.netpos.smartpos,SmartPOS - NetPOS,comercial@smartpos.net.br,https://www.smartpos.net.br,Negócios,4.424336,42874,16932,1.000.000+,1000000,4158651,1,0,BRL,0,1,"R$ 24,50 – R$ 799,90 por item",Classificação Livre,21 de nov. de 2016,1781187848,7.28.0,,"Controle o seu negócio: Venda, Estoque, Serviços, Caixa, Autoatendimento, Erp.",https://play.google.com/store/apps/details?id=br.com.netpos.smartpos&hl=pt&gl=br,69,56,67,normal,379225,126382.06,451364.51,1466934.66,279846.0,2437368.35,1511168.38,alta,25,2.16,28.0,68.0,"SerpAPI, Firecrawl"
Negócios · CRM e Vendas,11,Zoho CRM - Sales & Marketing,com.zoho.crm,Zoho Corporation,crm@zohomobile.com,https://www.zoho.com/crm/,Negócios,4.41,6196,112,1.000.000+,1000000,1936843,1,0,BRL,0,0,,Classificação Livre,26 de mar. de 2012,1783960825,3.6.56,,CRM para todos os negócios,https://play.google.com/store/apps/details?id=com.zoho.crm&hl=pt&gl=br,69,56,67,normal,204230,0.0,0.0,0.0,0.0,0.0,0.0,média,25,4.56,88.0,12.0,"SerpAPI, Firecrawl"
Negócios · ERP para Pequenos Negócios,25,Controle de Vendas e Estoque,boss.sales.accounting.crm.business.trade.debit.invoice.profit_1c,1C-RARUS TAS,help@boss-app.com,https://www.boss-app.com,Negócios,3.66,6320,145,500.000+,500000,782678,1,0,BRL,1,1,"R$ 15,99 – R$ 1.380,00 por item",Classificação Livre,8 de nov. de 2016,1774355218,3.0.34,,"Contabilidade para microempresa: Inventario, Livro caixa, Financeiro, Despesas",https://play.google.com/store/apps/details?id=boss.sales.accounting.crm.business.trade.debit.invoice.profit_1c&hl=pt&gl=br,84,37,66,pequeno/indie,65694,330.27,1179.55,3833.53,731.32,6369.56,3949.13,alta,25,3.44,60.0,28.0,"SerpAPI, Firecrawl"
Negócios · CRM e Vendas,1,HelloLeads - CRM de Vendas,com.appgodz.evh,Dextrasys Technologies Pvt Ltd,support@helloleads.io,https://www.helloleads.io,Negócios,4.3913045,1511,15,100.000+,100000,150120,1,0,BRL,0,0,,Classificação Livre,29 de abr. de 2016,1781776771,2.8.11,,"Acompanhe leads, clientes, acompanhamentos e gerencie o pipeline de vendas",https://play.google.com/store/apps/details?id=com.appgodz.evh&hl=pt&gl=br,100,52,66,pequeno/indie,13828,0.0,0.0,0.0,0.0,0.0,0.0,média,19,4.47,84.2,5.3,"SerpAPI, Firecrawl"
Personalização · Ícones e Temas,16,Icon Packer,cn.ommiao.iconpacker,oMMiao2022,ommiao@foxmail.com,https://ommiao.github.io/IconPackerDocs/,Personalização,,,,10.000+,10000,30467,1,0,BRL,0,1,"R$ 1,09 – R$ 7,49 por item",Classificação Livre,10 de jun. de 2023,1772008826,1.21.0-release,,Crie seu pacote de ícones a qualquer hora e em qualquer lugar.,https://play.google.com/store/apps/details?id=cn.ommiao.iconpacker&hl=pt&gl=br,100,19,65,pequeno/indie,2127,3.51,12.55,40.79,7.78,67.78,42.02,média,4,5.0,100.0,0.0,"SerpAPI, Firecrawl"
Personalização · Launchers,17,ap15 Launcher,com.aurhe.ap15,Apseren Industries,apseren@gmail.com,,Personalização,4.52,16369,145,1.000.000+,1000000,2073613,1,0,BRL,0,1,"R$ 3,59 – R$ 35,99 por item",Classificação Livre,31 de mai. de 2015,1769614217,Varies with device,,Minimalistic Launcher,https://play.google.com/store/apps/details?id=com.aurhe.ap15&hl=pt&gl=br,75,43,65,pequeno/indie,201107,1532.27,5472.38,17785.24,3392.88,29550.86,18321.53,alta,25,4.32,80.0,12.0,"SerpAPI, Firecrawl"
Negócios · RH e Gestão de Equipe,15,Control RH - Controle de ponto,com.connect.rh,ConnectCorp - Sistemas,contato@connectcorp.com.br,http://www.connectcorp.com.br/,Produtividade,4.75,1021,46,10.000+,10000,16383,1,0,BRL,0,0,,Classificação Livre,17 de mai. de 2023,1783011514,1.6.5,,Serviço de controle de ponto e horas trabalhadas.,https://play.google.com/store/apps/details?id=com.connect.rh&hl=pt&gl=br,100,58,65,pequeno/indie,1452,0.0,0.0,0.0,0.0,0.0,0.0,baixa,25,3.28,52.0,36.0,"SerpAPI, Firecrawl"
Personalização · Launchers,21,Material Pixel Launcher Lock,dev.dworks.apps.alauncher,DWorkS,support@dworks.io,https://dworks.io,Personalização,3.81,2147,54,100.000+,100000,456392,1,0,BRL,0,1,"R$ 14,99 por item",Classificação Livre,1 de set. de 2018,1749447901,2.5.3,,"Iniciador inicial para personalizar, personalizar, mais rápido, fácil e leve",https://play.google.com/store/apps/details?id=dev.dworks.apps.alauncher&hl=pt&gl=br,100,13,64,pequeno/indie,37238,154.73,552.62,1796.03,342.63,2984.17,1850.19,média,25,3.72,64.0,24.0,"SerpAPI, Firecrawl"
Personalização · Papéis de Parede,10,Backdrops - Papéis de Parede,com.backdrops.wallpapers,Backdrops Dev LLC,support@backdrops.io,https://www.backdrops.io,Personalização,4.730909,82748,779,5.000.000+,5000000,6394151,1,0,BRL,1,1,"R$ 3,19 – R$ 50,99 por item",Classificação Livre,27 de out. de 2015,1784310402,6.1.2,,Seja bem-vindo ao novo aplicativo de papéis de parede favoritos.,https://play.google.com/store/apps/details?id=com.backdrops.wallpapers&hl=pt&gl=br,49,66,64,crescendo,654528,5199.57,18569.9,60352.17,11513.34,100277.46,62172.02,alta,25,4.12,76.0,16.0,"SerpAPI, Firecrawl"
Negócios · Nota Fiscal e Contabilidade,3,Emitir Nota Fiscal Serviço MEI,com.emitirnfse.appemitirnfse,Mundo de Códigos,allanemp@gmail.com,https://enchanting-sherbet-1c6c59.netlify.app,Negócios,2.1078432,213,142,50.000+,50000,82604,1,0,BRL,1,0,,Classificação Livre,7 de ago. de 2024,1765924417,2.0.0,,Emitir Nota Fiscal de Serviço,https://play.google.com/store/apps/details?id=com.emitirnfse.appemitirnfse&hl=pt&gl=br,100,12,64,pequeno/indie,6126,3.4,12.16,39.52,5.84,65.66,31.51,baixa,25,1.68,16.0,84.0,"SerpAPI, Firecrawl"
Personalização · Launchers,13,ARC Launcher® 2024 e temas 4D,apptech.arc,AppTech Launcher Studios Inc,thearclauncher@gmail.com,http://www.arclauncher.com,Personalização,4.6373873,104602,4226,1.000.000+,1000000,3981839,1,0,BRL,1,1,"R$ 16,99 por item",Classificação Livre,12 de mar. de 2018,1780712454,50.5,,"O Arc Launcher torna sua tela inicial extremamente rápida, elegante, fácil e seg",https://play.google.com/store/apps/details?id=apptech.arc&hl=pt&gl=br,49,62,63,normal,398585,3132.61,11187.89,36360.65,6936.49,60414.62,37457.07,alta,25,4.52,88.0,8.0,"SerpAPI, Firecrawl"
Negócios · Nota Fiscal e Contabilidade,22,Fatura e Recibo,com.invoiceapp,Tacktile Systems Private Limited,support@tacktilesystems.com,http://www.simpleinvoicemanager.com,Negócios,4.5625,36341,683,5.000.000+,5000000,5813735,1,0,BRL,0,1,"R$ 9,36 – R$ 69,99 por item",Classificação Livre,21 de ago. de 2014,1784122492,5.0.68,,Gerar Faturas & Estimates. Pagamentos gravar e enviar recibos,https://play.google.com/store/apps/details?id=com.invoiceapp&hl=pt&gl=br,49,59,63,normal,710966,22805.84,81449.42,264710.6,50498.64,439826.85,272692.65,alta,25,4.88,100.0,0.0,"SerpAPI, Firecrawl"
Personalização · Widgets,4,Widget Lab: Coleção de widgets,io.iftech.android.box,YIFU,xzj@iftech.io,https://widgetbox.top/,Personalização,4.7014027,88058,2156,5.000.000+,5000000,8981333,1,0,BRL,1,1,"R$ 4,99 – R$ 59,90 por item",Classificação 12 anos,9 de dez. de 2021,1774421221,1.27.32,,Personalize a sua tela inicial: ícone do aplicativo; widget para casais,https://play.google.com/store/apps/details?id=io.iftech.android.box&hl=pt&gl=br,49,55,62,normal,933939,12229.94,43678.37,141954.71,27080.59,235863.21,146235.19,alta,25,4.84,96.0,0.0,"SerpAPI, Firecrawl"
Personalização · Widgets,25,Widget de Fotos,developer.laijiajing.photowidget,ZipoApps,support.photowidget@zipoapps.com,https://zipoapps.com/photowidget,Personalização,4.760181,49168,734,1.000.000+,1000000,4653202,1,0,BRL,1,1,"R$ 5,49 – R$ 549,99 por item",Classificação Livre,7 de jun. de 2019,1737378997,1.3.2.1,,Decore a tela inicial com suas fotos favoritas!,https://play.google.com/store/apps/details?id=developer.laijiajing.photowidget&hl=pt&gl=br,69,34,61,normal,469253,36331.56,129755.57,421705.61,80448.45,700680.08,434421.65,alta,25,4.68,92.0,0.0,"SerpAPI, Firecrawl"
Personalização · Launchers,11,Launcher Phone: Custom OS,com.launcher.custom.phone.os,CAA Studio,caacorp.ltd@gmail.com,https://caacorpltd.com/,Personalização,,,,500.000+,500000,515605,1,0,BRL,1,0,,Classificação Livre,,,Varies with device,,Launcher Phone: Sistema Operacional Personalizado – Experimente a Arte do Vidro Líquido no Android,https://play.google.com/store/apps/details?id=com.launcher.custom.phone.os&hl=pt&gl=br,100,0,61,pequeno/indie,42343,16.43,58.69,190.73,28.17,316.91,152.12,média,0,0.0,0.0,0.0,"SerpAPI, Firecrawl"
Negócios · RH e Gestão de Equipe,18,RHiD,br.com.controlid.rhid,Control iD,apps@controlid.com.br,https://controlid.com.br,Negócios,4.012121,1652,560,1.000.000+,1000000,1348193,1,0,BRL,0,0,,Classificação Livre,22 de jan. de 2020,1783434659,3.1.7,,O aplicativo RHiD permite a marcação de ponto através do seu celular.,https://play.google.com/store/apps/details?id=br.com.controlid.rhid&hl=pt&gl=br,92,43,61,pequeno/indie,139614,0.0,0.0,0.0,0.0,0.0,0.0,média,25,3.0,48.0,44.0,"SerpAPI, Firecrawl"
Negócios · RH e Gestão de Equipe,16,Benner RH 24Horas,br.com.benner.rh24horas,Benner Sistemas SA,rhmobile@benner.com.br,https://www.benner.com.br,Produtividade,4.6,10,2,10.000+,10000,10543,1,0,BRL,0,0,,Classificação Livre,10 de dez. de 2023,1773353944,1.2.2,,Seu RH na palma da mão,https://play.google.com/store/apps/details?id=br.com.benner.rh24horas&hl=pt&gl=br,100,40,61,pequeno/indie,756,0.0,0.0,0.0,0.0,0.0,0.0,baixa,2,5.0,100.0,0.0,"SerpAPI, Firecrawl"
Negócios · Nota Fiscal e Contabilidade,20,Addictive Accounting,com.onethumblearning.android.addictiveaccounting,One Thumb Learning LLC,support@addictiveaccounting.com,http://www.addictiveaccounting.com,Educação,,,,100.000+,100000,110159,1,0,BRL,0,1,"R$ 24,99 por item",Classificação Livre,19 de jan. de 2021,1756255830,1.1.25,,Um livro didático interativo com um simulador de software de contabilidade,https://play.google.com/store/apps/details?id=com.onethumblearning.android.addictiveaccounting&hl=pt&gl=br,100,3,61,pequeno/indie,8308,57.55,205.55,668.02,127.44,1109.95,688.17,média,1,5.0,100.0,0.0,"SerpAPI, Firecrawl"
Negócios · CRM e Vendas,13,CRM360,br.com.giver.giver_lojista,Giver,atendimento.crm360@crmbonus.com,https://www.crmbonus.com.br/360,Ferramentas,4.035714,56,18,10.000+,10000,31682,1,0,BRL,0,0,,Classificação Livre,7 de mar. de 2022,1779380593,2.0.23,,App para seus vendedores resgatarem os melhores clientes e sua loja bater metas!,https://play.google.com/store/apps/details?id=br.com.giver.giver_lojista&hl=pt&gl=br,100,33,61,pequeno/indie,2217,0.0,0.0,0.0,0.0,0.0,0.0,baixa,18,2.89,44.4,50.0,"SerpAPI, Firecrawl"
Personalização · Launchers,14,Total Launcher,com.ss.launcher2,Total_Apps,chyk.the.dev@gmail.com,https://total-launcher.blogspot.com/,Personalização,4.29,27320,329,1.000.000+,1000000,3054416,1,0,BRL,0,1,"R$ 8,99 – R$ 22,99 por item",Classificação Livre,27 de jan. de 2015,1783820297,4.0.7,,Imagine. Crie! A personalização definitiva para o seu Android.,https://play.google.com/store/apps/details?id=com.ss.launcher2&hl=pt&gl=br,79,49,60,pequeno/indie,329324,2230.11,7964.67,25885.18,4938.1,43009.23,26665.72,alta,25,3.84,64.0,24.0,"SerpAPI, Firecrawl"
Negócios · ERP para Pequenos Negócios,4,"Vendas, financeiro e estoque",br.com.vhsys,vhsys,contato@vhsys.com.br,https://vhsys.com.br,Finanças,4.214876,1520,730,100.000+,100000,238656,1,0,BRL,0,0,,Classificação Livre,26 de nov. de 2013,1769537656,4.7.18,,"Aplicativo de Gestão com Vendas, Pedidos, Ordens de Serviço e Finanças, para MEI",https://play.google.com/store/apps/details?id=br.com.vhsys&hl=pt&gl=br,100,29,60,pequeno/indie,18800,0.0,0.0,0.0,0.0,0.0,0.0,média,25,3.36,60.0,40.0,"SerpAPI, Firecrawl"
Personalização · Launchers,7,1 Launcher - Home Launcher,launcher.desktop,1 Bit,pointdotdog@gmail.com,https://onebit-app.web.app/,Personalização,4.1666665,18388,214,1.000.000+,1000000,3209191,1,0,BRL,1,1,"R$ 9,99 – R$ 119,99 por item",Classificação Livre,27 de mar. de 2020,1783678427,1.5.2,,"1 Launcher: torne a tela inicial organizada, rápida, personalizada e elegante",https://play.google.com/store/apps/details?id=launcher.desktop&hl=pt&gl=br,79,48,59,pequeno/indie,346838,9751.78,34827.79,113190.31,21593.23,188070.05,116603.43,alta,25,4.0,72.0,20.0,"SerpAPI, Firecrawl"
Personalização · Papéis de Parede,24,Resplash - Wallpapers,com.b_lam.resplash,Brandon Lam,whoisbrandonlam@gmail.com,https://b-lam.github.io,Personalização,3.940594,9732,131,1.000.000+,1000000,1952524,1,0,BRL,0,1,"R$ 6,49 – R$ 77,99 por item",Classificação 12 anos,22 de fev. de 2017,1747344102,3.4.3,,Unsplash no Android | Papéis de parede bonitos de Unsplash,https://play.google.com/store/apps/details?id=com.b_lam.resplash&hl=pt&gl=br,79,15,59,pequeno/indie,171638,2009.7,7177.51,23326.91,4450.06,38758.56,24030.3,alta,25,3.4,60.0,36.0,"SerpAPI, Firecrawl"
Personalização · Papéis de Parede,14,Tapet: 4K HD Wallpapers,com.sharpregion.tapet,Tapet,adrian@tapet.app,,Personalização,4.32,79120,652,1.000.000+,1000000,3944497,1,0,BRL,0,1,"R$ 3,49 – R$ 1.899,99 por item",Classificação Livre,9 de jun. de 2014,1784023765,11.000.114,,"Uma infinidade de papéis de parede em HD, gerados automaticamente. Sempre novos, nunca iguais.",https://play.google.com/store/apps/details?id=com.sharpregion.tapet&hl=pt&gl=br,65,59,59,normal,430549,6344.68,22659.58,73643.62,14048.94,122361.71,75864.26,alta,25,3.96,72.0,24.0,"SerpAPI, Firecrawl"
Negócios · ERP para Pequenos Negócios,12,Gestão estoque faturas vendas,com.bhairavasoft.simply,bhairavasoft private limited,bhairavasoft@gmail.com,https://www.simplystock.co,Negócios,,,,10.000+,10000,10410,1,0,BRL,0,1,"R$ 51,99 – R$ 364,99 por item",Classificação Livre,26 de out. de 2024,1784294460,2.8.9,,"Aplicativo tudo-em-um para inventário, armazém, faturamento, vendas e equipe",https://play.google.com/store/apps/details?id=com.bhairavasoft.simply&hl=pt&gl=br,100,32,59,pequeno/indie,678,74.86,267.35,868.88,165.76,1443.67,895.08,baixa,1,4.0,100.0,0.0,"SerpAPI, Firecrawl"
Negócios · CRM e Vendas,17,Meu CRM,com.wealthsystems.MasterCRM,TOTVS CRM,dev.totvscrm@totvs.com.br,https://www.totvs.com/crm,Negócios,4.521739,24,7,1.000+,1000,4289,1,0,BRL,0,0,,Classificação Livre,28 de jan. de 2019,1772038263,21.0.0,,O melhor CRM do Brasil.,https://play.google.com/store/apps/details?id=com.wealthsystems.MasterCRM&hl=pt&gl=br,100,35,59,pequeno/indie,289,0.0,0.0,0.0,0.0,0.0,0.0,baixa,7,3.43,57.1,42.9,"SerpAPI, Firecrawl"
Personalização · Papéis de Parede,19,Widgify - DIY Live Wallpaper,com.widgify.worldroid,Widgify Group,widgifyteam@outlook.com,http://onewidgetworld.com/app-ads.txt,Ferramentas,4.5885415,121523,1164,5.000.000+,5000000,7796494,1,0,BRL,0,1,"R$ 16,99 – R$ 119,99 por item",Classificação Livre,26 de abr. de 2024,1783410319,1.4.0,,Widget inicial da minha foto,https://play.google.com/store/apps/details?id=com.widgify.worldroid&hl=pt&gl=br,29,59,58,normal,966555,28035.43,100126.55,325411.29,62078.46,540683.38,335223.69,alta,25,4.2,76.0,12.0,"SerpAPI, Firecrawl"
Negócios · ERP para Pequenos Negócios,17,Gerenciador de Estoque,br.com.ashestore.inventorymanager,André F.,andrerrsky@gmail.com,https://andrefortunato.dev.br,Ferramentas,3.77,136,94,10.000+,10000,18287,1,0,BRL,1,1,"R$ 9,99 por item",Classificação Livre,1 de dez. de 2018,1773319841,14,,"Controle seu estoque, produtos e inventário de forma simples e offline.",https://play.google.com/store/apps/details?id=br.com.ashestore.inventorymanager&hl=pt&gl=br,100,29,58,pequeno/indie,1236,5.42,19.37,62.94,12.01,104.58,64.84,média,25,2.96,36.0,40.0,"SerpAPI, Firecrawl"
Negócios · Nota Fiscal e Contabilidade,17,Contabilidade,com.accounting.bookkeeping,Tacktile Systems Private Limited,support@tacktilesystems.com,http://www.tacktile.net,Negócios,4.3846154,5340,6,1.000.000+,1000000,2277586,1,0,BRL,0,1,"R$ 15,99 – R$ 184,99 por item",Classificação Livre,16 de ago. de 2019,1779972849,1.312,,"Contabilidade - Acompanhar Vendas, Compras, Estoque, Despesas, Pagamentos",https://play.google.com/store/apps/details?id=com.accounting.bookkeeping&hl=pt&gl=br,69,52,58,normal,201736,14900.3,53215.34,172949.86,32993.51,287362.85,178164.97,alta,22,4.23,81.8,9.1,"SerpAPI, Firecrawl"
Personalização · Launchers,24,Only Launcher – Tela Inicial,com.andmobi.home,One2 Labs,one2.labs@gmail.com,https://one2labs.github.io/,Ferramentas,3.0,25,3,1.000+,1000,3432,1,0,BRL,0,1,"R$ 16,99 por item",Classificação Livre,30 de ago. de 2025,1782178556,2.2.0,,"Launcher minimalista com tela limpa, gaveta inteligente e gestos.",https://play.google.com/store/apps/details?id=com.andmobi.home&hl=pt&gl=br,100,25,57,pequeno/indie,248,1.79,6.39,20.76,3.96,34.49,21.39,baixa,2,2.5,50.0,50.0,"SerpAPI, Firecrawl"
Negócios · ERP para Pequenos Negócios,24,Gestão de Estoque e Vendas,com.proyectoexcel.stockfacil,Proyecto Excel,proyectoexcelok@gmail.com,https://proyectoexcelok.blogspot.com/,Produtividade,,,,5.000+,5000,6771,1,0,BRL,0,1,"R$ 2,59 – R$ 52,99 por item",Classificação Livre,4 de ago. de 2025,1780103566,2.2.0,,Controle o estoque e vendas do seu negócio de forma simples.,https://play.google.com/store/apps/details?id=com.proyectoexcel.stockfacil&hl=pt&gl=br,100,27,57,pequeno/indie,428,7.92,28.29,91.95,17.54,152.77,94.72,baixa,5,5.0,100.0,0.0,"SerpAPI, Firecrawl"
Negócios · CRM e Vendas,5,Easy Leads CRM - Vendas,com.katans.EasyLeads,"Easy Leads CRM, Sales, Customers & Leads tracking",easyleads@katans.com,,Negócios,4.2608695,356,11,10.000+,10000,46885,1,0,BRL,0,1,"R$ 48,99 – R$ 599,99 por item",Classificação Livre,13 de jul. de 2021,1762167430,3.0.26,,"Gira clientes e leads, rastreie vendas, envie apoio e cotações, inclua tarefas.",https://play.google.com/store/apps/details?id=com.katans.EasyLeads&hl=pt&gl=br,46,0,57,gigante,3362,490.74,1752.66,5696.15,1086.65,9464.37,5867.91,baixa,14,4.57,92.9,7.1,"SerpAPI, Firecrawl"
Personalização · Launchers,16,MultiLauncher ‧ Tela inicial,app.mlauncher,CodeWorks Creative Hub,wayne6324@gmail.com,https://mlauncher.5646316.xyz,Personalização,4.8,52,4,10.000+,10000,11657,1,0,BRL,0,0,,Classificação Livre,21 de abr. de 2025,,Varies with device,,"MultiLauncher ‧ Tela inicial, clima e iniciador de interface minimalista",https://play.google.com/store/apps/details?id=app.mlauncher&hl=pt&gl=br,100,22,56,pequeno/indie,842,0.0,0.0,0.0,0.0,0.0,0.0,baixa,3,4.67,100.0,0.0,"SerpAPI, Firecrawl"
Negócios · RH e Gestão de Equipe,19,GestãoDS,com.gestaods.myapp,Gestão DS,luismiguel.correa@gestaods.com.br,https://www.gestaods.com.br,Medicina,4.3125,96,23,5.000+,5000,5892,1,0,BRL,0,0,,Classificação Livre,7 de fev. de 2024,1782841226,1.10.10,,"Gestão descomplicada para agendas médicas, fichas de pacientes e prontuários.",https://play.google.com/store/apps/details?id=com.gestaods.myapp&hl=pt&gl=br,100,48,55,pequeno/indie,443,0.0,0.0,0.0,0.0,0.0,0.0,baixa,23,2.61,34.8,56.5,"SerpAPI, Firecrawl"
Personalização · Launchers,10,hyperion launcher,projekt.launcher,prjkt.io,sales@prjkt.io,https://prjkt.io,Personalização,4.069307,16945,430,1.000.000+,1000000,2375905,1,0,BRL,0,1,"R$ 9,99 por item",Classificação Livre,15 de out. de 2018,1773340067,2.1.22,,"Proporcionando uma experiência de lançador consolidado, bonita e cheia de recursos!",https://play.google.com/store/apps/details?id=projekt.launcher&hl=pt&gl=br,69,37,54,normal,210881,811.08,2896.72,9414.33,1795.97,15642.28,9698.21,alta,25,3.88,68.0,16.0,"SerpAPI, Firecrawl"
Personalização · Launchers,19,Olauncher. Minimal AF Launcher,app.olauncher,Digital Minimalism,thetanuj1@gmail.com,https://twitter.com/tanujnotes/,Personalização,4.9193954,77265,1877,1.000.000+,1000000,2416075,1,0,BRL,0,0,,Classificação Livre,17 de jul. de 2020,1782901972,v6.7.1,,Launcher minimalista para reduzir o tempo que você passa na frente da tela. Papéis de parede diários. Sem anúncios.,https://play.google.com/store/apps/details?id=app.olauncher&hl=pt&gl=br,79,64,53,pequeno/indie,283301,0.0,0.0,0.0,0.0,0.0,0.0,média,25,4.84,96.0,4.0,"SerpAPI, Firecrawl"
Personalização · Launchers,23,"GO Launcher S – 3D Theme, Wall",com.gau.go.launcherex.s,go live llc,launchersgo@gmail.com,http://golauncher.goforandroid.com,Personalização,4.674286,165845,4489,5.000.000+,5000000,8737730,1,0,BRL,1,1,"R$ 3,79 – R$ 354,99 por item",Classificação Livre,28 de set. de 2018,1756462793,1.21,,GO Launcher S-💎Customize your phone with free themes & HD wallpapers!,https://play.google.com/store/apps/details?id=com.gau.go.launcherex.s&hl=pt&gl=br,29,37,52,normal,907460,45519.62,162570.08,528352.76,100793.45,877878.44,544284.63,alta,25,4.52,84.0,8.0,"SerpAPI, Firecrawl"
Negócios · RH e Gestão de Equipe,21,RH Mobile,com.sysnovare.rhmobile,Sysnovare Innovative Solutions S.A.,geral@sysnovare.pt,http://www.sysnovare.pt,Negócios,3.625,63,2,10.000+,10000,26605,1,0,BRL,0,0,,Classificação Livre,14 de fev. de 2018,1784132911,26.5.8,,A solução de Capital Humano Sysnovare RH Suite na palma da mão.,https://play.google.com/store/apps/details?id=com.sysnovare.rhmobile&hl=pt&gl=br,100,39,52,pequeno/indie,2210,0.0,0.0,0.0,0.0,0.0,0.0,baixa,25,2.28,28.0,72.0,"SerpAPI, Firecrawl"
Negócios · RH e Gestão de Equipe,3,Ponto Soft,com.psmobile,Insoft4 Informática,comercial@insoft4.com,https://www.pontosoft.com.br/mobile,Produtividade,3.85,127,51,10.000+,10000,41542,1,0,BRL,0,0,,Classificação Livre,14 de abr. de 2020,1782136628,4.21.1,,"Ferramenta destinada à marcação ponto, confirmação do local via Geolocalização.",https://play.google.com/store/apps/details?id=com.psmobile&hl=pt&gl=br,100,38,52,pequeno/indie,3548,0.0,0.0,0.0,0.0,0.0,0.0,baixa,25,3.8,68.0,28.0,"SerpAPI, Firecrawl"
Personalização · Papéis de Parede,15,LumaWalls: Papéis de Parede 4K,com.wallscape.mobile,Valemko Studio,hello@valemko.app,https://lumawalls.com/,Personalização,,,,5.000+,5000,8497,1,0,BRL,0,1,"R$ 9,99 – R$ 104,99 por item",Classificação Livre,30 de dez. de 2025,,Varies with device,,"Papéis de parede 4K e HD, live wallpapers, favoritos, Pro e rotação automática.",https://play.google.com/store/apps/details?id=com.wallscape.mobile&hl=pt&gl=br,100,0,51,pequeno/indie,546,8.71,31.09,101.05,19.28,167.9,104.1,baixa,1,1.0,0.0,100.0,"SerpAPI, Firecrawl"
Negócios · ERP para Pequenos Negócios,16,Estoque e Vendas - SoftList,app.softlist.sales,Martins Softwares,support@martinssoftwares.com,,Negócios,,,,10+,10,14,1,0,BRL,0,1,"R$ 29,90 – R$ 299,90 por item",Classificação Livre,,,Varies with device,,"Controle suas vendas, pedidos e estoque.",https://play.google.com/store/apps/details?id=app.softlist.sales&hl=pt&gl=br,100,0,51,pequeno/indie,0,0.04,0.16,0.52,0.1,0.86,0.53,baixa,0,0.0,0.0,0.0,"SerpAPI, Firecrawl"
Negócios · ERP para Pequenos Negócios,7,Vendas Estoque Clientes Pedido,br.com.robertodepelegrin.vendabem,App Koop Vendas - Gestão para sua empresa,contato@koopvendas.com.br,http://www.koopvendas.com.br,Finanças,3.8484848,2030,1506,100.000+,100000,297221,1,0,BRL,0,0,,Classificação Livre,21 de abr. de 2018,1774949716,1.0.168,,"Vendas, Pedidos, Controle de estoque, Clientes, Produtos, Financeiro",https://play.google.com/store/apps/details?id=br.com.robertodepelegrin.vendabem&hl=pt&gl=br,100,35,51,pequeno/indie,23697,0.0,0.0,0.0,0.0,0.0,0.0,média,25,3.84,68.0,16.0,"SerpAPI, Firecrawl"
Negócios · CRM e Vendas,8,Vendas Estoque Clientes Pedido,br.com.robertodepelegrin.vendabem,App Koop Vendas - Gestão para sua empresa,contato@koopvendas.com.br,http://www.koopvendas.com.br,Finanças,3.8484848,2030,1506,100.000+,100000,297221,1,0,BRL,0,0,,Classificação Livre,21 de abr. de 2018,1774949716,1.0.168,,"Vendas, Pedidos, Controle de estoque, Clientes, Produtos, Financeiro",https://play.google.com/store/apps/details?id=br.com.robertodepelegrin.vendabem&hl=pt&gl=br,100,35,51,pequeno/indie,23697,0.0,0.0,0.0,0.0,0.0,0.0,média,25,3.84,68.0,16.0,"SerpAPI, Firecrawl"
Negócios · RH e Gestão de Equipe,24,Ponto REP,com.pontomais.pontomaishappy,VR Benefícios (Pontomais),app@pontomais.com.br,https://pontomais.com.br,Produtividade,3.4019608,279,99,100.000+,100000,151715,1,0,BRL,0,0,,Classificação Livre,11 de jan. de 2021,1783950457,2.2.0,,Registro de ponto online em um único dispositivo!,https://play.google.com/store/apps/details?id=com.pontomais.pontomaishappy&hl=pt&gl=br,100,31,50,pequeno/indie,13983,0.0,0.0,0.0,0.0,0.0,0.0,média,25,2.0,16.0,68.0,"SerpAPI, Firecrawl"
Negócios · Nota Fiscal e Contabilidade,10,Emitte - Emitir Notas Fiscais,br.com.emitte,Emitte Lab,suporte@emitte.com.br,https://emitte.com.br,Negócios,3.39,1004,750,100.000+,100000,338929,1,0,BRL,0,0,,Classificação Livre,9 de jul. de 2019,1781712114,1.4.0,,Emita notas fiscais e gerencie suas vendas com o melhor app para MEI e PMEs.,https://play.google.com/store/apps/details?id=br.com.emitte&hl=pt&gl=br,100,31,50,pequeno/indie,32659,0.0,0.0,0.0,0.0,0.0,0.0,média,25,2.08,24.0,68.0,"SerpAPI, Firecrawl"
Negócios · Nota Fiscal e Contabilidade,8,Meu MEI Digital,br.gov.memp.portaldoempreendedor,Serviços e Informações do Brasil,ascom.memp@memp.gov.br,https://www.gov.br/memp/pt-br,Ferramentas,3.23,237,149,100.000+,100000,166276,1,0,BRL,0,0,,Classificação Livre,8 de dez. de 2025,1783340309,1.0.1,,App para o cidadão trabalhador que deseja se tornar um MEI e os já formalizados,https://play.google.com/store/apps/details?id=br.gov.memp.portaldoempreendedor&hl=pt&gl=br,100,30,50,pequeno/indie,15405,0.0,0.0,0.0,0.0,0.0,0.0,média,25,2.6,40.0,60.0,"SerpAPI, Firecrawl"
Negócios · CRM e Vendas,19,Salesmate - Sales CRM,com.rapidops.salesmate,RapidOps Inc.,support@salesmate.io,https://www.salesmate.io/,Negócios,,,,10.000+,10000,25452,1,0,BRL,0,0,,Classificação Livre,10 de mai. de 2016,1782308354,16.8.2,,O Salesmate é um software de CRM completo para equipes de vendas,https://play.google.com/store/apps/details?id=com.rapidops.salesmate&hl=pt&gl=br,100,29,50,pequeno/indie,2109,0.0,0.0,0.0,0.0,0.0,0.0,baixa,2,3.0,50.0,50.0,"SerpAPI, Firecrawl"
Negócios · CRM e Vendas,14,OnePageCRM - Simple CRM System,com.onepagecrm,OnePageCRM,support@onepagecrm.com,http://www.onepagecrm.com,Negócios,,,,10.000+,10000,40740,1,0,BRL,0,0,,Classificação Livre,30 de abr. de 2014,1784118772,5.4.0,,CRM de vendas simples com funcionalidade de lista de tarefas projetada para pequenas empresas,https://play.google.com/store/apps/details?id=com.onepagecrm&hl=pt&gl=br,100,31,50,pequeno/indie,3475,0.0,0.0,0.0,0.0,0.0,0.0,baixa,0,0.0,0.0,0.0,"SerpAPI, Firecrawl"
Negócios · RH e Gestão de Equipe,4,Portal RH,com.outserv.flutter.rm,Outserv Tecnologia,suporte@outserv.com.br,https://outserv.com.br/,Personalização,4.2222223,9,3,1.000+,1000,2494,1,0,BRL,0,0,,Classificação Livre,28 de nov. de 2024,1762280314,1.0.4,,Facilite a gestão com o Portal RH da Outserv!,https://play.google.com/store/apps/details?id=com.outserv.flutter.rm&hl=pt&gl=br,100,25,49,pequeno/indie,147,0.0,0.0,0.0,0.0,0.0,0.0,baixa,3,2.67,33.3,66.7,"SerpAPI, Firecrawl"
Negócios · Nota Fiscal e Contabilidade,19,Sua Nota Tem Valor,br.gov.ce.sefaz.suanotatemvalor.app,Governo do Estado do Ceará,suanotatemvalor@sefaz.ce.gov.br,https://suanotatemvalor.sefaz.ce.gov.br/app/,Finanças,3.2564104,1551,908,500.000+,500000,559208,1,0,BRL,0,0,,Classificação Livre,6 de jul. de 2020,1783017308,2.7.3,,Sua Nota Tem Valor é um modelo de fidelização do contribuinte.,https://play.google.com/store/apps/details?id=br.gov.ce.sefaz.suanotatemvalor.app&hl=pt&gl=br,92,33,49,pequeno/indie,55345,0.0,0.0,0.0,0.0,0.0,0.0,média,25,2.08,12.0,68.0,"SerpAPI, Firecrawl"
Negócios · CRM e Vendas,21,HubSpot,com.hubspot.android,HubSpot,hellomobile@hubspot.com,https://www.hubspot.com/,Negócios,4.47,13216,153,1.000.000+,1000000,2508407,1,0,BRL,0,0,,Classificação Livre,9 de mai. de 2017,1784131374,4.28.1,,O CRM com tecnologia de IA,https://play.google.com/store/apps/details?id=com.hubspot.android&hl=pt&gl=br,69,58,49,normal,267879,0.0,0.0,0.0,0.0,0.0,0.0,média,25,3.32,52.0,36.0,"SerpAPI, Firecrawl"
Negócios · Nota Fiscal e Contabilidade,7,Nota Fiscal Fácil - NFF,br.gov.rs.procergs.nff,PROCERGS,nff@sefaz.rs.gov.br,,Produtividade,2.7326732,940,718,500.000+,500000,986719,1,0,BRL,0,0,,Classificação Livre,23 de jul. de 2020,1783448350,1.8.95,,O NFF simplifica o processo de emissão de documentos fiscais eletrônicos (DFE),https://play.google.com/store/apps/details?id=br.gov.rs.procergs.nff&hl=pt&gl=br,88,33,48,pequeno/indie,100576,0.0,0.0,0.0,0.0,0.0,0.0,média,25,2.24,24.0,64.0,"SerpAPI, Firecrawl"
Negócios · RH e Gestão de Equipe,22,Ponto Multiusuário,com.gelt.rppontolitetablet,GELT Tecnologia,mobile@gelt.com.br,https://registroponto.com.br/,Produtividade,4.0,13,3,5.000+,5000,5411,1,0,BRL,0,0,,Classificação Livre,31 de jan. de 2022,1761655135,3.4.0,,Maior comodidade e segurança no registro de ponto para equipes.,https://play.google.com/store/apps/details?id=com.gelt.rppontolitetablet&hl=pt&gl=br,100,13,46,pequeno/indie,337,0.0,0.0,0.0,0.0,0.0,0.0,baixa,3,1.0,0.0,100.0,"SerpAPI, Firecrawl"
Negócios · CRM e Vendas,4,Bitrix24 CRM And Projects,com.bitrix24.android,Bitrix Inc,android@bitrixsoft.com,https://www.bitrix24.com,Negócios,4.8483605,59274,746,5.000.000+,5000000,7108659,1,0,BRL,0,0,,Classificação Livre,3 de dez. de 2012,1781040871,5.20.1 (4002),,"Bitrix24 is a free project management, CRM and collaboration platform.",https://play.google.com/store/apps/details?id=com.bitrix24.android&hl=pt&gl=br,49,62,45,normal,731265,0.0,0.0,0.0,0.0,0.0,0.0,média,25,3.84,72.0,28.0,"SerpAPI, Firecrawl"
Personalização · Ícones e Temas,17,Lançador OS - Temas e Ícones,com.asianmobile.launcheros,TextSoft.Studio,teammarketing@lutech.ltd,https://lutech.vn/app-ads.txt,Personalização,4.615287,61208,2572,10.000.000+,10000000,10185930,1,0,BRL,1,1,"R$ 1,29 – R$ 139,99 por item",Classificação Livre,5 de dez. de 2024,1783440715,73,,"Transforme seu Android com launcher elegante, tela inicial, temas & widgets",https://play.google.com/store/apps/details?id=com.asianmobile.launcheros&hl=pt&gl=br,49,65,44,crescendo,1278391,39093.32,139619.0,453761.75,86563.78,753942.6,467444.41,alta,25,4.48,88.0,12.0,"SerpAPI, Firecrawl"
Personalização · Launchers,20,Lançador OS - Temas e Ícones,com.asianmobile.launcheros,TextSoft.Studio,teammarketing@lutech.ltd,https://lutech.vn/app-ads.txt,Personalização,4.615287,61208,2572,10.000.000+,10000000,10185930,1,0,BRL,1,1,"R$ 1,29 – R$ 139,99 por item",Classificação Livre,5 de dez. de 2024,1783440715,73,,"Transforme seu Android com launcher elegante, tela inicial, temas & widgets",https://play.google.com/store/apps/details?id=com.asianmobile.launcheros&hl=pt&gl=br,49,65,44,crescendo,1278391,39093.32,139619.0,453761.75,86563.78,753942.6,467444.41,alta,25,4.48,88.0,12.0,"SerpAPI, Firecrawl"
Negócios · RH e Gestão de Equipe,9,RHBrasil PONTO,com.cingo.rhbrasilponto,RHBrasil Recursos Humanos,suporte@rhbrasil.com.br,https://www.rhbrasil.com.br/,Produtividade,4.06383,47,14,10.000+,10000,15704,1,0,BRL,0,0,,Classificação Livre,1 de dez. de 2022,1724863643,2.0.0,,Aplicativo para registro do ponto com geolocalização,https://play.google.com/store/apps/details?id=com.cingo.rhbrasilponto&hl=pt&gl=br,100,6,44,pequeno/indie,1051,0.0,0.0,0.0,0.0,0.0,0.0,baixa,13,3.38,61.5,38.5,"SerpAPI, Firecrawl"
Negócios · RH e Gestão de Equipe,1,Ponto RH,com.hkpontorh,Grupo HK,suporte@grupohk.com.br,https://grupohk.com.br,Produtividade,4.105263,19,4,10.000+,10000,16906,1,0,BRL,0,0,,Classificação Livre,27 de out. de 2020,,Varies with device,,Aplicativo voltado ao gerenciamento de fotos usadas na aplicação HKPonto,https://play.google.com/store/apps/details?id=com.hkpontorh&hl=pt&gl=br,100,5,44,pequeno/indie,1137,0.0,0.0,0.0,0.0,0.0,0.0,baixa,4,4.0,75.0,25.0,"SerpAPI, Firecrawl"
Negócios · RH e Gestão de Equipe,20,RHGestor,br.com.rhgestor.RHgestor,RHGestor,contato@rhgestor.com.br,https://rhgestor.com.br,Negócios,2.871287,127,56,50.000+,50000,80337,1,0,BRL,0,0,,Classificação Livre,25 de jul. de 2023,1735008983,1.2,,Recrute. Desenvolva. Avalie.,https://play.google.com/store/apps/details?id=br.com.rhgestor.RHgestor&hl=pt&gl=br,100,0,43,pequeno/indie,5948,0.0,0.0,0.0,0.0,0.0,0.0,baixa,25,1.72,16.0,84.0,"SerpAPI, Firecrawl"
Negócios · RH e Gestão de Equipe,17,Asseponto - APP,com.assecont.AssepontoMobile,Assecont Tecnologia Ltda Epp,comercial@assecont.com.br,https://www.assecont.com.br,Negócios,2.62,670,343,50.000+,50000,95079,1,0,BRL,0,0,,Classificação Livre,1 de abr. de 2019,1741272726,2.5.0,,Registro de ponto e consultas de jornada de trabalho.,https://play.google.com/store/apps/details?id=com.assecont.AssepontoMobile&hl=pt&gl=br,100,1,43,pequeno/indie,7110,0.0,0.0,0.0,0.0,0.0,0.0,baixa,25,2.2,20.0,68.0,"SerpAPI, Firecrawl"
Negócios · Nota Fiscal e Contabilidade,23,Nota do Milhão,br.gov.sp.prefeitura.nfe.twa,Prodam SP,mobile.prodam@gmail.com.br,http://notadomilhao.prefeitura.sp.gov.br/,Negócios,3.36,50,29,50.000+,50000,51516,1,0,BRL,0,0,,Classificação Livre,24 de nov. de 2023,1754073154,1.0.0.3,,Aplicativo de consulta e emissão de Notas Fiscais para Smartphones,https://play.google.com/store/apps/details?id=br.gov.sp.prefeitura.nfe.twa&hl=pt&gl=br,100,0,43,pequeno/indie,3715,0.0,0.0,0.0,0.0,0.0,0.0,baixa,25,2.64,40.0,60.0,"SerpAPI, Firecrawl"
Negócios · Nota Fiscal e Contabilidade,21,NFSe Cidadão,br.gov.nfsemobiletomador,Serviços e Informações do Brasil,aplicativos@rfb.gov.br,https://www.gov.br/receitafederal/pt-br,Finanças,3.2150538,93,49,50.000+,50000,54546,1,0,BRL,0,0,,Classificação Livre,27 de nov. de 2022,,Varies with device,,Permite consulta de NFS-e emitidas para o cidadão por prestadores de serviços.,https://play.google.com/store/apps/details?id=br.gov.nfsemobiletomador&hl=pt&gl=br,100,0,43,pequeno/indie,3947,0.0,0.0,0.0,0.0,0.0,0.0,baixa,25,3.04,48.0,52.0,"SerpAPI, Firecrawl"
Personalização · Ícones e Temas,21,ThemePro - temas & wallpapers,com.themekit.lite.widgets.themes,ThemeKit,ThemeKit.Studio@gmail.com,https://site.themekit.live,Personalização,4.6426888,313372,2347,10.000.000+,10000000,24984986,1,0,BRL,1,1,"R$ 1,59 – R$ 84,99 por item",Classificação Livre,7 de mar. de 2024,1782467768,8.4,,"Personalize o telefone com temas estéticos,ícones,widgets 3D e papéis de parede",https://play.google.com/store/apps/details?id=com.themekit.lite.widgets.themes&hl=pt&gl=br,29,76,42,crescendo,3264272,62012.57,221473.47,719788.76,137313.55,1195956.71,741493.16,alta,25,4.76,96.0,4.0,"SerpAPI, Firecrawl"
Negócios · Nota Fiscal e Contabilidade,2,MEI Livre,com.openmei.meilivre,Open MEI,suporte@openmei.com.br,https://meilivre.com.br/,Finanças,3.7777777,9,5,1.000+,1000,2616,1,0,BRL,0,0,,Classificação Livre,5 de dez. de 2024,1780341269,1.3.10,,Contador online para seu MEI!,https://play.google.com/store/apps/details?id=com.openmei.meilivre&hl=pt&gl=br,100,31,40,pequeno/indie,154,0.0,0.0,0.0,0.0,0.0,0.0,baixa,5,3.6,60.0,40.0,"SerpAPI, Firecrawl"
Negócios · CRM e Vendas,7,Nuax CRM – Gestão de Clientes,br.com.mycontrol,LY SISTEM,guiandobairros@gmail.com,,Ferramentas,3.5,232,151,10.000+,10000,10449,1,0,BRL,0,0,,Classificação Livre,2 de mai. de 2020,1783027207,9.3.12,,Chega de planilhas! Gerencie seus clientes com rapidez e inteligência.,https://play.google.com/store/apps/details?id=br.com.mycontrol&hl=pt&gl=br,100,30,40,pequeno/indie,817,0.0,0.0,0.0,0.0,0.0,0.0,baixa,25,2.88,44.0,52.0,"SerpAPI, Firecrawl"
Personalização · Widgets,18,WidgetKit: Widgets e Temas,com.widgetkit.widget.theme.wallpaper.icon.sceen.scape,ThemeKit,ThemeKit.Studio@gmail.com,https://site.themekit.live,Personalização,4.7360806,390485,2517,10.000.000+,10000000,30884225,1,0,BRL,1,1,"R$ 1,69 – R$ 98,99 por item",Classificação 12 anos,25 de jun. de 2023,1782467861,14.0,,Transforme o seu telefone em arte com widgets e temas exclusivos no WidgetKit!,https://play.google.com/store/apps/details?id=com.widgetkit.widget.theme.wallpaper.icon.sceen.scape&hl=pt&gl=br,29,64,39,normal,4072533,89526.66,319738.08,1039148.75,198237.61,1726585.62,1070483.09,alta,25,4.6,88.0,8.0,"SerpAPI, Firecrawl"
Personalização · Widgets,7,Themely - Ícones & Widgets,com.icons.widgets.control.center.pink.black.themely,Animoji Phone X & Emoji Maker Develop Team,kikathemepack@gmail.com,https://themely-b656c.web.app/,Personalização,4.800955,237012,14743,10.000.000+,10000000,11699496,1,0,BRL,1,1,"R$ 5,49 – R$ 224,99 por item",Classificação 12 anos,30 de mai. de 2025,1784198081,1.0.0.690,,10000+ Temas Estéticos & Widgets da Themely. Personalize Seu Celular Facilmente!,https://play.google.com/store/apps/details?id=com.icons.widgets.control.center.pink.black.themely&hl=pt&gl=br,29,65,39,crescendo,1477644,73096.38,261058.48,848440.07,161856.26,1409715.81,874023.8,alta,25,4.92,100.0,0.0,"SerpAPI, Firecrawl"
Personalização · Ícones e Temas,7,WidgetKit: Widgets e Temas,com.widgetkit.widget.theme.wallpaper.icon.sceen.scape,ThemeKit,ThemeKit.Studio@gmail.com,https://site.themekit.live,Personalização,4.7360806,390485,2517,10.000.000+,10000000,30884225,1,0,BRL,1,1,"R$ 1,69 – R$ 98,99 por item",Classificação 12 anos,25 de jun. de 2023,1782467861,14.0,,Transforme o seu telefone em arte com widgets e temas exclusivos no WidgetKit!,https://play.google.com/store/apps/details?id=com.widgetkit.widget.theme.wallpaper.icon.sceen.scape&hl=pt&gl=br,29,64,39,normal,4072533,89526.66,319738.08,1039148.75,198237.61,1726585.62,1070483.09,alta,25,4.6,88.0,8.0,"SerpAPI, Firecrawl"
Personalização · Ícones e Temas,5,Themely - Ícones & Widgets,com.icons.widgets.control.center.pink.black.themely,Animoji Phone X & Emoji Maker Develop Team,kikathemepack@gmail.com,https://themely-b656c.web.app/,Personalização,4.800955,237012,14743,10.000.000+,10000000,11699496,1,0,BRL,1,1,"R$ 5,49 – R$ 224,99 por item",Classificação 12 anos,30 de mai. de 2025,1784198081,1.0.0.690,,10000+ Temas Estéticos & Widgets da Themely. Personalize Seu Celular Facilmente!,https://play.google.com/store/apps/details?id=com.icons.widgets.control.center.pink.black.themely&hl=pt&gl=br,29,65,39,crescendo,1477644,73096.38,261058.48,848440.07,161856.26,1409715.81,874023.8,alta,25,4.92,100.0,0.0,"SerpAPI, Firecrawl"
Negócios · RH e Gestão de Equipe,6,Gestão RH,pt.gestaorh.ponto,"Difermatica, Lda",geral@difermatica.pt,https://gestaorh.pt/,Produtividade,,,,500+,500,512,1,0,BRL,0,0,,Classificação Livre,12 de jan. de 2026,,Varies with device,,"Ponto, férias, SAT, despesas, requisições e mais. Tudo no telemóvel.",https://play.google.com/store/apps/details?id=pt.gestaorh.ponto&hl=pt&gl=br,100,24,39,pequeno/indie,26,0.0,0.0,0.0,0.0,0.0,0.0,baixa,6,4.67,83.3,0.0,"SerpAPI, Firecrawl"
Negócios · Nota Fiscal e Contabilidade,1,"MaisMei: Guias DAS, CNPJ e MEI",com.supermei.supermei,MaisMei,contato@maismei.com.br,https://www.maismei.com.br,Negócios,4.81025,156369,9535,5.000.000+,5000000,5570388,1,0,BRL,0,0,,Classificação Livre,27 de nov. de 2018,1783777726,3.43.0,,"Acompanhe suas Guias DAS, DASN, recibos e muito mais no SuperApp do MEI",https://play.google.com/store/apps/details?id=com.supermei.supermei&hl=pt&gl=br,19,65,39,crescendo,679841,0.0,0.0,0.0,0.0,0.0,0.0,média,25,4.48,88.0,12.0,"SerpAPI, Firecrawl"
Personalização · Widgets,2,Widgeet-Color Widgets(Widget),art.widgeet.android,Hello Widget,sy535425@gmail.com,https://widgeet.art,Personalização,4.754513,141777,3092,10.000.000+,10000000,12481961,1,0,BRL,1,1,"R$ 7,99 – R$ 39,99 por item",Classificação Livre,10 de jan. de 2023,1780422096,1.1.3.7,,Personalize sua tela Android com widgets. Muitos estilos te aguardam!,https://play.google.com/store/apps/details?id=art.widgeet.android&hl=pt&gl=br,29,62,38,normal,1317584,14261.29,50933.18,165532.84,31578.57,275039.17,170524.29,alta,25,4.52,84.0,4.0,"SerpAPI, Firecrawl"
Negócios · Nota Fiscal e Contabilidade,6,NFSe Mobile,br.gov.nfsemobileemissor,Serviços e Informações do Brasil,aplicativos@rfb.gov.br,https://www.gov.br/receitafederal/pt-br,Finanças,2.5263157,4174,2973,1.000.000+,1000000,1603510,1,0,BRL,0,0,,Classificação Livre,27 de nov. de 2022,,Varies with device,,"Permite a emissão de NFS-e, on-line e off-line, e consulta às NFS-e emitidas.",https://play.google.com/store/apps/details?id=br.gov.nfsemobileemissor&hl=pt&gl=br,77,4,38,pequeno/indie,139586,0.0,0.0,0.0,0.0,0.0,0.0,baixa,25,1.52,12.0,88.0,"SerpAPI, Firecrawl"
Personalização · Ícones e Temas,9,Trocador de ícone,any.icon,Any Studio,catharinekit@gmail.com,,Personalização,4.5208335,79439,1459,10.000.000+,10000000,14968883,1,0,BRL,1,0,,Classificação Livre,9 de abr. de 2021,1754471155,1.8.8,,Personalize o ícone do seu aplicativo,https://play.google.com/store/apps/details?id=any.icon&hl=pt&gl=br,55,29,37,normal,1593094,692.44,2472.99,8037.23,1187.04,13354.16,6410.0,alta,25,4.84,96.0,4.0,"SerpAPI, Firecrawl"
Personalização · Launchers,8,Nova Launcher Prime,com.teslacoilsw.launcher.prime,Instabridge Sweden AB,support@novalauncher.com,http://novalauncher.com,Personalização,4.2358747,368427,9216,5.000.000+,5000000,6837826,0,154.99,BRL,0,0,,Classificação Livre,23 de fev. de 2012,1693936314,Varies with device,,Sua tela inicial do jeito que você gosta,https://play.google.com/store/apps/details?id=com.teslacoilsw.launcher.prime&hl=pt&gl=br,19,18,37,normal,638305,6231592.55,22255687.69,72330984.98,13798526.37,120180713.51,74512042.37,alta,25,3.44,52.0,36.0,"SerpAPI, Firecrawl"
Personalização · Launchers,4,Niagara Launcher Tela Inicial,bitpit.launcher,Mellowdrop Studio,support@niagaralauncher.com,https://niagaralauncher.com,Personalização,4.829436,207142,3220,10.000.000+,10000000,15510815,1,0,BRL,0,1,"R$ 1,79 – R$ 79,99 por item",Classificação Livre,30 de jan. de 2021,1784292832,1.16.15,,Um Launcher produtivo minimalista. Amigável para uso de uma mão. Zero anúncios.,https://play.google.com/store/apps/details?id=bitpit.launcher&hl=pt&gl=br,19,66,37,crescendo,1653406,18740.87,66931.7,217528.01,41497.65,361431.16,224087.32,alta,25,4.6,88.0,4.0,"SerpAPI, Firecrawl"
Personalização · Papéis de Parede,17,"4K Wallpapers, Auto Changer",hd.uhd.wallpapers.best.quality,HD Pro Walls,hd.pro.walls@gmail.com,https://mrdroidstudiosuhd.xyz,Personalização,4.4251966,191215,1952,10.000.000+,10000000,26666021,1,0,BRL,1,1,"R$ 2,99 – R$ 29,99 por item",Classificação 10 anos,30 de jul. de 2018,1783191683,6.0.2,,Trocador de papel de parede automático | DUPLO Papéis de parede | Papéis de parede TODO DIA,https://play.google.com/store/apps/details?id=hd.uhd.wallpapers.best.quality&hl=pt&gl=br,29,58,37,normal,3176229,24290.42,86751.49,281942.34,53785.92,468458.04,290443.99,alta,25,4.76,96.0,4.0,"SerpAPI, Firecrawl"
Negócios · Nota Fiscal e Contabilidade,24,Conta MEI Digital,com.openmei.contameidigital,Open MEI,suporte@openmei.com.br,https://contameidigital.com.br/,Finanças,,,,100+,100,222,1,0,BRL,0,0,,Classificação Livre,20 de jun. de 2024,,Varies with device,,Contador online para seu MEI!,https://play.google.com/store/apps/details?id=com.openmei.contameidigital&hl=pt&gl=br,100,12,36,pequeno/indie,10,0.0,0.0,0.0,0.0,0.0,0.0,baixa,1,1.0,0.0,100.0,"SerpAPI, Firecrawl"
Negócios · Nota Fiscal e Contabilidade,4,MEI Pronto,com.openmei.meipronto,Open MEI,suporte@openmei.com.br,https://meipronto.com.br,Finanças,,,,1.000+,1000,2349,1,0,BRL,0,0,,Classificação Livre,20 de jun. de 2024,,Varies with device,,Contador online para seu MEI!,https://play.google.com/store/apps/details?id=com.openmei.meipronto&hl=pt&gl=br,100,12,36,pequeno/indie,137,0.0,0.0,0.0,0.0,0.0,0.0,baixa,0,0.0,0.0,0.0,"SerpAPI, Firecrawl"
Personalização · Widgets,12,Mico - Widget & Live Wallpaper,com.sm.mico,MICO LTD,mikelockscreen@163.com,https://www.unbinghk.com/,Personalização,4.491453,184836,3147,10.000.000+,10000000,15368802,1,0,BRL,1,1,"R$ 1,59 – R$ 99,99 por item",Classificação Livre,28 de fev. de 2024,1783684980,1.62.0,,"Widgets, Papéis de Parede em HD, Temas no Mico Widget para Tela de Bloqueio",https://play.google.com/store/apps/details?id=com.sm.mico&hl=pt&gl=br,19,59,35,normal,1786464,39612.38,141472.77,459786.5,87713.12,763952.95,473650.83,alta,25,3.36,52.0,24.0,"SerpAPI, Firecrawl"
Personalização · Widgets,5,Temas e trocador de ícones,com.eco.iconchanger.themes,Eco Mobile Style,iconchanger.android@app.ecomobile.vn,https://www.ecomobile.vn/,Personalização,4.5521817,182628,4755,10.000.000+,10000000,13574200,1,0,BRL,1,1,"R$ 1,99 – R$ 519,99 por item",Classificação Livre,9 de mai. de 2023,1783147291,1.1.22,,"Fácil de criar sua própria tela inicial com widgets, ícone de aplicativo e temas",https://play.google.com/store/apps/details?id=com.eco.iconchanger.themes&hl=pt&gl=br,19,58,35,normal,1725984,191917.92,685421.13,2227618.68,424961.1,3701274.12,2294789.95,alta,25,4.6,88.0,8.0,"SerpAPI, Firecrawl"
Personalização · Ícones e Temas,1,Temas e trocador de ícones,com.eco.iconchanger.themes,Eco Mobile Style,iconchanger.android@app.ecomobile.vn,https://www.ecomobile.vn/,Personalização,4.5521817,182628,4755,10.000.000+,10000000,13574200,1,0,BRL,1,1,"R$ 1,99 – R$ 519,99 por item",Classificação Livre,9 de mai. de 2023,1783147291,1.1.22,,"Fácil de criar sua própria tela inicial com widgets, ícone de aplicativo e temas",https://play.google.com/store/apps/details?id=com.eco.iconchanger.themes&hl=pt&gl=br,19,58,35,normal,1725984,191917.92,685421.13,2227618.68,424961.1,3701274.12,2294789.95,alta,25,4.6,88.0,8.0,"SerpAPI, Firecrawl"
Personalização · Papéis de Parede,22,Walli - Papéis de parede HD,com.shanga.walli,Tap AI,support@tap.pm,https://walliapp.com,Personalização,4.507478,894708,26524,10.000.000+,10000000,40439924,1,0,BRL,1,1,"R$ 2,00 – R$ 149,99 por item",Classificação 12 anos,9 de jun. de 2016,1784202826,2.12.104,,Papéis de parede que inspiram. Arte incrível e criatividade no Walli.,https://play.google.com/store/apps/details?id=com.shanga.walli&hl=pt&gl=br,19,59,35,normal,5395086,177217.41,632919.33,2056987.82,392409.98,3417764.38,2119013.92,alta,25,4.36,84.0,16.0,"SerpAPI, Firecrawl"
Personalização · Widgets,1,Widgets OS 18 - Color Widgets,com.blueskysoft.colorwidgets,ZipoApps,support.widgets@zipoapps.com,https://zipoapps.com/widgets,Personalização,4.8106327,366635,12613,10.000.000+,10000000,27251848,1,0,BRL,1,1,"R$ 5,49 – R$ 549,99 por item",Classificação Livre,5 de jan. de 2021,1773429372,1.12.6,,Personalize celular com widgets personalizados! +30 opções úteis de widgets.,https://play.google.com/store/apps/details?id=com.blueskysoft.colorwidgets&hl=pt&gl=br,19,54,34,normal,2978336,320271.23,1143825.82,3717433.92,709172.01,6176659.43,3829528.85,alta,25,4.64,92.0,8.0,"SerpAPI, Firecrawl"
Personalização · Ícones e Temas,19,"ThemeArt - Widgets, App icons",com.themeart.icons.widgets,Ahc Foundation Inc,ngoclanle045@gmail.com,https://lanie-studio.vercel.app/,Personalização,,,,5.000.000+,5000000,9276394,1,0,BRL,1,1,"R$ 25,99 – R$ 154,99 por item",Classificação Livre,,,Varies with device,,"Personalize sua tela inicial com ícones, temas e widgets estilosos!",https://play.google.com/store/apps/details?id=com.themeart.icons.widgets&hl=pt&gl=br,67,0,34,normal,878231,22370.23,79893.68,259654.45,49534.08,431425.85,267484.03,média,0,0.0,0.0,0.0,"SerpAPI, Firecrawl"
Personalização · Papéis de Parede,13,"Live Wallpapers, 4K Wallpapers",hd.uhd.live.wallpapers.topwallpapers,HD Pro Walls,hd.pro.walls@gmail.com,https://mrlivewalls.xyz,Personalização,4.1485715,47922,621,10.000.000+,10000000,10697908,1,0,BRL,1,1,"R$ 2,99 – R$ 29,99 por item",Classificação Livre,29 de jun. de 2019,1781204308,5.7.2,,"Papéis de parede animados, brilhantes, de relógio e papéis de parede estáticos de 4K | Trocador automático de papel de parede",https://play.google.com/store/apps/details?id=hd.uhd.live.wallpapers.topwallpapers&hl=pt&gl=br,59,46,34,normal,1019435,7723.67,27584.53,89649.71,17102.41,148956.44,92352.99,alta,25,3.68,68.0,28.0,"SerpAPI, Firecrawl"
Personalização · Papéis de Parede,12,Wallpaper Engine,io.wallpaperengine.weclient,Wallpaper Engine Team,support@wallpaperengine.io,https://www.wallpaperengine.io,Personalização,4.2846155,18418,580,5.000.000+,5000000,9460685,1,0,BRL,0,0,,Classificação Livre,21 de nov. de 2021,1779970700,2.8.8,,Transfira wallpapers animados do Windows para Android com o Wallpaper Engine!,https://play.google.com/store/apps/details?id=io.wallpaperengine.weclient&hl=pt&gl=br,49,44,33,normal,896487,0.0,0.0,0.0,0.0,0.0,0.0,média,25,3.8,60.0,20.0,"SerpAPI, Firecrawl"
Negócios · ERP para Pequenos Negócios,21,GEN Estoque,com.gen.estoque,Krafti Tecnologia LTDA.,web@krafti.com.br,https://indicabr.app,Finanças,,,,100+,100,252,1,0,BRL,0,0,,Classificação Livre,26 de jan. de 2023,,Varies with device,,App de gerenciamento de estoque de produtos desenvolvido pela Krafti Tecnologia,https://play.google.com/store/apps/details?id=com.gen.estoque&hl=pt&gl=br,100,0,33,pequeno/indie,12,0.0,0.0,0.0,0.0,0.0,0.0,baixa,0,0.0,0.0,0.0,"SerpAPI, Firecrawl"
Negócios · ERP para Pequenos Negócios,10,Contagem de Estoque,br.com.speedysistemas.contagem_estoque_app,SPEEDY SISTEMAS,adm.speedysistemas@gmail.com,,Negócios,,,,100+,100,394,1,0,BRL,0,0,,Classificação Livre,30 de abr. de 2025,,Varies with device,,Contagem e Acerto de Estoque,https://play.google.com/store/apps/details?id=br.com.speedysistemas.contagem_estoque_app&hl=pt&gl=br,100,0,33,pequeno/indie,20,0.0,0.0,0.0,0.0,0.0,0.0,baixa,1,5.0,100.0,0.0,"SerpAPI, Firecrawl"
Negócios · RH e Gestão de Equipe,25,Gestão Ponto - Raro,com.ionicframework.CELRHApp2024,Estúdio Digital CMConsult/Nork Digital,cmauricio@cmconsultoriati.com.br,http://cmconsultoriati.com.br,Negócios,,,,10+,10,23,1,0,BRL,0,0,,Classificação Livre,16 de fev. de 2024,,Varies with device,,Aplicativo de Gerenciamento de Atividades de RH,https://play.google.com/store/apps/details?id=com.ionicframework.CELRHApp2024&hl=pt&gl=br,100,0,33,pequeno/indie,0,0.0,0.0,0.0,0.0,0.0,0.0,baixa,0,0.0,0.0,0.0,"SerpAPI, Firecrawl"
Negócios · RH e Gestão de Equipe,14,RHePONTO,com.rheponto,Dotcom Ribeirão,gerencial@dbanet.com.br,https://officiumpro.com.br/,Negócios,,,,10+,10,24,1,0,BRL,0,0,,Classificação Livre,19 de jun. de 2023,,Varies with device,,O RHePONTO é uma solução corporativa tornando rotinas de DP e RH mais acessíveis,https://play.google.com/store/apps/details?id=com.rheponto&hl=pt&gl=br,100,0,33,pequeno/indie,0,0.0,0.0,0.0,0.0,0.0,0.0,baixa,0,0.0,0.0,0.0,"SerpAPI, Firecrawl"
Negócios · RH e Gestão de Equipe,13,RHNUBE Portal,com.rhnube.portal,RH NUBE CORP,info@rhnube.com,https://rhnube.com/,Finanças,,,,500+,500,729,1,0,BRL,0,0,,Classificação Livre,1 de abr. de 2026,,Varies with device,,"Controle de presença com GPS, biometria e modo offline.",https://play.google.com/store/apps/details?id=com.rhnube.portal&hl=pt&gl=br,100,0,33,pequeno/indie,39,0.0,0.0,0.0,0.0,0.0,0.0,baixa,0,0.0,0.0,0.0,"SerpAPI, Firecrawl"
Negócios · RH e Gestão de Equipe,10,Ponto Time - V2,br.com.pontotime.novoapp,WayInCode - Aplicativos e Sistemas,suporte@pontotime.com.br,https://www.pontotime.com.br,Ferramentas,,,,1.000+,1000,1140,1,0,BRL,0,0,,Classificação Livre,28 de out. de 2025,,Varies with device,,Controle de ponto complemto com reconhecimento facial e geolocalização,https://play.google.com/store/apps/details?id=br.com.pontotime.novoapp&hl=pt&gl=br,100,0,33,pequeno/indie,63,0.0,0.0,0.0,0.0,0.0,0.0,baixa,0,0.0,0.0,0.0,"SerpAPI, Firecrawl"
Negócios · RH e Gestão de Equipe,7,RH Gestor,br.com.aswti.gestoripiranga,Alpha Sistemas para Empresas,ti@ipirangaagroindustrial.com.br,https://gestor.ipirangaagroindustrial.com.br,Negócios,,,,1.000+,1000,1286,1,0,BRL,0,0,,Classificação Livre,29 de mai. de 2020,,Varies with device,,RH Gestor Ipiranga,https://play.google.com/store/apps/details?id=br.com.aswti.gestoripiranga&hl=pt&gl=br,100,0,33,pequeno/indie,72,0.0,0.0,0.0,0.0,0.0,0.0,baixa,0,0.0,0.0,0.0,"SerpAPI, Firecrawl"
Negócios · RH e Gestão de Equipe,5,Ponto Soft Virtual,br.com.insoft4.pontosoftvirtual,Insoft4 Informática,comercial@insoft4.com.br,https://www.insoft4.com.br/,Negócios,,,,500+,500,539,1,0,BRL,0,0,,Classificação Livre,8 de abr. de 2022,,Varies with device,,Aplicativo para registro de ponto,https://play.google.com/store/apps/details?id=br.com.insoft4.pontosoftvirtual&hl=pt&gl=br,100,0,33,pequeno/indie,28,0.0,0.0,0.0,0.0,0.0,0.0,baixa,0,0.0,0.0,0.0,"SerpAPI, Firecrawl"
Negócios · RH e Gestão de Equipe,2,RhGestão,com.adapteti.rhgestao,RH-GESTAO,suporte@rhgestao.com,https://www.rhgestao.com/,Negócios,,,,1.000+,1000,1447,1,0,BRL,0,0,,Classificação Livre,27 de out. de 2025,,Varies with device,,"Acesse contracheques, ponto, férias e comunicações da empresa em um só app",https://play.google.com/store/apps/details?id=com.adapteti.rhgestao&hl=pt&gl=br,100,0,33,pequeno/indie,81,0.0,0.0,0.0,0.0,0.0,0.0,baixa,4,4.0,75.0,25.0,"SerpAPI, Firecrawl"
Negócios · Nota Fiscal e Contabilidade,18,Emitir Nota Fiscal de Produtos,com.contentsys.appemitirnotas,Contentsys,contato@contentsys.com.br,https://www.emitirnotas.com.br,Negócios,2.6363637,11,5,5.000+,5000,9116,1,0,BRL,0,0,,Classificação Livre,3 de abr. de 2023,,Varies with device,,O Melhor aplicativo de emissão de notas apenas para produtos com certificado A1.,https://play.google.com/store/apps/details?id=com.contentsys.appemitirnotas&hl=pt&gl=br,100,0,33,pequeno/indie,588,0.0,0.0,0.0,0.0,0.0,0.0,baixa,5,2.6,40.0,60.0,"SerpAPI, Firecrawl"
Negócios · Nota Fiscal e Contabilidade,12,NFe+ Emissor de Nota Fiscal,com.br.nfemais,Jeferson Kasper,atendimento@zipline.com.br,https://nfemais.com.br,Negócios,3.3333333,21,10,10.000+,10000,12428,1,0,BRL,0,0,,Classificação Livre,29 de nov. de 2023,1721148170,1.0.2,,Emissor de notas fiscais eletrônicas NFe+. Emita notas gratuitamente.,https://play.google.com/store/apps/details?id=com.br.nfemais&hl=pt&gl=br,100,0,33,pequeno/indie,819,0.0,0.0,0.0,0.0,0.0,0.0,baixa,10,2.3,30.0,70.0,"SerpAPI, Firecrawl"
Negócios · CRM e Vendas,25,App CRM,com.mksolutions.mkcrm,MK Solutions Criação de Software LTDA,produtos@mksolutions.com.br,https://www.mksolutions.com.br/,Ferramentas,,,,500+,500,937,1,0,BRL,0,0,,Classificação Livre,16 de mar. de 2023,,Varies with device,,App de vendas da MK,https://play.google.com/store/apps/details?id=com.mksolutions.mkcrm&hl=pt&gl=br,100,0,33,pequeno/indie,51,0.0,0.0,0.0,0.0,0.0,0.0,baixa,0,0.0,0.0,0.0,"SerpAPI, Firecrawl"
Negócios · CRM e Vendas,20,Getlead CRM,com.getlead.app,Webqua,care@getlead.co.uk,https://www.getlead.co.uk,Negócios,,,,5.000+,5000,8903,1,0,BRL,0,0,,Classificação Livre,25 de set. de 2021,,Varies with device,,"Aumente as vendas com o GetLead CRM - o aplicativo de gerenciamento de vendas rápido, seguro e confiável",https://play.google.com/store/apps/details?id=com.getlead.app&hl=pt&gl=br,100,0,33,pequeno/indie,574,0.0,0.0,0.0,0.0,0.0,0.0,baixa,0,0.0,0.0,0.0,"SerpAPI, Firecrawl"
Negócios · CRM e Vendas,16,ShareCRM,com.facishare.fsplay,"ForShare Co., LTD.",info@fxiaoke.com,https://www.fxiaoke.com,Produtividade,,,,5.000+,5000,5084,1,0,BRL,0,0,,Classificação 12 anos,10 de mai. de 2022,,Varies with device,,"Entende o seu negócio, pensa estrategicamente e executa o trabalho.",https://play.google.com/store/apps/details?id=com.facishare.fsplay&hl=pt&gl=br,100,0,33,pequeno/indie,315,0.0,0.0,0.0,0.0,0.0,0.0,baixa,0,0.0,0.0,0.0,"SerpAPI, Firecrawl"
Negócios · CRM e Vendas,15,Sales CRM for Business,org.ubitech.vtlattendance,Ubitech Solutions,namrata@ubitechsolutions.com,http://Ubitechsolutions.com,Negócios,,,,1.000+,1000,2367,1,0,BRL,0,0,,Classificação Livre,11 de abr. de 2019,,Varies with device,,Rastreador de vendas | Gerenciar leads | Capturar consultas mais rapidamente | Venda melhor | ubiSales,https://play.google.com/store/apps/details?id=org.ubitech.vtlattendance&hl=pt&gl=br,100,0,33,pequeno/indie,139,0.0,0.0,0.0,0.0,0.0,0.0,baixa,0,0.0,0.0,0.0,"SerpAPI, Firecrawl"
Personalização · Widgets,3,Widget 2026: Aesthetic Widgets,com.remi.widget,GeniusTools Labs,support.aestethicwidgets@geniustoolslabs.com,https://geniustoolslabs.com/aestethicwidgets,Personalização,4.752992,190125,5420,10.000.000+,10000000,12954759,1,0,BRL,1,1,"R$ 5,49 – R$ 549,99 por item",Classificação Livre,19 de jul. de 2022,1751786941,85.1.4,,Uma decoração incrível para seu celular com o Criador de Widgets Estéticos!,https://play.google.com/store/apps/details?id=com.remi.widget&hl=pt&gl=br,19,34,29,normal,1369793,106055.16,378768.41,1230997.34,234836.42,2045349.43,1268116.64,alta,25,4.84,96.0,4.0,"SerpAPI, Firecrawl"
Personalização · Widgets,24,ThemeKit - Temas e widgets,com.themekit.widgets.themes,ThemeKit,ThemeKit.Studio@gmail.com,https://site.themekit.live,Personalização,4.638336,683174,8686,50.000.000+,50000000,60671596,1,0,BRL,1,1,"R$ 0,49 – R$ 174,99 por item",Classificação 12 anos,9 de set. de 2022,1782467743,20.1,,"Themify tela inicial por temas estéticos, ícones, widgets para Android",https://play.google.com/store/apps/details?id=com.themekit.widgets.themes&hl=pt&gl=br,0,44,27,gigante,8235283,264753.23,945547.27,3073028.62,586239.31,5105955.24,3165692.25,alta,25,4.24,80.0,16.0,"SerpAPI, Firecrawl"
Personalização · Widgets,10,"Themepack - App Icons, Widgets",com.iconchanger.widget.theme.shortcut,YoloTech,xmind0303@gmail.com,https://icon-changer-studio.web.app,Personalização,4.775246,1301581,84886,100.000.000+,100000000,116133652,1,0,BRL,1,1,"R$ 4,99 – R$ 204,99 por item",Classificação 14 anos,10 de mar. de 2022,1783664249,1.0.0.4179,,"Tema elegante, papel de parede e widget com criação para decoração de telefone",https://play.google.com/store/apps/details?id=com.iconchanger.widget.theme.shortcut&hl=pt&gl=br,0,45,27,gigante,16195702,621238.26,2218708.07,7210801.22,1375599.0,11981023.56,7428234.61,alta,25,4.56,88.0,8.0,"SerpAPI, Firecrawl"
Personalização · Ícones e Temas,11,ThemeKit - Temas e widgets,com.themekit.widgets.themes,ThemeKit,ThemeKit.Studio@gmail.com,https://site.themekit.live,Personalização,4.638336,683174,8686,50.000.000+,50000000,60671596,1,0,BRL,1,1,"R$ 0,49 – R$ 174,99 por item",Classificação 12 anos,9 de set. de 2022,1782467743,20.1,,"Themify tela inicial por temas estéticos, ícones, widgets para Android",https://play.google.com/store/apps/details?id=com.themekit.widgets.themes&hl=pt&gl=br,0,44,27,gigante,8235283,264753.23,945547.27,3073028.62,586239.31,5105955.24,3165692.25,alta,25,4.24,80.0,16.0,"SerpAPI, Firecrawl"
Personalização · Ícones e Temas,6,"Themepack - App Icons, Widgets",com.iconchanger.widget.theme.shortcut,YoloTech,xmind0303@gmail.com,https://icon-changer-studio.web.app,Personalização,4.775246,1301581,84886,100.000.000+,100000000,116133652,1,0,BRL,1,1,"R$ 4,99 – R$ 204,99 por item",Classificação 14 anos,10 de mar. de 2022,1783664249,1.0.0.4179,,"Tema elegante, papel de parede e widget com criação para decoração de telefone",https://play.google.com/store/apps/details?id=com.iconchanger.widget.theme.shortcut&hl=pt&gl=br,0,45,27,gigante,16195702,621238.26,2218708.07,7210801.22,1375599.0,11981023.56,7428234.61,alta,25,4.56,88.0,8.0,"SerpAPI, Firecrawl"
Personalização · Launchers,2,Smart Launcher 6 ‧ Home Screen,ginlemon.flowerfree,Smart Launcher Team,support@smartlauncher.net,http://www.smartlauncher.net/,Personalização,4.6919456,680458,16939,50.000.000+,50000000,53559793,1,0,BRL,0,1,"R$ 2,59 – R$ 149,99 por item",Classificação Livre,11 de jul. de 2012,1783602216,6.6 build 013,,"Tela inicial Android mais rápida, com organização automática, widgets e busca",https://play.google.com/store/apps/details?id=ginlemon.flowerfree&hl=pt&gl=br,0,45,27,gigante,7231679,198599.94,709285.5,2305177.88,439757.01,3830141.71,2374687.86,alta,25,4.64,92.0,8.0,"SerpAPI, Firecrawl"
Personalização · Papéis de Parede,2,Zedge™ Papéis de Parede,net.zedge.android,Zedge,android@zedge.net,https://www.zedge.net/,Personalização,4.740928,17714818,177534,500.000.000+,500000000,647870807,1,0,BRL,1,1,"R$ 2,99 – R$ 2.299,99 por item",Classificação 14 anos,,1784190256,9.28.1,,"Encontre milhões de papéis de parede, toques, sons de alarme e notificação",https://play.google.com/store/apps/details?id=net.zedge.android&hl=pt&gl=br,0,45,27,gigante,96734657,1265120.2,4518286.42,14684430.87,2801337.58,24398746.68,15127222.94,alta,25,3.44,52.0,32.0,"SerpAPI, Firecrawl"
Negócios · Nota Fiscal e Contabilidade,13,Méliuz: Cashback e Nota Fiscal,br.com.meliuz,Méliuz,atendimento@meliuz.com.br,https://www.meliuz.com.br/,Compras,4.7048817,1254088,121620,10.000.000+,10000000,36891807,1,0,BRL,0,1,"R$ 0,99 – R$ 119,90 por item",Classificação Livre,18 de jan. de 2017,1784175117,7.209.2,,Ganhe dinheiro de volta com o Méliuz Nota Fiscal e cashback em lojas online,https://play.google.com/store/apps/details?id=br.com.meliuz&hl=pt&gl=br,0,45,27,gigante,4902311,106667.87,380956.68,1238109.22,236193.14,2057166.08,1275442.97,alta,25,4.48,84.0,8.0,"SerpAPI, Firecrawl"
Personalização · Widgets,9,Widgets Color Widgets + Icons,slide.widgetFrenzy,androidslide,admin.androidslide@gmail.com,https://widgetopia.io/,Produtividade,4.265478,197421,3374,10.000.000+,10000000,13473718,1,0,BRL,1,1,"R$ 4,99 – R$ 63,99 por item",Classificação Livre,19 de jan. de 2021,1779728994,2.7.5,,Adicione widgets de cores facilmente. Personalize sua tela inicial com widgets estilo iOS 16.,https://play.google.com/store/apps/details?id=slide.widgetFrenzy&hl=pt&gl=br,29,45,26,normal,1297449,30966.04,110593.01,359427.3,68567.67,597202.28,370265.41,alta,25,3.08,48.0,36.0,"SerpAPI, Firecrawl"
Personalização · Papéis de Parede,20,Pixel 4D™ Wallpaper Animado,helectronsoft.com.live.wallpaper.pixel4d,TarrySoft,support.pixel4d@kigelapps.com,https://kigelapps.com/pixel4d,Personalização,4.814755,1125999,27755,50.000.000+,50000000,75063896,1,0,BRL,1,1,"R$ 0,99 – R$ 549,99 por item",Classificação Livre,13 de fev. de 2018,1779444817,3.4.6,,Papel de parede animado 4K/HD e fundos de tela de bloqueio 3D animados,https://play.google.com/store/apps/details?id=helectronsoft.com.live.wallpaper.pixel4d&hl=pt&gl=br,0,41,26,gigante,8567023,776748.26,2774100.92,9015827.99,1719942.57,14980144.97,9287689.88,alta,25,4.44,92.0,8.0,"SerpAPI, Firecrawl"
Personalização · Widgets,6,Widgets e Temas: iWidgets,colorwidgets.ios.widget.topwidgets,AI Photo Team,support@atlaszz.com,https://atlaszz.com,Estilo de vida,4.7369113,567844,20700,50.000.000+,50000000,63906104,1,0,BRL,1,1,"R$ 8,49 – R$ 149,99 por item",Classificação Livre,31 de mar. de 2023,1776776269,1.8.0,,"Temas, widgets, papéis de parede e ícones elegantes para decoração do telefone",https://play.google.com/store/apps/details?id=colorwidgets.ios.widget.topwidgets&hl=pt&gl=br,0,38,25,gigante,7244457,191575.47,684198.1,2223643.81,424202.82,3694669.72,2290695.22,alta,25,4.6,88.0,4.0,"SerpAPI, Firecrawl"
Personalização · Papéis de Parede,9,Wallcraft – papel de parede 3D,com.wallpaperscraft.wallpaper,Nebuchadnezzar DOO,android-support@wallpaperscraft.com,https://volkraft.com,Personalização,4.5716505,1238931,24737,100.000.000+,100000000,176200563,1,0,BRL,1,1,"R$ 0,99 – R$ 329,99 por item",Classificação 14 anos,1 de abr. de 2017,1782989218,Varies with device,,Papel de parede 3D: papel de parede e fundos animados papéis de parede HD e 4K,https://play.google.com/store/apps/details?id=com.wallpaperscraft.wallpaper&hl=pt&gl=br,0,38,25,gigante,24993573,1503031.12,5367968.28,17445896.9,3328140.33,28987028.7,17971957.79,alta,25,3.76,68.0,20.0,"SerpAPI, Firecrawl"
Negócios · RH e Gestão de Equipe,12,Portal RH Metadados,br.com.metadados.portalrhmetadados,Metadados Assessoria e Sistemas,suporte@metadados.com.br,https://www.metadados.com.br,Ferramentas,2.6371682,2238,1143,500.000+,500000,811957,1,0,BRL,0,0,,Classificação Livre,28 de ago. de 2019,1776421940,3.1.7,,A versão mobile que leva seu RH para todas as áreas.,https://play.google.com/store/apps/details?id=br.com.metadados.portalrhmetadados&hl=pt&gl=br,18,7,24,gigante,68281,0.0,0.0,0.0,0.0,0.0,0.0,média,25,1.44,8.0,92.0,"SerpAPI, Firecrawl"
Personalização · Ícones e Temas,2,X Icon Changer - Change Icons,io.hexman.xiconchanger,ASTER PLAY,support@asterplay.com,https://asterplay.com,Personalização,4.6364684,665431,38994,50.000.000+,50000000,50860237,1,0,BRL,1,1,"R$ 11,99 por item",Classificação Livre,14 de ago. de 2019,1756827495,4.5.2,,App Icon Changer & Shortcut Creator. Personalize seus ícones sem marcas d'água,https://play.google.com/store/apps/details?id=io.hexman.xiconchanger&hl=pt&gl=br,0,18,20,gigante,5710087,18241.08,65146.71,211726.8,40390.96,351792.23,218111.18,alta,25,4.48,88.0,12.0,"SerpAPI, Firecrawl"
Negócios · RH e Gestão de Equipe,23,Pontomais - Controle de Ponto,br.com.pontomais.v2,VR Benefícios (Pontomais),dev@pontomais.com.br,https://pontomais.com.br/,Produtividade,3.0225735,4429,2213,1.000.000+,1000000,2136994,1,0,BRL,0,0,,Classificação Livre,28 de out. de 2021,1749575754,3.5.0,,Faça a gestão da jornada de trabalho com o sistema de registro de ponto.,https://play.google.com/store/apps/details?id=br.com.pontomais.v2&hl=pt&gl=br,77,4,20,pequeno/indie,188692,0.0,0.0,0.0,0.0,0.0,0.0,baixa,25,1.6,16.0,84.0,"SerpAPI, Firecrawl"
Negócios · CRM e Vendas,9,"CRM: Clientes, Vendas e Fiado",com.appointment.customer.sales.tracking.crm.app,Deepliy,support@deepliy.com,https://www.deepliy.com,Negócios,,,,100+,100,133,1,0,BRL,0,0,,Classificação Livre,20 de dez. de 2025,,Varies with device,,"Clientes, agenda, vendas e fiado em um só app. Funciona offline.",https://play.google.com/store/apps/details?id=com.appointment.customer.sales.tracking.crm.app&hl=pt&gl=br,50,0,20,gigante,6,0.0,0.0,0.0,0.0,0.0,0.0,baixa,0,0.0,0.0,0.0,"SerpAPI, Firecrawl"
Personalização · Ícones e Temas,3,Icon Pack Studio,ginlemon.iconpackstudio,Smart Launcher Team,ips.support@smartlauncher.net,http://www.iconpackstudio.com,Personalização,3.9565217,19996,678,10.000.000+,10000000,11428903,1,0,BRL,0,1,"R$ 4,99 – R$ 61,99 por item",Classificação Livre,5 de mai. de 2017,1773335451,2.3 build 010,,O criador e editor definitivo de pacotes de ícones,https://play.google.com/store/apps/details?id=ginlemon.iconpackstudio&hl=pt&gl=br,49,38,19,normal,1092375,14084.7,50302.51,163483.15,31187.55,271633.53,168412.79,alta,25,3.72,64.0,28.0,"SerpAPI, Firecrawl"
Personalização · Launchers,18,POCO Launcher 2.0,com.mi.android.globallauncher,Xiaomi Inc.,poco-global@xiaomi.com,http://www.xiaomi.com,Personalização,4.671086,709339,25317,100.000.000+,100000000,425876482,1,0,BRL,1,0,,Classificação Livre,11 de out. de 2018,1678711887,2.7.4.39,,Personalize sua Tela inicial usando nosso launcher super rápido e leve!,https://play.google.com/store/apps/details?id=com.mi.android.globallauncher&hl=pt&gl=br,0,14,19,gigante,52136701,19262.02,68792.92,223576.98,33020.6,371481.76,178311.24,alta,25,4.32,80.0,16.0,"SerpAPI, Firecrawl"
Personalização · Launchers,15,Launcher OS™,com.babydola.launcherios,Apps Genz,admin@appsgenz.com,https://appsgenz.com/,Personalização,4.3663573,1725525,21259,50.000.000+,50000000,98004362,1,0,BRL,1,1,"R$ 5,49 – R$ 429,99 por item",Classificação Livre,19 de mai. de 2020,1781055938,6.3.13,,Launcher OS™ help make your phone simple and pretty.,https://play.google.com/store/apps/details?id=com.babydola.launcherios&hl=pt&gl=br,0,36,17,gigante,10281878,811085.15,2896732.67,9414381.19,1795974.26,15642356.44,9698260.99,alta,25,3.84,72.0,24.0,"SerpAPI, Firecrawl"
Negócios · Nota Fiscal e Contabilidade,15,Nota Fiscal Paulista,br.gov.sp.fazenda.nfp.app,PRODESP - Cia de Proc. de Dados do Estado de SP,mobile.prodesp@gmail.com,http://www.nfp.fazenda.sp.gov.br/,Ferramentas,3.2899132,15027,7483,5.000.000+,5000000,6014383,1,0,BRL,0,0,,Classificação Livre,8 de mar. de 2017,1753719911,2.2.13,,Aplicativo Nota Fiscal Paulista,https://play.google.com/store/apps/details?id=br.gov.sp.fazenda.nfp.app&hl=pt&gl=br,59,7,16,normal,558086,0.0,0.0,0.0,0.0,0.0,0.0,média,25,1.84,16.0,76.0,"SerpAPI, Firecrawl"
Negócios · Nota Fiscal e Contabilidade,5,MEI,br.gov.fazenda.receita.mei,Serviços e Informações do Brasil,aplicativos@rfb.gov.br,https://www.gov.br/receitafederal/pt-br,Negócios,4.8472195,305965,23917,10.000.000+,10000000,10371486,1,0,BRL,0,0,,Classificação Livre,17 de mai. de 2016,1773930536,4.7.0,,"Microempresário individual: emita DAS, solicite restituição, faça sua declaração",https://play.google.com/store/apps/details?id=br.gov.fazenda.receita.mei&hl=pt&gl=br,19,55,16,normal,1085627,0.0,0.0,0.0,0.0,0.0,0.0,média,25,4.28,80.0,16.0,"SerpAPI, Firecrawl"
Personalização · Launchers,1,Nova Launcher,com.teslacoilsw.launcher,Instabridge Sweden AB,support@novalauncher.com,http://novalauncher.com,Ferramentas,4.165269,1378324,56917,100.000.000+,100000000,112854826,1,0,BRL,1,1,"R$ 4,99 – R$ 529,99 por item",Classificação Livre,23 de fev. de 2012,1784102532,88600 (8.8.6),,Customize your home screen!,https://play.google.com/store/apps/details?id=com.teslacoilsw.launcher&hl=pt&gl=br,0,29,15,gigante,14290833,1383262.37,4940222.75,16055723.94,3062938.1,26677202.85,16539865.77,alta,25,2.6,36.0,60.0,"SerpAPI, Firecrawl"
Personalização · Ícones e Temas,15,"MyICON - Mudar ícones, Temas",com.myicon.themeiconchanger,Zhengzhou Junying TECHNOLOGY CO LTD,myicons2021@yandex.com,https://ibeijixing.com,Personalização,3.4567568,94297,4149,10.000.000+,10000000,20312784,1,0,BRL,0,1,"R$ 4,99 – R$ 99,99 por item",Classificação Livre,29 de mar. de 2021,1734422392,1.2.3,,"MyICON oferece ícones, temas e papéis de parede para decorar a tela de celular.",https://play.google.com/store/apps/details?id=com.myicon.themeiconchanger&hl=pt&gl=br,49,8,12,normal,1992231,28987.42,103526.48,336461.07,64186.42,559043.02,346606.67,alta,25,4.0,72.0,20.0,"SerpAPI, Firecrawl"
Personalização · Launchers,12,Action Launcher,com.actionlauncher.playstore,Action Launcher,support@actionlauncher.com,http://www.actionlauncher.com,Personalização,3.8558824,109184,1934,10.000.000+,10000000,14053681,1,0,BRL,1,1,"R$ 14,99 – R$ 30,00 por item",Classificação Livre,4 de dez. de 2013,1754466830,52.0,,🏆O launcher premiado que trás o Material Design para o seu ecrã inicial🏆,https://play.google.com/store/apps/details?id=com.actionlauncher.playstore&hl=pt&gl=br,19,19,7,normal,1355869,8980.87,32074.52,104242.19,19886.2,173202.41,107385.49,alta,25,3.8,72.0,24.0,"SerpAPI, Firecrawl"
Personalização · Launchers,5,Microsoft Launcher,com.microsoft.launcher,Microsoft Corporation,microsoftlauncherfb@microsoft.com,https://support.microsoft.com/en-us/topic/using-microsoft-launcher-on-android-c59f2824-0218-ae6d-3666-d93a7fc537e0,Personalização,4.79455,1734517,49642,50.000.000+,50000000,69101465,1,0,BRL,0,0,,Classificação Livre,28 de out. de 2015,1778250847,6.260402.0.1178950,,Personalize seu telefone e organize-se em praticamente qualquer lugar.,https://play.google.com/store/apps/details?id=com.microsoft.launcher&hl=pt&gl=br,0,39,7,gigante,7859210,0.0,0.0,0.0,0.0,0.0,0.0,média,25,4.72,92.0,4.0,"SerpAPI, Firecrawl"
Personalização · Papéis de Parede,5,TickTock-TikTok Live Wallpaper,com.zhiliao.musically.livewallpaper,TikTok Pte. Ltd.,feedback@tiktok.com,https://www.tiktok.com/,Ferramentas,4.4977913,1792597,54139,100.000.000+,100000000,415338271,1,0,BRL,0,0,,Classificação Livre,4 de jun. de 2018,1767702238,35.4,,TikTok Video Wallpaper Maker. Make your wallpaper background TikTok-cool!,https://play.google.com/store/apps/details?id=com.zhiliao.musically.livewallpaper&hl=pt&gl=br,0,23,3,gigante,46178978,0.0,0.0,0.0,0.0,0.0,0.0,média,25,4.68,88.0,4.0,"SerpAPI, Firecrawl"
Personalização · Papéis de Parede,7,Plano de fundo interativo Moto,com.motorola.livewallpaper3,Motorola Mobility LLC.,playstor@motorola.com,http://www.motorola.com/support,Personalização,4.117547,38025,1218,500.000.000+,500000000,516603358,1,0,BRL,0,0,,Classificação Livre,19 de jan. de 2021,1776811221,Varies with device,,Dê vida à sua tela com a resposta animada a interações.,https://play.google.com/store/apps/details?id=com.motorola.livewallpaper3&hl=pt&gl=br,0,22,0,gigante,57927546,0.0,0.0,0.0,0.0,0.0,0.0,média,25,3.32,56.0,40.0,"SerpAPI, Firecrawl"
Personalização · Papéis de Parede,1,Planos de fundo,com.google.android.apps.wallpaper,Google LLC,wallpapers-support@google.com,http://www.android.com/,Personalização,4.207723,291873,7157,1.000.000.000+,1000000000,1355734737,1,0,BRL,0,0,,Classificação Livre,19 de out. de 2016,1599635048,Varies with device,,Aproveite sua tela ao máximo com lindos planos de fundo e recursos avançados.,https://play.google.com/store/apps/details?id=com.google.android.apps.wallpaper&hl=pt&gl=br,0,0,0,gigante,157701433,0.0,0.0,0.0,0.0,0.0,0.0,média,25,4.36,84.0,16.0,"SerpAPI, Firecrawl"
Negócios · Nota Fiscal e Contabilidade,11,MEI Fácil está no app Neon,com.appmei,"Neon conta digital, cartão de crédito e empréstimo",contato@meifacil.com,https://www.meifacil.com/,Finanças,2.9073157,181522,98885,10.000.000+,10000000,13404671,1,0,BRL,0,0,,Classificação Livre,19 de jan. de 2017,1761916793,8.25.2,,Bem mais do que você esperava pro seu negócio numa única conta digital,https://play.google.com/store/apps/details?id=com.appmei&hl=pt&gl=br,19,17,0,normal,1290502,0.0,0.0,0.0,0.0,0.0,0.0,média,25,1.64,12.0,88.0,"SerpAPI, Firecrawl"
