categoria,rank,title,app_id,developer,developer_email,developer_website,genre,score,ratings,reviews,installs,min_installs,real_installs,free,price,currency,contains_ads,offers_iap,iap_price,content_rating,released,updated,version,android_version,summary,url,indie_score,growth_score,opportunity_score,perfil_detectado,estimated_mau,revenue_monthly_usd_low,revenue_monthly_usd_base,revenue_monthly_usd_high,profit_monthly_usd_base,revenue_monthly_brl_base,profit_monthly_brl_base,financial_confidence,review_count_collected,review_score_avg_recent,review_positive_pct,review_negative_pct,external_sources_used
Produtividade,2,Super Planner: Rotina TDAH IA,super.planner.todolist.task.reminder,Polestar App Cloner Dev.,polestar.applab@gmail.com,https://thepixieai.com/,Produtividade,4.842324,5445,305,100.000+,100000,305733,1,0,BRL,1,1,"R$ 5,49 – R$ 169,99 por item",Classificação Livre,13 de jan. de 2025,1782576802,1.5.30.0628,,"Gerencie planos, acompanhe seu humor e transforme metas em ação.",https://play.google.com/store/apps/details?id=super.planner.todolist.task.reminder&hl=pt&gl=br,100,74,97,pequeno/indie,32226,2105.3,7518.94,24436.55,4661.74,40602.26,25173.4,alta,25,4.2,76.0,12.0,"SerpAPI, ScrapingBee"
Produtividade,1,"Lista de tarefas, Lembretes",com.to_do_list_studio.uptodo,Productivity Apps Studio,taskup-support@todo-list-studio.com,https://www.todo-list-studio.com/taskup,Produtividade,4.8,1856,85,100.000+,100000,120287,1,0,BRL,1,1,"R$ 19,99 – R$ 119,99 por item",Classificação Livre,27 de jul. de 2024,1783023056,1.13.3,,"Organizador de rotina & Lista de tarefas,Lembretes & Planejamento semanal,Agenda",https://play.google.com/store/apps/details?id=com.to_do_list_studio.uptodo&hl=pt&gl=br,100,72,97,pequeno/indie,12035,630.01,2250.03,7312.61,1395.02,12150.18,7533.11,média,25,4.6,96.0,4.0,"SerpAPI, ScrapingBee"
Comunicação,4,JusTalk Family Messenger,com.justalk.family.android,JusTalk,support@justalk.com,,Comunicação,4.84,1639,28,100.000+,100000,171466,1,0,BRL,0,1,"R$ 109,99 – R$ 679,99 por item",Classificação Livre,5 de jul. de 2024,1783091607,1.14.1,,"Compartilhe locais, chamadas, vídeos e álbuns de família com seus entes queridos",https://play.google.com/store/apps/details?id=com.justalk.family.android&hl=pt&gl=br,100,72,97,pequeno/indie,14587,1597.22,5704.35,18539.14,3536.7,30803.49,19098.16,média,25,4.36,84.0,12.0,"SerpAPI, ScrapingBee"
Saúde e Fitness,21,FitnessAI: Gym Workout Planner,com.fitnessai.android,appexgroup,hello@fitnessai.com,https://fitnessai.com,Saúde e fitness,4.6666665,1270,1,50.000+,50000,86971,1,0,BRL,0,1,"R$ 60,99 – R$ 489,99 por item",Classificação Livre,19 de nov. de 2024,1782112006,20.2,,"Ginásio com IA inteligente e exercícios em casa para resultados mais rápidos de força, condicionamento físico e saúde",https://play.google.com/store/apps/details?id=com.fitnessai.android&hl=pt&gl=br,100,71,96,pequeno/indie,8540,1358.76,4852.71,15771.32,3008.68,26204.65,16246.88,média,1,2.0,0.0,100.0,"SerpAPI, ScrapingBee"
Quadrinhos,6,Leitor de Quadrinhos CBR CBZ,com.madmustachecompany.comic.book.manga.reader,Mad Mustache Company,madmustachecompany@gmail.com,,Quadrinhos,4.6,542,37,100.000+,100000,142820,1,0,BRL,0,1,"R$ 9,99 – R$ 384,99 por item",Classificação Livre,30 de jun. de 2024,1782709932,1.33.0,,"O aplicativo para leitura de quadrinhos: abra arquivos ZIP, RAR, CBZ, CBR e PDF",https://play.google.com/store/apps/details?id=com.madmustachecompany.comic.book.manga.reader&hl=pt&gl=br,100,70,96,pequeno/indie,14430,1206.97,4310.59,14009.42,2672.57,23277.18,14431.85,média,25,3.72,64.0,28.0,"SerpAPI, ScrapingBee"
Android Wear,12,Mostradores para Wear OS,com.alexeymorozua.splittimeface,Time Design LLC,watchfacemanager.dev@gmail.com,https://time-design.web.app/time_design.html,Personalização,4.76,6168,6,100.000+,100000,180589,1,0,BRL,0,1,"R$ 9,99 – R$ 209,99 por item",Classificação Livre,2 de jan. de 2025,1779902151,Varies with device,,"400+ Mostradores e Faces para Galaxy Watch 8, Ultra, Pixel Watch 4 e Wear OS",https://play.google.com/store/apps/details?id=com.alexeymorozua.splittimeface&hl=pt&gl=br,100,71,96,pequeno/indie,15408,717.74,2563.36,8330.91,1589.28,13842.13,8582.12,alta,6,3.67,66.7,33.3,"SerpAPI, ScrapingBee"
Ferramentas,7,Indie Jonas. Great Tomb Raider,com.Stannum.IndieJonasthegreattombraider,Sn50 Games,sn50gamestudio@gmail.com,https://cas.ai/,Aventura,4.56,1486,82,100.000+,100000,175669,1,0,BRL,1,0,,Classificação Livre,30 de nov. de 2024,1782482494,0.41,,"Explore tumba antigas, resolva quebra-cabeças, encontre tesouros.",https://play.google.com/store/apps/details?id=com.Stannum.IndieJonasthegreattombraider&hl=pt&gl=br,100,66,95,pequeno/indie,15264,18.25,65.16,211.78,31.28,351.88,168.9,média,25,4.6,88.0,4.0,"SerpAPI, ScrapingBee"
Livros e Referências,19,Readest,com.bilingify.readest,Readest,support@readest.com,https://readest.com,Livros e referências,4.5,953,35,100.000+,100000,122457,1,0,BRL,0,1,"R$ 26,99 – R$ 269,99 por item",Classificação Livre,20 de jun. de 2025,1782700468,0.11.17,,Experimente o melhor leitor de e-books em todos os seus dispositivos para leitores ávidos,https://play.google.com/store/apps/details?id=com.bilingify.readest&hl=pt&gl=br,100,65,95,pequeno/indie,12265,771.32,2754.71,8952.82,1707.92,14875.46,9222.78,média,25,4.32,76.0,12.0,"SerpAPI, ScrapingBee"
Saúde e Fitness,23,Tecnofit para Personal Trainer,br.com.tecnofit.AppPersonal,Tecnofit Tecnologia e Sistemas,contato@tecnofit.com.br,http://www.tecnofit.com.br,Saúde e fitness,4.6351037,8738,936,100.000+,100000,358725,1,0,BRL,0,1,"R$ 0,99 – R$ 299,99 por item",Classificação Livre,27 de mar. de 2019,1780080505,9.5.31,,App GRATUITO para gestão de treinos para Personal Trainer e Consultorias Online.,https://play.google.com/store/apps/details?id=br.com.tecnofit.AppPersonal&hl=pt&gl=br,100,60,94,pequeno/indie,31783,2762.27,9865.26,32062.1,6116.46,53272.41,33028.9,alta,25,2.64,32.0,52.0,"SerpAPI, ScrapingBee"
Entretenimento,7,IndicaAi: Filmes e Séries,com.indicaaibrasil,IndicaAi,indicaai.suporte@protonmail.com,http://meu-app.click/,Entretenimento,4.847555,17938,7507,100.000+,100000,387384,1,0,BRL,1,0,,Classificação Livre,13 de set. de 2025,1782067493,2.1.4,,Guia estilo Megaflix e Cine Vision. Ache lançamentos e onde assistir legalmente.,https://play.google.com/store/apps/details?id=com.indicaaibrasil&hl=pt&gl=br,100,63,94,pequeno/indie,41358,27.46,98.09,318.78,47.08,529.66,254.24,alta,25,4.88,96.0,0.0,"SerpAPI, ScrapingBee"
Beleza,8,Skincare Routine: FeelinMySkin,com.feelinmyskin.app,FeelinMySkin,contact@feelinmyskin.com,https://www.feelinmyskin.com/,Beleza,4.6534653,4318,90,100.000+,100000,325917,1,0,BRL,0,1,"R$ 14,99 – R$ 149,99 por item",Classificação Livre,8 de ago. de 2020,1782036980,2.11.356,,Skin Care Routines Planner • Acne & Product Tracker • Journal & Community,https://play.google.com/store/apps/details?id=com.feelinmyskin.app&hl=pt&gl=br,100,61,94,pequeno/indie,34473,1204.31,4301.09,13978.54,2666.68,23225.89,14400.05,média,25,4.84,96.0,0.0,"SerpAPI, ScrapingBee"
Ferramentas,19,Upload Labs - Computer Manager,com.enigmadev.uploadlabs,EnigmaDev Studios,enigmadev.studios@gmail.com,https://www.enigmadevstudios.com/,Simulador,4.6477275,2155,41,100.000+,100000,438403,1,0,BRL,1,1,"R$ 20,99 – R$ 49,99 por item",Classificação Livre,2 de out. de 2025,1781547280,2.2.12,,Gerenciador de computadores baseado em nós. Crie e otimize seu sistema operacional para salvar o universo.,https://play.google.com/store/apps/details?id=com.enigmadev.uploadlabs&hl=pt&gl=br,100,59,93,pequeno/indie,40048,1010.97,3610.6,11734.44,2238.57,19497.22,12088.28,média,25,4.76,96.0,4.0,"SerpAPI, ScrapingBee"
Esportes,10,Superscore: Resultados Ao Vivo,com.superscore,Sportening,help@superscore.live,http://superscore.live,Esportes,4.951002,7780,764,500.000+,500000,823065,1,0,BRL,1,0,,Classificação 14 anos,23 de jan. de 2025,1781793702,2.14.1,,"Copa do Mundo 2026 ao vivo — placar, escalações e grupos. Sem anúncios.",https://play.google.com/store/apps/details?id=com.superscore&hl=pt&gl=br,84,74,93,pequeno/indie,91429,60.71,216.83,704.71,104.08,1170.9,562.03,alta,25,4.8,96.0,4.0,"SerpAPI, ScrapingBee"
Produtividade,4,Weeklo: Planejador Semanal,app.weeklo.weeklyplanner.schedule,Unique Pixel Studio,support@weeklo.app,https://weeklo.app/,Produtividade,4.909091,432,12,10.000+,10000,33081,1,0,BRL,0,1,"R$ 7,99 – R$ 299,99 por item",Classificação Livre,19 de dez. de 2025,1783119683,2.0.2,,"Planejador semanal simples para sua agenda semanal, tarefas e compromissos.",https://play.google.com/store/apps/details?id=app.weeklo.weeklyplanner.schedule&hl=pt&gl=br,100,58,93,pequeno/indie,2554,188.33,672.62,2186.02,417.03,3632.16,2251.94,baixa,13,4.85,92.3,0.0,"SerpAPI, ScrapingBee"
Personalização,21,Ícone 3D Rolante Live Launcher,com.rollingicon.live.wallpaper.rollingapp,Radhe Radhe App,radheradhe062000@gmail.com,https://3drollingiconlivelauncher.blogspot.com,Personalização,4.7380953,6879,15,500.000+,500000,928091,1,0,BRL,1,0,,Classificação Livre,12 de abr. de 2026,1782216935,2.4,,Deixe sua tela divertida com ícones 3D rolantes e temas de launcher animados.,https://play.google.com/store/apps/details?id=com.rollingicon.live.wallpaper.rollingapp&hl=pt&gl=br,94,62,93,pequeno/indie,103734,68.88,246.02,799.56,118.09,1328.49,637.68,alta,25,4.48,92.0,8.0,"SerpAPI, ScrapingBee"
Notícias e Revistas,14,Hube Jornais,tv.bennu.hube,Bennu TV do Brasil,atendimento@hubeapp.com.br,https://www.hubeapp.com.br,Notícias e revistas,4.559908,8696,2480,100.000+,100000,363366,1,0,BRL,0,1,"R$ 20,99 por item",Classificação Livre,9 de jan. de 2019,1781551963,8.1.11,,Os principais jornais do país e muito mais.,https://play.google.com/store/apps/details?id=tv.bennu.hube&hl=pt&gl=br,100,56,93,pequeno/indie,38660,343.67,1227.38,3988.99,760.98,6627.86,4109.27,alta,25,4.56,92.0,4.0,"SerpAPI, ScrapingBee"
Música e Áudio,20,Harmonify - MP3 & Online Music,com.nova.groovy,nova tech,freeinfonewz@gmail.com,https://www.novatech-apps.com/,Música e áudio,4.40625,332,17,10.000+,10000,42261,1,0,BRL,1,1,"R$ 2,99 – R$ 11,99 por item",Classificação 12 anos,21 de nov. de 2024,1776604526,1.0.0,,"Transmita músicas, podcasts, audiolivros e reproduza músicas locais offline.",https://play.google.com/store/apps/details?id=com.nova.groovy&hl=pt&gl=br,100,57,93,pequeno/indie,3011,10.5,37.51,121.9,23.25,202.54,125.57,média,16,4.44,87.5,6.2,"SerpAPI, ScrapingBee"
Mapas e Navegação,11,Mapa GPS: planejador de rotas,com.gpsnavigation.maps.driving.directions.routeplanner,VidaTech,TikDSaverTool@gmail.com,https://www.vidatool.com/,Mapas e navegação,4.732673,4484,112,1.000.000+,1000000,1173156,1,0,BRL,1,1,"R$ 5,99 – R$ 74,99 por item",Classificação Livre,20 de abr. de 2023,1779671052,1.7.14,,"Mapas GPS de navegação App, seu próprio planejador de rotas em tempo real",https://play.google.com/store/apps/details?id=com.gpsnavigation.maps.driving.directions.routeplanner&hl=pt&gl=br,100,59,93,pequeno/indie,110585,1969.69,7034.62,22862.51,4361.46,37986.95,23551.91,média,25,4.04,76.0,24.0,"SerpAPI, ScrapingBee"
Bibliotecas e Demonstrações,15,D&D 5e Compêndio dos Monstros,br.alexandregpereira.hunter.app,Alexandre G Pereira,alexandregpereira.dev@gmail.com,https://alexandregpereira.github.io/,Livros e referências,4.62,279,69,50.000+,50000,62604,1,0,BRL,0,1,"R$ 4,99 por item",Classificação 12 anos,13 de nov. de 2022,1783027465,26.07.02932,,"Guia completo de monstros para D&D 5e com blocos, imagens, magias e mitologia.",https://play.google.com/store/apps/details?id=br.alexandregpereira.hunter.app&hl=pt&gl=br,100,57,93,pequeno/indie,6029,12.74,45.51,147.9,28.22,245.75,152.36,média,25,4.36,80.0,8.0,"SerpAPI, ScrapingBee"
Saúde e Fitness,12,PersonalGO Fitness e Personal,com.personalgo.rnapp,PersonalGO,contato@personalgo.com.br,https://www.personalgo.com.br/,Saúde e fitness,4.86,873,82,100.000+,100000,193952,1,0,BRL,1,1,"R$ 9,90 – R$ 599,90 por item",Classificação 12 anos,2 de ago. de 2024,1781344200,7.9.0,,App fitness grátis para personal e alunos: treinos em casa ou na academia.,https://play.google.com/store/apps/details?id=com.personalgo.rnapp&hl=pt&gl=br,100,57,93,pequeno/indie,19937,3528.7,12602.48,40958.08,7813.54,68053.42,42193.12,média,25,4.04,72.0,16.0,"SerpAPI, ScrapingBee"
Gastronomia,5,Diggy: Cardápio e Delivery,tech.blackatom.diggy,Black Atom Inc.,vitor.lima@blackatom.tech,https://www.diggy.menu/,Ferramentas,4.82,513,373,50.000+,50000,79943,1,0,BRL,0,1,"R$ 49,90 – R$ 139,90 por item",Classificação Livre,2 de nov. de 2021,1782432731,3.2.560,,"App para delivery, cardápio digital e PDV para bares e hamburguerias",https://play.google.com/store/apps/details?id=tech.blackatom.diggy&hl=pt&gl=br,100,58,93,pequeno/indie,7811,313.96,1121.27,3644.13,695.19,6054.87,3754.02,média,25,4.6,88.0,8.0,"SerpAPI, ScrapingBee"
Entretenimento,19,GoFan - Filmes e Séries,com.gofanfilmeseseries,NEXPLAY Desenvolvedor,desenvolverappandroid@gmail.com,https://nextplay.pllsoft.com.br/,Entretenimento,4.617647,296,150,10.000+,10000,24637,1,0,BRL,1,1,"R$ 8,00 – R$ 35,00 por item",Classificação 14 anos,9 de abr. de 2026,1783056880,1.0.47,,"Descubra filmes e séries com resumos, trailers, elenco e notas do IMDB.",https://play.google.com/store/apps/details?id=com.gofanfilmeseseries&hl=pt&gl=br,100,57,93,pequeno/indie,2241,21.89,78.2,254.14,48.48,422.26,261.8,média,25,4.68,92.0,8.0,"SerpAPI, ScrapingBee"
Entretenimento,17,MegaVizzer - Filmes e Séries,com.megavizzer.guide,SOLFR APPS,solangefr@virgilian.com,https://megavizzer.faz-o-eli.online,Entretenimento,4.643293,3165,350,50.000+,50000,89952,1,0,BRL,1,0,,Classificação Livre,20 de fev. de 2026,1778577938,4.6.2,,Um guia completo para acompanhar filmes e series,https://play.google.com/store/apps/details?id=com.megavizzer.guide&hl=pt&gl=br,100,57,93,pequeno/indie,7375,4.45,15.9,51.68,7.63,85.87,41.22,média,25,4.36,84.0,12.0,"SerpAPI, ScrapingBee"
Clima,25,Clima & Radar - Previsão Tempo,com.deeporbit.regenradarlivenl,Deep Orbit,info@deeporbit.ai,https://deeporbit.ai,Clima,4.928571,2896,11,100.000+,100000,245767,1,0,BRL,1,1,"R$ 8,99 – R$ 59,99 por item",Classificação Livre,18 de mar. de 2026,,Varies with device,,"Grátis radar de chuva ao vivo, clima 14 dias, alertas de tempestade e calor",https://play.google.com/store/apps/details?id=com.deeporbit.regenradarlivenl&hl=pt&gl=br,100,53,92,pequeno/indie,21331,213.21,761.48,2474.81,472.12,4112.0,2549.44,média,10,4.5,80.0,10.0,"SerpAPI, ScrapingBee"
Produtividade,3,Notas do calendário,com.asyncbyte.calendar.notes,AsyncByte Software,AsyncByte@gmail.com,http://www.asyncbyte-software.com/,Produtividade,4.53,2755,134,1.000.000+,1000000,1118142,1,0,BRL,1,0,,Classificação Livre,6 de jan. de 2017,1779948839,1.0.34,,Aplicação de anotações de calendário simples e fácil de usar.,https://play.google.com/store/apps/details?id=com.asyncbyte.calendar.notes&hl=pt&gl=br,100,52,92,pequeno/indie,105142,120.6,430.71,1399.8,206.74,2325.82,1116.39,média,25,4.6,84.0,0.0,"SerpAPI, ScrapingBee"
Paternidade,16,Yoga pré-natal y pós-parto,com.momslab.app,MomsLab Limited,support@momslab.app,https://momslab.app,Saúde e fitness,4.768293,2943,11,100.000+,100000,207354,1,0,BRL,0,1,"R$ 7,49 – R$ 449,99 por item",Classificação Livre,16 de dez. de 2020,1775385197,0.9.117,,"Exercícios para gestantes, yoga durante a gravidez. Emagrecer durante pós-parto",https://play.google.com/store/apps/details?id=com.momslab.app&hl=pt&gl=br,100,53,92,pequeno/indie,17829,2141.07,7646.67,24851.69,4740.94,41292.04,25601.07,média,11,4.09,81.8,18.2,"SerpAPI, ScrapingBee"
Notícias e Revistas,8,Jornais Brasileiros,com.diariosbrasil,JpCrow,cuervojuanpablo@gmail.com,http://jpcrow.com.ar/,Notícias e revistas,4.79,615,287,10.000+,10000,35373,1,0,BRL,1,0,,Classificação Livre,15 de mai. de 2016,1778246617,28.0,,Todos os Jornais e revistas do Brasil. Jornais Brasilerios,https://play.google.com/store/apps/details?id=com.diariosbrasil&hl=pt&gl=br,100,54,92,pequeno/indie,2742,1.66,5.91,19.22,2.84,31.93,15.33,média,25,4.84,100.0,0.0,"SerpAPI, ScrapingBee"
Estilo de Vida,6,Habitude: Hábitos e Rotina,com.savemytime,Bumpti Inc,support@habitude.com.br,http://www.habitude.com.br,Produtividade,4.529126,2561,695,100.000+,100000,139058,1,0,BRL,1,1,"R$ 14,99 – R$ 53,99 por item",Classificação Livre,23 de jul. de 2019,1783016217,3.8.4,,"Rastreador de hábitos e metas. Gamifique sua rotina, mantenha o foco e o TDAH.",https://play.google.com/store/apps/details?id=com.savemytime&hl=pt&gl=br,100,55,92,pequeno/indie,14029,370.05,1321.61,4295.23,819.4,7136.69,4424.75,média,25,4.0,76.0,20.0,"SerpAPI, ScrapingBee"
Finanças,15,Finclass - Aprenda a Investir,com.finclass.app,O Grupo Primo,suporte@finclass.com,https://finclass.com/,Educação,4.823315,11211,1865,100.000+,100000,296463,1,0,BRL,0,1,"R$ 0,99 – R$ 479,99 por item",Classificação Livre,30 de jul. de 2021,1774374297,4.15.0,,Aprenda finanças com os maiores especialistas do mercado financeiro mundial,https://play.google.com/store/apps/details?id=com.finclass.app&hl=pt&gl=br,100,55,92,pequeno/indie,25997,2407.06,8596.64,27939.07,5329.91,46421.84,28781.54,alta,25,4.28,80.0,12.0,"SerpAPI, ScrapingBee"
Eventos,1,Planejador de Eventos e Festas,app.topevent.android,Wedding Planner App,info@topevent.app,https://topevent.app/,Eventos,4.66,1192,63,100.000+,100000,298906,1,0,BRL,1,1,"R$ 9,49 – R$ 159,99 por item",Classificação Livre,18 de ago. de 2022,1777540544,4.11.46,,"Planejador de eventos para qualquer feriado: casamento, aniversário, Natal.",https://play.google.com/store/apps/details?id=app.topevent.android&hl=pt&gl=br,100,54,92,pequeno/indie,26223,871.36,3112.01,10114.03,1929.45,16804.85,10419.01,média,25,4.6,88.0,8.0,"SerpAPI, ScrapingBee"
Comunicação,6,AI Phone: Tradução de Chamadas,com.aiphone.secondphonenumber,AI Phone Call,info@aiphone.ai,https://www.aiphone.ai,Comunicação,4.5,83565,243,1.000.000+,1000000,1325661,1,0,BRL,0,1,"R$ 14,99 – R$ 484,99 por item",Classificação Livre,14 de mar. de 2024,1781786941,3.31.0,,"Traduzir Voz, Chamadas Telefônicas e Videochamadas do WhatsApp",https://play.google.com/store/apps/details?id=com.aiphone.secondphonenumber&hl=pt&gl=br,84,70,92,pequeno/indie,150881,15973.95,57049.81,185411.9,35370.88,308069.0,191002.78,alta,25,3.84,68.0,28.0,"SerpAPI, ScrapingBee"
Arte e Design,9,Pixel Brush: Pixel Art Drawing,com.jaween.paint,Jaween Ediriweera,pixelbrush.app@gmail.com,https://pixelbrush.app,Ferramentas,4.6923075,7770,425,500.000+,500000,935853,1,0,BRL,0,1,"R$ 2,39 – R$ 14,99 por item",Classificação Livre,13 de jun. de 2018,1779696405,2.1.22,,"Desenho de 8 bits, hobby de colorir para fazer jogos de pixel art e merchandising. Apoio Aseprite!",https://play.google.com/store/apps/details?id=com.jaween.paint&hl=pt&gl=br,94,60,92,pequeno/indie,87205,320.94,1146.2,3725.15,710.64,6189.49,3837.48,alta,25,4.52,92.0,4.0,"SerpAPI, ScrapingBee"
Reprodutores de Vídeo,24,Video Player - OPlayer Lite,com.olimsoft.android.oplayer,OLIMSOFT,olimsoft@gmail.com,http://www.edavs.com,Reproduzir e editar vídeos,4.44,8087,177,500.000+,500000,939190,1,0,BRL,1,1,"R$ 4,19 – R$ 38,99 por item",Classificação Livre,15 de fev. de 2012,1781748156,5.00.43,,"Reprodutor de mídia em todos os formatos, sem necessidade de conversor de vídeo!",https://play.google.com/store/apps/details?id=com.olimsoft.android.oplayer&hl=pt&gl=br,94,56,91,pequeno/indie,95490,936.51,3344.69,10870.24,2073.71,18061.32,11198.02,alta,25,4.56,92.0,8.0,"SerpAPI, ScrapingBee"
Ferramentas,2,Tooly: Caixa de Ferramentas,com.yousx.thetoolsapp,FutureCraft Apps,futurecraftapps@gmail.com,https://futurecraftapps.com/,Ferramentas,4.71,5527,40,500.000+,500000,642455,1,0,BRL,1,1,"R$ 5,99 – R$ 55,99 por item",Classificação Livre,30 de jan. de 2023,1777549568,1.39,,Mais de 100 ferramentas úteis em um só aplicativo.,https://play.google.com/store/apps/details?id=com.yousx.thetoolsapp&hl=pt&gl=br,94,57,91,pequeno/indie,58711,735.94,2628.36,8542.15,1629.58,14193.12,8799.73,alta,25,4.76,96.0,0.0,"SerpAPI, ScrapingBee"
Fotografia,17,CCD Cam-Câmera Retrô Filme·Y2K,com.filter.camera.ccd.pro,"BitDance AI Studio - Fun, Creative & Smart Tools",bitdancetech@gmail.com,https://app-dance.com/,Fotografia,4.63,675,17,50.000+,50000,69359,1,0,BRL,1,1,"R$ 7,99 – R$ 67,99 por item",Classificação Livre,10 de mai. de 2024,1775789899,1.3.6,,"Câmera CCD vintage com filtros film, molduras Polaroid, adesivos & efeitos luz",https://play.google.com/store/apps/details?id=com.filter.camera.ccd.pro&hl=pt&gl=br,100,51,91,pequeno/indie,5600,85.3,304.64,990.1,188.88,1645.08,1019.95,média,18,4.61,88.9,5.6,"SerpAPI, ScrapingBee"
Fotografia,11,Vintage Camera - Video & Photo,com.vysionapps.vintagecam,VysionApps,vysionapps@gmail.com,,Fotografia,4.6666665,162,3,10.000+,10000,40711,1,0,BRL,0,1,"R$ 26,99 por item",Classificação Livre,4 de dez. de 2025,1776166253,1.5.0,,Câmera analógica vintage. Tire fotos. Grave vídeos. Visualização ao vivo. Filtros retrô.,https://play.google.com/store/apps/details?id=com.vysionapps.vintagecam&hl=pt&gl=br,100,49,91,pequeno/indie,3183,33.08,118.16,384.01,73.26,638.05,395.59,média,4,4.25,75.0,0.0,"SerpAPI, ScrapingBee"
Fotografia,10,1998 Cam - Câmera Retro,com.aaai.cam1998,AAAI Studio,contact@1998cam.com,https://1998cam.com,Fotografia,4.5306125,303,11,10.000+,10000,24338,1,0,BRL,1,1,"R$ 14,99 – R$ 199,99 por item",Classificação Livre,21 de abr. de 2026,1783068548,3.3.12,,"Câmera retro com filtros de foto, look filme e efeitos de vídeo",https://play.google.com/store/apps/details?id=com.aaai.cam1998&hl=pt&gl=br,100,51,91,pequeno/indie,2212,102.18,364.92,1185.99,226.25,1970.56,1221.75,média,11,4.45,90.9,9.1,"SerpAPI, ScrapingBee"
Personalização,14,ChromaFusion Launcher - Themes,com.lwsipl.chromafusion.launcher,lwsoftipl Apps,lwsoftipl@gmail.com,https://lwapps.com/,Personalização,4.7156863,2767,82,100.000+,100000,104801,1,0,BRL,1,0,,Classificação Livre,14 de ago. de 2025,1772687460,3.0,,"Personalize seu Android com temas, widgets e pacotes de ícones elegantes!",https://play.google.com/store/apps/details?id=com.lwsipl.chromafusion.launcher&hl=pt&gl=br,100,51,91,pequeno/indie,8669,5.23,18.69,60.75,8.97,100.93,48.45,média,25,4.52,92.0,4.0,"SerpAPI, ScrapingBee"
Medicina,5,Medication Reminder & Tracker,com.irwaa.medicareminders,MedicaApp,support@medicaapp.com,https://medicaapp.com/,Medicina,4.4411764,6649,29,100.000+,100000,233238,1,0,BRL,1,1,"R$ 9,99 – R$ 139,99 por item",Classificação Livre,13 de mai. de 2013,1776808423,10.9,,"Seu aplicativo essencial de lembrete de pílulas com fácil gerenciamento, rastreamento e recarga de medicamentos!",https://play.google.com/store/apps/details?id=com.irwaa.medicareminders&hl=pt&gl=br,100,50,91,pequeno/indie,18350,540.88,1931.73,6278.11,1197.67,10431.33,6467.42,alta,25,4.24,80.0,12.0,"SerpAPI, ScrapingBee"
Medicina,4,Remédio Certo: Alarme,com.germanno.remedio_certo_app_v1,Germano,contatocarger@gmail.com,https://cgermanno.github.io/,Estilo de vida,4.4716983,354,56,10.000+,10000,23351,1,0,BRL,1,1,"R$ 9,99 – R$ 149,99 por item",Classificação Livre,19 de fev. de 2026,1781765249,1.0.15,,Veja o que vai tomar: Esqueça os nomes complicados. Tire uma foto da caixa.,https://play.google.com/store/apps/details?id=com.germanno.remedio_certo_app_v1&hl=pt&gl=br,100,50,91,pequeno/indie,1924,66.47,237.41,771.58,147.19,1282.01,794.85,média,25,2.72,36.0,60.0,"SerpAPI, ScrapingBee"
Finanças,1,Investidor10 - Bolsa e Mercado,com.investidor10app,Investidor10,contato@investidor10.com.br,https://investidor10.com.br/,Finanças,4.8551126,43661,6004,500.000+,500000,792075,1,0,BRL,0,1,"R$ 19,90 – R$ 238,80 por item",Classificação Livre,22 de dez. de 2023,1781287567,1.1.27,,"Gestão de Investimentos, Agenda de Dividendos, Análise de Ações, FIIs e Stocks.",https://play.google.com/store/apps/details?id=com.investidor10app&hl=pt&gl=br,84,64,91,pequeno/indie,87812,10057.98,35921.35,116744.4,22271.24,193975.31,120264.69,alta,25,4.92,100.0,0.0,"SerpAPI, ScrapingBee"
Entretenimento,1,CarnavalFlicks: Assista Agora,com.extremelyexcited.carnavalflicks,Avolution Art,KimduNglinh04071991xkeyu@hotmail.com,,Entretenimento,4.721393,1970,1009,500.000+,500000,678867,1,0,BRL,1,0,,Classificação Livre,12 de nov. de 2025,,Varies with device,,Todo o entretenimento que você ama. Assista a filmes e séries de TV grátis.,https://play.google.com/store/apps/details?id=com.extremelyexcited.carnavalflicks&hl=pt&gl=br,98,53,91,pequeno/indie,62217,27.04,96.58,313.89,46.36,521.54,250.34,média,25,4.4,76.0,4.0,"SerpAPI, ScrapingBee"
Livros e Referências,21,Resumo do livro－Leitura diária,com.anybooksummary.booksin15minutes,Kafadengi Bilisim,mobileassist@kafa-dengi.com,https://booksummary.kafa-dengi.com/,Educação,4.5789475,692,3,100.000+,100000,326645,1,0,BRL,1,1,"R$ 4,99 – R$ 49,99 por item",Classificação 14 anos,18 de dez. de 2024,1779462255,3.6,,Leia e ouça resumos de livros best-sellers em 5 idiomas. Peça o seu favorito!,https://play.google.com/store/apps/details?id=com.anybooksummary.booksin15minutes&hl=pt&gl=br,100,49,91,pequeno/indie,28795,354.36,1265.56,4113.07,784.65,6834.03,4237.1,média,25,4.68,96.0,4.0,"SerpAPI, ScrapingBee"
Paternidade,11,Acompanhe a gravidez e o bebé,period.pregnancy.tracker.app,Outlookdaily,helps@taskdaily.net,https://taskdaily.net/,Criação de filhos,4.722772,2592,115,500.000+,500000,889706,1,0,BRL,1,1,"R$ 25,99 – R$ 94,99 por item",Classificação Livre,2 de abr. de 2025,1776674481,1.2.9,,"Acompanhe a sua gravidez e o crescimento do bebé, mostre as suas mudanças",https://play.google.com/store/apps/details?id=period.pregnancy.tracker.app&hl=pt&gl=br,92,55,90,pequeno/indie,82690,1975.68,7055.99,22931.95,4374.71,38102.32,23623.44,média,25,4.64,92.0,8.0,"SerpAPI, ScrapingBee"
Paternidade,9,Idade Gestacional (do bebê),com.danproductions.medical.gestational_age,Alpen Mobile,alpenmob@alpenmob.com,https://alpenmob.com,Medicina,4.9226665,6107,172,500.000+,500000,770303,1,0,BRL,1,1,"R$ 9,99 – R$ 49,99 por item",Classificação Livre,16 de out. de 2020,1782782239,1.2.412,,Calculadora rápida de idade gestacional e acompanhamento pré-natal,https://play.google.com/store/apps/details?id=com.danproductions.medical.gestational_age&hl=pt&gl=br,84,62,90,pequeno/indie,85275,1139.69,4070.33,13228.57,2523.6,21979.78,13627.46,alta,25,4.4,84.0,16.0,"SerpAPI, ScrapingBee"
Mapas e Navegação,18,GPS Navigation Direção no Mapa,com.psma.gps.navigation.direction.route.map,PIONEER SOCIAL MEDIA APPLICATIONS,developer@pioneertechhub.com,https://goat-vpn-da7ac.web.app,Mapas e navegação,4.470588,575,2,500.000+,500000,726650,1,0,BRL,1,1,"R$ 82,99 – R$ 444,99 por item",Classificação Livre,15 de dez. de 2025,1782645666,1.0.9,,Planeie as suas rotas com navegação GPS e viaje facilmente.,https://play.google.com/store/apps/details?id=com.psma.gps.navigation.direction.route.map&hl=pt&gl=br,92,52,90,pequeno/indie,72909,8199.63,29284.41,95174.32,18156.33,158135.79,98044.19,média,3,4.67,100.0,0.0,"SerpAPI, ScrapingBee"
Estilo de Vida,1,Glowin - Rotina Diaria Habitos,com.kompanion.glowin.android,Ornitorenk Dijital Hizmetler Anonim Sirketi,hi@kompanionapp.com,https://kompanionapp.com,Saúde e fitness,4.8697915,5810,65,100.000+,100000,106147,1,0,BRL,0,1,"R$ 39,90 – R$ 159,99 por item",Classificação Livre,5 de set. de 2025,1767703464,1.0.2,,"Organize sua rotina, crie hábitos e alcance seus objetivos todos os dias",https://play.google.com/store/apps/details?id=com.kompanion.glowin.android&hl=pt&gl=br,100,47,90,pequeno/indie,8787,461.08,1646.73,5351.86,1020.97,8892.33,5513.24,alta,25,4.32,80.0,12.0,"SerpAPI, ScrapingBee"
Saúde e Fitness,13,Befit: Plano e Treino Academia,app.befit,3APPS LLC,contact@appbefit.com,https://appbefit.com/,Saúde e fitness,4.854484,6042,951,1.000.000+,1000000,1288994,1,0,BRL,0,1,"R$ 24,90 – R$ 179,90 por item",Classificação Livre,28 de out. de 2025,1783022043,1.1.17,,App de Musculação na Academia e Exercícios em Casa com Treino de Força e Fitness,https://play.google.com/store/apps/details?id=app.befit&hl=pt&gl=br,84,63,90,pequeno/indie,146501,8663.48,30941.01,100558.3,19183.43,167081.48,103590.52,alta,25,3.96,72.0,28.0,"SerpAPI, ScrapingBee"
Educação,10,Psicologia: Linguagem Corporal,io.blacklagoonapps.bodylanguage,Michał Pawlik,relmoapps@gmail.com,,Educação,4.52,11887,40,1.000.000+,1000000,1034001,1,0,BRL,0,1,"R$ 5,99 – R$ 93,99 por item",Classificação Livre,23 de nov. de 2020,1782642362,12.0.59,,"Decifre intenções ocultas, construa confiança e comunique-se com mais eficácia",https://play.google.com/store/apps/details?id=io.blacklagoonapps.bodylanguage&hl=pt&gl=br,90,57,90,pequeno/indie,116213,2460.32,8786.86,28557.29,5447.85,47449.04,29418.4,alta,25,4.76,96.0,4.0,"SerpAPI, ScrapingBee"
Negócios,6,Ticarium: Império Empresarial,com.ticarium,Yuyuto Games Teknoloji A.Ş.,support@yuyutogames.com,https://www.ticarium.com/,Simulador,4.6732674,10495,58,500.000+,500000,528140,1,0,BRL,1,1,"R$ 5,49 – R$ 539,99 por item",Classificação Livre,22 de nov. de 2021,1781264405,2.15.1,,Ticarium Business Empire - Jogo de Negócios Online,https://play.google.com/store/apps/details?id=com.ticarium&hl=pt&gl=br,84,62,90,pequeno/indie,48725,9063.19,32368.53,105197.73,20068.49,174790.07,108369.84,alta,25,4.64,88.0,4.0,"SerpAPI, ScrapingBee"
Android Wear,10,Smart Watch Sync (Wear OS),com.smart.watch.bluetooth.notifier.interesting,Interesting apps,Interestingapps11@yahoo.com,https://vokyndalopa.com/Smart_Watch/,Ferramentas,4.5384617,426,3,100.000+,100000,161595,1,0,BRL,1,1,"R$ 68,99 – R$ 289,99 por item",Classificação Livre,27 de dez. de 2022,1776760263,37.0,,Sincronize seu smartwatch com um telefone em poucos cliques. Aplicativo útil de relógio inteligente.,https://play.google.com/store/apps/details?id=com.smart.watch.bluetooth.notifier.interesting&hl=pt&gl=br,100,46,90,pequeno/indie,13702,955.14,3411.2,11086.39,2114.94,18420.47,11420.69,média,2,5.0,100.0,0.0,"SerpAPI, ScrapingBee"
Produtividade,15,Hizo: Hábitos e Tarefas,dev.voksu.hizo,Hizo,support@hizo.me,https://hizo.me,Produtividade,4.71,7348,165,1.000.000+,1000000,1175884,1,0,BRL,0,1,"R$ 21,99 – R$ 194,99 por item",Classificação Livre,27 de jun. de 2023,1776360260,1.22.10,,Crie hábitos facilmente e acompanhe-os em uma interface intuitiva.,https://play.google.com/store/apps/details?id=dev.voksu.hizo&hl=pt&gl=br,84,56,89,pequeno/indie,110855,7997.75,28563.39,92831.02,17709.3,154242.32,95630.24,alta,25,4.56,92.0,8.0,"SerpAPI, ScrapingBee"
Produtividade,12,Journal it! Produtividade,org.de_studio.diary,Doit Apps,hai@doit.me,https://home.journalit.app/,Produtividade,4.42,10659,231,1.000.000+,1000000,1136292,1,0,BRL,0,1,"R$ 3,19 – R$ 619,99 por item",Classificação Livre,21 de mai. de 2017,1782875263,10.5.30,,"Organizador de vida & produtividade: diário, agenda, notas & bullet journal.",https://play.google.com/store/apps/details?id=org.de_studio.diary&hl=pt&gl=br,84,57,89,pequeno/indie,116658,26589.73,94963.32,308630.79,58877.26,512801.93,317937.2,alta,25,4.64,92.0,4.0,"SerpAPI, ScrapingBee"
Fotografia,7,Dazzle Cam - Câmera Vintage,com.camerafilter.tikfilm.retroimage.ss.android.ugc.aweme.mobile,Analog Film Photo & Photo Editor & Camera,sorylife988@yeah.net,https://pbac6744f.app-ads-txt.com,Fotografia,4.4948454,1656,28,500.000+,500000,570480,1,0,BRL,1,1,"R$ 4,19 – R$ 49,99 por item",Classificação Livre,11 de out. de 2024,1777274597,1.2.2,,"Acreditamos em manter as coisas simples, sem necessidade de pós-edição.",https://play.google.com/store/apps/details?id=com.camerafilter.tikfilm.retroimage.ss.android.ugc.aweme.mobile&hl=pt&gl=br,92,48,89,pequeno/indie,47100,519.67,1855.97,6031.91,1150.7,10022.25,6213.79,média,25,4.12,76.0,16.0,"SerpAPI, ScrapingBee"
Estilo de Vida,8,Hizo: Hábitos e Tarefas,dev.voksu.hizo,Hizo,support@hizo.me,https://hizo.me,Produtividade,4.71,7348,165,1.000.000+,1000000,1175884,1,0,BRL,0,1,"R$ 21,99 – R$ 194,99 por item",Classificação Livre,27 de jun. de 2023,1776360260,1.22.10,,Crie hábitos facilmente e acompanhe-os em uma interface intuitiva.,https://play.google.com/store/apps/details?id=dev.voksu.hizo&hl=pt&gl=br,84,56,89,pequeno/indie,110855,7997.75,28563.39,92831.02,17709.3,154242.32,95630.24,alta,25,4.56,92.0,8.0,"SerpAPI, ScrapingBee"
Entretenimento,8,GoCine - Filmes em casa,com.gocinefilmeseseries,M & E Aplicativos,contatogocinepro.astute057@passmail.net,https://ads.gocine.app,Entretenimento,4.6758394,20444,8469,500.000+,500000,937187,1,0,BRL,1,0,,Classificação Livre,8 de dez. de 2025,1777277672,38.0,,"Explore filmes, séries e animes com trailers, lançamentos e catálogo atualizado.",https://play.google.com/store/apps/details?id=com.gocinefilmeseseries&hl=pt&gl=br,84,59,89,pequeno/indie,87336,52.72,188.3,611.97,90.38,1016.81,488.07,alta,25,4.68,92.0,8.0,"SerpAPI, ScrapingBee"
Encontros,11,Easy3P: Namoro App de Swingers,com.mobidev.easy3p,Couples Dating & Hook up App,vietnv.bk.it@gmail.com,https://easy3p-mobile.web.app,Encontros,4.519608,4810,260,100.000+,100000,311112,1,0,BRL,1,1,"R$ 15,99 – R$ 539,99 por item",Classificação 18 anos,13 de set. de 2020,1769686607,10.4.3,,"Aplicativo de namoro a três para casais, swinger, procurando 3some para 3 fun",https://play.google.com/store/apps/details?id=com.mobidev.easy3p&hl=pt&gl=br,100,43,89,pequeno/indie,27353,6423.41,22940.77,74557.49,14223.28,123880.14,76805.69,média,25,4.32,76.0,12.0,"SerpAPI, ScrapingBee"
Negócios,13,Estratégia de negócios 2,com.DefaultCompany.businessstrategy2,Ihor Zemlianoi,0957189589iz@gmail.com,,Estratégia,4.46,11727,343,500.000+,500000,615104,1,0,BRL,1,1,"R$ 1,89 – R$ 9,99 por item",Classificação Livre,6 de mai. de 2020,1778694061,5.0,,"Estratégia económica fácil, simulador de bolsa de valores e muito mais!",https://play.google.com/store/apps/details?id=com.DefaultCompany.businessstrategy2&hl=pt&gl=br,90,53,89,pequeno/indie,43337,373.94,1335.5,4340.37,828.01,7211.69,4471.25,alta,25,4.72,92.0,4.0,"SerpAPI, ScrapingBee"
Negócios,4,Hero Investor: Business Tycoon,com.smartatum.investorhero,Ramy Tawfik,smartatum@gmail.com,https://ramy-tawfik.github.io/smartatum-website/,Simulador,4.9375,135,8,10.000+,10000,14468,1,0,BRL,1,1,"R$ 4,99 – R$ 129,99 por item",Classificação Livre,5 de nov. de 2025,1783024822,Beta 1.8.7,,"Construa um império bilionário. Invista em ações, títulos, ETFs e imóveis.",https://play.google.com/store/apps/details?id=com.smartatum.investorhero&hl=pt&gl=br,100,80,89,pequeno/indie,1081,50.74,181.2,588.91,112.35,978.49,606.66,média,8,5.0,100.0,0.0,"SerpAPI, ScrapingBee"
Livros e Referências,9,Gutenberg | eBook Reader,gutenberg.projectgutenberg.epub.readerapp,LingoKit,info@webronsoftware.co.uk,https://www.lingokit.app,Livros e referências,4.313253,6256,11,100.000+,100000,332889,1,0,BRL,1,1,"R$ 10,99 – R$ 83,99 por item",Classificação Livre,27 de nov. de 2025,1776333567,2.1.3,,Livros do Projeto Gutenberg: baixe e leia offline mais de 75.000 livros.,https://play.google.com/store/apps/details?id=gutenberg.projectgutenberg.epub.readerapp&hl=pt&gl=br,100,74,89,pequeno/indie,26705,502.67,1795.23,5834.51,1113.05,9694.26,6010.44,alta,25,3.72,64.0,28.0,"SerpAPI, ScrapingBee"
Automóveis e Veículos,10,O Meu Carro: Combustível,com.kineapps.mycar,KineApps Ltd,mycar@kineapps.com,https://mycar-app.com,Veículos,4.69,5494,69,500.000+,500000,598625,1,0,BRL,0,1,"R$ 4,39 – R$ 449,99 por item",Classificação Livre,23 de set. de 2019,1779093061,5.1.308,,"Acompanhe combustível, despesas e manutenção com análises para todos os veículos",https://play.google.com/store/apps/details?id=com.kineapps.mycar&hl=pt&gl=br,84,58,89,pequeno/indie,54504,4767.37,17026.31,55335.51,10556.31,91942.07,57004.08,alta,25,3.96,72.0,20.0,"SerpAPI, ScrapingBee"
Produtividade,10,"24me: Agenda, Tarefas",me.twentyfour.www,24me,info@twentyfour.me,http://www.twentyfour.me,Produtividade,4.47,7145,158,500.000+,500000,635698,1,0,BRL,0,1,"R$ 33,50 – R$ 364,99 por item",Classificação Livre,10 de dez. de 2014,1781303907,Varies with device,,"Assistente pessoal inteligente - Sua Agenda, Tarefas e Anotações em um só app",https://play.google.com/store/apps/details?id=me.twentyfour.www&hl=pt&gl=br,84,55,88,pequeno/indie,63340,9231.71,32970.38,107153.74,20441.64,178040.06,110384.84,alta,25,4.16,76.0,16.0,"SerpAPI, ScrapingBee"
Medicina,12,Meu Remédio Pro,health.doctor.pill.my_medicine.pro,made easy,madeeasy.apps@outlook.com,,Medicina,4.5925927,323,18,50.000+,50000,60627,0,13.99,BRL,0,0,,Classificação Livre,19 de ago. de 2023,1769380345,1.6.7,,Meu kit de medicamentos e informações de saúde,https://play.google.com/store/apps/details?id=health.doctor.pill.my_medicine.pro&hl=pt&gl=br,100,38,88,pequeno/indie,4856,6926.74,24738.34,80399.61,15337.77,133587.05,82823.97,média,21,4.38,85.7,0.0,"SerpAPI, ScrapingBee"
Quadrinhos,10,Comikey: Webtoons em Português,com.comikey.banagher,Comikey Media,support@comikey.com,https://comikey.com,Quadrinhos,4.5380116,6153,2030,500.000+,500000,983331,1,0,BRL,1,1,"R$ 4,90 – R$ 999,99 por item",Classificação 16 anos,19 de abr. de 2022,1779663772,25.06.26,,"Leia grátis os Manhwas, Mangás e Webtoons mais famosos direto em Português!",https://play.google.com/store/apps/details?id=com.comikey.banagher&hl=pt&gl=br,84,53,88,pequeno/indie,91862,19608.0,70028.58,227592.88,43417.72,378154.32,234455.68,alta,25,3.56,56.0,32.0,"SerpAPI, ScrapingBee"
Viagens e Localização,19,Viajei: Viagem em Grupo,app.m33labs.viajei,M33 Labs,appviajei@gmail.com,https://viajeiapp.com,Viagem e Turismo,5.0,10,8,100+,100,451,1,0,BRL,1,0,,Classificação Livre,26 de mar. de 2026,1781554906,1.2.4,,"Organize viagens em grupo, divida despesas e planeje tudo no app.",https://play.google.com/store/apps/details?id=app.m33labs.viajei&hl=pt&gl=br,100,74,87,pequeno/indie,30,0.02,0.07,0.24,0.03,0.39,0.19,baixa,7,5.0,100.0,0.0,"SerpAPI, ScrapingBee"
Fotografia,22,Live Photo Camera:Motion Photo,com.bitdance.livephoto.camera,"BitDance AI Studio - Fun, Creative & Smart Tools",bitdancetech@gmail.com,https://www.app-dance.com/,Fotografia,4.27451,17797,84,500.000+,500000,898481,1,0,BRL,1,1,"R$ 4,89 – R$ 29,99 por item",Classificação Livre,13 de mar. de 2026,1783006381,1.4.2,,Criador de live photo e app câmera para android- vídeo para live photo offline,https://play.google.com/store/apps/details?id=com.bitdance.livephoto.camera&hl=pt&gl=br,94,72,87,pequeno/indie,91143,727.21,2597.19,8440.86,1610.26,14024.82,8695.39,alta,25,4.24,80.0,16.0,"SerpAPI, ScrapingBee"
Notícias e Revistas,9,Jornais Portugueses,com.tachanfil.jornaisportugueses,MUNBEN,info@munben.com,http://www.munben.com,Notícias e revistas,4.4666667,781,9,100.000+,100000,122203,1,0,BRL,1,0,,Classificação Livre,30 de jan. de 2017,1764358060,6.2.3,,Reúne os principais jornais e revistas na Portugal,https://play.google.com/store/apps/details?id=com.tachanfil.jornaisportugueses&hl=pt&gl=br,100,34,87,pequeno/indie,9271,4.03,14.39,46.78,6.91,77.72,37.31,média,25,3.48,56.0,36.0,"SerpAPI, ScrapingAnt"
Esportes,3,Placar de futebol,it.censa.scoreboardsoccer,CensaSoft,andreacensabella85@gmail.com,https://censasoft.web.app,Esportes,4.86,1154,134,100.000+,100000,242249,1,0,BRL,1,1,"R$ 6,49 – R$ 99,99 por item",Classificação Livre,26 de mai. de 2023,,Varies with device,,Marque e acompanhe os pontos no futebol!,https://play.google.com/store/apps/details?id=it.censa.scoreboardsoccer&hl=pt&gl=br,100,28,86,pequeno/indie,21009,319.19,1139.97,3704.91,706.78,6155.86,3816.63,média,25,4.84,96.0,4.0,"SerpAPI, ScrapingBee"
Personalização,20,Orbit Launcher: Tema Sci-Fi,appmania.launcher.orbitui,App Mania Software Development,appmania14@gmail.com,https://theappmania.com/,Personalização,4.6,1893,51,50.000+,50000,63613,1,0,BRL,1,1,"R$ 4,90 – R$ 19,99 por item",Classificação Livre,3 de mai. de 2024,,Varies with device,,Transforme seu celular com um visual futurista e interface de cinema.,https://play.google.com/store/apps/details?id=appmania.launcher.orbitui&hl=pt&gl=br,100,29,86,pequeno/indie,5110,19.85,70.9,230.42,43.96,382.85,237.37,média,25,4.28,80.0,16.0,"SerpAPI, ScrapingBee"
Personalização,16,ModArt Launcher -Theme 18 in 1,com.lw.modartlauncher,Launchers World,tianaent@gmail.com,http://tianaenterprises.in,Personalização,4.475,4751,34,100.000+,100000,155718,1,0,BRL,1,0,,Classificação Livre,11 de out. de 2023,1754999131,7.0,,Liberte sua criatividade com ModArt Launcher.,https://play.google.com/store/apps/details?id=com.lw.modartlauncher&hl=pt&gl=br,100,28,86,pequeno/indie,11978,5.21,18.59,60.43,8.93,100.41,48.2,média,25,4.44,92.0,8.0,"SerpAPI, ScrapingBee"
Educação,16,Casa do Saber: Cursos e mais,com.casadosaber.digital,Casa do Saber,ajuda@casadosaberondemand.com.br,https://casadosaber.com.br/,Educação,4.793296,5465,1027,100.000+,100000,195279,1,0,BRL,1,1,"R$ 299,40 – R$ 1.679,90 por item",Classificação Livre,15 de out. de 2018,,Varies with device,,Aprenda mais e mais rápido,https://play.google.com/store/apps/details?id=com.casadosaber.digital&hl=pt&gl=br,100,30,86,pequeno/indie,16734,612.0,2185.71,7103.57,1355.14,11802.85,7317.77,alta,25,4.32,84.0,16.0,"SerpAPI, ScrapingBee"
Personalização,8,3D Icon Launcher Theme,com.launcher.smart.threed.icon.theme,CMM Launcher INC,cmmlalauncherapp@gmail.com,,Personalização,4.56,3589,78,100.000+,100000,367650,1,0,BRL,1,0,,Classificação 12 anos,3 de jul. de 2018,,Varies with device,,Tema do lançador com ícones e papéis de parede HD de ícones 3D,https://play.google.com/store/apps/details?id=com.launcher.smart.threed.icon.theme&hl=pt&gl=br,100,24,85,pequeno/indie,32617,14.18,50.63,164.56,24.3,273.42,131.24,média,25,4.68,96.0,4.0,"SerpAPI, ScrapingBee"
Estilo de Vida,4,Mini Hábitos - Rotina e Hábito,com.qiapps.minihabitos,QIApps,qiapps.contato@gmail.com,https://minihabitos.firebaseapp.com,Produtividade,4.6176734,22650,7109,1.000.000+,1000000,1275324,1,0,BRL,1,1,"R$ 14,99 – R$ 19,99 por item",Classificação Livre,30 de jul. de 2019,1689180370,3.3.2,,"Organize e gerencie qualquer hábito, rotina ou tarefa diária com nosso app!",https://play.google.com/store/apps/details?id=com.qiapps.minihabitos&hl=pt&gl=br,94,33,85,pequeno/indie,120724,1101.61,3934.31,12786.52,2439.27,21245.29,13172.08,alta,25,3.84,68.0,24.0,"SerpAPI, ScrapingBee"
Casa e Decoração,4,Live Home 3D: Projeto de casa,com.belightsoft.livehome3d,Belight Software,support@belightsoft.com,https://livehome3d.com,Casa e decoração,4.37,2125,63,1.000.000+,1000000,1033671,1,0,BRL,0,1,"R$ 24,99 – R$ 759,99 por item",Classificação Livre,6 de nov. de 2024,1782917815,4.12.1 (1703),,"Aplicativo completo para projeto de casa: planta baixa, decoração e jardim",https://play.google.com/store/apps/details?id=com.belightsoft.livehome3d&hl=pt&gl=br,92,67,85,pequeno/indie,105612,17554.92,62696.13,203762.41,38871.6,338559.08,209906.63,média,25,4.4,84.0,12.0,"SerpAPI, ScrapingBee"
Gastronomia,15,Receitas de Comidas Indiana,com.endless.indianrecipes,Prometheus Interactive LLC,support.indianrecipes@useprometheus.app,https://useprometheus.app/indianrecipes,Comer e beber,4.882353,714,7,100.000+,100000,165050,1,0,BRL,1,1,"R$ 0,99 – R$ 549,99 por item",Classificação Livre,14 de mai. de 2015,,Varies with device,,O aplicativo de receitas indianas traz sabores autênticos para a sua mesa,https://play.google.com/store/apps/details?id=com.endless.indianrecipes&hl=pt&gl=br,100,27,85,pequeno/indie,14011,1076.11,3843.24,12490.52,2382.81,20753.48,12867.16,média,10,4.4,80.0,10.0,"SerpAPI, ScrapingBee"
Redes Sociais,11,Hookle: Redes Sociais,net.hookle,Hookle Inc.,support@hookle.net,https://www.hookle.net,Negócios,4.3142858,2531,8,100.000+,100000,235772,1,0,BRL,0,1,"R$ 77,99 – R$ 629,99 por item",Classificação Livre,3 de abr. de 2018,1781679311,3.28.0,,Gerencie suas redes sociais em um app. Para pequenos negócios.,https://play.google.com/store/apps/details?id=net.hookle&hl=pt&gl=br,100,54,84,pequeno/indie,22273,6374.66,22766.63,73991.54,14115.31,122939.79,76222.67,média,13,3.92,76.9,15.4,"SerpAPI, ScrapingBee"
Notícias e Revistas,3,Jornais Brasileiros,com.tachanfil.jornaisdobrasil,MUNBEN,info@munben.com,http://www.jornaisbrasileiros.net.br,Notícias e revistas,4.5240173,5893,1778,500.000+,500000,568624,1,0,BRL,1,0,,Classificação Livre,10 de jan. de 2014,1764358037,6.2.3,,Reúna todos os jornais e revistas mais importantes do Brasil,https://play.google.com/store/apps/details?id=com.tachanfil.jornaisdobrasil&hl=pt&gl=br,84,38,84,pequeno/indie,51632,22.44,80.15,260.49,38.47,432.81,207.75,alta,25,4.24,80.0,12.0,"SerpAPI, ScrapingBee"
Finanças,6,iDinheiro: Finanças Pessoais,br.com.idinheiro.app,iDinheiro,contato@idinheiro.com.br,,Finanças,4.252427,901,162,50.000+,50000,75962,1,0,BRL,0,1,"R$ 9,90 – R$ 158,90 por item",Classificação Livre,17 de jan. de 2024,1782426457,3.4.31,,Gerencie automaticamente suas finanças pessoais!,https://play.google.com/store/apps/details?id=br.com.idinheiro.app&hl=pt&gl=br,100,55,84,pequeno/indie,6727,502.81,1795.73,5836.14,1113.36,9696.97,6012.12,média,25,2.76,36.0,48.0,"SerpAPI, ScrapingBee"
Comunicação,15,Walkie Talkie - Slide2Talk,com.slide2talk.android.app,Slide2Talk Co.,support@slide2talk.app,https://slide2talk.app,Comunicação,4.69,3766,68,500.000+,500000,811810,1,0,BRL,0,1,"R$ 3,29 – R$ 72,99 por item",Classificação Livre,14 de abr. de 2019,1732520742,1.14.16,,"Walkie Talkie, comunicação PTT para casa e escritório. Pode trabalhar offline.",https://play.google.com/store/apps/details?id=com.slide2talk.android.app&hl=pt&gl=br,92,30,84,pequeno/indie,75095,793.94,2835.51,9215.4,1758.01,15311.74,9493.28,média,25,4.08,76.0,16.0,"SerpAPI, ScrapingBee"
Negócios,14,Tycoon - Jogo de Impérios,com.michael.tycoon_company_manager,Super Blast Games,nextbusinesstycoon@gmail.com,https://www.ilyon.net,Estratégia,4.39,30063,68,1.000.000+,1000000,1498682,1,0,BRL,1,1,"R$ 5,49 – R$ 1.449,99 por item",Classificação Livre,12 de jan. de 2023,1781863362,26,,Gerencie sua empresa e construa um império de negócios no Tycoon,https://play.google.com/store/apps/details?id=com.michael.tycoon_company_manager&hl=pt&gl=br,94,58,84,pequeno/indie,132621,6027.13,21525.46,69957.75,13345.79,116237.49,72067.24,alta,25,4.36,80.0,12.0,"SerpAPI, ScrapingBee"
Negócios,1,Magnata - Reis dos negócios,com.michael.business_domination,Super Blast Games,nextbusinesstycoon@gmail.com,https://www.ilyon.net,Estratégia,4.0408163,3735,27,100.000+,100000,201252,1,0,BRL,1,1,"R$ 5,49 – R$ 1.449,99 por item",Classificação Livre,13 de jun. de 2024,1778400380,1.50,,Construa seu império e torne-se o magnata mais rico,https://play.google.com/store/apps/details?id=com.michael.business_domination&hl=pt&gl=br,100,53,84,pequeno/indie,13349,551.52,1969.73,6401.63,1221.23,10636.55,6594.66,média,25,3.68,64.0,24.0,"SerpAPI, ScrapingBee"
Android Wear,6,Pujie mostradores – Wear OS 6,com.pujie.watchfaces,Pujie,info@pujie.io,https://pujie.io,Personalização,4.36,2489,31,100.000+,100000,435244,1,0,BRL,1,1,"R$ 3,99 – R$ 51,99 por item",Classificação Livre,19 de jun. de 2024,1769352128,7.0.74f,,Criador de mostradores para Wear OS 6 com milhares de mostradores disponíveis.,https://play.google.com/store/apps/details?id=com.pujie.watchfaces&hl=pt&gl=br,100,53,84,pequeno/indie,35423,400.82,1431.5,4652.38,887.53,7730.11,4792.67,média,25,3.4,60.0,40.0,"SerpAPI, ScrapingBee"
Comunicação,22,FlaiChat: Tradução Rápida,chat.glib.groupchat,Flai Inc.,support@flai.chat,https://flai.chat,Comunicação,4.733333,392,3,10.000+,10000,19795,1,0,BRL,0,1,"R$ 15,99 – R$ 269,99 por item",Classificação Livre,12 de out. de 2022,1782289549,0.1.175,,"Bate-papo multilíngue para família, amigos e casais",https://play.google.com/store/apps/details?id=chat.glib.groupchat&hl=pt&gl=br,100,57,83,pequeno/indie,1775,107.54,384.08,1248.25,238.13,2074.02,1285.89,média,4,4.0,75.0,25.0,"SerpAPI, ScrapingBee"
Automóveis e Veículos,6,Simply Auto: Gasolina Log,mrigapps.andriod.fuelcons,Mobifolio,support@simplyauto.app,https://www.simplyauto.app,Veículos,4.72,24107,207,500.000+,500000,935674,1,0,BRL,1,1,"R$ 2,50 – R$ 99,99 por item",Classificação Livre,3 de fev. de 2013,1728565278,53.7,,"Registe combustível, distância, manutenção e gasto, vários veículos e condutores",https://play.google.com/store/apps/details?id=mrigapps.andriod.fuelcons&hl=pt&gl=br,84,33,83,pequeno/indie,87188,1276.42,4558.63,14815.55,2826.35,24616.6,15262.29,alta,25,4.24,68.0,8.0,"SerpAPI, ScrapingBee"
Automóveis e Veículos,3,Manutenção carros em português,com.cars.android.carapps.carnotes,Aleksey Mikheev,alexispras@gmail.com,https://d3039b595.app-ads-txt.com,Veículos,4.387097,1266,55,100.000+,100000,313938,1,0,BRL,1,1,"R$ 19,99 – R$ 40,99 por item",Classificação Livre,11 de mar. de 2021,1779006973,5.5,,Gerencie seu veículo com lembretes de manutenção. Traduzido para o português,https://play.google.com/store/apps/details?id=com.cars.android.carapps.carnotes&hl=pt&gl=br,100,50,83,pequeno/indie,25105,308.23,1100.83,3577.69,682.51,5944.47,3685.57,média,25,4.68,92.0,4.0,"SerpAPI, ScrapingBee"
Ferramentas,13,Indies' Lies,com.yokagame.ProjectS,Erabit Studios,playbeststudio@gmail.com,https://www.funcgames.com,Estratégia,4.3,14248,277,500.000+,500000,819060,1,0,BRL,1,1,"R$ 9,99 – R$ 13,99 por item",Classificação 10 anos,22 de set. de 2021,1776330699,2.1.2,,Indies' Lies é um jogo de construção de baralho roguelike para um jogador.,https://play.google.com/store/apps/details?id=com.yokagame.ProjectS&hl=pt&gl=br,94,51,82,pequeno/indie,58573,889.9,3178.2,10329.16,1970.49,17162.3,10640.62,alta,25,3.6,68.0,28.0,"SerpAPI, ScrapingBee"
Esportes,11,Placar Pro,com.ennes.placar_pro,Developer Ennes,ennes.devmobile@gmail.com,https://ennesdes.netlify.app,Produtividade,5.0,12,6,1.000+,1000,1859,1,0,BRL,1,0,,Classificação Livre,28 de jul. de 2024,1772902343,1.1.0,,"Placar e marcador para esportes/jogos, possui sorteio de times e cronômetros.",https://play.google.com/store/apps/details?id=com.ennes.placar_pro&hl=pt&gl=br,100,53,82,pequeno/indie,117,0.12,0.44,1.43,0.21,2.37,1.14,baixa,6,5.0,100.0,0.0,"SerpAPI, ScrapingBee"
Estilo de Vida,12,Hábitos Matinais - Rotina já,com.starttech.habitosmatinais,Hábitos Matinais,contato@habitosmatinais.com.br,,Estilo de vida,4.495413,3726,376,500.000+,500000,623450,1,0,BRL,0,1,"R$ 9,90 – R$ 149,90 por item",Classificação Livre,8 de mai. de 2021,1753747422,3.3.6,,Desenvolva hábitos saudáveis com uma rotina diária personalizada!,https://play.google.com/store/apps/details?id=com.starttech.habitosmatinais&hl=pt&gl=br,88,26,82,pequeno/indie,51713,1145.37,4090.62,13294.53,2536.19,22089.37,13695.41,média,25,4.36,80.0,12.0,"SerpAPI, ScrapingBee"
Entretenimento,22,StreamGuide: Filmes e TV,app.streamguide,Christian Krueger,support@moviebase.app,https://www.moviebase.app,Entretenimento,4.0740743,8345,264,100.000+,100000,349380,1,0,BRL,1,1,"R$ 2,99 – R$ 39,99 por item",Classificação 14 anos,20 de ago. de 2023,1782811396,3.4.2,,"Descubra filmes, programas de TV e receba recomendações de guia de streaming.",https://play.google.com/store/apps/details?id=app.streamguide&hl=pt&gl=br,100,47,82,pequeno/indie,33722,326.9,1167.49,3794.36,723.85,6304.47,3908.77,alta,25,3.28,56.0,40.0,"SerpAPI, ScrapingBee"
Clima,16,WeatherSight-Previsão ao Vivo,com.sight.cleken.weather,Houpumobi Tech,developer@houpumobi.com,http://myclapfinder.com,Clima,4.4210525,6349,23,500.000+,500000,657526,1,0,BRL,1,0,,Classificação Livre,8 de dez. de 2025,,Varies with device,,Previsão do tempo precisa e em tempo real,https://play.google.com/store/apps/details?id=com.sight.cleken.weather&hl=pt&gl=br,84,25,81,pequeno/indie,54692,23.77,84.9,275.93,40.75,458.46,220.06,alta,21,2.95,47.6,47.6,"SerpAPI, ScrapingAnt"
Esportes,4,Soccerway: Placar de Futebol,eu.livesport.soccerway,Soccerway.com,support@soccerway.com,https://www.soccerway.com,Esportes,4.2413793,240,28,100.000+,100000,152910,1,0,BRL,1,0,,Classificação Livre,18 de dez. de 2025,1781732412,26.6.2,,"Siga a Copa do Mundo 2026 com placar ao vivo, notícias, estatísticas e tabelas.",https://play.google.com/store/apps/details?id=eu.livesport.soccerway&hl=pt&gl=br,100,40,81,pequeno/indie,14100,8.36,29.86,97.04,14.33,161.23,77.39,média,25,4.16,80.0,16.0,"SerpAPI, ScrapingBee"
Personalização,6,"ThemeHub: Themes, Widget Icons",com.themeshub.widgets.iconchanger,"MANDALA CONSULTING CO.,LTD",haiyen.mandala@gmail.com,http://mandala.pro.vn/,Personalização,4.2,471,5,100.000+,100000,420412,1,0,BRL,1,1,"R$ 25,99 – R$ 129,99 por item",Classificação Livre,11 de dez. de 2025,1782723972,1.0.3,,"Personalize seu celular com os temas, ícones e widgets fofos e estéticos do ThemeHub.",https://play.google.com/store/apps/details?id=com.themeshub.widgets.iconchanger&hl=pt&gl=br,100,42,81,pequeno/indie,40983,1377.93,4921.19,15993.87,3051.14,26574.42,16476.14,média,5,3.4,60.0,40.0,"SerpAPI, ScrapingBee"
Música e Áudio,23,Hi Music：Offline Music Player,com.freemusic.himusic.yt,himusicapp inc.,harukahayashiapp@gmail.com,http://www.himusic.xyz,Música e áudio,4.31,5531,445,100.000+,100000,391469,1,0,BRL,1,0,,Classificação 12 anos,4 de jan. de 2021,1770267461,1.4.8.5,,"Nenhum aplicativo de música wifi. MP3 off-line. Rádio sintonizador, música de rádio jovem. Baixador de música",https://play.google.com/store/apps/details?id=com.freemusic.himusic.yt&hl=pt&gl=br,100,43,81,pequeno/indie,31680,17.08,60.98,198.2,29.27,329.32,158.07,alta,25,3.56,64.0,24.0,"SerpAPI, ScrapingBee"
Medicina,13,Lembrete de remédio,com.devsoldiers.calendar.pills.limit,level38,app@level38.co,https://drpills.app,Medicina,4.4760637,17850,1310,500.000+,500000,808772,1,0,BRL,1,1,"R$ 5,99 – R$ 159,99 por item",Classificação Livre,26 de fev. de 2017,,Varies with device,,Lembrete para tomar remédio com alarme de medicação e calendário de medicamentos,https://play.google.com/store/apps/details?id=com.devsoldiers.calendar.pills.limit&hl=pt&gl=br,84,27,81,pequeno/indie,68000,1593.89,5692.46,18500.48,3529.32,30739.27,19058.34,alta,25,4.0,72.0,24.0,"SerpAPI, ScrapingBee"
Mapas e Navegação,23,Mapas Offline Navegação,com.andro.gps.maps.navigation.routefinder.streetview.earthmap,Androme Apps,fatimakhan20may@gmail.com,https://andromeapps.blogspot.com/,Mapas e navegação,4.1666665,512,1,10.000+,10000,49704,1,0,BRL,1,1,"R$ 7,99 – R$ 47,99 por item",Classificação Livre,4 de set. de 2025,1781872688,1.1.5,,"Planeje sua rota, encontre direções e navegue offline com voz e bússola",https://play.google.com/store/apps/details?id=com.andro.gps.maps.navigation.routefinder.streetview.earthmap&hl=pt&gl=br,100,41,81,pequeno/indie,4292,53.42,190.8,620.11,118.3,1030.33,638.8,média,1,5.0,100.0,0.0,"SerpAPI, ScrapingBee"
Quadrinhos,13,Super Comics,com.zedlatam.supercomics,Moneto Lab Soluções em Tecnologia Ltda.,contato@supercomics.com.br,http://www.monetolab.com,Livros e referências,4.108333,1232,671,100.000+,100000,363608,1,0,BRL,0,1,"R$ 0,99 – R$ 124,90 por item",Classificação 10 anos,8 de jan. de 2018,1780448359,7.2.3,,Super Comics — A melhor experiência em HQ!,https://play.google.com/store/apps/details?id=com.zedlatam.supercomics&hl=pt&gl=br,100,41,81,pequeno/indie,29309,781.3,2790.35,9068.65,1730.02,15067.91,9342.1,média,25,2.76,40.0,48.0,"SerpAPI, ScrapingBee"
Quadrinhos,1,GlobalComix: HQs em Inglês,com.globalcomix.mobileapp,GlobalComix,contact@globalcomix.com,https://globalcomix.com/support/contact,Quadrinhos,4.39,5632,62,1.000.000+,1000000,1173634,1,0,BRL,0,1,"R$ 5,49 – R$ 429,99 por item",Classificação 18 anos,8 de set. de 2023,1782223193,2.2.43,,"Leia Superman, Invencível e mais de 100 mil HQs no app da GlobalComix.",https://play.google.com/store/apps/details?id=com.globalcomix.mobileapp&hl=pt&gl=br,84,56,81,pequeno/indie,120689,11129.17,39747.03,129177.84,24643.16,214633.96,133073.05,alta,25,4.04,68.0,16.0,"SerpAPI, ScrapingBee"
Android Wear,11,Wear OS Toolset Complications,com.gs.complications.suite,GS Watchfaces,support@gswatchfaces.com,https://www.gswatchfaces.com/,Ferramentas,4.173913,604,11,100.000+,100000,126430,1,0,BRL,0,1,"R$ 9,49 – R$ 184,99 por item",Classificação Livre,29 de mar. de 2023,1782555010,6.1.2,,"Personalize qualquer mostrador de relógio Wear OS com complicações, previsão do tempo e informações sobre as marés!",https://play.google.com/store/apps/details?id=com.gs.complications.suite&hl=pt&gl=br,100,42,81,pequeno/indie,11533,474.95,1696.25,5512.83,1051.68,9159.77,5679.06,média,10,4.0,70.0,20.0,"SerpAPI, ScrapingBee"
Esportes,9,Scoremer - Resultados Futebol,com.besget.soccerbing,Scoremer Limited,support@scoremer.com,https://www.scoremer.com,Esportes,4.12,2225,333,500.000+,500000,679019,1,0,BRL,0,1,"R$ 5,49 – R$ 999,99 por item",Classificação 12 anos,10 de jan. de 2016,1782447381,5.3.4,,"Resultados de futebol ao vivo, cantos, jogos, resultados, prognósticos",https://play.google.com/store/apps/details?id=com.besget.soccerbing&hl=pt&gl=br,92,44,80,pequeno/indie,67890,14454.5,51623.22,167775.47,32006.4,278765.4,172834.55,média,25,4.56,88.0,4.0,"SerpAPI, ScrapingBee"
Esportes,1,O Placar: Jogos de Futebol,com.oplacar.app,Valverde Lab,contato@oplacar.com.br,https://oplacar.com.br,Esportes,5.0,9,7,100+,100,236,1,0,BRL,1,0,,Classificação Livre,11 de mai. de 2026,1778859507,1.0.1,,"Jogos de hoje, placar, tabela, times e notícias do futebol.",https://play.google.com/store/apps/details?id=com.oplacar.app&hl=pt&gl=br,100,47,80,pequeno/indie,12,0.01,0.03,0.09,0.01,0.15,0.07,baixa,7,5.0,100.0,0.0,"SerpAPI, ScrapingBee"
Produtividade,5,Calendário Semanal - Tarefas,net.brilliantseasons.weeklycalendar_notes,BrilliantSeasons,weekly-calendar-info@brilliantseasons.net,,Produtividade,4.5833335,98,9,10.000+,10000,10735,1,0,BRL,0,1,"R$ 19,90 por item",Classificação Livre,28 de ago. de 2023,1777363373,1.30,,"Planejador de tarefas, organizador de notas, gerenciador de tarefas",https://play.google.com/store/apps/details?id=net.brilliantseasons.weeklycalendar_notes&hl=pt&gl=br,100,44,80,pequeno/indie,771,10.21,36.45,118.46,22.6,196.82,122.03,média,9,4.44,88.9,11.1,"SerpAPI, ScrapingBee"
Medicina,8,Tomar Remédio,br.com.tomarremedio.app,Block 9,hitalocunhadesousa@gmail.com,https://tomarremedio.com.br/,Ferramentas,4.4883723,43,11,1.000+,1000,3368,1,0,BRL,0,1,"R$ 14,90 – R$ 129,90 por item",Classificação Livre,11 de set. de 2024,1779654688,2.0.6,,"Nunca esqueça uma dose: agende, acompanhe e controle seus remédios.",https://play.google.com/store/apps/details?id=br.com.tomarremedio.app&hl=pt&gl=br,100,45,80,pequeno/indie,203,6.22,22.23,72.25,13.78,120.04,74.43,baixa,11,4.27,72.7,9.1,"SerpAPI, ScrapingBee"
Bibliotecas e Demonstrações,18,ISOLAND3: Dust of the Universe,com.cottongame.isoland3,CottonGame,contact@cottongame.com,http://www.cottongame.com,Quebra-cabeças,4.8333335,277,3,5.000+,5000,5926,0,10.99,BRL,0,1,"R$ 5,49 – R$ 25,99 por item",Classificação Livre,19 de fev. de 2020,1772528451,1.1.28,,Uma continuação da série ISOLAND.,https://play.google.com/store/apps/details?id=com.cottongame.isoland3&hl=pt&gl=br,100,46,80,pequeno/indie,347,533.79,1906.41,6195.82,1181.97,10294.59,6382.65,baixa,3,4.67,100.0,0.0,"SerpAPI, ScrapingBee"
Saúde e Fitness,15,SYSTEM: Fitness Leveling,com.avillalva.systemfitnessleveling,Alexis Villalva,team@systemfitness.app,https://www.systemfitness.app,Saúde e fitness,4.0588236,1049,8,100.000+,100000,182998,1,0,BRL,1,1,"R$ 22,99 – R$ 739,99 por item",Classificação Livre,1 de mai. de 2025,1776209163,1.3.6,,Treine como no seu anime favorito com SYSTEM: Fitness Leveling!,https://play.google.com/store/apps/details?id=com.avillalva.systemfitnessleveling&hl=pt&gl=br,100,37,80,pequeno/indie,14205,2855.47,10198.12,33143.9,6322.84,55069.86,34143.32,média,8,3.75,62.5,25.0,"SerpAPI, ScrapingBee"
Arte e Design,16,Art Book Paint Color by Number,com.playcus.artbook.paint.colorbynumber,Playcus Limited,support@playcus.com,https://playcus.com,Tabuleiros,4.0,2747,44,500.000+,500000,939997,1,0,BRL,1,1,"R$ 2,89 – R$ 174,99 por item",Classificação Livre,25 de mar. de 2022,1782461284,0.0.565,,Páginas a cores para relaxar,https://play.google.com/store/apps/details?id=com.playcus.artbook.paint.colorbynumber&hl=pt&gl=br,92,45,80,pequeno/indie,81240,4982.69,17795.34,57834.85,11033.11,96094.83,59578.79,média,25,3.24,52.0,36.0,"SerpAPI, ScrapingBee"
Personalização,3,Santertainment Wallpaper,com.santer.wallpaper,Santertainment,apps@santertainment.net,https://www.santertainment.net,Personalização,4.0,2881,3,100.000+,100000,165460,1,0,BRL,1,1,"R$ 6,49 – R$ 32,99 por item",Classificação Livre,19 de out. de 2020,1770047605,5.0,,"Santertainment Wallpaper é um aplicativo de papel de parede simples, limpo e fácil de usar",https://play.google.com/store/apps/details?id=com.santer.wallpaper&hl=pt&gl=br,100,32,79,pequeno/indie,12771,103.94,371.23,1206.5,230.16,2004.65,1242.88,média,3,3.33,66.7,33.3,"SerpAPI, ScrapingBee"
Saúde e Fitness,1,MyFitnessCoach Treino Academia,com.myfitnesscoach,MY FITNESS COACH,contact@myfitnesscoach.fit,https://myfitnesscoach.fit,Saúde e fitness,4.180328,1972,14,1.000.000+,1000000,1031354,1,0,BRL,1,1,"R$ 30,00 – R$ 434,99 por item",Classificação Livre,15 de fev. de 2023,1779264271,6.48.3,,Contar calorias exercícios em casa e treino academia para emagrecer com controle,https://play.google.com/store/apps/details?id=com.myfitnesscoach&hl=pt&gl=br,92,41,79,pequeno/indie,87803,11859.98,42357.09,137660.53,26261.39,228728.27,141811.53,média,12,3.17,58.3,41.7,"SerpAPI, ScrapingBee"
Finanças,7,Kinvo: Acompanhe investimentos,com.everestti.kinvo,Kinvo Tecnologia da Informação,contato@kinvo.com.br,http://www.kinvo.com.br,Finanças,4.006837,22335,7565,1.000.000+,1000000,1093031,1,0,BRL,0,1,"R$ 14,99 – R$ 179,90 por item",Classificação Livre,22 de dez. de 2017,1782929738,3.65.0,,"Acompanhe, analise e otimize cada investimento da sua carteira com facilidade.",https://play.google.com/store/apps/details?id=com.everestti.kinvo&hl=pt&gl=br,84,49,79,pequeno/indie,111995,9663.85,34513.75,112169.69,21398.52,186374.25,115552.03,alta,25,1.8,12.0,76.0,"SerpAPI, ScrapingBee"
Comunicação,23,Chat Invisível - Sem Visto,com.gbmessenger,Riki Apps Developer,rikiappsdeveloper@gmail.com,https://webcloner.pro,Comunicação,4.0945945,510,25,50.000+,50000,89382,1,0,BRL,1,1,"R$ 10,99 – R$ 104,99 por item",Classificação Livre,4 de mai. de 2020,1775745923,6.5,,"Chat offline – sem visto por último, sem tiques azuis, salvar status e mais!",https://play.google.com/store/apps/details?id=com.gbmessenger&hl=pt&gl=br,100,35,79,pequeno/indie,6660,152.28,543.87,1767.58,337.2,2936.9,1820.88,média,25,3.96,68.0,20.0,"SerpAPI, ScrapingBee"
Clima,17,Clima: Radar ao vivo e widgets,weather.weatherforcast.accuweather.weatherchannel,1 Bit,pointdotdog@gmail.com,https://onebit-app.web.app/,Clima,4.685185,10669,511,1.000.000+,1000000,1451303,1,0,BRL,0,0,,Classificação Livre,22 de jan. de 2024,1782368029,1.03.2,,Meteorológico preciso com radar meteorológico ao vivo e widgets meteorológicos,https://play.google.com/store/apps/details?id=weather.weatherforcast.accuweather.weatherchannel&hl=pt&gl=br,94,75,78,pequeno/indie,165935,0.0,0.0,0.0,0.0,0.0,0.0,média,25,4.68,88.0,4.0,"SerpAPI, ScrapingBee"
Redes Sociais,17,Mysocial: AI Creator Manager,io.mysocial.creators,GoldenGlow AB,support@mysocial.io,https://mysocial.io,Negócios,4.1944447,1073,19,100.000+,100000,141920,1,0,BRL,0,1,"R$ 37,99 – R$ 1.899,99 por item",Classificação Livre,15 de nov. de 2020,1770367207,9.0.2,,"Inteligência artificial completa para criadores: parcerias com marcas, criação de conteúdo, análises e crescimento.",https://play.google.com/store/apps/details?id=io.mysocial.creators&hl=pt&gl=br,100,31,78,pequeno/indie,10859,369.53,1319.77,4289.24,818.25,7126.74,4418.58,média,22,4.14,81.8,18.2,"SerpAPI, ScrapingBee"
Paternidade,20,Jornada pós-parto,com.postpartum.journey,Onrival LLC,health.journey@icloud.com,https://healthjourneylabs.com/postpartum-journey/,Saúde e fitness,4.76,668,15,10.000+,10000,12551,1,0,BRL,0,1,"R$ 5,99 – R$ 134,99 por item",Classificação Livre,31 de jul. de 2024,,Varies with device,,"Guia do Pós-Parto: Apoio, Recuperação, Humor, Depressão Pós-Parto",https://play.google.com/store/apps/details?id=com.postpartum.journey&hl=pt&gl=br,100,39,78,pequeno/indie,911,24.27,86.69,281.76,53.75,468.15,290.25,média,16,4.44,81.2,0.0,"SerpAPI, ScrapingBee"
Música e Áudio,25,IDAGIO Stream Classical Music,com.idagio.app,Classical Music Streaming - IDAGIO,contact@idagio.com,http://www.idagio.com,Música e áudio,4.17,3868,96,500.000+,500000,958229,1,0,BRL,0,1,"R$ 1,89 – R$ 1.049,99 por item",Classificação Livre,7 de nov. de 2017,1772892499,3.27.1,,"Descubra listas de reprodução, assista a shows e reproduza faixas em nosso player de streaming de música",https://play.google.com/store/apps/details?id=com.idagio.app&hl=pt&gl=br,92,36,78,pequeno/indie,81271,1063.21,3797.19,12340.86,2354.26,20504.82,12712.99,média,25,3.72,60.0,28.0,"SerpAPI, ScrapingBee"
Quadrinhos,15,KAI: Criador de Quadrinhos AI,com.ai.comic.book,MOBIVERSITE YAZILIM BILISIM REKLAM VE DANISMANLIK,info@mobiversite.com,https://www.mobiversite.com,Quadrinhos,4.264529,27120,715,500.000+,500000,637770,1,0,BRL,0,1,"R$ 21,99 – R$ 434,99 por item",Classificação 16 anos,4 de dez. de 2025,1781032024,1.0.10,,Gerador de Manhua por IA: Crie suas próprias histórias e HQs com esta ferramenta,https://play.google.com/store/apps/details?id=com.ai.comic.book&hl=pt&gl=br,84,47,78,pequeno/indie,63557,6150.18,21964.94,71386.05,13618.26,118610.67,73538.61,alta,25,3.36,56.0,36.0,"SerpAPI, ScrapingBee"
Personalização,11,"Launcher Tema-Ícone, Widget",com.launcher.themes.wallpapers.ai.icons,Animoji Phone X & Emoji Maker Develop Team,liruiqus@gmail.com,https://launcher-47977.web.app/,Personalização,4.32,3894,495,100.000+,100000,492030,1,0,BRL,1,1,"R$ 2,59 – R$ 104,99 por item",Classificação 10 anos,30 de mai. de 2024,1730172312,1.0.0.263,,"Personalize temas, ícones, widgets e papéis de parede com Themepack Launcher.",https://play.google.com/store/apps/details?id=com.launcher.themes.wallpapers.ai.icons&hl=pt&gl=br,100,24,77,pequeno/indie,40307,616.64,2202.3,7157.48,1365.43,11892.43,7373.3,média,25,4.28,84.0,16.0,"SerpAPI, ScrapingBee"
Mapas e Navegação,22,Navegação GPS e mapa de rotas,com.gps.navigation.direction.find.route.map.ptl,PureTech Labs,topapplicationtech856@gmail.com,https://gps-ptl.web.app,Mapas e navegação,3.9807692,617,11,1.000.000+,1000000,1175192,1,0,BRL,1,1,"R$ 28,99 por item",Classificação Livre,10 de nov. de 2025,1782889062,1.14,,"Navegação GPS com rotas, atualizações de trânsito e instruções de voz.",https://play.google.com/store/apps/details?id=com.gps.navigation.direction.find.route.map.ptl&hl=pt&gl=br,100,66,77,pequeno/indie,120858,1555.47,5555.24,18054.52,3444.25,29998.27,18598.93,média,12,3.17,58.3,33.3,"SerpAPI, ScrapingBee"
Saúde e Fitness,22,Fitness - Treino e Exercicio,com.rarus.gyms,1C-RARUS TAS,fitness@rarus.ru,,Saúde e fitness,4.1611376,5185,1189,100.000+,100000,433507,1,0,BRL,0,1,"R$ 3,99 – R$ 344,99 por item",Classificação Livre,30 de out. de 2015,1763645376,3.0.17,,"Plano de treino pessoal para homens e mulheres, Treinos em casa e academia",https://play.google.com/store/apps/details?id=com.rarus.gyms&hl=pt&gl=br,100,27,77,pequeno/indie,35274,2326.6,8309.3,27005.23,5151.77,44870.23,27819.54,alta,25,3.56,64.0,36.0,"SerpAPI, ScrapingBee"
Automóveis e Veículos,15,Tiny Auto Shop 2: Mecânica,com.byaliens.car.game.tinyautoshop2,By Aliens L.L.C-F.Z,tinyautoshoptwo@byaliens.com,https://www.byaliens.com,Simulador,4.23301,1116,36,50.000+,50000,84956,1,0,BRL,1,1,"R$ 1,79 – R$ 40,49 por item",Classificação Livre,6 de fev. de 2023,1763560167,1.1.12,,"Gerencie sua oficina de carros, conserte carros rápido e seja a melhor mecânica!",https://play.google.com/store/apps/details?id=com.byaliens.car.game.tinyautoshop2&hl=pt&gl=br,100,24,77,pequeno/indie,5364,54.05,193.03,627.34,119.68,1042.36,646.26,média,25,3.36,56.0,32.0,"SerpAPI, ScrapingBee"
Reprodutores de Vídeo,11,Reprodutor de Vídeos HD,tv.fipe.allformat.player,MINIQUE.AI,dev@fipe.tv,http://fipe.tv/,Reproduzir e editar vídeos,4.73,5667,157,100.000+,100000,377268,1,0,BRL,0,0,,Classificação Livre,21 de nov. de 2023,1781513982,1.2.3,,Reprodutor de vídeo perfeito com suporte a todos os formatos e codecs.,https://play.google.com/store/apps/details?id=tv.fipe.allformat.player&hl=pt&gl=br,100,61,76,pequeno/indie,40221,0.0,0.0,0.0,0.0,0.0,0.0,média,25,4.92,96.0,0.0,"SerpAPI, ScrapingBee"
Paternidade,1,V-Baby: Gravidez e Maternidade,com.vlab.vbaby,Vlab,atendimento@vlabhealth.com,https://www.vbaby.app/,Medicina,4.798611,2878,146,100.000+,100000,162264,1,0,BRL,0,0,,Classificação Livre,4 de jan. de 2022,1783083188,7.3.0,,"Gravidez semana a semana, enxoval, chá de bebê virtual e dicas de saúde grátis",https://play.google.com/store/apps/details?id=com.vlab.vbaby&hl=pt&gl=br,100,61,76,pequeno/indie,13762,0.0,0.0,0.0,0.0,0.0,0.0,baixa,25,4.08,72.0,20.0,"SerpAPI, ScrapingBee"
Notícias e Revistas,4,Jornais e Revistas do Brasil,jornais.e.revistas.brasileira.brasil,APPS4NewWorld,apps4newworld@gmail.com,https://dev627157.topdeveloper.info,Notícias e revistas,4.4680853,57,28,1.000+,1000,2626,1,0,BRL,1,0,,Classificação Livre,6 de jan. de 2022,1765874297,2025.3.0,,"Jornais, Revistas do Brasil, imprensa, esportes, economia, moda, clima, cinema",https://play.google.com/store/apps/details?id=jornais.e.revistas.brasileira.brasil&hl=pt&gl=br,100,31,76,pequeno/indie,155,0.07,0.24,0.78,0.12,1.3,0.63,baixa,25,4.36,84.0,8.0,"SerpAPI, ScrapingBee"
Bibliotecas e Demonstrações,10,Biblioteca Virtual by Pearson,com.bibliotecavirtual.bvpearson,Pearson Education do Brasil,suporte.brasil@pearson.com,http://www.bvirtual.com.br/,Educação,4.8170214,4747,1856,100.000+,100000,364068,1,0,BRL,0,0,,Classificação Livre,3 de out. de 2019,1783125641,7.9.7,,A Biblioteca Virtual by Pearson é o seu portal para o mundo do conhecimento!,https://play.google.com/store/apps/details?id=com.bibliotecavirtual.bvpearson&hl=pt&gl=br,100,62,76,pequeno/indie,32283,0.0,0.0,0.0,0.0,0.0,0.0,baixa,25,4.2,76.0,12.0,"SerpAPI, ScrapingBee"
Entretenimento,16,Oldflix,oldflix.app,WMW Entretenimento,contato@oldflix.com.br,http://www.oldflix.com.br,Entretenimento,4.7304688,5124,1345,100.000+,100000,413532,1,0,BRL,0,0,,Classificação 16 anos,26 de jul. de 2017,1780854957,4.9.1,,É necessário possuir assinatura ativa no Oldflix para reprodução dos conteúdos.,https://play.google.com/store/apps/details?id=oldflix.app&hl=pt&gl=br,100,60,76,pequeno/indie,44304,0.0,0.0,0.0,0.0,0.0,0.0,média,25,4.4,84.0,8.0,"SerpAPI, ScrapingBee"
Educação,4,Seu Curso Digital,tech.jobholding.seucursodigital,KHS APPS,contact@khsmidia.com,https://seucursodigital.com,Educação,4.347594,1871,537,100.000+,100000,205442,1,0,BRL,0,1,"R$ 0,39 – R$ 2.099,99 por item",Classificação Livre,22 de fev. de 2025,,Varies with device,,Estude gratuitamente com os cursos online do Seu Curso Digital.,https://play.google.com/store/apps/details?id=tech.jobholding.seucursodigital&hl=pt&gl=br,100,23,76,pequeno/indie,16050,150.52,537.55,1747.05,333.28,2902.8,1799.73,média,25,3.68,64.0,32.0,"SerpAPI, ScrapingBee"
Compras,14,Supermercados Índio,br.com.supermercadosindio,Instabuy Serviços de Tecnologia LTDA,contato@instabuy.com.br,,Compras,4.63,373,111,10.000+,10000,44428,1,0,BRL,0,0,,Classificação 10 anos,11 de ago. de 2020,1782335969,5.70.0,,"Fila é coisa do passado, agora você pede e recebe suas compras em sua casa",https://play.google.com/store/apps/details?id=br.com.supermercadosindio&hl=pt&gl=br,100,57,75,pequeno/indie,4191,0.0,0.0,0.0,0.0,0.0,0.0,baixa,25,3.92,72.0,24.0,"SerpAPI, ScrapingBee"
Compras,8,Independência Shopping,br.com.brmalls.customer.independencia,ALLOS S.A.,sac@independenciashopping.com.br,https://www.independenciashopping.com.br/,Compras,4.8431373,174,20,10.000+,10000,28168,1,0,BRL,0,0,,Classificação Livre,14 de mar. de 2022,1783028986,4.11.2,,"Descontos, estacionamento sem filas,  lojas e restaurantes, promoções",https://play.google.com/store/apps/details?id=br.com.brmalls.customer.independencia&hl=pt&gl=br,100,56,75,pequeno/indie,2584,0.0,0.0,0.0,0.0,0.0,0.0,baixa,20,2.5,35.0,65.0,"SerpAPI, ScrapingBee"
Paternidade,15,"Meu Bebê - lactação, sono e +",app.parenting.baby.tracker.feeding.sleep.diaper.free,My Pregnancy and Baby Tracker,support@pregnancy-parenting.com,https://pregnancy-parenting.com,Criação de filhos,4.0,262,24,50.000+,50000,87258,1,0,BRL,1,1,"R$ 14,99 – R$ 99,99 por item",Classificação Livre,1 de fev. de 2021,1758408237,2.1.29,,"Crescimento do bebê, dicas para pais, amamentação, sono, fraldas, peso e mais.",https://play.google.com/store/apps/details?id=app.parenting.baby.tracker.feeding.sleep.diaper.free&hl=pt&gl=br,100,16,75,pequeno/indie,6492,105.99,378.53,1230.23,234.69,2044.07,1267.32,baixa,25,3.32,52.0,32.0,"SerpAPI, ScrapingBee"
Bibliotecas e Demonstrações,11,Libib,com.libib.app,"Libib, Inc.",play@libib.com,https://www.libib.com,Produtividade,4.49,3825,127,100.000+,100000,473355,1,0,BRL,0,0,,Classificação Livre,31 de out. de 2013,1783059544,6.1.7,,Libib é um aplicativo de catalogação para bibliotecas domésticas e institucionais com scanner - funciona com libib.com,https://play.google.com/store/apps/details?id=com.libib.app&hl=pt&gl=br,100,56,75,pequeno/indie,46437,0.0,0.0,0.0,0.0,0.0,0.0,média,25,4.72,92.0,4.0,"SerpAPI, ScrapingBee"
Casa e Decoração,20,Sweet Home 3D: Planeje Casas,com.eteks.sweethome3d.mobile,AI Photo Editor Lab srl,info@eteks.com,https://www.sweethome3d.com/,Casa e decoração,4.29,2383,43,500.000+,500000,643468,1,0,BRL,0,1,"R$ 17,99 – R$ 364,99 por item",Classificação Livre,2 de set. de 2023,1764073159,7.6.2,,Crie plantas baixas ajuste medidas e visualize casa com móveis planejados em 3D,https://play.google.com/store/apps/details?id=com.eteks.sweethome3d.mobile&hl=pt&gl=br,92,26,75,pequeno/indie,53462,2837.86,10135.2,32939.4,6283.82,54730.07,33932.65,média,25,2.8,40.0,52.0,"SerpAPI, ScrapingBee"
Automóveis e Veículos,1,meu carro manutenção serviços,com.anasoftco.mycar,saycoder,saycoder@gmail.com,https://saycoder.com,Veículos,4.29,1965,95,100.000+,100000,274294,1,0,BRL,0,1,"R$ 7,99 – R$ 19,99 por item",Classificação Livre,21 de ago. de 2015,1754465764,17,,para quem tem um carro. aplicação profissional livre para seu carro.,https://play.google.com/store/apps/details?id=com.anasoftco.mycar&hl=pt&gl=br,100,16,75,pequeno/indie,21774,84.44,301.57,980.11,186.98,1628.49,1009.67,média,25,3.76,72.0,28.0,"SerpAPI, ScrapingBee"
Produtividade,16,Calendário & Agenda : Calamo,com.calamo.calamo,Calamo Media,calamo.media@gmail.com,https://calamo-team.blogspot.com,Produtividade,4.1666665,16,8,5.000+,5000,5941,1,0,BRL,0,1,"R$ 8,90 – R$ 9,90 por item",Classificação Livre,5 de jan. de 2026,1778129811,1.0.27,,Sem anúncios nem assinaturas. Seu planner de calendário inteligente.,https://play.google.com/store/apps/details?id=com.calamo.calamo&hl=pt&gl=br,100,55,74,pequeno/indie,372,2.33,8.32,27.04,5.16,44.93,27.86,baixa,8,3.88,75.0,12.5,"SerpAPI, ScrapingBee"
Música e Áudio,24,Spoty – Music & Songs App,com.hindi.bollywood.songs,Production house,productionhouse450@gmail.com,,Música e áudio,3.9310346,446,6,10.000+,10000,31216,1,0,BRL,1,0,,Classificação Livre,25 de nov. de 2024,1781339674,1.0.21,,"Reproduza músicas, baixe músicas e aproveite o reprodutor de música offline.",https://play.google.com/store/apps/details?id=com.hindi.bollywood.songs&hl=pt&gl=br,100,52,74,pequeno/indie,2620,1.55,5.55,18.03,2.66,29.96,14.38,média,5,5.0,100.0,0.0,"SerpAPI, ScrapingBee"
Bibliotecas e Demonstrações,9,LibRoom – Book Tracker,com.kurnosov.nikita.libroomapp,Nikita Kurnosov,libroom.it@gmail.com,https://libroom.app,Livros e referências,,,,10.000+,10000,28598,1,0,BRL,0,1,"R$ 17,99 – R$ 499,99 por item",Classificação Livre,19 de jul. de 2025,1782404194,2.0.1,,"Acompanhe a leitura, organize sua biblioteca e alcance as metas anuais de leitura.",https://play.google.com/store/apps/details?id=com.kurnosov.nikita.libroomapp&hl=pt&gl=br,100,55,74,pequeno/indie,2387,261.84,935.14,3039.2,579.79,5049.75,3130.84,média,1,2.0,0.0,100.0,"SerpAPI, ScrapingBee"
Bibliotecas e Demonstrações,4,Handy Library: organize livros,com.handylibrary.main,"Bookshare Co., Ltd",lokyluck@handylibrary.com,https://handylibrary.com,Livros e referências,4.12,9641,391,1.000.000+,1000000,1038708,1,0,BRL,0,1,"R$ 7,00 – R$ 69,99 por item",Classificação Livre,14 de set. de 2018,1765963060,3.0.0,,Organize e catalogue suas coleções de livros.,https://play.google.com/store/apps/details?id=com.handylibrary.main&hl=pt&gl=br,84,30,74,pequeno/indie,88461,943.96,3371.27,10956.63,2090.19,18204.87,11287.02,alta,25,3.68,64.0,24.0,"SerpAPI, ScrapingBee"
Comunicação,9,Conversations (Jabber / XMPP),eu.siacs.conversations,Daniel Gultsch,playstore@conversations.im,https://conversations.im,Comunicação,4.5319147,2544,15,100.000+,100000,210966,1,0,BRL,0,0,,Classificação Livre,24 de mar. de 2014,1780912013,2.20.1+playstore,,"Mensagens instantâneas federadas para seu dispositivo móvel (Jabber, XMPP, Snikket)",https://play.google.com/store/apps/details?id=eu.siacs.conversations&hl=pt&gl=br,100,53,74,pequeno/indie,21788,0.0,0.0,0.0,0.0,0.0,0.0,média,16,4.12,81.2,18.8,"SerpAPI, ScrapingBee"
Livros e Referências,14,Almost Read: Book Tracker,com.kukiagency.almostread,KUKI,info@almostread.com,https://almostread.com,Livros e referências,,,,10.000+,10000,26457,1,0,BRL,0,1,"R$ 26,99 – R$ 214,99 por item",Classificação Livre,17 de jul. de 2025,1782375496,3.0.1,,Diário de Leitura e Registro de Livros,https://play.google.com/store/apps/details?id=com.kukiagency.almostread&hl=pt&gl=br,100,55,74,pequeno/indie,2197,112.61,402.19,1307.12,249.36,2171.83,1346.54,média,0,0.0,0.0,0.0,"SerpAPI, ScrapingBee"
Livros e Referências,12,LibRoom – Book Tracker,com.kurnosov.nikita.libroomapp,Nikita Kurnosov,libroom.it@gmail.com,https://libroom.app,Livros e referências,,,,10.000+,10000,28598,1,0,BRL,0,1,"R$ 17,99 – R$ 499,99 por item",Classificação Livre,19 de jul. de 2025,1782404194,2.0.1,,"Acompanhe a leitura, organize sua biblioteca e alcance as metas anuais de leitura.",https://play.google.com/store/apps/details?id=com.kurnosov.nikita.libroomapp&hl=pt&gl=br,100,55,74,pequeno/indie,2387,261.84,935.14,3039.2,579.79,5049.75,3130.84,média,1,2.0,0.0,100.0,"SerpAPI, ScrapingBee"
Beleza,6,ASMR de cuidados com a pele,com.gs.asmr.skincare.relaxing.spa.games,Gaming Switch Studio,gamejazzy4@gmail.com,https://k29f028a8.app-ads-txt.com,Casuais,,,,50.000+,50000,93404,1,0,BRL,1,0,,Classificação Livre,1 de jan. de 2026,1781895180,3.4,,Rotina de cuidados com a pele e beleza limpa em um jogo satisfatório,https://play.google.com/store/apps/details?id=com.gs.asmr.skincare.relaxing.spa.games&hl=pt&gl=br,100,54,74,pequeno/indie,7117,5.25,18.74,60.91,9.0,101.21,48.58,média,2,1.5,0.0,100.0,"SerpAPI, ScrapingBee"
Arte e Design,10,Tribal Art Coloring Book,com.art.pixel.tribal.games.paint.color.by.numbers,Art Coloring Group,X-LearningGroup@outlook.com,https://home.xlearning.group/,Quebra-cabeças,,,,100.000+,100000,200891,1,0,BRL,1,1,"R$ 5,49 – R$ 52,99 por item",Classificação Livre,25 de mar. de 2026,1782991103,1.0.7,,"Dê vida a máscaras, totens e símbolos tribais ancestrais com cores vibrantes.",https://play.google.com/store/apps/details?id=com.art.pixel.tribal.games.paint.color.by.numbers&hl=pt&gl=br,100,55,74,pequeno/indie,15988,273.15,975.55,3170.52,604.84,5267.94,3266.13,média,1,5.0,100.0,0.0,"SerpAPI, ScrapingBee"
Viagens e Localização,21,Voos Baratos・Cheap Flights,com.flightain.cheapflights,"Cheap Flights, Hotels & Rental Cars - TripBlasters",support_cheapflights@hoteldisc.com,,Viagem e Turismo,4.71,4106,55,500.000+,500000,594136,1,0,BRL,0,0,,Classificação Livre,1 de jan. de 2022,1780999971,3.1.2,,Reserve passagens de avião. Voo de baixo custo conosco.,https://play.google.com/store/apps/details?id=com.flightain.cheapflights&hl=pt&gl=br,88,60,73,pequeno/indie,64888,0.0,0.0,0.0,0.0,0.0,0.0,média,25,4.24,80.0,16.0,"SerpAPI, ScrapingBee"
Compras,5,INDIA Online Shopping App,com.allinoneshoppingapp.indiaonlineshopping,All info Apps,allinfoapps4@gmail.com,https://www.allinoneshoppingstore.com/,Compras,4.1666665,957,2,100.000+,100000,220573,1,0,BRL,1,0,,Classificação Livre,19 de jul. de 2020,,Varies with device,,"Aplicativo de compras tudo em um na Índia: Flipkart, Amazon, Paytm, OLX, mais aplicativo de compras",https://play.google.com/store/apps/details?id=com.allinoneshoppingapp.indiaonlineshopping&hl=pt&gl=br,100,11,73,pequeno/indie,17300,6.71,23.98,77.93,11.51,129.49,62.15,média,2,4.0,50.0,0.0,"SerpAPI, ScrapingBee"
Compras,1,Pechinchou: Promoções e Cupons,br.com.pechinchou.pechinchou,Pechinchou,contato@pechinchou.com.br,https://www.pechinchou.com.br,Compras,4.779386,26993,19996,500.000+,500000,972546,1,0,BRL,0,0,,Classificação Livre,6 de ago. de 2020,1782679922,177.6.13,,"Pechinchou: Sua rede social de promoções, cupons e descontos! Busque por ofertas",https://play.google.com/store/apps/details?id=br.com.pechinchou.pechinchou&hl=pt&gl=br,84,65,73,pequeno/indie,108964,0.0,0.0,0.0,0.0,0.0,0.0,média,25,4.76,96.0,0.0,"SerpAPI, ScrapingBee"
Casa e Decoração,19,Casa IA: Design de Interiores,com.godhitech.home.ai.designer,GODHITECH JSC,support@godhitech.com,https://godhitech.com/,Arte e design,3.4482758,906,10,500.000+,500000,801585,1,0,BRL,1,1,"R$ 25,99 – R$ 259,99 por item",Classificação Livre,15 de nov. de 2025,1782552570,1.0.37,,Design com IA por foto. Redecore seu ambiente em qualquer estilo.,https://play.google.com/store/apps/details?id=com.godhitech.home.ai.designer&hl=pt&gl=br,92,57,73,pequeno/indie,80837,4931.18,17611.35,57236.9,10919.04,95101.31,58962.82,média,15,2.67,40.0,60.0,"SerpAPI, ScrapingBee"
Finanças,21,HUB3 - Gestão de Investimentos,com.nelogica.invest.android.prod,"B3 S.A. - Brasil, Bolsa, Balcão",suporte@nelogica.com.br,http://www.nelogica.com.br,Finanças,4.647059,12713,1843,500.000+,500000,640030,1,0,BRL,0,0,,Classificação Livre,26 de mai. de 2023,1782765580,2.1.9,,Monitore sua carteira de investimentos na HUB3 e faça simulações com daytrade!,https://play.google.com/store/apps/details?id=com.nelogica.invest.android.prod&hl=pt&gl=br,84,64,73,pequeno/indie,70174,0.0,0.0,0.0,0.0,0.0,0.0,média,25,3.2,52.0,44.0,"SerpAPI, ScrapingBee"
Automóveis e Veículos,12,Carro - Manutenção Programada,rm.manutencao.criacoes,RM criações,atendimento_rm@hotmail.com,https://ac1153fcc.app-ads-txt.com,Ferramentas,4.55,217,74,10.000+,10000,15797,1,0,BRL,1,0,,Classificação Livre,9 de jul. de 2020,1732317483,2.1,,Aplicativo para programar as manutenções dos componentes veicular.,https://play.google.com/store/apps/details?id=rm.manutencao.criacoes&hl=pt&gl=br,100,19,73,pequeno/indie,1163,0.51,1.81,5.87,0.87,9.76,4.68,baixa,25,4.24,80.0,12.0,"SerpAPI, ScrapingBee"
Android Wear,7,Diver Classic 20 Wear OS 5+,com.watchfacestudio.dc20,OQ Watchfaces,osmanqadir78@gmail.com,,Personalização,4.769231,384,2,50.000+,50000,50132,1,0,BRL,0,0,,Classificação Livre,28 de abr. de 2025,1773512393,Varies with device,,Um mostrador clássico estilo Diver com muitas opções de cores e personalizações.,https://play.google.com/store/apps/details?id=com.watchfacestudio.dc20&hl=pt&gl=br,100,48,73,pequeno/indie,3970,0.0,0.0,0.0,0.0,0.0,0.0,baixa,2,5.0,100.0,0.0,"SerpAPI, ScrapingBee"
Compras,16,Martins Atacado: Compre Online,com.martins_app,Martins Com. Serv. Dist. SA,cesar.carvalho@martins.com.br,http://www.martinsatacado.com.br,Compras,4.559322,4721,1804,1.000.000+,1000000,1265866,1,0,BRL,0,0,,Classificação 10 anos,30 de set. de 2020,1781299670,2.16010,,São mais de 25 mil itens com entrega grátis e condições exclusivas de pagamento.,https://play.google.com/store/apps/details?id=com.martins_app&hl=pt&gl=br,92,54,72,pequeno/indie,143741,0.0,0.0,0.0,0.0,0.0,0.0,média,25,3.68,64.0,32.0,"SerpAPI, ScrapingBee"
Medicina,6,Lembretes de Remédios e Pílula,com.aidareminder.pillreminder,Sergio Licea,pillandroid@aidaorganizer.com,https://www.aidaorganizer.com/android/pillreminder.html,Medicina,3.673913,2505,19,100.000+,100000,232122,1,0,BRL,0,1,"R$ 13,99 por item",Classificação Livre,4 de jun. de 2018,1782231029,3.5,,"Lembretes com Alarme. Medicamento, Remédio e Pílulas na hora certa",https://play.google.com/store/apps/details?id=com.aidareminder.pillreminder&hl=pt&gl=br,100,44,72,pequeno/indie,21909,129.81,463.61,1506.72,287.44,2503.47,1552.15,média,20,2.75,40.0,50.0,"SerpAPI, ScrapingBee"
Eventos,9,Eventiza,com.eventiza.participantes,Eventiza,contato@eventiza.com.br,https://eventiza.com.br/,Eventos,4.605263,38,5,10.000+,10000,27852,1,0,BRL,0,0,,Classificação Livre,10 de jan. de 2021,1775062630,3.5.2,,Seus ingressos na palma da mão.,https://play.google.com/store/apps/details?id=com.eventiza.participantes&hl=pt&gl=br,100,46,72,pequeno/indie,2127,0.0,0.0,0.0,0.0,0.0,0.0,baixa,5,5.0,100.0,0.0,"SerpAPI, ScrapingBee"
Reprodutores de Vídeo,17,VidHub - Ultimate media player,com.oumi.utility.media.hub,Oumi Software,contact@okaapps.com,https://okaapps.com,Reproduzir e editar vídeos,3.7272727,957,14,100.000+,100000,130567,1,0,BRL,0,1,"R$ 7,99 – R$ 174,99 por item",Classificação Livre,18 de dez. de 2024,1782215769,2.0.5,,Assista e gerencie filmes e séries de TV,https://play.google.com/store/apps/details?id=com.oumi.utility.media.hub&hl=pt&gl=br,100,42,71,pequeno/indie,11932,462.34,1651.21,5366.42,1023.75,8916.51,5528.24,média,14,3.79,71.4,21.4,"SerpAPI, ScrapingBee"
Compras,3,Marketplace: Comprar e Vender,com.apprise.jkmarketplace,Snookums Bear,kamdarakansha@gmail.com,https://approachapps.in,Compras,3.7128713,2236,80,1.000.000+,1000000,1277939,1,0,BRL,1,1,"R$ 0,59 – R$ 17,99 por item",Classificação Livre,19 de fev. de 2021,1781449678,3.22.9,,Marketplace para comprar e vender itens novos e usados perto de você,https://play.google.com/store/apps/details?id=com.apprise.jkmarketplace&hl=pt&gl=br,100,43,71,pequeno/indie,131983,597.52,2133.99,6935.45,1323.07,11523.52,7144.58,média,25,3.92,76.0,24.0,"SerpAPI, ScrapingBee"
Medicina,7,KafoMed: Prontuário Eletrônico,com.cliniconline,Kafosoft,medclinservice@gmail.com,https://medclinapps.com/,Medicina,3.9756098,2842,43,500.000+,500000,577612,1,0,BRL,1,1,"R$ 3,29 – R$ 45,00 por item",Classificação Livre,25 de nov. de 2015,1778480112,1.11.1.83,,Gestão de clínicas e prontuário eletrônico. Sincronia web e mobile.,https://play.google.com/store/apps/details?id=com.cliniconline&hl=pt&gl=br,100,41,71,pequeno/indie,47720,469.32,1676.14,5447.46,1039.21,9051.17,5611.72,média,25,3.44,60.0,32.0,"SerpAPI, ScrapingBee"
Quadrinhos,9,ReadManga-Manga/Comics/Webtoon,com.comic.en.flutter.comic_en,DLXUYI,dlxuyijian@gmail.com,https://statics.mangahub5.com,Quadrinhos,3.9411764,6847,15,500.000+,500000,646625,1,0,BRL,1,1,"R$ 9,49 – R$ 109,99 por item",Classificação 14 anos,3 de nov. de 2024,1772696124,1.1.9,,Um local de encontro para uma enorme coleção de quadrinhos genuínos.,https://play.google.com/store/apps/details?id=com.comic.en.flutter.comic_en&hl=pt&gl=br,94,48,71,pequeno/indie,53738,1264.95,4517.68,14682.47,2800.96,24395.49,15125.2,alta,16,3.75,62.5,18.8,"SerpAPI, ScrapingBee"
Livros e Referências,24,Inkspired,com.inkspiredwriter,Galo A. Vargas,info@getinkspired.com,https://getinkspired.com,Livros e referências,4.653179,12125,421,500.000+,500000,596021,1,0,BRL,0,0,,Classificação 12 anos,15 de jan. de 2021,1777954939,3.2.2,,"Leia, escreva e publique livros e histórias online gratuitamente",https://play.google.com/store/apps/details?id=com.inkspiredwriter&hl=pt&gl=br,84,59,71,pequeno/indie,54254,0.0,0.0,0.0,0.0,0.0,0.0,média,25,4.28,80.0,16.0,"SerpAPI, ScrapingBee"
Livros e Referências,5,Cabeceira - Registre leituras,br.com.taglivros.cabeceira,Tag Livros,contato@taglivros.com.br,https://taglivros.com/,Livros e referências,4.6376786,61651,13633,1.000.000+,1000000,1350446,1,0,BRL,0,0,,Classificação Livre,13 de nov. de 2019,1776107490,1.11.0,,O Cabeceira é o seu assistente pessoal de leituras.,https://play.google.com/store/apps/details?id=br.com.taglivros.cabeceira&hl=pt&gl=br,84,58,71,pequeno/indie,128204,0.0,0.0,0.0,0.0,0.0,0.0,média,25,3.04,44.0,40.0,"SerpAPI, ScrapingBee"
Beleza,16,Makeup Skin Care: Salão ASMR,com.makeup.skincare.satisfying.asmr.games,Kitchen Tales,feed.kitchentales@gmail.com,https://thekitchentales.com,RPG,3.3333333,54,2,10.000+,10000,48877,1,0,BRL,1,0,,Classificação Livre,24 de jan. de 2025,1781878087,1.5,,Desfrute de maquiagem e cuidados com a pele neste relaxante jogo de salão ASMR.,https://play.google.com/store/apps/details?id=com.makeup.skincare.satisfying.asmr.games&hl=pt&gl=br,100,39,70,pequeno/indie,3584,5.74,20.49,66.6,9.84,110.65,53.11,média,2,4.5,100.0,0.0,"SerpAPI, ScrapingBee"
Android Wear,14,Diver 5 Black For Wear OS 5+,com.watchfacestudio.diver5dark,OQ Watchfaces,osmanqadir78@gmail.com,,Personalização,4.4,930,1,50.000+,50000,88861,1,0,BRL,0,0,,Classificação Livre,29 de jan. de 2023,1765908282,Varies with device,,Um mostrador de relógio para Wear OS 5+ com opções de cores vibrantes e personalização.,https://play.google.com/store/apps/details?id=com.watchfacestudio.diver5dark&hl=pt&gl=br,100,36,70,pequeno/indie,6618,0.0,0.0,0.0,0.0,0.0,0.0,baixa,1,5.0,100.0,0.0,"SerpAPI, ScrapingBee"
Paternidade,14,Mãe Grávida: Simulador 3D,com.TheMarkhorGames.PregnantMomSimulator,THE MARKHOR GAMES,themarkhorgames@gmail.com,https://themarkhorgames.com/,RPG,2.95,1493,106,500.000+,500000,919659,1,0,BRL,1,1,"R$ 20,99 – R$ 42,99 por item",Classificação Livre,8 de out. de 2023,1782998075,1.3.1,,"Simulador de mãe grávida e bebê: exames, exercícios e cuidados em família.",https://play.google.com/store/apps/details?id=com.TheMarkhorGames.PregnantMomSimulator&hl=pt&gl=br,100,34,69,pequeno/indie,79393,3569.02,12746.49,41426.1,7902.83,68831.06,42675.26,média,25,2.96,44.0,48.0,"SerpAPI, ScrapingBee"
Comunicação,12,xPal Mensageiro Ultra Seguro,com.mess.engerx,XPAL.com Corporation,support@xpal.com,https://xpal.com/,Comunicação,3.4534883,1114,22,100.000+,100000,479830,1,0,BRL,0,1,"R$ 9,99 – R$ 1.099,99 por item",Classificação 14 anos,26 de out. de 2020,1782922334,6.2.0,,Privacidade. Segurança. Anonimato.,https://play.google.com/store/apps/details?id=com.mess.engerx&hl=pt&gl=br,100,34,69,pequeno/indie,47106,732.08,2614.55,8497.3,1621.02,14118.6,8753.53,média,16,3.56,68.8,25.0,"SerpAPI, ScrapingBee"
Quadrinhos,16,Comikaze - Crie Comics Manga,com.appricott.comikaze,Appricott Dijital Teknoliji ve Yazilim A.S.,info@appricott.ai,https://appricott.ai,Quadrinhos,4.2727275,585,7,10.000+,10000,16819,1,0,BRL,0,1,"R$ 25,99 – R$ 259,99 por item",Classificação Livre,25 de mar. de 2026,,Varies with device,,"Criador de Comics, Manga",https://play.google.com/store/apps/details?id=com.appricott.comikaze&hl=pt&gl=br,100,35,69,pequeno/indie,1131,44.84,160.13,520.44,99.28,864.73,536.13,média,8,3.5,50.0,25.0,"SerpAPI, ScrapingBee"
Negócios,8,Sim Life - Business Simulator,com.gainpips.simlife.com.gainpips.simlife,GainPips,admin@gainpips.net,https://simlife-39397.web.app/,Simulador,3.73,4024,353,1.000.000+,1000000,1255230,1,0,BRL,1,1,"R$ 5,99 – R$ 389,99 por item",Classificação Livre,6 de jul. de 2023,1779891054,1.18.0,,Desperte seu espírito empreendedor no Simulador Empresarial Definitivo: Sim Life,https://play.google.com/store/apps/details?id=com.gainpips.simlife.com.gainpips.simlife&hl=pt&gl=br,92,43,69,pequeno/indie,91743,12406.06,44307.37,143998.95,27470.57,239259.79,148341.07,média,25,3.24,48.0,32.0,"SerpAPI, ScrapingBee"
Android Wear,3,Pujie Watch Faces - Wear OS 4-,com.pujie.wristwear.pujieblack,Pujie,info@pujie.io,https://pujie.io,Personalização,4.4,11057,79,100.000+,100000,334811,1,0,BRL,0,0,,Classificação Livre,17 de out. de 2014,1759753385,6.5.14,,Criador de mostradores de relógio para smartwatches Wear OS 4 com milhares de mostradores de relógio,https://play.google.com/store/apps/details?id=com.pujie.wristwear.pujieblack&hl=pt&gl=br,100,34,69,pequeno/indie,26867,0.0,0.0,0.0,0.0,0.0,0.0,média,25,3.72,68.0,28.0,"SerpAPI, ScrapingBee"
Viagens e Localização,12,Reserva de Hotel,com.tripdealo.hoteldiscounts.app,"Cheap Flights, Hotels & Rental Cars - TripBlasters",support@hoteldisc.com,,Viagem e Turismo,4.777027,22491,1426,500.000+,500000,982854,1,0,BRL,0,0,,Classificação Livre,3 de nov. de 2020,1766141792,2.7.9,,Aplicativo de reserva de hotels. Obtenha reservas de hotel fáceis,https://play.google.com/store/apps/details?id=com.tripdealo.hoteldiscounts.app&hl=pt&gl=br,80,48,68,pequeno/indie,91815,0.0,0.0,0.0,0.0,0.0,0.0,média,25,4.88,96.0,0.0,"SerpAPI, ScrapingBee"
Personalização,2,"Theme Icon: Widgets, Wallpaper",com.yotheme.icon.widget,ptt studio,ntha7989@gmail.com,https://liquid-launcher-os.web.app,Personalização,,,,50.000+,50000,98989,1,0,BRL,1,1,"R$ 59,99 – R$ 599,99 por item",Classificação Livre,25 de abr. de 2024,1781013033,1.2.1,,"Temas com coleção de papéis de parede, ícones e widgets em diversos estilos.",https://play.google.com/store/apps/details?id=com.yotheme.icon.widget&hl=pt&gl=br,100,29,68,pequeno/indie,8903,1249.59,4462.81,14504.14,2766.94,24099.19,14941.5,média,1,5.0,100.0,0.0,"SerpAPI, ScrapingBee"
Medicina,11,Lembrete de Remédios,com.pillreminder.app,"Lena Labs, LLC",lenalabsllc@gmail.com,,Saúde e fitness,4.3636365,107,3,10.000+,10000,14829,1,0,BRL,0,1,"R$ 4,99 – R$ 529,99 por item",Classificação Livre,14 de out. de 2025,1762344534,1.0.2,,Rastreador de Pílulas e Lembrete de Remédios. Rastreador e Lembrete de.,https://play.google.com/store/apps/details?id=com.pillreminder.app&hl=pt&gl=br,100,28,68,pequeno/indie,989,100.03,357.23,1161.01,221.48,1929.06,1196.02,baixa,3,2.67,33.3,66.7,"SerpAPI, ScrapingBee"
Bibliotecas e Demonstrações,3,Skoolib – Gestão de Biblioteca,app.bookshare.skoolib,"Bookshare Co., Ltd",support@skoolib.net,https://bookshare.app,Livros e referências,,,,10.000+,10000,32526,1,0,BRL,0,1,"R$ 17,99 – R$ 5.028,00 por item",Classificação Livre,23 de jan. de 2025,1769757186,1.0.13,,Aplicativo de gestão de biblioteca: catalogar livros e controlar empréstimos.,https://play.google.com/store/apps/details?id=app.bookshare.skoolib&hl=pt&gl=br,100,30,68,pequeno/indie,2280,6.74,24.06,78.2,14.92,129.94,80.56,média,2,4.5,100.0,0.0,"SerpAPI, ScrapingBee"
Saúde e Fitness,16,High Diet: Protein & Muscle,com.tallfive.highdiet,Tall 5,hello@high.diet,,Saúde e fitness,,,,10.000+,10000,25351,1,0,BRL,0,1,"R$ 55,99 – R$ 349,99 por item",Classificação Livre,23 de out. de 2025,1782395430,1.10.11,,High.diet é um aplicativo que se concentra em uma dieta rica em proteínas e princípios de estilo de vida,https://play.google.com/store/apps/details?id=com.tallfive.highdiet&hl=pt&gl=br,100,31,68,pequeno/indie,2100,246.21,879.32,2857.78,545.18,4748.31,2943.95,média,2,1.0,0.0,100.0,"SerpAPI, ScrapingBee"
Entretenimento,12,StarLink.TV - Filmes e Séries,com.starlink.br,StarL Entertainment,contato.starlink@proton.me,https://td5d38842.app-ads-txt.com,Entretenimento,3.7704918,74,37,10.000+,10000,23902,1,0,BRL,1,0,,Classificação 16 anos,1 de jan. de 2026,,Varies with device,,"Mais rápido e mais pratico, vem conferir.",https://play.google.com/store/apps/details?id=com.starlink.br&hl=pt&gl=br,100,31,68,pequeno/indie,1644,0.64,2.28,7.41,1.09,12.3,5.91,baixa,25,3.72,64.0,32.0,"SerpAPI, ScrapingBee"
Encontros,20,Luxy Pro - milionário social,com.luxypro,Luxy Exclusive Dating App,luxyspa@gmail.com,https://www.onluxy.com,Encontros,2.76,5206,220,1.000.000+,1000000,1050993,1,0,BRL,0,1,"R$ 4,69 – R$ 1.899,99 por item",Classificação 14 anos,7 de dez. de 2016,1782381668,6.18.22,,"Encontra os milionários solteiros para fazer amizade, namoro ou bate-papo",https://play.google.com/store/apps/details?id=com.luxypro&hl=pt&gl=br,94,36,68,pequeno/indie,107473,3495.2,12482.84,40569.25,7739.36,67407.36,41792.56,alta,25,2.96,44.0,48.0,"SerpAPI, ScrapingBee"
Encontros,18,Hoppy Dating: Invite Only,com.hoppy.app,Hoppy App Limited,support@hoppy.com,https://hoppy.com/,Estilo de vida,2.8,1492,2,100.000+,100000,435892,1,0,BRL,0,1,"R$ 62,99 – R$ 439,99 por item",Classificação 18 anos,2 de out. de 2024,1776871285,3.29.5,,Com curadoria de mulheres,https://play.google.com/store/apps/details?id=com.hoppy.app&hl=pt&gl=br,100,28,68,pequeno/indie,35478,3435.2,12268.56,39872.82,7606.51,66250.22,41075.14,média,3,1.0,0.0,100.0,"SerpAPI, ScrapingBee"
Quadrinhos,11,Zebra Comics: Webtoons & Manga,dme.systems.zebra_comics,DME Systems,zebracomics@gmail.com,https://zebra-comics.com,Quadrinhos,2.75,410,4,100.000+,100000,143232,1,0,BRL,0,1,"R$ 4,99 – R$ 249,99 por item",Classificação 14 anos,28 de set. de 2022,1780927319,2.1.4,,A Zebra Comics fornece quadrinhos africanos consistentes e orientados por histórias...,https://play.google.com/store/apps/details?id=dme.systems.zebra_comics&hl=pt&gl=br,100,30,68,pequeno/indie,13159,710.49,2537.45,8246.7,1573.22,13702.21,8495.37,média,5,2.8,40.0,40.0,"SerpAPI, ScrapingBee"
Negócios,3,Ceogame - Simulador de Negócio,br.com.ceogame.ceogame,Ceogame Studio,contato@ceogame.com.br,http://ceogame.com.br,Simulador,2.35533,1986,1204,100.000+,100000,183973,1,0,BRL,1,1,"R$ 5,00 – R$ 59,40 por item",Classificação Livre,5 de out. de 2021,1779909005,1.17.0,,O ceogame é um jogo de simulação de negócios,https://play.google.com/store/apps/details?id=br.com.ceogame.ceogame&hl=pt&gl=br,100,31,68,pequeno/indie,12142,274.65,980.89,3187.88,608.15,5296.79,3284.01,média,25,3.0,48.0,48.0,"SerpAPI, ScrapingBee"
Beleza,13,Skincare Relaxing Games: ASMR,com.pg.skincare.relaxing.games.asmr.satisfying.time,Phone Games Studio,phonegame.studio@gmail.com,https://b575aefc.app-ads-txt.com,Simulador,2.859155,489,7,1.000.000+,1000000,1397894,1,0,BRL,1,1,"R$ 5,49 por item",Classificação Livre,19 de ago. de 2025,1781684025,3.4,,"Relaxe, divirta-se com este jogo de cuidados com a pele e maquiagem relaxante.",https://play.google.com/store/apps/details?id=com.pg.skincare.relaxing.games.asmr.satisfying.time&hl=pt&gl=br,100,31,68,pequeno/indie,123271,557.24,1990.15,6467.99,1233.89,10746.81,6663.02,média,7,4.14,71.4,14.3,"SerpAPI, ScrapingBee"
Automóveis e Veículos,7,ARI (Auto Repair Software),com.AutoRepairInvoice,uMob LTD,costelumbu@yahoo.com,https://ari.app/,Veículos,,,,100.000+,100000,422755,1,0,BRL,0,1,"R$ 21,99 – R$ 1.999,99 por item",Classificação Livre,21 de dez. de 2016,1782390979,16203.0.0,,Gerencie todos os aspectos do seu negócio - do diagnóstico até o faturamento,https://play.google.com/store/apps/details?id=com.AutoRepairInvoice&hl=pt&gl=br,100,31,68,pequeno/indie,41224,715.73,2556.18,8307.6,1584.83,13803.39,8558.1,média,2,3.0,50.0,50.0,"SerpAPI, ScrapingBee"
Estilo de Vida,7,ShineDay:Rastreador de Hábitos,com.dandelion.international.shineday,ShineDay Team,myshineday@gmail.com,https://shineday.mytinyroutines.com,Produtividade,,,,10.000+,10000,27810,1,0,BRL,0,1,"R$ 9,99 – R$ 51,99 por item",Classificação Livre,17 de ago. de 2023,1777541014,2.16.0,,"Rastreie hábitos diários, rotina, lista de tarefas e lembretes de bem-estar.",https://play.google.com/store/apps/details?id=com.dandelion.international.shineday&hl=pt&gl=br,100,26,67,pequeno/indie,1931,39.8,142.14,461.95,88.13,767.54,475.88,média,0,0.0,0.0,0.0,"SerpAPI, ScrapingBee"
Bibliotecas e Demonstrações,2,Library of Babel 3D,com.keiwando.libraryofbabel,Keiwan Donyagard,keiwan.donyagard@gmail.com,https://keiwan.itch.io/library-of-babel-3d,Livros e referências,4.5666666,225,18,10.000+,10000,24270,1,0,BRL,0,0,,Classificação Livre,12 de jul. de 2017,1759579227,3.1.2,,Experimente a Biblioteca de Babel do conto de Jorge Luis Borges em 3D.,https://play.google.com/store/apps/details?id=com.keiwando.libraryofbabel&hl=pt&gl=br,100,27,67,pequeno/indie,1838,0.0,0.0,0.0,0.0,0.0,0.0,baixa,18,4.5,83.3,5.6,"SerpAPI, ScrapingBee"
Educação,15,K.education,com.hoomweb.profkennycourse,Prof. Kenny,contato@profkenny.com.br,http://www.profkenny.com.br/,Educação,4.3265624,7334,3704,100.000+,100000,476856,1,0,BRL,0,0,,Classificação Livre,7 de ago. de 2019,1782986582,5.2.16,,"Aprenda inglês de forma rápida, prática e inteligente com o app da K.education",https://play.google.com/store/apps/details?id=com.hoomweb.profkennycourse&hl=pt&gl=br,100,57,67,pequeno/indie,46798,0.0,0.0,0.0,0.0,0.0,0.0,média,25,4.0,68.0,24.0,"SerpAPI, ScrapingBee"
Encontros,15,NamoroOnline: Encontros,br.com.namoroonline.app,NamoroOnline Servicos,ajuda@namoroonline.com.br,http://www.NamoroOnline.com.br,Encontros,3.18,682,325,100.000+,100000,215343,1,0,BRL,0,1,"R$ 3,49 – R$ 114,99 por item",Classificação 14 anos,14 de fev. de 2017,1777579138,1.9.18,,Marque encontros,https://play.google.com/store/apps/details?id=br.com.namoroonline.app&hl=pt&gl=br,100,27,67,pequeno/indie,16868,839.38,2997.8,9742.85,1858.64,16188.11,10036.63,média,25,2.6,40.0,56.0,"SerpAPI, ScrapingBee"
Encontros,13,SDC Encontros para Adultos,com.sdcmedia.swingers.g4,SDC Media,support@sdcmedia.com,https://www.sdcmedia.com,Encontros,3.4805195,2837,42,500.000+,500000,717807,1,0,BRL,0,1,"R$ 164,99 – R$ 999,99 por item",Classificação 18 anos,2 de nov. de 2022,1780517493,5.3.2,,App de encontros para casais e solteiros de mente aberta.3 milhões de membros,https://play.google.com/store/apps/details?id=com.sdcmedia.swingers.g4&hl=pt&gl=br,92,33,67,pequeno/indie,71976,38738.98,138353.51,449648.91,85779.18,747108.95,463207.55,média,25,3.72,68.0,32.0,"SerpAPI, ScrapingBee"
Beleza,19,Skincare ASMR Makeup Time,com.pg.skincare.asmr.makeup.time.games,Pop it Games,coconutgames00@gmail.com,https://dreamdoor.trimindsstudio.com/,Casuais,3.28125,397,14,500.000+,500000,854691,1,0,BRL,1,1,"R$ 26,99 por item",Classificação Livre,16 de abr. de 2026,1777630809,1.3,,Skincare ASMR Makeup Time é um jogo ASMR relaxante de cuidados com a pele e maquiagem.,https://play.google.com/store/apps/details?id=com.pg.skincare.asmr.makeup.time.games&hl=pt&gl=br,100,26,67,pequeno/indie,61256,734.44,2623.0,8524.75,1626.26,14164.21,8781.81,média,14,2.5,28.6,71.4,"SerpAPI, ScrapingBee"
Beleza,4,Skincare ASMR: Perfect Time,com.skincare.asmr.perfect.time,BLACKGEMS GLOBAL JOINT STOCK COMPANY,info@blackgems.dev,https://blackgemsglobal.net/,Simulador,3.6923077,221,1,100.000+,100000,231736,1,0,BRL,1,1,"R$ 39,99 por item",Classificação Livre,18 de dez. de 2025,1769090908,1.0.09.07.02,,Relaxe a mente com um jogo ASMR de cuidados com a pele.,https://play.google.com/store/apps/details?id=com.skincare.asmr.perfect.time&hl=pt&gl=br,100,27,67,pequeno/indie,15492,392.9,1403.23,4560.48,870.0,7577.42,4698.0,média,1,1.0,0.0,100.0,"SerpAPI, ScrapingBee"
Android Wear,5,Big Analog 2 WF WearOS 5+,com.watchfacestudio.ba2,OQ Watchfaces,osmanqadir78@gmail.com,,Personalização,4.5833335,199,2,10.000+,10000,31288,1,0,BRL,0,0,,Classificação Livre,4 de mai. de 2024,1756740695,Varies with device,,Um grande e elegante mostrador analógico com muitas complicações e personalizações,https://play.google.com/store/apps/details?id=com.watchfacestudio.ba2&hl=pt&gl=br,100,24,67,pequeno/indie,2407,0.0,0.0,0.0,0.0,0.0,0.0,baixa,2,3.5,50.0,50.0,"SerpAPI, ScrapingBee"
Android Wear,4,Wave: Wear OS watch face,com.watchfacestudio.awfwave,amoledwatchfaces™,support@amoledwatchfaces.com,https://amoledwatchfaces.com,Personalização,4.56,14117,44,500.000+,500000,941756,1,0,BRL,0,0,,Classificação Livre,7 de fev. de 2022,1764780734,Varies with device,,Mostrador digital simples com fundo preto e ponteiro de segundos ondulado para Wear OS,https://play.google.com/store/apps/details?id=com.watchfacestudio.awfwave&hl=pt&gl=br,84,40,67,pequeno/indie,87784,0.0,0.0,0.0,0.0,0.0,0.0,média,25,4.52,88.0,12.0,"SerpAPI, ScrapingBee"
Personalização,5,Theme Launcher - Icons Center,com.launcheros.home.screen.theme.app,MOBINEST,Contact@mobinest.io.vn,https://themelauncher-app644.netlify.app,Personalização,1.8,299,18,100.000+,100000,418248,1,0,BRL,1,0,,Classificação Livre,4 de mar. de 2026,,Varies with device,,Seu iniciador de temas personalizado,https://play.google.com/store/apps/details?id=com.launcheros.home.screen.theme.app&hl=pt&gl=br,100,23,66,pequeno/indie,33967,9.89,35.31,114.76,16.95,190.67,91.52,média,18,1.0,0.0,100.0,"SerpAPI, ScrapingBee"
Notícias e Revistas,15,World Newspapers and Magazines,com.newsmedialists,NewsMediaLists,info@newsmedialists.com,http://www.newsmedialists.com/,Notícias e revistas,,,,10.000+,10000,29731,1,0,BRL,1,0,,Classificação Livre,18 de jun. de 2017,1773134286,4.7.0,,Um único aplicativo com jornais e revistas online de mais de 200 países e categorias.,https://play.google.com/store/apps/details?id=com.newsmedialists&hl=pt&gl=br,100,21,66,pequeno/indie,2073,1.12,3.99,12.97,1.92,21.55,10.34,média,2,3.0,0.0,0.0,"SerpAPI, ScrapingBee"
Notícias e Revistas,12,Estadão Notícias,com.fett.android.estadao,Estadão,falecom.estado@grupoestado.com.br,https://www.estadao.com.br/fale-conosco,Notícias e revistas,3.5649264,10217,4219,500.000+,500000,586320,1,0,BRL,1,1,"R$ 1,99 – R$ 99,90 por item",Classificação Livre,15 de out. de 2010,1781098531,10.13.00,,"Notícias nacionais e internacionais, com rapidez e credibilidade em um só lugar!",https://play.google.com/store/apps/details?id=com.fett.android.estadao&hl=pt&gl=br,84,36,66,pequeno/indie,58173,1280.97,4574.89,14868.39,2836.43,24704.4,15316.72,alta,25,2.04,16.0,64.0,"SerpAPI, ScrapingBee"
Gastronomia,7,Receitas de comida de rua indi,com.minigamersclub.street.food.indian.chef,Mini Gamers Club,minigamersclub@gmail.com,https://www.minigamersclub.com/,RPG,,,,500.000+,500000,696102,1,0,BRL,1,0,,Classificação Livre,4 de jun. de 2020,1773056380,1.10,,Cozinhe como um chef profissional e gere a cozinha indiana do restaurante de com,https://play.google.com/store/apps/details?id=com.minigamersclub.street.food.indian.chef&hl=pt&gl=br,100,21,66,pequeno/indie,49362,95.78,342.08,1111.77,164.2,1847.24,886.68,média,1,5.0,100.0,0.0,"SerpAPI, ScrapingBee"
Entretenimento,24,Retro Reel: Old Films & Movies,com.retroreel.android,Retro Reel - Old Movies. Classic Hollywood Films.,retro.reel.app@gmail.com,https://www.retroreel.app,Entretenimento,3.770115,495,45,100.000+,100000,173200,1,0,BRL,1,0,,Classificação 16 anos,27 de jul. de 2021,1762265806,3.1,,Old movies app. See classic Hollywood films! HD prime video quality streaming 🍿,https://play.google.com/store/apps/details?id=com.retroreel.android&hl=pt&gl=br,100,21,66,pequeno/indie,13403,5.2,18.58,60.37,8.92,100.31,48.15,média,25,4.16,80.0,12.0,"SerpAPI, ScrapingBee"
Quadrinhos,8,Dashtoon: Comics & Manga,com.dashtoon.app,Dashverse Corp,tech@dashtoon.com,https://dashtoon.com/,Quadrinhos,3.6666667,16004,4,500.000+,500000,692112,1,0,BRL,0,1,"R$ 1,59 – R$ 1.049,99 por item",Classificação 12 anos,8 de mai. de 2023,1770916991,2.6.88,,"Descubra diversos gêneros! Talento de mangá, toque de Manhwa, globalizado para o mundo.",https://play.google.com/store/apps/details?id=com.dashtoon.app&hl=pt&gl=br,84,36,66,pequeno/indie,57723,752.92,2689.02,8739.3,1667.19,14520.69,9002.83,alta,6,4.17,83.3,16.7,"SerpAPI, ScrapingBee"
Beleza,23,ASMR Salon: Skincare & Makeup,com.makeupsalon.asmr.skincare,GameiFun - Educational games,rspatel6994@gmail.com,https://webclient.skenix.com,Simulador,,,,10.000+,10000,20672,1,0,BRL,1,0,,Classificação Livre,2 de jul. de 2025,1759831782,1.0.11,,Relaxante jogo ASMR de cuidados com a pele e maquiagem para meninas. Divirta-se no salão de beleza!,https://play.google.com/store/apps/details?id=com.makeupsalon.asmr.skincare&hl=pt&gl=br,100,20,66,pequeno/indie,1197,0.84,2.99,9.71,1.43,16.13,7.74,baixa,0,0.0,0.0,0.0,"SerpAPI, ScrapingBee"
Automóveis e Veículos,13,Simulador de ferro-velho,com.appscraft.junkyardsimulator,Appscraft Games,admin@appscraft.ru,,Simulador,3.4285715,226,2,100.000+,100000,148699,1,0,BRL,1,1,"R$ 5,49 – R$ 119,99 por item",Classificação Livre,22 de set. de 2023,1775214486,3.3,,Tente construir uma fábrica de ciclo completo para reciclar carros quebrados.,https://play.google.com/store/apps/details?id=com.appscraft.junkyardsimulator&hl=pt&gl=br,100,23,66,pequeno/indie,9697,381.84,1363.71,4432.05,845.5,7364.02,4565.69,média,4,3.5,50.0,25.0,"SerpAPI, ScrapingBee"
Arte e Design,13,HEAVYPAINT,com.HEAVYPOLY.HEAVYPAINT3,"HEAVYPOLY, Inc.",support@heavypoly.com,http://heavypaint.com,Arte e design,3.7,131,8,10.000+,10000,21159,1,0,BRL,0,1,"R$ 16,99 – R$ 114,99 por item",Classificação Livre,24 de nov. de 2024,,Varies with device,,Pintura digital bruta com pincéis exclusivos e caos de cores. Perfeito para o ar livre!,https://play.google.com/store/apps/details?id=com.HEAVYPOLY.HEAVYPAINT3&hl=pt&gl=br,100,20,66,pequeno/indie,1444,26.42,94.35,306.64,58.5,509.49,315.88,baixa,9,3.44,44.4,22.2,"SerpAPI, ScrapingBee"
Estilo de Vida,5,Rotina.app - Hábitos e rotinas,com.alarmrotina_app,FielDesigner,fieldesigner@gmail.com,https://rotina.app,Estilo de vida,4.338028,71,40,10.000+,10000,12512,1,0,BRL,1,1,"R$ 2,99 por item",Classificação Livre,16 de out. de 2020,,Varies with device,,"Mantenha sua rotina diária e hábitos em dia, nosso app avisa no horário certo.",https://play.google.com/store/apps/details?id=com.alarmrotina_app&hl=pt&gl=br,100,17,65,pequeno/indie,825,1.0,3.59,11.66,2.22,19.37,12.01,baixa,25,4.16,72.0,12.0,"SerpAPI, ScrapingBee"
Esportes,13,"Onze Futebol: Notícias, Placar",com.onesports.global,Eleven11 Team,support@kscore.com,https://www.eleven11app.com/,Esportes,4.3069305,1574,84,1.000.000+,1000000,1022768,1,0,BRL,0,0,,Classificação Livre,27 de nov. de 2023,1782384902,3.0.5,,"Sem anúncios. Placar rápido, notícias, escalações, estatísticas e tabelas.",https://play.google.com/store/apps/details?id=com.onesports.global&hl=pt&gl=br,92,53,64,pequeno/indie,104442,0.0,0.0,0.0,0.0,0.0,0.0,média,25,4.64,88.0,8.0,"SerpAPI, ScrapingBee"
Redes Sociais,3,All Social Media In One App,com.allsocialmediaapp.fastechpointapp,Flash TechApp,agbamorovictoria@gmail.com,https://mytechmediapoint.blogspot.com/,Social,3.7,1133,22,100.000+,100000,197609,1,0,BRL,1,0,,Classificação Livre,24 de mai. de 2024,,Varies with device,,"Menos espaço, todos os aplicativos de mídia social em um aplicativo 2024, redes sociais em um só",https://play.google.com/store/apps/details?id=com.allsocialmediaapp.fastechpointapp&hl=pt&gl=br,100,12,64,pequeno/indie,15405,5.98,21.35,69.39,10.25,115.3,55.34,média,24,3.62,58.3,29.2,"SerpAPI, ScrapingBee"
Saúde e Fitness,6,Gym Faction: Fitness Diet App,com.thegymfiction.app,bajarangisoft,contactus.thegymfaction@gmail.com,https://thegymfaction.com/,Saúde e fitness,,,,10.000+,10000,43732,1,0,BRL,1,0,,Classificação Livre,29 de jun. de 2024,,Varies with device,,"Perca gordura, ganhe massa muscular e entre em forma rapidamente com treino e dieta personalizados.",https://play.google.com/store/apps/details?id=com.thegymfiction.app&hl=pt&gl=br,100,12,64,pequeno/indie,3122,1.65,5.9,19.18,2.83,31.87,15.3,baixa,0,0.0,0.0,0.0,"SerpAPI, ScrapingBee"
Automóveis e Veículos,5,Vehicle Maintenance Log,com.jtnrdev.vehiclemaintenance,JtnrDev,jtnrdev@gmail.com,https://vehiclemaintenancelogs.com/,Veículos,,,,50.000+,50000,57739,1,0,BRL,0,1,"R$ 26,00 por item",Classificação Livre,3 de jul. de 2025,,Varies with device,,Organize a manutenção e revisões de seus veículos e motos em um só lugar.,https://play.google.com/store/apps/details?id=com.jtnrdev.vehiclemaintenance&hl=pt&gl=br,100,12,64,pequeno/indie,4192,30.22,107.92,350.74,66.91,582.77,361.32,baixa,1,2.0,0.0,100.0,"SerpAPI, ScrapingBee"
Ferramentas,18,Creality Cloud Lite,com.cxsw.applite,Creality Cloud,dev@creality.com,,Ferramentas,4.037037,467,7,10.000+,10000,47612,1,0,BRL,0,0,,Classificação Livre,21 de jan. de 2024,1772537018,3.2.0,,"Impressão 3D, Impressora 3D com controle remoto, Visualizador 3D, Monitoramento remoto,",https://play.google.com/store/apps/details?id=com.cxsw.applite&hl=pt&gl=br,100,43,63,pequeno/indie,3417,0.0,0.0,0.0,0.0,0.0,0.0,baixa,7,3.86,71.4,28.6,"SerpAPI, ScrapingBee"
Esportes,15,TheyScored: Resultados Futebol,com.tseo.theyscored,TSEOLTD,support@theyscored.com,,Esportes,4.4210525,3075,10,1.000.000+,1000000,1060536,1,0,BRL,0,0,,Classificação Livre,22 de set. de 2023,1724798810,1.7,,Segue equipas de futebol mundiais ao minuto e apoia o Flamengo e o Palmeiras!,https://play.google.com/store/apps/details?id=com.tseo.theyscored&hl=pt&gl=br,88,23,63,pequeno/indie,90416,0.0,0.0,0.0,0.0,0.0,0.0,baixa,25,4.68,92.0,8.0,"SerpAPI, ScrapingBee"
Educação,1,Cursos Escola Educação,com.cursosee,VS3 Digital,cursos@escolaeducacao.com.br,https://cursos.escolaeducacao.com.br/,Educação,4.2,852,391,100.000+,100000,264913,1,0,BRL,0,0,,Classificação Livre,19 de ago. de 2021,1781833229,2.4.13,,Cursos Grátis com opção de CERTIFICADO VÁLIDO,https://play.google.com/store/apps/details?id=com.cursosee&hl=pt&gl=br,100,42,63,pequeno/indie,25187,0.0,0.0,0.0,0.0,0.0,0.0,média,25,4.08,72.0,16.0,"SerpAPI, ScrapingBee"
Redes Sociais,15,Chatter Social,io.chattersocial.app,Chatter Social Inc.,support@chattersocial.io,https://support.chattersocial.io,Social,,,,10.000+,10000,32259,1,0,BRL,0,1,"R$ 5,49 – R$ 1.149,99 por item",Classificação 12 anos,19 de abr. de 2024,1757426417,2.1.3,,"Grupos de última geração, alcance instantâneo",https://play.google.com/store/apps/details?id=io.chattersocial.app&hl=pt&gl=br,100,5,62,pequeno/indie,2260,22.07,78.82,256.16,48.87,425.62,263.88,baixa,2,4.0,50.0,0.0,"SerpAPI, ScrapingBee"
Redes Sociais,2,Fanbase,com.fanbase,Fanbase Social Media Inc,support@fanbase.app,https://fanbase.app,Social,3.49,6905,89,1.000.000+,1000000,1114700,1,0,BRL,0,1,"R$ 5,49 – R$ 1.099,99 por item",Classificação 12 anos,3 de set. de 2021,1768860033,5.0.0,,Fanbase é uma plataforma de mídia social que permite aos usuários monetizar seu conteúdo,https://play.google.com/store/apps/details?id=com.fanbase&hl=pt&gl=br,84,22,62,pequeno/indie,95275,1291.03,4610.84,14985.22,2858.72,24898.52,15437.09,alta,25,3.64,60.0,28.0,"SerpAPI, ScrapingBee"
Finanças,11,XTrend Lite - Seu investimento,com.rynatsa.xtrendlite,Rynat Capital (Pty) Ltd,support@xtrendlite.com,https://www.xtrendlite.com,Finanças,4.365854,5762,20,1.000.000+,1000000,1220687,1,0,BRL,0,0,,Classificação Livre,10 de set. de 2024,1781175955,1.2.1,,"Dois modos de negociação, Índices Online, Negociação de Ações e muito mais.",https://play.google.com/store/apps/details?id=com.rynatsa.xtrendlite&hl=pt&gl=br,84,55,62,pequeno/indie,125778,0.0,0.0,0.0,0.0,0.0,0.0,média,25,3.92,72.0,28.0,"SerpAPI, ScrapingBee"
Eventos,7,Eventiza Organizador,com.eventiza.organizadores,Eventiza,contato@eventiza.com,https://eventiza.com.br/,Eventos,4.6923075,13,2,1.000+,1000,4524,1,0,BRL,0,0,,Classificação Livre,17 de set. de 2020,1777393310,3.0.5,,Gerencie eventos e acompanhe vendas em tempo real,https://play.google.com/store/apps/details?id=com.eventiza.organizadores&hl=pt&gl=br,100,46,62,pequeno/indie,306,0.0,0.0,0.0,0.0,0.0,0.0,baixa,2,3.0,50.0,50.0,"SerpAPI, ScrapingBee"
Reprodutores de Vídeo,23,NX Video Player EAC3 Supported,com.hexasoft.simpleplayer,Chartianz,help.chartianz@gmail.com,https://ipocheckar.com,Reproduzir e editar vídeos,,,,10.000+,10000,27065,1,0,BRL,1,0,,Classificação Livre,13 de mai. de 2024,,Varies with device,,"O NX Video Player é compatível com EAC3 e todos os formatos, incluindo 8K, 4K, 2K, 1080p, Full HD e muito mais.",https://play.google.com/store/apps/details?id=com.hexasoft.simpleplayer&hl=pt&gl=br,100,0,61,pequeno/indie,1876,0.73,2.6,8.45,1.25,14.04,6.74,baixa,2,1.0,0.0,100.0,"SerpAPI, ScrapingBee"
Esportes,14,Placar.app,placar.app,DevTenho,suporte@placar.app,https://portal.placar.app/contacts/new,Esportes,4.5555553,10,1,1.000+,1000,3971,1,0,BRL,0,0,,Classificação Livre,8 de ago. de 2025,1781034927,1.0.61,,App de torneios esportivos,https://play.google.com/store/apps/details?id=placar.app&hl=pt&gl=br,100,43,61,pequeno/indie,319,0.0,0.0,0.0,0.0,0.0,0.0,baixa,1,5.0,100.0,0.0,"SerpAPI, ScrapingBee"
Redes Sociais,10,All social media in one app,com.allsocialmedia.apps,Mejbah_Uddin,majbauddin17@gmail.com,https://designmarked.com/,Social,2.8,168,3,10.000+,10000,43658,1,0,BRL,1,0,,Classificação Livre,24 de set. de 2023,1701697423,1.0.3,,Unindo mundos: felicidade social tudo-em-um.,https://play.google.com/store/apps/details?id=com.allsocialmedia.apps&hl=pt&gl=br,100,0,61,pequeno/indie,3117,0.91,3.24,10.53,1.56,17.5,8.4,baixa,4,2.0,0.0,50.0,"SerpAPI, ScrapingBee"
Paternidade,17,Mãe grávida e bebê,air.com.pk.pregnantmommynewborncare,Pink Circle,pinkcircledev@gmail.com,,Casuais,3.4444444,159,11,50.000+,50000,57019,1,0,BRL,1,0,,Classificação Livre,29 de mar. de 2022,1651301325,1.0.1,,Cuide dessa mamãe fofa e de seu bebê!,https://play.google.com/store/apps/details?id=air.com.pk.pregnantmommynewborncare&hl=pt&gl=br,100,0,61,pequeno/indie,3516,1.27,4.55,14.78,2.18,24.55,11.78,baixa,14,3.5,57.1,35.7,"SerpAPI, ScrapingBee"
Mapas e Navegação,24,Navegação por Voz GPS: Mapas,com.GPSvoicenavigation.mapsdirections.routefinder,Star Software Services LLC,starsoftwareservices@gmail.com,https://starsoftwareservice.com,Mapas e navegação,,,,100.000+,100000,115363,1,0,BRL,0,1,"R$ 35,99 – R$ 134,99 por item",Classificação Livre,,,Varies with device,,"Navegação GPS, Instruções de Direção e Mapas com o Aplicativo de Localização GPS",https://play.google.com/store/apps/details?id=com.GPSvoicenavigation.mapsdirections.routefinder&hl=pt&gl=br,100,0,61,pequeno/indie,8723,206.74,738.34,2399.61,457.77,3987.05,2471.97,média,0,0.0,0.0,0.0,"SerpAPI, ScrapingBee"
Educação,6,Learning by Qulture Rocks,io.skore.mobile.skore,UOL Edtech,apps@skore.io,https://www.skore.io/,Educação,4.18,147,38,100.000+,100000,120980,1,0,BRL,0,0,,Classificação Livre,24 de ago. de 2020,1775163395,7.00.02,,Learning by Qulture Rocks: aprendizado e desenvolvimento contínuo.,https://play.google.com/store/apps/details?id=io.skore.mobile.skore&hl=pt&gl=br,100,32,61,pequeno/indie,9173,0.0,0.0,0.0,0.0,0.0,0.0,média,25,3.44,56.0,44.0,"SerpAPI, ScrapingBee"
Comunicação,25,Mensagens diretas - WhatsChat,com.direct.messages.chat,Gurru Technology,support@gurrutechnology.com,http://whatschat.gurrutechnology.com/,Produtividade,,,,100.000+,100000,294734,1,0,BRL,1,1,"R$ 26,99 – R$ 109,99 por item",Classificação Livre,,,Varies with device,,Envie mensagens sem salvar contatos e receba ajuda instantânea do chatbot de IA.,https://play.google.com/store/apps/details?id=com.direct.messages.chat&hl=pt&gl=br,100,0,61,pequeno/indie,23488,786.01,2807.17,9123.3,1740.45,15158.72,9398.4,média,0,0.0,0.0,0.0,"SerpAPI, ScrapingBee"
Negócios,15,Business Journey,com.dice.roll.billionaire,Game Six Studio,gamesixstudio6@gmail.com,https://index.gamesix.top,Cassino,,,,1.000.000+,1000000,1045154,1,0,BRL,1,0,,Classificação Livre,,,Varies with device,,Jogue dados e torne-se milionário,https://play.google.com/store/apps/details?id=com.dice.roll.billionaire&hl=pt&gl=br,100,0,61,pequeno/indie,75682,129.77,463.45,1506.22,222.46,2502.64,1201.27,média,0,0.0,0.0,0.0,"SerpAPI, ScrapingBee"
Beleza,22,BeMuse - Makeup & Beauty,com.intsig.skinai,INTSIG PTE,miaoting_xu@intsig.net,,Ferramentas,,,,50.000+,50000,52020,1,0,BRL,0,1,"R$ 25,99 – R$ 209,99 por item",Classificação Livre,16 de mai. de 2025,,Varies with device,,"Maquiagem, dicas e truques de beleza",https://play.google.com/store/apps/details?id=com.intsig.skinai&hl=pt&gl=br,100,0,61,pequeno/indie,3753,122.78,438.49,1425.09,271.86,2367.83,1468.06,baixa,0,0.0,0.0,0.0,"SerpAPI, ScrapingBee"
Beleza,2,Skincare ASMR Makeup Games,com.pg.skincare.asmr.makeup.time.game,Pop it Games,coconutgames00@gmail.com,https://dreamdoor.trimindsstudio.com/,Casuais,,,,50.000+,50000,59001,1,0,BRL,1,0,,Classificação Livre,,,Varies with device,,Desfrute de uma experiência relaxante de cuidados de beleza com ASMR de skincare e maquiagem divertida.,https://play.google.com/store/apps/details?id=com.pg.skincare.asmr.makeup.time.game&hl=pt&gl=br,100,0,61,pequeno/indie,3646,1.76,6.29,20.43,3.02,33.94,16.29,baixa,0,0.0,0.0,0.0,"SerpAPI, ScrapingBee"
Arte e Design,18,Paint Canvas Art & Mandala,com.kuyu.paint,KuyuLabs,kuyu.labs.contact@gmail.com,https://kuyulabs.blogspot.com/,Arte e design,,,,5.000+,5000,8469,1,0,BRL,1,1,"R$ 5,99 – R$ 579,99 por item",Classificação Livre,27 de mar. de 2025,1779575011,1.2.77-google,,"Estúdio de arte e tela digital profissional: Desenhe com camadas, simetria e ferramentas de mandala!",https://play.google.com/store/apps/details?id=com.kuyu.paint&hl=pt&gl=br,100,40,61,pequeno/indie,544,67.87,242.39,787.77,150.28,1308.91,811.52,baixa,1,5.0,100.0,0.0,"SerpAPI, ScrapingBee"
Ferramentas,24,Tool-Neuron (Run OFFLINE AI),com.dark.tool_neuron,sonar2377,siddheshsonar2377@gmail.com,https://tool-neuron.vercel.app/,Ferramentas,4.3333335,124,4,10.000+,10000,10749,1,0,BRL,0,0,,Classificação Livre,12 de jan. de 2026,1778967254,3.0,,Assistente de IA offline e privado. Execute LLMs e gere imagens localmente no seu telefone.,https://play.google.com/store/apps/details?id=com.dark.tool_neuron&hl=pt&gl=br,100,70,60,pequeno/indie,702,0.0,0.0,0.0,0.0,0.0,0.0,baixa,4,4.0,75.0,25.0,"SerpAPI, ScrapingBee"
Entretenimento,11,"NoFlix - TV, Filmes e Séries",com.noflixtv.inc,noflix,sidineysantoscosta09@gmail.com,http://noflix.top/app-ads.txt,Entretenimento,3.8607595,79,49,10.000+,10000,17573,1,0,BRL,1,0,,Classificação Livre,6 de abr. de 2026,1783043877,3.5,,NoFlix seu guia Completo pra Acompanhar Novidades.,https://play.google.com/store/apps/details?id=com.noflixtv.inc&hl=pt&gl=br,100,39,60,pequeno/indie,1422,0.84,3.01,9.79,1.45,16.26,7.81,média,25,3.64,60.0,24.0,"SerpAPI, ScrapingBee"
Quadrinhos,4,"INKR — Comics, Manga, Webtoons",com.inkr.comics,INKR Comics,help@inkr.com,http://inkr.com,Quadrinhos,3.87,9323,104,500.000+,500000,984223,1,0,BRL,1,1,"R$ 11,99 – R$ 559,99 por item",Classificação 14 anos,12 de out. de 2020,1733611845,2.13.5,,Atualizações diárias e capítulos GRATUITOS,https://play.google.com/store/apps/details?id=com.inkr.comics&hl=pt&gl=br,84,15,60,pequeno/indie,83590,6659.23,23782.98,77294.68,14745.45,128428.09,79625.42,alta,25,3.44,48.0,32.0,"SerpAPI, ScrapingBee"
Negócios,7,"Vendas, financeiro e estoque",br.com.vhsys,vhsys,contato@vhsys.com.br,https://vhsys.com.br,Finanças,4.214876,1519,730,100.000+,100000,238228,1,0,BRL,0,0,,Classificação Livre,26 de nov. de 2013,1769537656,4.7.18,,"Aplicativo de Gestão com Vendas, Pedidos, Ordens de Serviço e Finanças, para MEI",https://play.google.com/store/apps/details?id=br.com.vhsys&hl=pt&gl=br,100,30,60,pequeno/indie,18765,0.0,0.0,0.0,0.0,0.0,0.0,média,25,3.36,60.0,40.0,"SerpAPI, ScrapingBee"
Compras,20,Comparaê: Economize no Mercado,com.comparae.app,Comparaê Oficial,suporte@comparae.app,https://comparae.app/,Compras,4.5555553,9,4,100+,100,116,1,0,BRL,0,0,,Classificação Livre,25 de fev. de 2026,1772591410,1.0.18,,"Compare a lista completa, escaneie notas e economize com inteligência no mercado",https://play.google.com/store/apps/details?id=com.comparae.app&hl=pt&gl=br,100,35,59,pequeno/indie,5,0.0,0.0,0.0,0.0,0.0,0.0,baixa,3,5.0,100.0,0.0,"SerpAPI, ScrapingBee"
Bibliotecas e Demonstrações,16,BibliON: seu app de leitura,es.odilo.saopaulopl,Odilo,enterprise@odilo.us,,Livros e referências,4.016064,7496,2302,500.000+,500000,752845,1,0,BRL,0,0,,Classificação Livre,10 de nov. de 2020,1782990313,26.6.2,,"A sua biblioteca digital gratuita com livros, atividades culturais e muito mais!",https://play.google.com/store/apps/details?id=es.odilo.saopaulopl&hl=pt&gl=br,80,47,59,pequeno/indie,75676,0.0,0.0,0.0,0.0,0.0,0.0,média,25,3.72,60.0,32.0,"SerpAPI, ScrapingBee"
Esportes,7,placarZão - jogos de hoje,com.placarzao.placarzao,GHF Apps,contato@placardefutebol.com.br,https://www.placardefutebol.com.br,Esportes,4.34,530,270,100.000+,100000,144691,1,0,BRL,0,0,,Classificação Livre,22 de out. de 2019,1668221301,2.10.0,,Resultados de futebol em tempo real (placar ao vivo) e calendário de jogos.,https://play.google.com/store/apps/details?id=com.placarzao.placarzao&hl=pt&gl=br,100,20,58,pequeno/indie,11083,0.0,0.0,0.0,0.0,0.0,0.0,baixa,25,3.8,64.0,12.0,"SerpAPI, ScrapingBee"
Reprodutores de Vídeo,13,VidNest,com.vidnest.videos.app,Meoiuu50,meoiuu50@gmail.com,https://sites.google.com/view/vidnest-app,Ferramentas,,,,10.000+,10000,15451,1,0,BRL,0,1,"R$ 0,49 – R$ 51,99 por item",Classificação Livre,3 de mar. de 2026,,Varies with device,,O VidNest é um poderoso reprodutor de vídeo local com listas de reprodução e histórico.,https://play.google.com/store/apps/details?id=com.vidnest.videos.app&hl=pt&gl=br,100,24,57,pequeno/indie,1033,7.52,26.85,87.26,16.65,144.98,89.89,baixa,0,0.0,0.0,0.0,"SerpAPI, ScrapingBee"
Fotografia,23,Y2K Camera: Vintage & CCD Cam,retro.rr.xx.camera,JingSay,oganjingsai@outlook.com,,Fotografia,4.6923075,163,3,10.000+,10000,12385,1,0,BRL,0,0,,Classificação Livre,12 de fev. de 2026,,Varies with device,,"Consiga a estética das câmeras digitais do ano 2000, instantaneamente.",https://play.google.com/store/apps/details?id=retro.rr.xx.camera&hl=pt&gl=br,100,24,57,pequeno/indie,898,0.0,0.0,0.0,0.0,0.0,0.0,baixa,3,4.0,100.0,0.0,"SerpAPI, ScrapingBee"
Paternidade,7,Pregnancy and Baby : Kiindred,app.kiindred.co,Kiindred Pty. Ltd,sabir@kiindred.co,https://kiindred.co/,Criação de filhos,,,,1.000+,1000,2184,1,0,BRL,0,1,"R$ 18,99 – R$ 359,99 por item",Classificação Livre,28 de mai. de 2021,1776827012,Build 127 v3.6.7,,Paternidade e Nascimento | Aplicativo de apoio ao bebê na Austrália,https://play.google.com/store/apps/details?id=app.kiindred.co&hl=pt&gl=br,100,25,57,pequeno/indie,127,9.3,33.23,107.99,20.6,179.43,111.25,baixa,0,0.0,0.0,0.0,"SerpAPI, ScrapingBee"
Música e Áudio,11,Podcast Player & App - Shuttle,com.simplecityapps.shuttle.podcasts,SimpleCity,support@shuttlepodcasts.app,https://shuttlepodcasts.app,Música e áudio,,,,1.000+,1000,3769,1,0,BRL,0,1,"R$ 3,69 – R$ 234,99 por item",Classificação Livre,19 de mar. de 2026,,Varies with device,,"Player de podcast e leitor RSS - offline, Android Auto, Chromecast, OPML.",https://play.google.com/store/apps/details?id=com.simplecityapps.shuttle.podcasts&hl=pt&gl=br,100,24,57,pequeno/indie,229,7.58,27.06,87.94,16.78,146.11,90.59,baixa,2,5.0,100.0,0.0,"SerpAPI, ScrapingBee"
Saúde e Fitness,10,FitTrainer IA: Treino e dieta,com.fittrainer.mobile,Innova - IT,innovaitconsultoria@gmail.com,https://fittraineria.com/,Saúde e fitness,,,,1.000+,1000,1673,1,0,BRL,0,1,"R$ 9,99 – R$ 107,50 por item",Classificação Livre,26 de jan. de 2026,,Varies with device,,Treinos personalizados com IA e programas com dietas para evoluir na academia,https://play.google.com/store/apps/details?id=com.fittrainer.mobile&hl=pt&gl=br,100,24,57,pequeno/indie,95,2.13,7.59,24.68,4.71,41.01,25.42,baixa,0,0.0,0.0,0.0,"SerpAPI, ScrapingBee"
Redes Sociais,4,Elomento - Rede social,com.elomento,Elomentoredesocial,suporte@elomento.com,https://www.elomento.com/,Social,4.714286,23,18,500+,500,730,1,0,BRL,0,0,,Classificação 12 anos,24 de fev. de 2026,,Varies with device,,"Uma rede social feita para interagir, não para competir",https://play.google.com/store/apps/details?id=com.elomento&hl=pt&gl=br,100,21,56,pequeno/indie,43,0.0,0.0,0.0,0.0,0.0,0.0,baixa,18,4.67,88.9,5.6,"SerpAPI, ScrapingBee"
Finanças,12,Financee - gestão financeira,br.com.grunkle.financee,Danillo Alves de Oliveira,danillo.alves.o@gmail.com,http://danillo.dev,Finanças,4.64,25,16,1.000+,1000,3701,1,0,BRL,0,0,,Classificação Livre,24 de out. de 2024,1747258748,1.1.0,,gestão financeira pessoal,https://play.google.com/store/apps/details?id=br.com.grunkle.financee&hl=pt&gl=br,100,21,56,pequeno/indie,247,0.0,0.0,0.0,0.0,0.0,0.0,baixa,16,4.62,87.5,0.0,"SerpAPI, ScrapingBee"
Eventos,6,Event - Locação para eventos,event.alphacode.com.br,Alphacode,event.gerenciamento@gmail.com,https://event.alphacode.com.br,Estilo de vida,4.8,10,8,1.000+,1000,1011,1,0,BRL,0,0,,Classificação Livre,5 de mai. de 2025,,Varies with device,,A sua plataforma de busca e anúncio de imóveis para eventos!,https://play.google.com/store/apps/details?id=event.alphacode.com.br&hl=pt&gl=br,100,20,56,pequeno/indie,61,0.0,0.0,0.0,0.0,0.0,0.0,baixa,8,4.75,87.5,0.0,"SerpAPI, ScrapingBee"
Notícias e Revistas,7,Jornais e Revistas,jornais.revistas.portugal,APPS4NewWorld,apps4newworld@gmail.com,https://dev627157.topdeveloper.info,Notícias e revistas,,,,1.000+,1000,3048,1,0,BRL,1,0,,Classificação Livre,10 de jul. de 2023,1765873735,2025.3.0,,"Jornais e Revistas Portuguesas, imprensa, esportes, economia, moda, cinema.",https://play.google.com/store/apps/details?id=jornais.revistas.portugal&hl=pt&gl=br,100,14,54,pequeno/indie,182,0.07,0.25,0.82,0.12,1.37,0.66,baixa,8,4.25,87.5,0.0,"SerpAPI, ScrapingBee"
Educação,8,Cursos Certificados e Estágio,hawkscode.easyshiksha,HawksCode,info@easyshiksha.com,https://easyshiksha.com,Educação,3.9655173,8955,4,100.000+,100000,266149,1,0,BRL,0,0,,Classificação Livre,17 de jul. de 2015,1782914237,7.9.2,,Descubra o aprendizado on-line: cursos e estágios com certificados,https://play.google.com/store/apps/details?id=hawkscode.easyshiksha&hl=pt&gl=br,100,47,54,pequeno/indie,25311,0.0,0.0,0.0,0.0,0.0,0.0,média,15,3.87,66.7,26.7,"SerpAPI, ScrapingBee"
Android Wear,8,Field Watch 2 Wear OS 5+,com.watchfacestudio.fw2,OQ Watchfaces,osmanqadir78@gmail.com,,Personalização,,,,1.000+,1000,3164,0,5.99,BRL,0,0,,Classificação Livre,20 de mai. de 2023,1766555690,Varies with device,,Um watchface de campo para wear os com fundo preto e personalizações de cores,https://play.google.com/store/apps/details?id=com.watchfacestudio.fw2&hl=pt&gl=br,100,15,54,pequeno/indie,189,111.44,398.0,1293.5,246.76,2149.2,1332.5,baixa,0,0.0,0.0,0.0,"SerpAPI, ScrapingBee"
Medicina,10,Manual Conciso de Medicina,com.rermedapps.concisemedicinepro,RER MedApps,contact@rermedapps.com,https://rermedapps.com,Medicina,3.8,116,3,10.000+,10000,16338,1,0,BRL,1,1,"R$ 4,99 – R$ 264,99 por item",Classificação Livre,6 de set. de 2025,,Varies with device,,950+ Resumos de Doenças Baseados em Evidências | Guia Clínico para Médicos,https://play.google.com/store/apps/details?id=com.rermedapps.concisemedicinepro&hl=pt&gl=br,100,8,53,pequeno/indie,1096,41.47,148.1,481.32,91.82,799.72,495.83,baixa,4,3.75,75.0,25.0,"SerpAPI, ScrapingBee"
Finanças,25,Paraná Banco – Investimentos,br.paranabanco.app,Parana Banco S/A,investimentos@paranabanco.com.br,https://www.paranabancoinvestimentos.com.br/,Finanças,3.6,425,236,100.000+,100000,101336,1,0,BRL,0,0,,Classificação Livre,27 de jun. de 2017,1782328193,3.204.0,,Baixe o app e conte com uma curadoria em Renda Fixa e Fundos de Investimento.,https://play.google.com/store/apps/details?id=br.paranabanco.app&hl=pt&gl=br,100,41,53,pequeno/indie,9127,0.0,0.0,0.0,0.0,0.0,0.0,média,25,2.64,40.0,56.0,"SerpAPI, ScrapingBee"
Comunicação,2,Katlen Martins Call and Chat,com.vitalapps.katlenmartins.videocall.chat,Vital apps,cof.eve007@gmail.com,https://vital-apps.blogspot.com,Entretenimento,3.642857,14,5,10.000+,10000,11311,1,0,BRL,1,0,,Classificação Livre,11 de fev. de 2026,,Varies with device,,Surpreenda seus entes queridos com uma chamada de vídeo especial e um bate-papo com Katlen Martins.,https://play.google.com/store/apps/details?id=com.vitalapps.katlenmartins.videocall.chat&hl=pt&gl=br,100,4,52,pequeno/indie,741,0.22,0.77,2.5,0.37,4.16,2.0,baixa,5,3.6,60.0,40.0,"SerpAPI, ScrapingBee"
Livros e Referências,20,ReadingBuddy: Read Aloud Books,com.imagiration.readingteacher,ImagiRation LLC,imagiration@gmail.com,http://imagiration.com/,Educação,3.8461537,492,2,100.000+,100000,219935,1,0,BRL,0,0,,Classificação Livre,3 de jul. de 2023,1778531810,2.0.5,,Biblioteca de livros ilustrados e professor de leitura nº 1 para crianças e bebês,https://play.google.com/store/apps/details?id=com.imagiration.readingteacher&hl=pt&gl=br,100,38,52,pequeno/indie,17247,0.0,0.0,0.0,0.0,0.0,0.0,média,4,4.5,75.0,0.0,"SerpAPI, ScrapingBee"
Reprodutores de Vídeo,6,Just (Video) Player,com.brouken.player,Marcel Dopita,m@rcel.cz,https://github.com/moneytoo/Player,Reproduzir e editar vídeos,3.97,3222,53,1.000.000+,1000000,1078861,1,0,BRL,0,0,,Classificação Livre,11 de nov. de 2020,1780127372,0.212,,Reprodutor de vídeo de código aberto sem atraso de Bluetooth e suporte para vários codecs,https://play.google.com/store/apps/details?id=com.brouken.player&hl=pt&gl=br,92,42,51,pequeno/indie,92058,0.0,0.0,0.0,0.0,0.0,0.0,média,25,4.04,72.0,20.0,"SerpAPI, ScrapingBee"
Redes Sociais,9,SocialBu: Social Media Manager,com.socialbu.app,SocialBu,support@socialbu.com,https://socialbu.com,Social,,,,10.000+,10000,13163,1,0,BRL,0,1,"R$ 109,99 – R$ 1.899,99 por item",Classificação Livre,4 de fev. de 2021,,Varies with device,,Uma ferramenta de programação e automação de mídia social tudo-em-um,https://play.google.com/store/apps/details?id=com.socialbu.app&hl=pt&gl=br,100,0,51,pequeno/indie,871,16.98,60.64,197.07,37.6,327.44,203.01,baixa,0,0.0,0.0,0.0,"SerpAPI, ScrapingBee"
Redes Sociais,8,Sprout Social - Social Media,com.sproutsocial.android,Sprout Social,support@sproutsocial.com,http://sproutsocial.com,Negócios,2.2258065,1356,20,100.000+,100000,336520,1,0,BRL,0,0,,Classificação 12 anos,20 de dez. de 2011,1782915568,2026.13.0-PLAYSTORE,,O aplicativo companheiro perfeito para Sprout social. Gerenciar sua mídia social em qualquer lugar.,https://play.google.com/store/apps/details?id=com.sproutsocial.android&hl=pt&gl=br,100,34,51,pequeno/indie,32414,0.0,0.0,0.0,0.0,0.0,0.0,média,19,2.53,36.8,63.2,"SerpAPI, ScrapingBee"
Compras,13,India Online Shopping,com.sk.india.online.shopping,Shibly Khan,lognotechnologies@gmail.com,https://lognotechnologies.com/,Compras,,,,1.000+,1000,1463,1,0,BRL,1,0,,Classificação Livre,15 de set. de 2024,,Varies with device,,Aplicativo de compras on-line da Índia: a maneira avançada de fazer compras on-line na Índia.,https://play.google.com/store/apps/details?id=com.sk.india.online.shopping&hl=pt&gl=br,100,0,51,pequeno/indie,82,0.03,0.11,0.37,0.06,0.62,0.3,baixa,0,0.0,0.0,0.0,"SerpAPI, ScrapingBee"
Produtividade,18,DailyNote - Notas e Planejador,com.robertostabbin.note,Roberto Stabbin,stabbinroberto@gmail.com,https://myappanalytics-a8e36.web.app/app-ads.txt,Produtividade,,,,10.000+,10000,19478,1,0,BRL,1,1,"R$ 4,99 – R$ 44,99 por item",Classificação 14 anos,12 de mai. de 2026,,Varies with device,,"Notas simples, bloco de notas para tarefas, planejadores e diário com cores.",https://play.google.com/store/apps/details?id=com.robertostabbin.note&hl=pt&gl=br,100,0,51,pequeno/indie,1322,16.71,59.68,193.96,37.0,322.27,199.8,baixa,0,0.0,0.0,0.0,"SerpAPI, ScrapingBee"
Paternidade,5,Mammactive. Embarazo y parto,es.smartdream.mammactive,Mammactive SL,admin@mammactive.com,https://mammactive.com,Saúde e fitness,,,,10.000+,10000,16302,1,0,BRL,0,1,"R$ 27,99 – R$ 649,99 por item",Classificação Livre,18 de mai. de 2021,,Varies with device,,Treinamento consciente na gravidez e no parto com fisioterapeuta e parteira,https://play.google.com/store/apps/details?id=es.smartdream.mammactive&hl=pt&gl=br,100,0,51,pequeno/indie,1094,140.21,500.76,1627.47,310.47,2704.1,1676.54,baixa,0,0.0,0.0,0.0,"SerpAPI, ScrapingBee"
Estilo de Vida,9,Rastreador de Hábitos: Rotina,com.sickappdevelopersgmbh.simplehabittracker,Sick App Developers GmbH,simplehabittracker@sickappdevelopers.com,https://sickappdevelopers.com,Produtividade,,,,100+,100,189,1,0,BRL,0,1,"R$ 9,99 – R$ 74,99 por item",Classificação Livre,26 de mai. de 2026,,Varies with device,,Rastreador de hábitos focado. Crie hábitos atômicos e metas diárias.,https://play.google.com/store/apps/details?id=com.sickappdevelopersgmbh.simplehabittracker&hl=pt&gl=br,100,0,51,pequeno/indie,9,0.18,0.66,2.13,0.41,3.54,2.2,baixa,0,0.0,0.0,0.0,"SerpAPI, ScrapingBee"
Bibliotecas e Demonstrações,1,Biblioteca LDM,com.gonsoltradingcompanyllc.bibliotecaldm,Gonsolcompany,contact@gonsoltradingcompany.com,https://gonsolcompany.com,Entretenimento,,,,1.000+,1000,2463,1,0,BRL,0,1,"R$ 14,99 – R$ 149,99 por item",Classificação Livre,1 de dez. de 2024,,Varies with device,,"Você pode encontrar Bíblias, hinários e outros livros",https://play.google.com/store/apps/details?id=com.gonsoltradingcompanyllc.bibliotecaldm&hl=pt&gl=br,100,0,51,pequeno/indie,145,3.32,11.85,38.51,7.35,63.99,39.67,baixa,0,0.0,0.0,0.0,"SerpAPI, ScrapingBee"
Eventos,11,GuestList – Event Planner,com.guestlist.event,Asset-Box,guestlist@asset-box.com,https://www.asset-box.com/,Eventos,,,,500+,500,546,1,0,BRL,0,1,"R$ 20,99 – R$ 104,99 por item",Classificação Livre,31 de dez. de 2025,,Varies with device,,Gerenciar convidados e confirmações de presença,https://play.google.com/store/apps/details?id=com.guestlist.event&hl=pt&gl=br,100,0,51,pequeno/indie,28,0.5,1.78,5.8,1.11,9.63,5.97,baixa,0,0.0,0.0,0.0,"SerpAPI, ScrapingBee"
Educação,11,Estudar & Aprender,com.duhnnae.studyar,duhnnae,info@duhnnae.com,https://duhnnae.com,Educação,,,,5.000+,5000,8976,1,0,BRL,1,1,"R$ 9,49 – R$ 47,99 por item",Classificação Livre,1 de out. de 2025,,Varies with device,,Aprenda qualquer matéria - Explore o conhecimento em várias áreas,https://play.google.com/store/apps/details?id=com.duhnnae.studyar&hl=pt&gl=br,100,0,51,pequeno/indie,579,4.84,17.28,56.17,10.72,93.33,57.86,baixa,2,3.0,50.0,50.0,"SerpAPI, ScrapingBee"
Negócios,12,My Business Idea - Negócios,com.mybusinessidea,Tg apps,support@tgapps.dev,https://tgapps.dev,Finanças,,,,500+,500,826,1,0,BRL,1,1,"R$ 7,99 – R$ 56,99 por item",Classificação Livre,19 de fev. de 2026,,Varies with device,,Gere ideias de negócios e startups e transforme-as em planos de ação claros.,https://play.google.com/store/apps/details?id=com.mybusinessidea&hl=pt&gl=br,100,0,51,pequeno/indie,44,0.88,3.14,10.2,1.95,16.95,10.51,baixa,0,0.0,0.0,0.0,"SerpAPI, ScrapingBee"
Notícias e Revistas,11,Notícias Digital,logicasoftware.co.mz.publications,LÓGICA SOFTWARE,suporte@snoticias.co.mz,https://www.jornalnoticias.co.mz/,Notícias e revistas,,,,10.000+,10000,43121,1,0,BRL,0,0,,Classificação Livre,30 de set. de 2015,1776161239,5.5.0,,Noticias Digital - Aplicativo da Sociedade do Notícias,https://play.google.com/store/apps/details?id=logicasoftware.co.mz.publications&hl=pt&gl=br,100,24,49,pequeno/indie,3076,0.0,0.0,0.0,0.0,0.0,0.0,baixa,25,2.8,44.0,56.0,"SerpAPI, ScrapingBee"
Finanças,23,Mundo Invest,com.mundoinvestapp.app,Mundo Invest App,contato@mundoinvest.com.br,https://www.mundoinvest.com.br,Finanças,3.5789473,38,15,10.000+,10000,27173,1,0,BRL,0,0,,Classificação Livre,26 de ago. de 2024,1779889627,1.68,,"Organize sua vida financeira por completo, de gastos do dia até investimentos.",https://play.google.com/store/apps/details?id=com.mundoinvestapp.app&hl=pt&gl=br,100,25,49,pequeno/indie,1884,0.0,0.0,0.0,0.0,0.0,0.0,baixa,13,3.69,61.5,23.1,"SerpAPI, ScrapingBee"
Livros e Referências,6,ARHEVE: Books Library,com.arheve.arheve,ARHEVE,info@arheve.org,https://arheve.org,Livros e referências,,,,100.000+,100000,229551,1,0,BRL,0,0,,Classificação Livre,25 de jul. de 2021,1777578132,1.4.20260430,,70000 livros em diferentes idiomas sem anúncios,https://play.google.com/store/apps/details?id=com.arheve.arheve&hl=pt&gl=br,100,26,49,pequeno/indie,18044,0.0,0.0,0.0,0.0,0.0,0.0,média,4,4.0,75.0,25.0,"SerpAPI, ScrapingBee"
Redes Sociais,5,Werfie: Social Media with AI,com.ogoul.werfieapp,Posh Enterprise Inc.,info@ogoul.com,https://werfie.com,Social,3.1666667,463,8,100.000+,100000,300090,1,0,BRL,0,0,,Classificação 12 anos,9 de dez. de 2021,1772449748,6.0.0,,"Explore vídeos virais, tendências e converse com a IA em tempo real.",https://play.google.com/store/apps/details?id=com.ogoul.werfieapp&hl=pt&gl=br,100,21,48,pequeno/indie,23938,0.0,0.0,0.0,0.0,0.0,0.0,média,8,3.0,37.5,37.5,"SerpAPI, ScrapingBee"
Educação,9,Meus Cursos Online,br.com.iped.meuscursos.novo,Cursos Sie,parcerias@iped.com.br,http://www.iped.com.br,Educação,3.6,182,91,50.000+,50000,63438,1,0,BRL,0,0,,Classificação Livre,20 de mar. de 2019,1760403227,3.9.1,,Mais de 1000 opções de Cursos com animações e também 100% em vídeo aulas.,https://play.google.com/store/apps/details?id=br.com.iped.meuscursos.novo&hl=pt&gl=br,100,17,47,pequeno/indie,4632,0.0,0.0,0.0,0.0,0.0,0.0,baixa,25,2.8,40.0,52.0,"SerpAPI, ScrapingBee"
Beleza,7,Care to Beauty: Tudo em Beleza,com.caretobeauty.app,Care to Beauty,developers@caretobeauty.com,https://www.caretobeauty.com,Compras,,,,50.000+,50000,76507,1,0,BRL,0,0,,Classificação Livre,4 de jul. de 2024,1756318105,19.0.0.0,,"Compre sua maquiagem, beleza e cuidados de pele com entrega em todo o mundo.",https://play.google.com/store/apps/details?id=com.caretobeauty.app&hl=pt&gl=br,100,16,47,pequeno/indie,5649,0.0,0.0,0.0,0.0,0.0,0.0,baixa,8,4.5,87.5,12.5,"SerpAPI, ScrapingBee"
Compras,2,Mercado Diferente | Orgânicos,br.com.mercadodiferente.diferente,mercadodiferente,ajuda@mercadodiferente.com.br,https://www.mercadodiferente.com.br/,Comer e beber,3.94,748,263,100.000+,100000,137310,1,0,BRL,0,0,,Classificação Livre,14 de dez. de 2022,1727515529,3.68.0,,Receba alimentos 100% orgânicos e saudáveis na sua casa! Acessível e prático!,https://play.google.com/store/apps/details?id=br.com.mercadodiferente.diferente&hl=pt&gl=br,100,11,45,pequeno/indie,10487,0.0,0.0,0.0,0.0,0.0,0.0,baixa,25,2.48,36.0,60.0,"SerpAPI, ScrapingBee"
Educação,17,Cursos Grátis iPED,br.com.iped,Cursos Sie,parcerias@iped.com.br,https://www.iped.com.br,Educação,3.5231788,4610,1761,500.000+,500000,601656,1,0,BRL,0,0,,Classificação Livre,26 de set. de 2014,1764897307,3.10.0,,Mais de 1000 opções de Cursos com animações e também 100% em vídeo aulas.,https://play.google.com/store/apps/details?id=br.com.iped&hl=pt&gl=br,92,18,45,pequeno/indie,49813,0.0,0.0,0.0,0.0,0.0,0.0,baixa,25,2.96,48.0,48.0,"SerpAPI, ScrapingBee"
Medicina,2,Meu Remédio,health.doctor.pill.my_medicine,made easy,madeeasy.apps@outlook.com,,Medicina,,,,10.000+,10000,45912,1,0,BRL,0,0,,Classificação Livre,19 de ago. de 2023,,Varies with device,,Meu kit de informações sobre saúde e medicamentos,https://play.google.com/store/apps/details?id=health.doctor.pill.my_medicine&hl=pt&gl=br,100,0,43,pequeno/indie,3288,0.0,0.0,0.0,0.0,0.0,0.0,baixa,2,5.0,100.0,0.0,"SerpAPI, ScrapingAnt"
Finanças,22,Banco Rendimento,br.com.rendimento.ib,Banco Rendimento S/A,mobile.engenharia@rendimento.com.br,https://www.rendimento.com.br/atendimento/fale-conosco/,Finanças,3.22,178,62,10.000+,10000,49280,1,0,BRL,0,0,,Classificação Livre,24 de mai. de 2021,,Varies with device,,Efetue suas transações e outros serviços de forma rápida e segura,https://play.google.com/store/apps/details?id=br.com.rendimento.ib&hl=pt&gl=br,100,0,43,pequeno/indie,3544,0.0,0.0,0.0,0.0,0.0,0.0,baixa,25,3.16,48.0,44.0,"SerpAPI, ScrapingBee"
Eventos,16,Viral Agenda - Eventos,com.viralagenda.viralagenda,Somewhere Nice - Viral Agenda,viral@viralagenda.com,https://www.viralagenda.com,Eventos,3.0,296,3,50.000+,50000,79957,1,0,BRL,0,0,,Classificação Livre,16 de set. de 2016,1699207145,1.1,,"O que se passa na tua cidade em Portugal? Cultura, lazer, educação e bem-estar",https://play.google.com/store/apps/details?id=com.viralagenda.viralagenda&hl=pt&gl=br,100,0,43,pequeno/indie,5919,0.0,0.0,0.0,0.0,0.0,0.0,baixa,25,3.16,52.0,40.0,"SerpAPI, ScrapingBee"
Comunicação,16,Chatter,ai.connectplex.chatter,Pegasus InfoCorp,support@chatterapp.ai,https://chatterapp.ai,Entretenimento,,,,10.000+,10000,27122,1,0,BRL,0,0,,Classificação Livre,8 de dez. de 2023,,Varies with device,,Converse com personagens de IA. Crie e compartilhe bots de IA com amigos.,https://play.google.com/store/apps/details?id=ai.connectplex.chatter&hl=pt&gl=br,100,0,43,pequeno/indie,1880,0.0,0.0,0.0,0.0,0.0,0.0,baixa,1,1.0,0.0,100.0,"SerpAPI, ScrapingBee"
Ferramentas,23,Building Tools,co.tools,Building Tools,developers@buildingtools.co,https://buildingtools.co/,Ferramentas,,,,10.000+,10000,19149,1,0,BRL,0,0,,Classificação Livre,12 de jan. de 2023,1777014234,1.46,,Tools™ ajuda a prevenir erros dispendiosos e maximizar a eficiência,https://play.google.com/store/apps/details?id=co.tools&hl=pt&gl=br,100,25,39,pequeno/indie,1298,0.0,0.0,0.0,0.0,0.0,0.0,baixa,0,0.0,0.0,0.0,"SerpAPI, ScrapingBee"
Compras,21,Oferteiros - Comparar Mercados,com.hubcloud.oferteiros,Simões e Kunzler - Aplicativos,contato@oferteiros.com,http://oferteiros.com,Compras,,,,500+,500,515,1,0,BRL,0,0,,Classificação Livre,13 de nov. de 2025,,Varies with device,,"Compare ofertas de supermercados em segundos, Economize tempo e dinheiro agora!",https://play.google.com/store/apps/details?id=com.hubcloud.oferteiros&hl=pt&gl=br,100,24,39,pequeno/indie,26,0.0,0.0,0.0,0.0,0.0,0.0,baixa,2,5.0,100.0,0.0,"SerpAPI, ScrapingBee"
Estilo de Vida,11,"Vailo — Habits, Goals, Notes",com.trackory.rondi.app,Logunov Evgeni,logunov.design@gmail.com,,Estilo de vida,,,,10+,10,38,1,0,BRL,0,0,,Classificação Livre,11 de mar. de 2026,,Varies with device,,Registrador de hábitos e anotações para metas e tarefas diárias.,https://play.google.com/store/apps/details?id=com.trackory.rondi.app&hl=pt&gl=br,100,24,39,pequeno/indie,1,0.0,0.0,0.0,0.0,0.0,0.0,baixa,1,5.0,100.0,0.0,"SerpAPI, ScrapingBee"
Notícias e Revistas,18,World Newspapers: Notícias,com.smtechq.worldnewspapers,All World News,all.world.news.apps@gmail.com,https://world-newspapers.net/,Notícias e revistas,,,,10.000+,10000,11494,1,0,BRL,0,0,,Classificação Livre,11 de mar. de 2025,,Varies with device,,"Leia jornais do mundo todo. Notícias globais rápidas, grátis e em um só app.",https://play.google.com/store/apps/details?id=com.smtechq.worldnewspapers&hl=pt&gl=br,100,12,36,pequeno/indie,754,0.0,0.0,0.0,0.0,0.0,0.0,baixa,1,2.0,0.0,100.0,"SerpAPI, ScrapingBee"
Eventos,5,Organizador de Eventos,br.organizadordeeventos,Zump TI,contato@pagtickets.com.br,,Eventos,3.25,12,7,5.000+,5000,8817,1,0,BRL,0,0,,Classificação Livre,26 de nov. de 2020,1761997557,2.9.5,,Gerencie seus eventos de forma completa!,https://play.google.com/store/apps/details?id=br.organizadordeeventos&hl=pt&gl=br,100,4,34,pequeno/indie,568,0.0,0.0,0.0,0.0,0.0,0.0,baixa,7,3.29,57.1,42.9,"SerpAPI, ScrapingBee"
Ferramentas,21,Developer Option Tile - Quick,com.bharatdev.easydeveloper,Bharat Dev,dharmikj111@zohomail.in,https://www.dharmikjoshi.in,Ferramentas,,,,500+,500,679,1,0,BRL,0,0,,Classificação Livre,3 de dez. de 2025,,Varies with device,,Acesse rapidamente as Opções do desenvolvedor a partir do bloco de Configurações rápidas.,https://play.google.com/store/apps/details?id=com.bharatdev.easydeveloper&hl=pt&gl=br,100,0,33,pequeno/indie,36,0.0,0.0,0.0,0.0,0.0,0.0,baixa,0,0.0,0.0,0.0,"SerpAPI, ScrapingBee"
Estilo de Vida,3,HábitoVivo: Hábitos e Rotina,com.habitovivo.app,Allysson Couto,habituarservice@gmail.com,https://habitovivo-production.up.railway.app,Saúde e fitness,,,,50+,50,80,1,0,BRL,0,0,,Classificação Livre,27 de abr. de 2026,,Varies with device,,"Rastreie hábitos, água e km com gamificação, streaks e notificações inteligente.",https://play.google.com/store/apps/details?id=com.habitovivo.app&hl=pt&gl=br,100,0,33,pequeno/indie,3,0.0,0.0,0.0,0.0,0.0,0.0,baixa,0,0.0,0.0,0.0,"SerpAPI, ScrapingBee"
Gastronomia,2,Indie Chef,com.relaxsoftwareapps.foodiedirect,"Relax Software, LLC",info1@relaxsoftwareapps.com,https://www.relaxsoftwareapps.com/,Comer e beber,,,,10+,10,13,1,0,BRL,0,0,,Classificação Livre,26 de fev. de 2026,,Varies with device,,"Cozinheiros caseiros e amantes da gastronomia, unam-se!",https://play.google.com/store/apps/details?id=com.relaxsoftwareapps.foodiedirect&hl=pt&gl=br,100,0,33,pequeno/indie,0,0.0,0.0,0.0,0.0,0.0,0.0,baixa,0,0.0,0.0,0.0,"SerpAPI, ScrapingBee"
Eventos,15,App Os Melhores Eventos,br.com.osmelhoreseventos.twa,OS MELHORES EVENTOS,diviweb@gmail.com,https://osmelhoreseventos.com.br/,Entretenimento,,,,100+,100,481,1,0,BRL,0,0,,Classificação Livre,8 de out. de 2025,,Varies with device,,Compre ingressos da ticketeira os melhores eventos direto pelo app.,https://play.google.com/store/apps/details?id=br.com.osmelhoreseventos.twa&hl=pt&gl=br,100,0,33,pequeno/indie,24,0.0,0.0,0.0,0.0,0.0,0.0,baixa,0,0.0,0.0,0.0,"SerpAPI, ScrapingBee"
Eventos,13,Event Organizer,com.simpletix.boxoffice,Simpletix.com LLC,support@simpletix.com,https://www.simpletix.com/,Negócios,,,,10.000+,10000,18142,1,0,BRL,0,0,,Classificação Livre,28 de jun. de 2019,,Varies with device,,O SimpleTix Box Office oferece tudo o que você precisa para gerenciar seus eventos.,https://play.google.com/store/apps/details?id=com.simpletix.boxoffice&hl=pt&gl=br,100,0,33,pequeno/indie,1226,0.0,0.0,0.0,0.0,0.0,0.0,baixa,0,0.0,0.0,0.0,"SerpAPI, ScrapingBee"
Eventos,12,Eventline - Plans Made Easy,com.eventline.customer,Eventline Commerce Private Limited,developer@eventline.in,https://web.eventline.in,Eventos,,,,1.000+,1000,2694,1,0,BRL,0,0,,Classificação Livre,17 de set. de 2025,,Varies with device,,"Explore fornecedores de eventos locais - fornecedores de buffet, decoradores, fotógrafos, perto de você",https://play.google.com/store/apps/details?id=com.eventline.customer&hl=pt&gl=br,100,0,33,pequeno/indie,159,0.0,0.0,0.0,0.0,0.0,0.0,baixa,0,0.0,0.0,0.0,"SerpAPI, ScrapingBee"
Automóveis e Veículos,9,Vehicle Maintenance Services B,com.mmplus.vehicleservicesbook,MMPlus Technologies,mmplustechnologies@gmail.com,,Veículos,,,,10.000+,10000,16640,1,0,BRL,0,0,,Classificação Livre,4 de mai. de 2020,,Varies with device,,Esta aplicação é um livro de manutenção digital para seus veículos.,https://play.google.com/store/apps/details?id=com.mmplus.vehicleservicesbook&hl=pt&gl=br,100,0,33,pequeno/indie,1118,0.0,0.0,0.0,0.0,0.0,0.0,baixa,0,0.0,0.0,0.0,"SerpAPI, ScrapingBee"
