run_id,categoria,rank,title,app_id,developer,developer_email,developer_website,genre,score,ratings,reviews,installs,min_installs,real_installs,free,price,currency,contains_ads,offers_iap,iap_price,content_rating,released,updated,version,android_version,summary,url,indie_score,growth_score,opportunity_score,perfil_detectado,estimated_mau,revenue_monthly_usd_low,revenue_monthly_usd_base,revenue_monthly_usd_high,profit_monthly_usd_base,revenue_monthly_brl_base,profit_monthly_brl_base,financial_confidence,review_count_collected,review_score_avg_recent,review_positive_pct,review_negative_pct,external_sources_used
15,Produtividade,6,Super Planner: Rotina TDAH IA,super.planner.todolist.task.reminder,Polestar App Cloner Dev.,polestar.applab@gmail.com,https://thepixieai.com/,Produtividade,4.842324,5445,305,100.000+,100000,305733,1,0,BRL,1,1,"R$ 5,49 – R$ 169,99 por item",Classificação Livre,13 de jan. de 2025,1782576802,1.5.30.0628,,"Gerencie planos, acompanhe seu humor e transforme metas em ação.",https://play.google.com/store/apps/details?id=super.planner.todolist.task.reminder&hl=pt&gl=br,100,74,97,pequeno/indie,32226,2105.3,7518.94,24436.55,4661.74,40602.26,25173.4,alta,25,4.2,76.0,12.0,"SerpAPI, ScrapingBee"
15,Produtividade,5,"Lista de tarefas, Lembretes",com.to_do_list_studio.uptodo,Productivity Apps Studio,taskup-support@todo-list-studio.com,https://www.todo-list-studio.com/taskup,Produtividade,4.8,1856,85,100.000+,100000,120287,1,0,BRL,1,1,"R$ 19,99 – R$ 119,99 por item",Classificação Livre,27 de jul. de 2024,1783023056,1.13.3,,"Organizador de rotina & Lista de tarefas,Lembretes & Planejamento semanal,Agenda",https://play.google.com/store/apps/details?id=com.to_do_list_studio.uptodo&hl=pt&gl=br,100,72,97,pequeno/indie,12035,630.01,2250.03,7312.61,1395.02,12150.18,7533.11,média,25,4.6,96.0,4.0,"SerpAPI, ScrapingBee"
14,Produtividade,23,"Lista de tarefas, Lembretes",com.to_do_list_studio.uptodo,Productivity Apps Studio,taskup-support@todo-list-studio.com,https://www.todo-list-studio.com/taskup,Produtividade,4.8,1858,85,100.000+,100000,120287,1,0,BRL,1,1,"R$ 19,99 – R$ 119,99 por item",Classificação Livre,27 de jul. de 2024,1783023056,1.13.3,,"Organizador de rotina & Lista de tarefas,Lembretes & Planejamento semanal,Agenda",https://play.google.com/store/apps/details?id=com.to_do_list_studio.uptodo&hl=pt&gl=br,100,72,97,pequeno/indie,12035,630.01,2250.03,7312.61,1395.02,12150.18,7533.11,média,25,4.6,96.0,4.0,"SerpAPI, ScrapingBee"
14,Produtividade,9,Super Planner: Rotina TDAH IA,super.planner.todolist.task.reminder,Polestar App Cloner Dev.,polestar.applab@gmail.com,https://thepixieai.com/,Produtividade,4.842324,5445,305,100.000+,100000,305733,1,0,BRL,1,1,"R$ 5,49 – R$ 169,99 por item",Classificação Livre,13 de jan. de 2025,1782576802,1.5.30.0628,,"Gerencie planos, acompanhe seu humor e transforme metas em ação.",https://play.google.com/store/apps/details?id=super.planner.todolist.task.reminder&hl=pt&gl=br,100,74,97,pequeno/indie,32226,2105.3,7518.94,24436.55,4661.74,40602.26,25173.4,alta,25,4.2,76.0,12.0,"SerpAPI, ScrapingBee"
13,Produtividade,2,Super Planner: Rotina TDAH IA,super.planner.todolist.task.reminder,Polestar App Cloner Dev.,polestar.applab@gmail.com,https://thepixieai.com/,Produtividade,4.842324,5445,305,100.000+,100000,305733,1,0,BRL,1,1,"R$ 5,49 – R$ 169,99 por item",Classificação Livre,13 de jan. de 2025,1782576802,1.5.30.0628,,"Gerencie planos, acompanhe seu humor e transforme metas em ação.",https://play.google.com/store/apps/details?id=super.planner.todolist.task.reminder&hl=pt&gl=br,100,74,97,pequeno/indie,32226,2105.3,7518.94,24436.55,4661.74,40602.26,25173.4,alta,25,4.2,76.0,12.0,"SerpAPI, ScrapingBee"
13,Produtividade,1,"Lista de tarefas, Lembretes",com.to_do_list_studio.uptodo,Productivity Apps Studio,taskup-support@todo-list-studio.com,https://www.todo-list-studio.com/taskup,Produtividade,4.8,1858,85,100.000+,100000,120287,1,0,BRL,1,1,"R$ 19,99 – R$ 119,99 por item",Classificação Livre,27 de jul. de 2024,1783023056,1.13.3,,"Organizador de rotina & Lista de tarefas,Lembretes & Planejamento semanal,Agenda",https://play.google.com/store/apps/details?id=com.to_do_list_studio.uptodo&hl=pt&gl=br,100,72,97,pequeno/indie,12035,630.01,2250.03,7312.61,1395.02,12150.18,7533.11,média,25,4.6,96.0,4.0,"SerpAPI, ScrapingBee"
10,Produtividade,18,"Lista de tarefas, Lembretes",com.to_do_list_studio.uptodo,Productivity Apps Studio,taskup-support@todo-list-studio.com,https://www.todo-list-studio.com/taskup,Produtividade,4.8,1858,85,100.000+,100000,120287,1,0,BRL,1,1,"R$ 19,99 – R$ 119,99 por item",Classificação Livre,27 de jul. de 2024,1783023056,1.13.3,,"Organizador de rotina & Lista de tarefas,Lembretes & Planejamento semanal,Agenda",https://play.google.com/store/apps/details?id=com.to_do_list_studio.uptodo&hl=pt&gl=br,100,72,97,pequeno/indie,12035,630.01,2250.03,7312.61,1395.02,12150.18,7533.11,média,25,4.6,96.0,4.0,"SerpAPI, ScrapingBee"
3,Produtividade,2,Super Planner: Rotina TDAH IA,super.planner.todolist.task.reminder,Polestar App Cloner Dev.,polestar.applab@gmail.com,https://thepixieai.com/,Produtividade,4.842324,5445,305,100.000+,100000,305733,1,0,BRL,1,1,"R$ 5,49 – R$ 169,99 por item",Classificação Livre,13 de jan. de 2025,1782576802,1.5.30.0628,,"Gerencie planos, acompanhe seu humor e transforme metas em ação.",https://play.google.com/store/apps/details?id=super.planner.todolist.task.reminder&hl=pt&gl=br,100,74,97,pequeno/indie,32226,2105.3,7518.94,24436.55,4661.74,40602.26,25173.4,alta,25,4.2,76.0,12.0,"SerpAPI, ScrapingBee"
3,Produtividade,1,"Lista de tarefas, Lembretes",com.to_do_list_studio.uptodo,Productivity Apps Studio,taskup-support@todo-list-studio.com,https://www.todo-list-studio.com/taskup,Produtividade,4.8,1856,85,100.000+,100000,120287,1,0,BRL,1,1,"R$ 19,99 – R$ 119,99 por item",Classificação Livre,27 de jul. de 2024,1783023056,1.13.3,,"Organizador de rotina & Lista de tarefas,Lembretes & Planejamento semanal,Agenda",https://play.google.com/store/apps/details?id=com.to_do_list_studio.uptodo&hl=pt&gl=br,100,72,97,pequeno/indie,12035,630.01,2250.03,7312.61,1395.02,12150.18,7533.11,média,25,4.6,96.0,4.0,"SerpAPI, ScrapingBee"
1,Produtividade,6,"Lista de tarefas, Lembretes",com.to_do_list_studio.uptodo,Productivity Apps Studio,taskup-support@todo-list-studio.com,https://www.todo-list-studio.com/taskup,Produtividade,4.8,1856,85,100.000+,100000,120287,1,0,BRL,1,1,"R$ 19,99 – R$ 119,99 por item",Classificação Livre,27 de jul. de 2024,1783023056,1.13.3,,"Organizador de rotina & Lista de tarefas,Lembretes & Planejamento semanal,Agenda",https://play.google.com/store/apps/details?id=com.to_do_list_studio.uptodo&hl=pt&gl=br,100,72,97,pequeno/indie,12035,630.01,2250.03,7312.61,1395.02,12150.18,7533.11,média,25,4.6,96.0,4.0,"SerpAPI, ScrapingBee"
1,Produtividade,3,Super Planner: Rotina TDAH IA,super.planner.todolist.task.reminder,Polestar App Cloner Dev.,polestar.applab@gmail.com,https://thepixieai.com/,Produtividade,4.842324,5445,305,100.000+,100000,305733,1,0,BRL,1,1,"R$ 5,49 – R$ 169,99 por item",Classificação Livre,13 de jan. de 2025,1782576802,1.5.30.0628,,"Gerencie planos, acompanhe seu humor e transforme metas em ação.",https://play.google.com/store/apps/details?id=super.planner.todolist.task.reminder&hl=pt&gl=br,100,74,97,pequeno/indie,32226,2105.3,7518.94,24436.55,4661.74,40602.26,25173.4,alta,25,4.2,76.0,12.0,"SerpAPI, ScrapingBee"
3,Comunicação,4,JusTalk Family Messenger,com.justalk.family.android,JusTalk,support@justalk.com,,Comunicação,4.84,1639,28,100.000+,100000,171466,1,0,BRL,0,1,"R$ 109,99 – R$ 679,99 por item",Classificação Livre,5 de jul. de 2024,1783091607,1.14.1,,"Compartilhe locais, chamadas, vídeos e álbuns de família com seus entes queridos",https://play.google.com/store/apps/details?id=com.justalk.family.android&hl=pt&gl=br,100,72,97,pequeno/indie,14587,1597.22,5704.35,18539.14,3536.7,30803.49,19098.16,média,25,4.36,84.0,12.0,"SerpAPI, ScrapingBee"
1,Comunicação,5,JusTalk Family Messenger,com.justalk.family.android,JusTalk,support@justalk.com,,Comunicação,4.84,1639,28,100.000+,100000,171466,1,0,BRL,0,1,"R$ 109,99 – R$ 679,99 por item",Classificação Livre,5 de jul. de 2024,1783091607,1.14.1,,"Compartilhe locais, chamadas, vídeos e álbuns de família com seus entes queridos",https://play.google.com/store/apps/details?id=com.justalk.family.android&hl=pt&gl=br,100,72,97,pequeno/indie,14587,1597.22,5704.35,18539.14,3536.7,30803.49,19098.16,média,25,4.36,84.0,12.0,"SerpAPI, ScrapingBee"
29,Negócios · ERP para Pequenos Negócios,14,Controle de Estoque Online,io.controle.estoque,Aleff,aleffbruno@gmail.com,https://nodemailer-mycanlendarionic.onrender.com/,Produtividade,4.79,522,302,10.000+,10000,28985,1,0,BRL,1,1,"R$ 12,99 – R$ 1.099,99 por item",Classificação Livre,21 de jun. de 2024,1783649666,0.0.155,,"App de controle de estoque e produtos: entradas, saídas, código de barras",https://play.google.com/store/apps/details?id=io.controle.estoque&hl=pt&gl=br,100,70,96,pequeno/indie,2663,76.51,273.24,888.03,169.41,1475.5,914.81,média,25,4.68,88.0,0.0,"SerpAPI, Firecrawl"
22,"Busca: ""carteira""",16,Carteira: cartões fidelidade,com.digitalwallet.mobilecards,Redivider,admin@redivider.tech,https://redivider.tech/,Viagem e Turismo,4.818182,1773,2,100.000+,100000,100253,1,0,BRL,0,1,"R$ 63,99 – R$ 96,99 por item",Classificação Livre,24 de mar. de 2025,1780330429,2.0.44,,"Guarde cartões de fidelidade, recompensas e membros em uma carteira.",https://play.google.com/store/apps/details?id=com.digitalwallet.mobilecards&hl=pt&gl=br,100,68,96,pequeno/indie,8272,256.34,915.5,2975.38,567.61,4943.71,3065.1,média,3,5.0,100.0,0.0,"SerpAPI, Brave Search, Firecrawl, DevSite:Firecrawl"
18,Negócios · ERP para Pequenos Negócios,20,Controle de Estoque Online,io.controle.estoque,Aleff,aleffbruno@gmail.com,https://nodemailer-mycanlendarionic.onrender.com/,Produtividade,4.79,522,302,10.000+,10000,28985,1,0,BRL,1,1,"R$ 12,99 – R$ 1.099,99 por item",Classificação Livre,21 de jun. de 2024,1783649666,0.0.155,,"App de controle de estoque e produtos: entradas, saídas, código de barras",https://play.google.com/store/apps/details?id=io.controle.estoque&hl=pt&gl=br,100,70,96,pequeno/indie,2663,76.51,273.24,888.03,169.41,1475.5,914.81,média,25,4.68,88.0,0.0,"SerpAPI, Firecrawl"
9,Quadrinhos,9,Leitor de Quadrinhos CBR CBZ,com.madmustachecompany.comic.book.manga.reader,Mad Mustache Company,madmustachecompany@gmail.com,,Quadrinhos,4.6,542,37,100.000+,100000,142820,1,0,BRL,0,1,"R$ 9,99 – R$ 384,99 por item",Classificação Livre,30 de jun. de 2024,1782709932,1.33.0,,"O aplicativo para leitura de quadrinhos: abra arquivos ZIP, RAR, CBZ, CBR e PDF",https://play.google.com/store/apps/details?id=com.madmustachecompany.comic.book.manga.reader&hl=pt&gl=br,100,70,96,pequeno/indie,14430,1206.97,4310.59,14009.42,2672.57,23277.18,14431.85,média,25,3.72,64.0,28.0,"SerpAPI, ScrapingBee"
3,Saúde e Fitness,21,FitnessAI: Gym Workout Planner,com.fitnessai.android,appexgroup,hello@fitnessai.com,https://fitnessai.com,Saúde e fitness,4.6666665,1270,1,50.000+,50000,86971,1,0,BRL,0,1,"R$ 60,99 – R$ 489,99 por item",Classificação Livre,19 de nov. de 2024,1782112006,20.2,,"Ginásio com IA inteligente e exercícios em casa para resultados mais rápidos de força, condicionamento físico e saúde",https://play.google.com/store/apps/details?id=com.fitnessai.android&hl=pt&gl=br,100,71,96,pequeno/indie,8540,1358.76,4852.71,15771.32,3008.68,26204.65,16246.88,média,1,2.0,0.0,100.0,"SerpAPI, ScrapingBee"
3,Quadrinhos,6,Leitor de Quadrinhos CBR CBZ,com.madmustachecompany.comic.book.manga.reader,Mad Mustache Company,madmustachecompany@gmail.com,,Quadrinhos,4.6,542,37,100.000+,100000,142820,1,0,BRL,0,1,"R$ 9,99 – R$ 384,99 por item",Classificação Livre,30 de jun. de 2024,1782709932,1.33.0,,"O aplicativo para leitura de quadrinhos: abra arquivos ZIP, RAR, CBZ, CBR e PDF",https://play.google.com/store/apps/details?id=com.madmustachecompany.comic.book.manga.reader&hl=pt&gl=br,100,70,96,pequeno/indie,14430,1206.97,4310.59,14009.42,2672.57,23277.18,14431.85,média,25,3.72,64.0,28.0,"SerpAPI, ScrapingBee"
1,Quadrinhos,7,Leitor de Quadrinhos CBR CBZ,com.madmustachecompany.comic.book.manga.reader,Mad Mustache Company,madmustachecompany@gmail.com,,Quadrinhos,4.6,542,37,100.000+,100000,142820,1,0,BRL,0,1,"R$ 9,99 – R$ 384,99 por item",Classificação Livre,30 de jun. de 2024,1782709932,1.33.0,,"O aplicativo para leitura de quadrinhos: abra arquivos ZIP, RAR, CBZ, CBR e PDF",https://play.google.com/store/apps/details?id=com.madmustachecompany.comic.book.manga.reader&hl=pt&gl=br,100,70,96,pequeno/indie,14430,1206.97,4310.59,14009.42,2672.57,23277.18,14431.85,média,25,3.72,64.0,28.0,"SerpAPI, ScrapingBee"
3,Android Wear,12,Mostradores para Wear OS,com.alexeymorozua.splittimeface,Time Design LLC,watchfacemanager.dev@gmail.com,https://time-design.web.app/time_design.html,Personalização,4.76,6168,6,100.000+,100000,180589,1,0,BRL,0,1,"R$ 9,99 – R$ 209,99 por item",Classificação Livre,2 de jan. de 2025,1779902151,Varies with device,,"400+ Mostradores e Faces para Galaxy Watch 8, Ultra, Pixel Watch 4 e Wear OS",https://play.google.com/store/apps/details?id=com.alexeymorozua.splittimeface&hl=pt&gl=br,100,71,96,pequeno/indie,15408,717.74,2563.36,8330.91,1589.28,13842.13,8582.12,alta,6,3.67,66.7,33.3,"SerpAPI, ScrapingBee"
30,Arte e Design · Livros de Colorir,20,Dark Night Pintar Números,com.color.by.numbers.dark.coloring.pages,BrainArt Studio,palgames.feedback@gmail.com,http://web.palgames.io,Tabuleiros,4.5507245,3841,21,500.000+,500000,589035,1,0,BRL,1,1,"R$ 5,49 – R$ 229,99 por item",Classificação Livre,17 de jan. de 2025,1782621667,1.4.2,,Dê vida aos mundos sombrios e misteriosos em Dark Night Pintar Números!,https://play.google.com/store/apps/details?id=com.color.by.numbers.dark.coloring.pages&hl=pt&gl=br,100,66,95,pequeno/indie,54657,4425.91,15806.83,51372.19,9800.23,85356.86,52921.25,média,24,4.58,91.7,8.3,"SerpAPI, Firecrawl"
3,Ferramentas,7,Indie Jonas. Great Tomb Raider,com.Stannum.IndieJonasthegreattombraider,Sn50 Games,sn50gamestudio@gmail.com,https://cas.ai/,Aventura,4.56,1486,82,100.000+,100000,175669,1,0,BRL,1,0,,Classificação Livre,30 de nov. de 2024,1782482494,0.41,,"Explore tumba antigas, resolva quebra-cabeças, encontre tesouros.",https://play.google.com/store/apps/details?id=com.Stannum.IndieJonasthegreattombraider&hl=pt&gl=br,100,66,95,pequeno/indie,15264,18.25,65.16,211.78,31.28,351.88,168.9,média,25,4.6,88.0,4.0,"SerpAPI, ScrapingBee"
1,Jogos de Ação,2,Ricochet Squad: Hero Shooter,nice.ricochet,NICE PLANS STUDIO LTD,support@niceplans.studio,https://niceplans.studio,Ação,4.511013,16892,700,500.000+,500000,748720,1,0,BRL,0,1,"R$ 15,99 – R$ 499,99 por item",Classificação 10 anos,25 de jul. de 2025,1782234031,2.0.7,,Ricochet Squad - Jogo de tiro PvP 3v3 com heróis e mapas destruíveis,https://play.google.com/store/apps/details?id=nice.ricochet&hl=pt&gl=br,84,82,95,pequeno/indie,70349,12298.1,43921.79,142745.82,27231.51,237177.68,147050.16,alta,25,4.16,76.0,20.0,"SerpAPI, ScrapingBee"
3,Livros e Referências,19,Readest,com.bilingify.readest,Readest,support@readest.com,https://readest.com,Livros e referências,4.5,953,35,100.000+,100000,122457,1,0,BRL,0,1,"R$ 26,99 – R$ 269,99 por item",Classificação Livre,20 de jun. de 2025,1782700468,0.11.17,,Experimente o melhor leitor de e-books em todos os seus dispositivos para leitores ávidos,https://play.google.com/store/apps/details?id=com.bilingify.readest&hl=pt&gl=br,100,65,95,pequeno/indie,12265,771.32,2754.71,8952.82,1707.92,14875.46,9222.78,média,25,4.32,76.0,12.0,"SerpAPI, ScrapingBee"
1,Beleza,11,Skincare Coreano: Rotina,korean.skin.care.face.routine,Rstream Labs,contact.rstreamlabs@gmail.com,https://www.ria.rocks,Beleza,4.59,8208,55,100.000+,100000,215968,1,0,BRL,0,1,"R$ 2,69 – R$ 169,99 por item",Classificação 12 anos,8 de nov. de 2024,1778501194,3.0.592,,Rotinas faciais personalizadas e guia completo de beleza coreana K-beauty,https://play.google.com/store/apps/details?id=korean.skin.care.face.routine&hl=pt&gl=br,100,64,95,pequeno/indie,18611,618.67,2209.54,7181.01,1369.92,11931.52,7397.54,alta,25,4.68,88.0,4.0,"SerpAPI, ScrapingBee"
29,Personalização · Widgets,21,Temas Celular Ícones Widgets,ac.themes.wallpapers.widgets,App Craze,allappsfeedback@gmail.com,https://appcraze.co/,Personalização,4.8627453,1830,64,100.000+,100000,211061,1,0,BRL,1,1,"R$ 4,89 – R$ 104,99 por item",Classificação Livre,17 de fev. de 2026,1784284464,59.0,,"Personalize seu telefone com ícones, temas e widgets facilmente.",https://play.google.com/store/apps/details?id=ac.themes.wallpapers.widgets&hl=pt&gl=br,100,61,94,pequeno/indie,18165,284.55,1016.24,3302.79,630.07,5487.71,3402.38,média,25,4.76,96.0,4.0,"SerpAPI, Firecrawl"
29,Personalização · Widgets,11,Material You Widgets,com.appslab.materialyou.widgetspro,AppsLab Co.,support@appslab.co,https://appslab.co/,Personalização,4.73,5461,85,50.000+,50000,78883,0,2.39,BRL,0,1,"R$ 10,99 – R$ 55,99 por item",Classificação Livre,28 de mai. de 2025,1783142890,2.5,,Mais de 300 widgets inspirados no design expressivo do Material You e do Material 3.,https://play.google.com/store/apps/details?id=com.appslab.materialyou.widgetspro&hl=pt&gl=br,100,61,94,pequeno/indie,7702,1701.43,6076.53,19748.71,3767.45,32813.24,20344.21,média,25,4.8,92.0,0.0,"SerpAPI, Firecrawl"
29,Personalização · Ícones e Temas,4,Temas Celular Ícones Widgets,ac.themes.wallpapers.widgets,App Craze,allappsfeedback@gmail.com,https://appcraze.co/,Personalização,4.8627453,1830,64,100.000+,100000,211061,1,0,BRL,1,1,"R$ 4,89 – R$ 104,99 por item",Classificação Livre,17 de fev. de 2026,1784284464,59.0,,"Personalize seu telefone com ícones, temas e widgets facilmente.",https://play.google.com/store/apps/details?id=ac.themes.wallpapers.widgets&hl=pt&gl=br,100,61,94,pequeno/indie,18165,284.55,1016.24,3302.79,630.07,5487.71,3402.38,média,25,4.76,96.0,4.0,"SerpAPI, Firecrawl"
29,Negócios · ERP para Pequenos Negócios,9,"Jarbas: PDV, vendas e estoque",com.jarbas.jarbas,Jarbas Software e Servicos,help@jarbas.app,https://jarbas.app,Negócios,4.806667,2273,301,100.000+,100000,104332,1,0,BRL,0,1,"R$ 9,99 – R$ 399,99 por item",Classificação Livre,19 de ago. de 2021,1784137305,2.7.64,,"Melhore seu negócio: estoque, pdv, finanças, pedidos, gestão financeira, venda",https://play.google.com/store/apps/details?id=com.jarbas.jarbas&hl=pt&gl=br,100,61,94,pequeno/indie,10354,1716.05,6128.76,19918.47,3799.83,33095.3,20519.09,média,25,4.48,92.0,8.0,"SerpAPI, Firecrawl"
29,Negócios · ERP para Pequenos Negócios,8,Estoque Fácil 2.0,rodsoftware.br.com.estoquefacil2,Rodsoftware Desenvolvimento de Sistemas LTDA.,rodrigo.estoquefacil@hotmail.com,,Finanças,4.6931624,11867,6448,100.000+,100000,410820,1,0,BRL,0,1,"R$ 0,99 – R$ 179,00 por item",Classificação Livre,12 de mai. de 2018,1780960919,245.0,,"Controle estoque e vendas sem complicação. Tudo no celular, em minutos.",https://play.google.com/store/apps/details?id=rodsoftware.br.com.estoquefacil2&hl=pt&gl=br,100,60,94,pequeno/indie,36665,2921.91,10435.41,33915.08,6469.95,56351.22,34937.75,alta,25,4.6,88.0,8.0,"SerpAPI, Firecrawl"
29,Negócios · ERP para Pequenos Negócios,6,"Pedidos, Estoque e Financeiro",com.quardmobile.vendas,Quard Sistemas,suporte@neoquard.com.br,http://vendasmobile.neoquard.com.br,Negócios,4.738983,3872,2551,100.000+,100000,332049,1,0,BRL,0,1,"R$ 1,99 – R$ 131,99 por item",Classificação Livre,31 de dez. de 2014,1784118607,8083,,"Vendas Mobile permite realizar Pedidos, Vendas, Estoque e Controle Financeiro.",https://play.google.com/store/apps/details?id=com.quardmobile.vendas&hl=pt&gl=br,100,62,94,pequeno/indie,35157,1904.17,6800.6,22101.97,4216.38,36723.27,22768.43,média,25,4.48,88.0,12.0,"SerpAPI, Firecrawl"
30,Arte e Design · Livros de Colorir,8,Nature Calm Paint by Numbers,com.paint.by.number.coloring.book.christmas,BrainArt Studio,palgames.feedback@gmail.com,http://web.palgames.io,Tabuleiros,4.862069,1490,8,100.000+,100000,212280,1,0,BRL,1,1,"R$ 5,49 – R$ 214,99 por item",Classificação Livre,13 de set. de 2025,1784023053,1.1.1,,Relaxe com cenas tranquilas da natureza neste jogo de colorir por números.,https://play.google.com/store/apps/details?id=com.paint.by.number.coloring.book.christmas&hl=pt&gl=br,100,60,94,pequeno/indie,18641,1414.81,5052.9,16421.94,3132.8,27285.69,16917.13,média,8,5.0,100.0,0.0,"SerpAPI, Firecrawl"
21,"Busca: ""crypto wallet""",10,Rabby Wallet - Crypto & EVM,com.debank.rabbymobile,OPCODE LABS,hi@debank.com,https://rabby.io,Finanças,4.8712873,6955,212,100.000+,100000,481294,1,0,BRL,0,1,"R$ 1,69 – R$ 569,99 por item",Classificação Livre,25 de jan. de 2024,1783651922,0.6.79,,"Explore Web3: criptografia, NFTs, DeFi",https://play.google.com/store/apps/details?id=com.debank.rabbymobile&hl=pt&gl=br,100,62,94,pequeno/indie,,,,,,,,,,,,,
20,"Busca: ""wallet""",7,Rabby Wallet - Crypto & EVM,com.debank.rabbymobile,OPCODE LABS,hi@debank.com,https://rabby.io,Finanças,4.8712873,6955,212,100.000+,100000,481294,1,0,BRL,0,1,"R$ 1,69 – R$ 569,99 por item",Classificação Livre,25 de jan. de 2024,1783651922,0.6.79,,"Explore Web3: criptografia, NFTs, DeFi",https://play.google.com/store/apps/details?id=com.debank.rabbymobile&hl=pt&gl=br,100,62,94,pequeno/indie,51983,13157.62,46991.49,152722.33,29134.72,253754.02,157327.49,alta,25,4.92,100.0,0.0,"SerpAPI, Firecrawl"
18,Negócios · ERP para Pequenos Negócios,10,"Jarbas: PDV, vendas e estoque",com.jarbas.jarbas,Jarbas Software e Servicos,help@jarbas.app,https://jarbas.app,Negócios,4.807947,2274,301,100.000+,100000,104332,1,0,BRL,0,1,"R$ 9,99 – R$ 399,99 por item",Classificação Livre,19 de ago. de 2021,1784137305,2.7.64,,"Melhore seu negócio: estoque, pdv, finanças, pedidos, gestão financeira, venda",https://play.google.com/store/apps/details?id=com.jarbas.jarbas&hl=pt&gl=br,100,61,94,pequeno/indie,10354,1716.05,6128.76,19918.47,3799.83,33095.3,20519.09,média,25,4.48,92.0,8.0,"SerpAPI, Firecrawl"
18,Negócios · ERP para Pequenos Negócios,7,Estoque Fácil 2.0,rodsoftware.br.com.estoquefacil2,Rodsoftware Desenvolvimento de Sistemas LTDA.,rodrigo.estoquefacil@hotmail.com,,Finanças,4.6931624,11867,6448,100.000+,100000,410820,1,0,BRL,0,1,"R$ 0,99 – R$ 179,00 por item",Classificação Livre,12 de mai. de 2018,1780960919,245.0,,"Controle estoque e vendas sem complicação. Tudo no celular, em minutos.",https://play.google.com/store/apps/details?id=rodsoftware.br.com.estoquefacil2&hl=pt&gl=br,100,60,94,pequeno/indie,36665,2921.91,10435.41,33915.08,6469.95,56351.22,34937.75,alta,25,4.6,88.0,8.0,"SerpAPI, Firecrawl"
18,Negócios · ERP para Pequenos Negócios,3,"Pedidos, Estoque e Financeiro",com.quardmobile.vendas,Quard Sistemas,suporte@neoquard.com.br,http://vendasmobile.neoquard.com.br,Negócios,4.738983,3872,2551,100.000+,100000,332049,1,0,BRL,0,1,"R$ 1,99 – R$ 131,99 por item",Classificação Livre,31 de dez. de 2014,1784118607,8083,,"Vendas Mobile permite realizar Pedidos, Vendas, Estoque e Controle Financeiro.",https://play.google.com/store/apps/details?id=com.quardmobile.vendas&hl=pt&gl=br,100,62,94,pequeno/indie,35157,1904.17,6800.6,22101.97,4216.38,36723.27,22768.43,média,25,4.48,88.0,12.0,"SerpAPI, Firecrawl"
15,Produtividade,9,Calendar - Easy Planner,com.agenda.events.planner.calendar,Glad Appvestor,support@callmaster.dev,https://www.callmaster.dev,Produtividade,4.730769,4043,86,1.000.000+,1000000,1076160,1,0,BRL,1,1,"R$ 18,99 – R$ 224,99 por item",Classificação Livre,29 de nov. de 2024,1777381646,3.3,,"Aplicativo de calendário simples para planejar, agendar e lembrar.",https://play.google.com/store/apps/details?id=com.agenda.events.planner.calendar&hl=pt&gl=br,92,68,94,pequeno/indie,100998,8298.63,29637.98,96323.43,18375.55,160045.09,99227.96,média,25,4.72,92.0,4.0,"SerpAPI, ScrapingBee"
14,Produtividade,13,Calendar - Easy Planner,com.agenda.events.planner.calendar,Glad Appvestor,support@callmaster.dev,https://www.callmaster.dev,Produtividade,4.730769,4042,86,1.000.000+,1000000,1076160,1,0,BRL,1,1,"R$ 18,99 – R$ 224,99 por item",Classificação Livre,29 de nov. de 2024,1777381646,3.3,,"Aplicativo de calendário simples para planejar, agendar e lembrar.",https://play.google.com/store/apps/details?id=com.agenda.events.planner.calendar&hl=pt&gl=br,92,68,94,pequeno/indie,100998,8298.63,29637.98,96323.43,18375.55,160045.09,99227.96,média,25,4.72,92.0,4.0,"SerpAPI, ScrapingBee"
10,Produtividade,14,Calendar - Easy Planner,com.agenda.events.planner.calendar,Glad Appvestor,support@callmaster.dev,https://www.callmaster.dev,Produtividade,4.730769,4042,86,1.000.000+,1000000,1076160,1,0,BRL,1,1,"R$ 18,99 – R$ 224,99 por item",Classificação Livre,29 de nov. de 2024,1777381646,3.3,,"Aplicativo de calendário simples para planejar, agendar e lembrar.",https://play.google.com/store/apps/details?id=com.agenda.events.planner.calendar&hl=pt&gl=br,92,68,94,pequeno/indie,100998,8298.63,29637.98,96323.43,18375.55,160045.09,99227.96,média,25,4.72,92.0,4.0,"SerpAPI, ScrapingBee"
9,Negócios,3,Nex: PDV e gestão de vendas,br.com.nextar.nexapp,NEXTAR,suporte@nextar.com.br,https://www.programanex.com.br/,Negócios,4.678082,3900,706,100.000+,100000,408620,1,0,BRL,0,1,"R$ 19,90 – R$ 1.190,00 por item",Classificação Livre,2 de mar. de 2022,1781876654,2.4.40093-prod,,"Controle o estoque, venda pelo PDV móvel, crie um catálogo online e muito mais!",https://play.google.com/store/apps/details?id=br.com.nextar.nexapp&hl=pt&gl=br,100,61,94,pequeno/indie,43750,248.67,888.1,2886.33,550.62,4795.75,2973.36,média,25,3.84,72.0,24.0,"SerpAPI, ScrapingBee"
1,Jogos de Estratégia,1,Clovis - Jogo de Estratégia,com.aerilys.clovis,Studio Zero Games,support@astonishing-sports.app,https://clovis-game.com/,Simulador,4.6039605,5280,254,100.000+,100000,177787,1,0,BRL,0,1,"R$ 4,49 – R$ 61,99 por item",Classificação 10 anos,15 de set. de 2024,1782492021,2.4.5,,Conquiste o amor e as terras neste jogo de simulação medieval e RPG,https://play.google.com/store/apps/details?id=com.aerilys.clovis&hl=pt&gl=br,100,62,94,pequeno/indie,15459,348.2,1243.56,4041.56,771.0,6715.2,4163.43,alta,25,4.44,76.0,4.0,"SerpAPI, ScrapingBee"
3,Saúde e Fitness,23,Tecnofit para Personal Trainer,br.com.tecnofit.AppPersonal,Tecnofit Tecnologia e Sistemas,contato@tecnofit.com.br,http://www.tecnofit.com.br,Saúde e fitness,4.6351037,8738,936,100.000+,100000,358725,1,0,BRL,0,1,"R$ 0,99 – R$ 299,99 por item",Classificação Livre,27 de mar. de 2019,1780080505,9.5.31,,App GRATUITO para gestão de treinos para Personal Trainer e Consultorias Online.,https://play.google.com/store/apps/details?id=br.com.tecnofit.AppPersonal&hl=pt&gl=br,100,60,94,pequeno/indie,31783,2762.27,9865.26,32062.1,6116.46,53272.41,33028.9,alta,25,2.64,32.0,52.0,"SerpAPI, ScrapingBee"
3,Entretenimento,7,IndicaAi: Filmes e Séries,com.indicaaibrasil,IndicaAi,indicaai.suporte@protonmail.com,http://meu-app.click/,Entretenimento,4.847555,17938,7507,100.000+,100000,387384,1,0,BRL,1,0,,Classificação Livre,13 de set. de 2025,1782067493,2.1.4,,Guia estilo Megaflix e Cine Vision. Ache lançamentos e onde assistir legalmente.,https://play.google.com/store/apps/details?id=com.indicaaibrasil&hl=pt&gl=br,100,63,94,pequeno/indie,41358,27.46,98.09,318.78,47.08,529.66,254.24,alta,25,4.88,96.0,0.0,"SerpAPI, ScrapingBee"
1,Saúde e Fitness,3,Tecnofit para Personal Trainer,br.com.tecnofit.AppPersonal,Tecnofit Tecnologia e Sistemas,contato@tecnofit.com.br,http://www.tecnofit.com.br,Saúde e fitness,4.6355247,8738,936,100.000+,100000,358725,1,0,BRL,0,1,"R$ 0,99 – R$ 299,99 por item",Classificação Livre,27 de mar. de 2019,1780080505,9.5.31,,App GRATUITO para gestão de treinos para Personal Trainer e Consultorias Online.,https://play.google.com/store/apps/details?id=br.com.tecnofit.AppPersonal&hl=pt&gl=br,100,60,94,pequeno/indie,31783,2762.27,9865.26,32062.1,6116.46,53272.41,33028.9,alta,25,2.64,32.0,52.0,"SerpAPI, ScrapingBee"
1,Entretenimento,9,IndicaAi: Filmes e Séries,com.indicaaibrasil,IndicaAi,indicaai.suporte@protonmail.com,http://meu-app.click/,Entretenimento,4.847931,17938,7507,100.000+,100000,387384,1,0,BRL,1,0,,Classificação Livre,13 de set. de 2025,1782067493,2.1.4,,Guia estilo Megaflix e Cine Vision. Ache lançamentos e onde assistir legalmente.,https://play.google.com/store/apps/details?id=com.indicaaibrasil&hl=pt&gl=br,100,63,94,pequeno/indie,41358,27.46,98.09,318.78,47.08,529.66,254.24,alta,25,4.88,96.0,0.0,"SerpAPI, ScrapingBee"
3,Beleza,8,Skincare Routine: FeelinMySkin,com.feelinmyskin.app,FeelinMySkin,contact@feelinmyskin.com,https://www.feelinmyskin.com/,Beleza,4.6534653,4318,90,100.000+,100000,325917,1,0,BRL,0,1,"R$ 14,99 – R$ 149,99 por item",Classificação Livre,8 de ago. de 2020,1782036980,2.11.356,,Skin Care Routines Planner • Acne & Product Tracker • Journal & Community,https://play.google.com/store/apps/details?id=com.feelinmyskin.app&hl=pt&gl=br,100,61,94,pequeno/indie,34473,1204.31,4301.09,13978.54,2666.68,23225.89,14400.05,média,25,4.84,96.0,0.0,"SerpAPI, ScrapingBee"
1,Negócios,2,Nex: PDV e gestão de vendas,br.com.nextar.nexapp,NEXTAR,suporte@nextar.com.br,https://www.programanex.com.br/,Negócios,4.678082,3899,706,100.000+,100000,408620,1,0,BRL,0,1,"R$ 19,90 – R$ 1.190,00 por item",Classificação Livre,2 de mar. de 2022,1781876654,2.4.40093-prod,,"Controle o estoque, venda pelo PDV móvel, crie um catálogo online e muito mais!",https://play.google.com/store/apps/details?id=br.com.nextar.nexapp&hl=pt&gl=br,100,61,94,pequeno/indie,43750,248.67,888.1,2886.33,550.62,4795.75,2973.36,média,25,3.84,72.0,24.0,"SerpAPI, ScrapingBee"
1,Beleza,8,Skincare Routine: FeelinMySkin,com.feelinmyskin.app,FeelinMySkin,contact@feelinmyskin.com,https://www.feelinmyskin.com/,Beleza,4.6534653,4318,90,100.000+,100000,325917,1,0,BRL,0,1,"R$ 14,99 – R$ 149,99 por item",Classificação Livre,8 de ago. de 2020,1782036980,2.11.356,,Skin Care Routines Planner • Acne & Product Tracker • Journal & Community,https://play.google.com/store/apps/details?id=com.feelinmyskin.app&hl=pt&gl=br,100,61,94,pequeno/indie,34473,1204.31,4301.09,13978.54,2666.68,23225.89,14400.05,média,25,4.84,96.0,0.0,"SerpAPI, ScrapingBee"
2,Entretenimento,6,IndicaAi: Filmes e Séries,com.indicaaibrasil,IndicaAi,indicaai.suporte@protonmail.com,http://meu-app.click/,Entretenimento,4.847931,17938,7507,100.000+,100000,387384,1,0,BRL,1,0,,Classificação Livre,13 de set. de 2025,1782067493,2.1.4,,Guia estilo Megaflix e Cine Vision. Ache lançamentos e onde assistir legalmente.,https://play.google.com/store/apps/details?id=com.indicaaibrasil&hl=pt&gl=br,100,63,94,pequeno/indie,41358,27.46,98.09,318.78,47.08,529.66,254.24,alta,25,4.88,96.0,0.0,"SerpAPI, ScrapingBee"
29,Personalização · Widgets,13,Widget Studio: Crie Widgets,studio.widgets.android,Olyndo Apps,admin.apps@olyndo.com,https://olyndo.com,Personalização,4.517857,478,17,50.000+,50000,63026,1,0,BRL,1,1,"R$ 6,99 – R$ 112,99 por item",Classificação Livre,16 de jul. de 2025,1777568841,1.3.1,,"Crie widgets personalizados: Foto, Relógio, Clima, Eventos e mais.",https://play.google.com/store/apps/details?id=studio.widgets.android&hl=pt&gl=br,100,57,93,pequeno/indie,5060,119.94,428.35,1392.12,265.57,2313.06,1434.1,média,16,3.62,62.5,31.2,"SerpAPI, Firecrawl"
29,Negócios · ERP para Pequenos Negócios,5,Controle de Estoque Fácil,com.cristianwdev.estoquefacil,Cristian Correia,suportccapps@gmail.com,https://app-ads-ce234.web.app/,Produtividade,4.85,572,261,10.000+,10000,26258,1,0,BRL,1,1,"R$ 9,90 por item",Classificação Livre,26 de dez. de 2024,1784228460,5.0.9,,"App eficiente para gestão de estoque, rastreie entradas, saídas em tempo real.",https://play.google.com/store/apps/details?id=com.cristianwdev.estoquefacil&hl=pt&gl=br,100,58,93,pequeno/indie,2398,20.12,71.85,233.52,44.55,388.0,240.56,média,25,4.96,100.0,0.0,"SerpAPI, Firecrawl"
29,Negócios · ERP para Pequenos Negócios,2,Controle de estoque - Kontro,com.br.kontro,Catálogo Virtual e Controle de Estoque - Kontro,oi@kontro.com.br,https://kontro.app,Negócios,4.85,294,210,50.000+,50000,59430,1,0,BRL,0,1,"R$ 39,90 – R$ 589,99 por item",Classificação Livre,27 de abr. de 2024,1782934821,2.9.11,,"Catálogo virtual, controle de vendas & estoque & fiados, PDV, lucro & custo",https://play.google.com/store/apps/details?id=com.br.kontro&hl=pt&gl=br,100,56,93,pequeno/indie,5706,1453.01,5189.31,16865.27,3217.38,28022.3,17373.83,média,25,4.84,96.0,4.0,"SerpAPI, Firecrawl"
23,"Busca: ""rifa""",6,Rifa Rápida: Criar rifa fácil,br.com.b8.raffle,B8 play,leonardo.santana.suporte@gmail.com,https://b8-play-fc04f.web.app,Ferramentas,4.7924943,9333,735,500.000+,500000,604459,1,0,BRL,1,1,"R$ 9,99 – R$ 89,99 por item",Classificação Livre,16 de nov. de 2023,1783640309,4.8.2,,Aplicativo completo para criação de rifas - Baixe agora,https://play.google.com/store/apps/details?id=br.com.b8.raffle&hl=pt&gl=br,94,63,93,pequeno/indie,66075,1442.75,5152.69,16746.25,3194.67,27824.54,17251.22,alta,150,4.46,83.3,10.0,"SerpAPI, Brave Search, Firecrawl, DevSite:Firecrawl"
18,Negócios · ERP para Pequenos Negócios,6,Controle de Estoque Fácil,com.cristianwdev.estoquefacil,Cristian Correia,suportccapps@gmail.com,https://app-ads-ce234.web.app/,Produtividade,4.85,572,261,10.000+,10000,26258,1,0,BRL,1,1,"R$ 9,90 por item",Classificação Livre,26 de dez. de 2024,1784228460,5.0.9,,"App eficiente para gestão de estoque, rastreie entradas, saídas em tempo real.",https://play.google.com/store/apps/details?id=com.cristianwdev.estoquefacil&hl=pt&gl=br,100,58,93,pequeno/indie,2398,20.12,71.85,233.52,44.55,388.0,240.56,média,25,4.96,100.0,0.0,"SerpAPI, Firecrawl"
18,Negócios · ERP para Pequenos Negócios,2,Controle de estoque - Kontro,com.br.kontro,Catálogo Virtual e Controle de Estoque - Kontro,oi@kontro.com.br,https://kontro.app,Negócios,4.85,294,210,50.000+,50000,59430,1,0,BRL,0,1,"R$ 39,90 – R$ 589,99 por item",Classificação Livre,27 de abr. de 2024,1782934821,2.9.11,,"Catálogo virtual, controle de vendas & estoque & fiados, PDV, lucro & custo",https://play.google.com/store/apps/details?id=com.br.kontro&hl=pt&gl=br,100,56,93,pequeno/indie,5706,1453.01,5189.31,16865.27,3217.38,28022.3,17373.83,média,25,4.84,96.0,4.0,"SerpAPI, Firecrawl"
14,Produtividade,8,Weeklo: Planejador Semanal,app.weeklo.weeklyplanner.schedule,Unique Pixel Studio,support@weeklo.app,https://weeklo.app/,Produtividade,4.909091,432,12,10.000+,10000,33081,1,0,BRL,0,1,"R$ 7,99 – R$ 299,99 por item",Classificação Livre,19 de dez. de 2025,1783119683,2.0.2,,"Planejador semanal simples para sua agenda semanal, tarefas e compromissos.",https://play.google.com/store/apps/details?id=app.weeklo.weeklyplanner.schedule&hl=pt&gl=br,100,58,93,pequeno/indie,2554,188.33,672.62,2186.02,417.03,3632.16,2251.94,baixa,13,4.85,92.3,0.0,"SerpAPI, ScrapingBee"
13,Produtividade,4,Weeklo: Planejador Semanal,app.weeklo.weeklyplanner.schedule,Unique Pixel Studio,support@weeklo.app,https://weeklo.app/,Produtividade,4.909091,432,12,10.000+,10000,33081,1,0,BRL,0,1,"R$ 7,99 – R$ 299,99 por item",Classificação Livre,19 de dez. de 2025,1783119683,2.0.2,,"Planejador semanal simples para sua agenda semanal, tarefas e compromissos.",https://play.google.com/store/apps/details?id=app.weeklo.weeklyplanner.schedule&hl=pt&gl=br,100,58,93,pequeno/indie,2554,188.33,672.62,2186.02,417.03,3632.16,2251.94,baixa,13,4.85,92.3,0.0,"SerpAPI, ScrapingBee"
12,Personalização,21,Ícone 3D Rolante Live Launcher,com.rollingicon.live.wallpaper.rollingapp,Radhe Radhe App,radheradhe062000@gmail.com,https://3drollingiconlivelauncher.blogspot.com,Personalização,4.7380953,6880,15,500.000+,500000,928091,1,0,BRL,1,0,,Classificação Livre,12 de abr. de 2026,1782216935,2.4,,Deixe sua tela divertida com ícones 3D rolantes e temas de launcher animados.,https://play.google.com/store/apps/details?id=com.rollingicon.live.wallpaper.rollingapp&hl=pt&gl=br,94,62,93,pequeno/indie,103734,68.88,246.02,799.56,118.09,1328.49,637.68,alta,25,4.48,92.0,8.0,"SerpAPI, ScrapingBee"
1,Jogos de Trivia,6,Jogo de Trivia - Teste de QI,trivia.game.question.answer.iq.quiz.test.free,"Appgeneration - Radio, Podcasts, Games",info@appgeneration.com,https://www.appgeneration.com,Conhecimentos,4.826923,763,80,50.000+,50000,85902,1,0,BRL,1,1,"R$ 6,49 – R$ 38,99 por item",Classificação Livre,2 de dez. de 2025,1782730467,1.4.3,,Avalia e cresce a tua cultura geral com perguntas ajustadas a ti!,https://play.google.com/store/apps/details?id=trivia.game.question.answer.iq.quiz.test.free&hl=pt&gl=br,100,59,93,pequeno/indie,7165,118.97,424.88,1380.88,263.43,2294.38,1422.51,média,25,4.48,84.0,12.0,"SerpAPI, ScrapingBee"
3,Ferramentas,19,Upload Labs - Computer Manager,com.enigmadev.uploadlabs,EnigmaDev Studios,enigmadev.studios@gmail.com,https://www.enigmadevstudios.com/,Simulador,4.6477275,2155,41,100.000+,100000,438403,1,0,BRL,1,1,"R$ 20,99 – R$ 49,99 por item",Classificação Livre,2 de out. de 2025,1781547280,2.2.12,,Gerenciador de computadores baseado em nós. Crie e otimize seu sistema operacional para salvar o universo.,https://play.google.com/store/apps/details?id=com.enigmadev.uploadlabs&hl=pt&gl=br,100,59,93,pequeno/indie,40048,1010.97,3610.6,11734.44,2238.57,19497.22,12088.28,média,25,4.76,96.0,4.0,"SerpAPI, ScrapingBee"
3,Esportes,10,Superscore: Resultados Ao Vivo,com.superscore,Sportening,help@superscore.live,http://superscore.live,Esportes,4.951002,7780,764,500.000+,500000,823065,1,0,BRL,1,0,,Classificação 14 anos,23 de jan. de 2025,1781793702,2.14.1,,"Copa do Mundo 2026 ao vivo — placar, escalações e grupos. Sem anúncios.",https://play.google.com/store/apps/details?id=com.superscore&hl=pt&gl=br,84,74,93,pequeno/indie,91429,60.71,216.83,704.71,104.08,1170.9,562.03,alta,25,4.8,96.0,4.0,"SerpAPI, ScrapingBee"
3,Produtividade,4,Weeklo: Planejador Semanal,app.weeklo.weeklyplanner.schedule,Unique Pixel Studio,support@weeklo.app,https://weeklo.app/,Produtividade,4.909091,432,12,10.000+,10000,33081,1,0,BRL,0,1,"R$ 7,99 – R$ 299,99 por item",Classificação Livre,19 de dez. de 2025,1783119683,2.0.2,,"Planejador semanal simples para sua agenda semanal, tarefas e compromissos.",https://play.google.com/store/apps/details?id=app.weeklo.weeklyplanner.schedule&hl=pt&gl=br,100,58,93,pequeno/indie,2554,188.33,672.62,2186.02,417.03,3632.16,2251.94,baixa,13,4.85,92.3,0.0,"SerpAPI, ScrapingBee"
1,Jogos de Cartas,7,CardGames.io: Play Card Games,io.cardgames.app,Red Ace Software,support@cardgames.io,https://cardgames.io,Cartas,4.633333,14244,9,100.000+,100000,407049,1,0,BRL,1,0,,Classificação Livre,9 de mar. de 2020,1775554638,1.36,,"Jogue mais de 40 jogos de cartas populares, paciência e jogos clássicos online e offline.",https://play.google.com/store/apps/details?id=io.cardgames.app&hl=pt&gl=br,100,56,93,pequeno/indie,30864,33.54,119.78,389.28,57.49,646.81,310.47,alta,13,3.92,69.2,23.1,"SerpAPI, ScrapingBee"
1,Jogos de Tabuleiro,15,2 Player Games - Offline,com.gamesoup.twoplayergames,Soup Ent,jovan@soupent.com,https://soupent.com/,Tabuleiros,4.43,2693,20,500.000+,500000,814957,1,0,BRL,1,1,"R$ 10,99 – R$ 27,99 por item",Classificação Livre,15 de mar. de 2025,1782134183,1.5.1,,Jogos sem Wi-Fi para 2 a 4 jogadores. Desafie seus amigos e familiares.,https://play.google.com/store/apps/details?id=com.gamesoup.twoplayergames&hl=pt&gl=br,92,66,93,pequeno/indie,69918,1006.94,3596.21,11687.69,2229.65,19419.55,12040.12,média,21,4.14,81.0,14.3,"SerpAPI, ScrapingBee"
3,Personalização,21,Ícone 3D Rolante Live Launcher,com.rollingicon.live.wallpaper.rollingapp,Radhe Radhe App,radheradhe062000@gmail.com,https://3drollingiconlivelauncher.blogspot.com,Personalização,4.7380953,6879,15,500.000+,500000,928091,1,0,BRL,1,0,,Classificação Livre,12 de abr. de 2026,1782216935,2.4,,Deixe sua tela divertida com ícones 3D rolantes e temas de launcher animados.,https://play.google.com/store/apps/details?id=com.rollingicon.live.wallpaper.rollingapp&hl=pt&gl=br,94,62,93,pequeno/indie,103734,68.88,246.02,799.56,118.09,1328.49,637.68,alta,25,4.48,92.0,8.0,"SerpAPI, ScrapingBee"
3,Notícias e Revistas,14,Hube Jornais,tv.bennu.hube,Bennu TV do Brasil,atendimento@hubeapp.com.br,https://www.hubeapp.com.br,Notícias e revistas,4.559908,8696,2480,100.000+,100000,363366,1,0,BRL,0,1,"R$ 20,99 por item",Classificação Livre,9 de jan. de 2019,1781551963,8.1.11,,Os principais jornais do país e muito mais.,https://play.google.com/store/apps/details?id=tv.bennu.hube&hl=pt&gl=br,100,56,93,pequeno/indie,38660,343.67,1227.38,3988.99,760.98,6627.86,4109.27,alta,25,4.56,92.0,4.0,"SerpAPI, ScrapingBee"
3,Música e Áudio,20,Harmonify - MP3 & Online Music,com.nova.groovy,nova tech,freeinfonewz@gmail.com,https://www.novatech-apps.com/,Música e áudio,4.40625,332,17,10.000+,10000,42261,1,0,BRL,1,1,"R$ 2,99 – R$ 11,99 por item",Classificação 12 anos,21 de nov. de 2024,1776604526,1.0.0,,"Transmita músicas, podcasts, audiolivros e reproduza músicas locais offline.",https://play.google.com/store/apps/details?id=com.nova.groovy&hl=pt&gl=br,100,57,93,pequeno/indie,3011,10.5,37.51,121.9,23.25,202.54,125.57,média,16,4.44,87.5,6.2,"SerpAPI, ScrapingBee"
3,Mapas e Navegação,11,Mapa GPS: planejador de rotas,com.gpsnavigation.maps.driving.directions.routeplanner,VidaTech,TikDSaverTool@gmail.com,https://www.vidatool.com/,Mapas e navegação,4.732673,4484,112,1.000.000+,1000000,1173156,1,0,BRL,1,1,"R$ 5,99 – R$ 74,99 por item",Classificação Livre,20 de abr. de 2023,1779671052,1.7.14,,"Mapas GPS de navegação App, seu próprio planejador de rotas em tempo real",https://play.google.com/store/apps/details?id=com.gpsnavigation.maps.driving.directions.routeplanner&hl=pt&gl=br,100,59,93,pequeno/indie,110585,1969.69,7034.62,22862.51,4361.46,37986.95,23551.91,média,25,4.04,76.0,24.0,"SerpAPI, ScrapingBee"
3,Bibliotecas e Demonstrações,15,D&D 5e Compêndio dos Monstros,br.alexandregpereira.hunter.app,Alexandre G Pereira,alexandregpereira.dev@gmail.com,https://alexandregpereira.github.io/,Livros e referências,4.62,279,69,50.000+,50000,62604,1,0,BRL,0,1,"R$ 4,99 por item",Classificação 12 anos,13 de nov. de 2022,1783027465,26.07.02932,,"Guia completo de monstros para D&D 5e com blocos, imagens, magias e mitologia.",https://play.google.com/store/apps/details?id=br.alexandregpereira.hunter.app&hl=pt&gl=br,100,57,93,pequeno/indie,6029,12.74,45.51,147.9,28.22,245.75,152.36,média,25,4.36,80.0,8.0,"SerpAPI, ScrapingBee"
1,Esportes,9,Superscore: Resultados Ao Vivo,com.superscore,Sportening,help@superscore.live,http://superscore.live,Esportes,4.951002,7779,764,500.000+,500000,823065,1,0,BRL,1,0,,Classificação 14 anos,23 de jan. de 2025,1781793702,2.14.1,,"Copa do Mundo 2026 ao vivo — placar, escalações e grupos. Sem anúncios.",https://play.google.com/store/apps/details?id=com.superscore&hl=pt&gl=br,84,74,93,pequeno/indie,91429,60.71,216.83,704.71,104.08,1170.9,562.03,alta,25,4.8,96.0,4.0,"SerpAPI, ScrapingBee"
3,Saúde e Fitness,12,PersonalGO Fitness e Personal,com.personalgo.rnapp,PersonalGO,contato@personalgo.com.br,https://www.personalgo.com.br/,Saúde e fitness,4.86,873,82,100.000+,100000,193952,1,0,BRL,1,1,"R$ 9,90 – R$ 599,90 por item",Classificação 12 anos,2 de ago. de 2024,1781344200,7.9.0,,App fitness grátis para personal e alunos: treinos em casa ou na academia.,https://play.google.com/store/apps/details?id=com.personalgo.rnapp&hl=pt&gl=br,100,57,93,pequeno/indie,19937,3528.7,12602.48,40958.08,7813.54,68053.42,42193.12,média,25,4.04,72.0,16.0,"SerpAPI, ScrapingBee"
3,Gastronomia,5,Diggy: Cardápio e Delivery,tech.blackatom.diggy,Black Atom Inc.,vitor.lima@blackatom.tech,https://www.diggy.menu/,Ferramentas,4.82,513,373,50.000+,50000,79943,1,0,BRL,0,1,"R$ 49,90 – R$ 139,90 por item",Classificação Livre,2 de nov. de 2021,1782432731,3.2.560,,"App para delivery, cardápio digital e PDV para bares e hamburguerias",https://play.google.com/store/apps/details?id=tech.blackatom.diggy&hl=pt&gl=br,100,58,93,pequeno/indie,7811,313.96,1121.27,3644.13,695.19,6054.87,3754.02,média,25,4.6,88.0,8.0,"SerpAPI, ScrapingBee"
1,Personalização,8,Ícone 3D Rolante Live Launcher,com.rollingicon.live.wallpaper.rollingapp,Radhe Radhe App,radheradhe062000@gmail.com,https://3drollingiconlivelauncher.blogspot.com,Personalização,4.7380953,6880,15,500.000+,500000,928091,1,0,BRL,1,0,,Classificação Livre,12 de abr. de 2026,1782216935,2.4,,Deixe sua tela divertida com ícones 3D rolantes e temas de launcher animados.,https://play.google.com/store/apps/details?id=com.rollingicon.live.wallpaper.rollingapp&hl=pt&gl=br,94,62,93,pequeno/indie,103734,68.88,246.02,799.56,118.09,1328.49,637.68,alta,25,4.48,92.0,8.0,"SerpAPI, ScrapingBee"
3,Entretenimento,19,GoFan - Filmes e Séries,com.gofanfilmeseseries,NEXPLAY Desenvolvedor,desenvolverappandroid@gmail.com,https://nextplay.pllsoft.com.br/,Entretenimento,4.617647,296,150,10.000+,10000,24637,1,0,BRL,1,1,"R$ 8,00 – R$ 35,00 por item",Classificação 14 anos,9 de abr. de 2026,1783056880,1.0.47,,"Descubra filmes e séries com resumos, trailers, elenco e notas do IMDB.",https://play.google.com/store/apps/details?id=com.gofanfilmeseseries&hl=pt&gl=br,100,57,93,pequeno/indie,2241,21.89,78.2,254.14,48.48,422.26,261.8,média,25,4.68,92.0,8.0,"SerpAPI, ScrapingBee"
3,Entretenimento,17,MegaVizzer - Filmes e Séries,com.megavizzer.guide,SOLFR APPS,solangefr@virgilian.com,https://megavizzer.faz-o-eli.online,Entretenimento,4.643293,3165,350,50.000+,50000,89952,1,0,BRL,1,0,,Classificação Livre,20 de fev. de 2026,1778577938,4.6.2,,Um guia completo para acompanhar filmes e series,https://play.google.com/store/apps/details?id=com.megavizzer.guide&hl=pt&gl=br,100,57,93,pequeno/indie,7375,4.45,15.9,51.68,7.63,85.87,41.22,média,25,4.36,84.0,12.0,"SerpAPI, ScrapingBee"
1,Mapas e Navegação,11,Mapa GPS: planejador de rotas,com.gpsnavigation.maps.driving.directions.routeplanner,VidaTech,TikDSaverTool@gmail.com,https://www.vidatool.com/,Mapas e navegação,4.732673,4483,112,1.000.000+,1000000,1173156,1,0,BRL,1,1,"R$ 5,99 – R$ 74,99 por item",Classificação Livre,20 de abr. de 2023,1779671052,1.7.14,,"Mapas GPS de navegação App, seu próprio planejador de rotas em tempo real",https://play.google.com/store/apps/details?id=com.gpsnavigation.maps.driving.directions.routeplanner&hl=pt&gl=br,100,59,93,pequeno/indie,110585,1969.69,7034.62,22862.51,4361.46,37986.95,23551.91,média,25,4.04,76.0,24.0,"SerpAPI, ScrapingBee"
1,Estilo de Vida,6,Habit Hunter: Gamified Routine,co.au.goalhero,Active User Studio,activeuser.co.jp@gmail.com,https://habithunter.activeuser.co,Produtividade,4.61,3522,57,50.000+,50000,93863,1,0,BRL,1,1,"R$ 5,49 – R$ 314,99 por item",Classificação Livre,30 de dez. de 2018,1778931627,1.6.0,,Transforme sua rotina diária em um jogo! Eleve sua vida a um novo patamar com este incrível rastreador de hábitos no estilo RPG.,https://play.google.com/store/apps/details?id=co.au.goalhero&hl=pt&gl=br,100,57,93,pequeno/indie,7715,830.18,2964.94,9636.06,1838.26,16010.69,9926.63,média,25,4.44,88.0,8.0,"SerpAPI, ScrapingBee"
1,Entretenimento,11,MegaVizzer - Filmes e Séries,com.megavizzer.guide,SOLFR APPS,solangefr@virgilian.com,https://megavizzer.faz-o-eli.online,Entretenimento,4.643293,3165,350,50.000+,50000,89952,1,0,BRL,1,0,,Classificação Livre,20 de fev. de 2026,1778577938,4.6.2,,Um guia completo para acompanhar filmes e series,https://play.google.com/store/apps/details?id=com.megavizzer.guide&hl=pt&gl=br,100,57,93,pequeno/indie,7375,4.45,15.9,51.68,7.63,85.87,41.22,média,25,4.36,84.0,12.0,"SerpAPI, ScrapingBee"
29,Personalização · Ícones e Temas,14,Juno Icon Pack,studio14.application.juno,One4Studio,info@one4studio.com,http://www.one4studio.com,Personalização,4.4947367,1215,42,100.000+,100000,319928,1,0,BRL,0,1,"R$ 8,99 – R$ 249,99 por item",Classificação Livre,26 de nov. de 2018,1784218314,7.6.1,,"Juno pacote de ícones consistem em ícones coloridos e modernos, com alguns gradientes agradáveis.",https://play.google.com/store/apps/details?id=studio14.application.juno&hl=pt&gl=br,100,54,92,pequeno/indie,30732,1685.34,6019.07,19561.97,3731.82,32502.97,20151.84,média,25,4.52,84.0,8.0,"SerpAPI, Firecrawl"
29,Personalização · Launchers,9,Octopi Launcher,com.otp.octopilauncher,OctopiAppFactory,octopiappfactory@gmail.com,,Personalização,4.5531917,1468,33,100.000+,100000,164707,1,0,BRL,0,1,"R$ 4,89 – R$ 16,99 por item",Classificação Livre,27 de mai. de 2025,1784127469,1.842,,O lançador que tenta ser diferente,https://play.google.com/store/apps/details?id=com.otp.octopilauncher&hl=pt&gl=br,100,54,92,pequeno/indie,16777,77.73,277.61,902.22,172.12,1499.08,929.43,média,25,4.6,88.0,0.0,"SerpAPI, Firecrawl"
29,Personalização · Launchers,6,Simple Launcher - Home Screen,com.simpleapp.simplelauncher,NTS.Dev,ntsdevs@gmail.com,https://simpleappdesignvn.blogspot.com,Personalização,4.476923,23796,586,1.000.000+,1000000,1267686,1,0,BRL,1,1,"R$ 5,99 – R$ 80,99 por item",Classificação Livre,12 de ago. de 2024,1782920729,3.2.3,,Simple Launcher é a melhor experiência na tela inicial,https://play.google.com/store/apps/details?id=com.simpleapp.simplelauncher&hl=pt&gl=br,94,58,92,pequeno/indie,130871,2497.29,8918.89,28986.39,5529.71,48162.0,29860.44,alta,25,4.72,92.0,8.0,"SerpAPI, Firecrawl"
29,Personalização · Papéis de Parede,25,Vídeo Papel de Parede Animado,com.smartappcraft.video.wallpaper.maker,Smart App Craft,smartappcraft@gmail.com,https://myvideo.smartappcraft.com/,Personalização,4.6237626,8807,379,500.000+,500000,666312,1,0,BRL,0,1,"R$ 19,99 – R$ 49,99 por item",Classificação Livre,22 de fev. de 2025,1779470355,3.14,,Transforme vídeos em wallpapers animados. Imagens de fundo 4K e temas incríveis.,https://play.google.com/store/apps/details?id=com.smartappcraft.video.wallpaper.maker&hl=pt&gl=br,94,58,92,pequeno/indie,61007,821.85,2935.16,9539.28,1819.8,15849.88,9826.93,alta,25,4.4,88.0,12.0,"SerpAPI, Firecrawl"
29,Personalização · Papéis de Parede,18,Chill Live Wallpaper,com.chilllive.chillwallpaperproject,Chill Live,support@chillstudioapps.com,https://github.com/ChillLive/ChillLiveWallpaperProject,Personalização,4.5625,1282,11,100.000+,100000,207054,1,0,BRL,0,1,"R$ 5,49 – R$ 109,99 por item",Classificação Livre,10 de jul. de 2023,1782140819,1.2.3,,"Seu papel de parede animado muda com o tempo e o clima. Minimalista, tranquilo e econômico em termos de bateria.",https://play.google.com/store/apps/details?id=com.chilllive.chillwallpaperproject&hl=pt&gl=br,100,52,92,pequeno/indie,21362,522.37,1865.6,6063.21,1156.67,10074.25,6246.03,média,11,5.0,100.0,0.0,"SerpAPI, Firecrawl"
29,Negócios · ERP para Pequenos Negócios,20,Estoque Simples,br.com.gameloop.estoquesimples,André F.,andre@gameloop.com.br,https://andrefortunato.dev.br,Produtividade,4.498371,3090,1621,100.000+,100000,176186,1,0,BRL,1,1,"R$ 12,99 por item",Classificação Livre,2 de jan. de 2017,1783540913,17,,"Facilita o controle do seu estoque de forma simples, rápida e eficiente.",https://play.google.com/store/apps/details?id=br.com.gameloop.estoquesimples&hl=pt&gl=br,100,55,92,pequeno/indie,16376,174.4,622.85,2024.28,386.17,3363.41,2085.32,média,25,3.88,68.0,20.0,"SerpAPI, Firecrawl"
29,Negócios · CRM e Vendas,24,Bigin by Zoho CRM,com.zoho.bigin,Zoho Corporation,bigin@zohomobile.com,https://www.zoho.com/bigin/,Negócios,4.732673,2531,117,500.000+,500000,587155,1,0,BRL,0,1,"R$ 45,99 – R$ 1.499,99 por item",Classificação Livre,11 de dez. de 2019,1783670171,2.0.5,,Sales CRM for Small Businesses,https://play.google.com/store/apps/details?id=com.zoho.bigin&hl=pt&gl=br,92,60,92,pequeno/indie,64086,2530.06,9035.92,29366.75,5602.27,48793.98,30252.27,média,25,4.8,96.0,4.0,"SerpAPI, Firecrawl"
29,Negócios · CRM e Vendas,3,Pocket CRM - Clientes e Leads,com.mindweaver.pocketcrm,VividSphere LLP,contact@vividsphere.co,https://vividsphere.co,Negócios,4.571429,1436,10,100.000+,100000,111015,1,0,BRL,0,1,"R$ 19,99 – R$ 179,00 por item",Classificação Livre,5 de jul. de 2020,1783348699,4.5.1,,"CRM para Pequenos Negócios: Gerencie Leads, Contatos, Impulsione Vendas",https://play.google.com/store/apps/details?id=com.mindweaver.pocketcrm&hl=pt&gl=br,100,53,92,pequeno/indie,11056,889.44,3176.58,10323.89,1969.48,17153.54,10635.2,média,11,3.36,45.5,27.3,"SerpAPI, Firecrawl"
20,"Busca: ""wallet""",57,Unstoppable: Easy Self Custody,io.horizontalsystems.bankwallet,Horizontal Systems,hsdao@protonmail.ch,https://horizontalsystems.io/,Finanças,4.4246573,1844,41,100.000+,100000,123646,1,0,BRL,0,1,"R$ 28,99 – R$ 1.149,99 por item",Classificação Livre,18 de dez. de 2018,1783661408,0.49.1,,"Self custody wallet, no KYC. Swap Monero, Zcash & 200+ crypto. Open source.",https://play.google.com/store/apps/details?id=io.horizontalsystems.bankwallet&hl=pt&gl=br,100,54,92,pequeno/indie,11264,429.39,1533.54,4984.0,950.79,8281.1,5134.28,média,25,3.88,72.0,24.0,"SerpAPI, Firecrawl"
18,Negócios · ERP para Pequenos Negócios,16,Estoque Simples,br.com.gameloop.estoquesimples,André F.,andre@gameloop.com.br,https://andrefortunato.dev.br,Produtividade,4.498371,3090,1621,100.000+,100000,176186,1,0,BRL,1,1,"R$ 12,99 por item",Classificação Livre,2 de jan. de 2017,1783540913,17,,"Facilita o controle do seu estoque de forma simples, rápida e eficiente.",https://play.google.com/store/apps/details?id=br.com.gameloop.estoquesimples&hl=pt&gl=br,100,55,92,pequeno/indie,16376,174.4,622.85,2024.28,386.17,3363.41,2085.32,média,25,3.88,68.0,20.0,"SerpAPI, Firecrawl"
15,Produtividade,21,Notas do calendário,com.asyncbyte.calendar.notes,AsyncByte Software,AsyncByte@gmail.com,http://www.asyncbyte-software.com/,Produtividade,4.53,2755,134,1.000.000+,1000000,1118142,1,0,BRL,1,0,,Classificação Livre,6 de jan. de 2017,1779948839,1.0.34,,Aplicação de anotações de calendário simples e fácil de usar.,https://play.google.com/store/apps/details?id=com.asyncbyte.calendar.notes&hl=pt&gl=br,100,52,92,pequeno/indie,105142,120.6,430.71,1399.8,206.74,2325.82,1116.39,média,25,4.6,84.0,0.0,"SerpAPI, ScrapingBee"
14,Produtividade,18,Notas do calendário,com.asyncbyte.calendar.notes,AsyncByte Software,AsyncByte@gmail.com,http://www.asyncbyte-software.com/,Produtividade,4.53,2755,134,1.000.000+,1000000,1118142,1,0,BRL,1,0,,Classificação Livre,6 de jan. de 2017,1779948839,1.0.34,,Aplicação de anotações de calendário simples e fácil de usar.,https://play.google.com/store/apps/details?id=com.asyncbyte.calendar.notes&hl=pt&gl=br,100,52,92,pequeno/indie,105142,120.6,430.71,1399.8,206.74,2325.82,1116.39,média,25,4.6,84.0,0.0,"SerpAPI, ScrapingBee"
9,Notícias e Revistas,6,Jornais Brasileiros,com.diariosbrasil,JpCrow,cuervojuanpablo@gmail.com,http://jpcrow.com.ar/,Notícias e revistas,4.79,615,287,10.000+,10000,35373,1,0,BRL,1,0,,Classificação Livre,15 de mai. de 2016,1778246617,28.0,,Todos os Jornais e revistas do Brasil. Jornais Brasilerios,https://play.google.com/store/apps/details?id=com.diariosbrasil&hl=pt&gl=br,100,54,92,pequeno/indie,2742,1.66,5.91,19.22,2.84,31.93,15.33,média,25,4.84,100.0,0.0,"SerpAPI, ScrapingBee"
13,Produtividade,3,Notas do calendário,com.asyncbyte.calendar.notes,AsyncByte Software,AsyncByte@gmail.com,http://www.asyncbyte-software.com/,Produtividade,4.53,2755,134,1.000.000+,1000000,1118142,1,0,BRL,1,0,,Classificação Livre,6 de jan. de 2017,1779948839,1.0.34,,Aplicação de anotações de calendário simples e fácil de usar.,https://play.google.com/store/apps/details?id=com.asyncbyte.calendar.notes&hl=pt&gl=br,100,52,92,pequeno/indie,105142,120.6,430.71,1399.8,206.74,2325.82,1116.39,média,25,4.6,84.0,0.0,"SerpAPI, ScrapingBee"
10,Produtividade,11,Notas do calendário,com.asyncbyte.calendar.notes,AsyncByte Software,AsyncByte@gmail.com,http://www.asyncbyte-software.com/,Produtividade,4.53,2755,134,1.000.000+,1000000,1118142,1,0,BRL,1,0,,Classificação Livre,6 de jan. de 2017,1779948839,1.0.34,,Aplicação de anotações de calendário simples e fácil de usar.,https://play.google.com/store/apps/details?id=com.asyncbyte.calendar.notes&hl=pt&gl=br,100,52,92,pequeno/indie,105142,120.6,430.71,1399.8,206.74,2325.82,1116.39,média,25,4.6,84.0,0.0,"SerpAPI, ScrapingBee"
3,Clima,25,Clima & Radar - Previsão Tempo,com.deeporbit.regenradarlivenl,Deep Orbit,info@deeporbit.ai,https://deeporbit.ai,Clima,4.928571,2896,11,100.000+,100000,245767,1,0,BRL,1,1,"R$ 8,99 – R$ 59,99 por item",Classificação Livre,18 de mar. de 2026,,Varies with device,,"Grátis radar de chuva ao vivo, clima 14 dias, alertas de tempestade e calor",https://play.google.com/store/apps/details?id=com.deeporbit.regenradarlivenl&hl=pt&gl=br,100,53,92,pequeno/indie,21331,213.21,761.48,2474.81,472.12,4112.0,2549.44,média,10,4.5,80.0,10.0,"SerpAPI, ScrapingBee"
1,Jogos Casuais,12,Buraco Negro -Hole Swallow All,com.funspace.holeswallow,FunSpace,tinytapgame@gmail.com,https://www.minigame.io,Casuais,4.846847,16725,65,1.000.000+,1000000,1604853,1,0,BRL,1,1,"R$ 4,79 – R$ 519,99 por item",Classificação Livre,26 de jun. de 2025,1780638343,1.2.8,,"Absorva objetos, faça seu buraco negro crescer — jogo divertido e viciante.",https://play.google.com/store/apps/details?id=com.funspace.holeswallow&hl=pt&gl=br,79,74,92,pequeno/indie,156753,19385.19,69232.83,225006.69,42924.35,373857.27,231791.51,alta,25,4.2,76.0,12.0,"SerpAPI, ScrapingBee"
3,Produtividade,3,Notas do calendário,com.asyncbyte.calendar.notes,AsyncByte Software,AsyncByte@gmail.com,http://www.asyncbyte-software.com/,Produtividade,4.53,2755,134,1.000.000+,1000000,1118142,1,0,BRL,1,0,,Classificação Livre,6 de jan. de 2017,1779948839,1.0.34,,Aplicação de anotações de calendário simples e fácil de usar.,https://play.google.com/store/apps/details?id=com.asyncbyte.calendar.notes&hl=pt&gl=br,100,52,92,pequeno/indie,105142,120.6,430.71,1399.8,206.74,2325.82,1116.39,média,25,4.6,84.0,0.0,"SerpAPI, ScrapingBee"
1,Jogos Arcade,8,RETRODY : Jogos Arcade Retrô,com.sjkim.retrodyssey,sungjun221,retrodysseyapp@gmail.com,https://retrody.com,Arcade,4.5,1230,21,100.000+,100000,145047,1,0,BRL,1,1,"R$ 14,99 – R$ 109,90 por item",Classificação Livre,17 de fev. de 2025,1782465950,0.5.5,,Uma jornada retrô cheia de nostalgia nos clássicos jogos de arcade,https://play.google.com/store/apps/details?id=com.sjkim.retrodyssey&hl=pt&gl=br,100,53,92,pequeno/indie,12468,542.48,1937.44,6296.66,1201.21,10462.15,6486.53,média,24,4.21,79.2,20.8,"SerpAPI, ScrapingBee"
3,Paternidade,16,Yoga pré-natal y pós-parto,com.momslab.app,MomsLab Limited,support@momslab.app,https://momslab.app,Saúde e fitness,4.768293,2943,11,100.000+,100000,207354,1,0,BRL,0,1,"R$ 7,49 – R$ 449,99 por item",Classificação Livre,16 de dez. de 2020,1775385197,0.9.117,,"Exercícios para gestantes, yoga durante a gravidez. Emagrecer durante pós-parto",https://play.google.com/store/apps/details?id=com.momslab.app&hl=pt&gl=br,100,53,92,pequeno/indie,17829,2141.07,7646.67,24851.69,4740.94,41292.04,25601.07,média,11,4.09,81.8,18.2,"SerpAPI, ScrapingBee"
3,Notícias e Revistas,8,Jornais Brasileiros,com.diariosbrasil,JpCrow,cuervojuanpablo@gmail.com,http://jpcrow.com.ar/,Notícias e revistas,4.79,615,287,10.000+,10000,35373,1,0,BRL,1,0,,Classificação Livre,15 de mai. de 2016,1778246617,28.0,,Todos os Jornais e revistas do Brasil. Jornais Brasilerios,https://play.google.com/store/apps/details?id=com.diariosbrasil&hl=pt&gl=br,100,54,92,pequeno/indie,2742,1.66,5.91,19.22,2.84,31.93,15.33,média,25,4.84,100.0,0.0,"SerpAPI, ScrapingBee"
3,Estilo de Vida,6,Habitude: Hábitos e Rotina,com.savemytime,Bumpti Inc,support@habitude.com.br,http://www.habitude.com.br,Produtividade,4.529126,2561,695,100.000+,100000,139058,1,0,BRL,1,1,"R$ 14,99 – R$ 53,99 por item",Classificação Livre,23 de jul. de 2019,1783016217,3.8.4,,"Rastreador de hábitos e metas. Gamifique sua rotina, mantenha o foco e o TDAH.",https://play.google.com/store/apps/details?id=com.savemytime&hl=pt&gl=br,100,55,92,pequeno/indie,14029,370.05,1321.61,4295.23,819.4,7136.69,4424.75,média,25,4.0,76.0,20.0,"SerpAPI, ScrapingBee"
1,Produtividade,5,Notas do calendário,com.asyncbyte.calendar.notes,AsyncByte Software,AsyncByte@gmail.com,http://www.asyncbyte-software.com/,Produtividade,4.53,2755,134,1.000.000+,1000000,1118142,1,0,BRL,1,0,,Classificação Livre,6 de jan. de 2017,1779948839,1.0.34,,Aplicação de anotações de calendário simples e fácil de usar.,https://play.google.com/store/apps/details?id=com.asyncbyte.calendar.notes&hl=pt&gl=br,100,52,92,pequeno/indie,105142,120.6,430.71,1399.8,206.74,2325.82,1116.39,média,25,4.6,84.0,0.0,"SerpAPI, ScrapingBee"
3,Finanças,15,Finclass - Aprenda a Investir,com.finclass.app,O Grupo Primo,suporte@finclass.com,https://finclass.com/,Educação,4.823315,11211,1865,100.000+,100000,296463,1,0,BRL,0,1,"R$ 0,99 – R$ 479,99 por item",Classificação Livre,30 de jul. de 2021,1774374297,4.15.0,,Aprenda finanças com os maiores especialistas do mercado financeiro mundial,https://play.google.com/store/apps/details?id=com.finclass.app&hl=pt&gl=br,100,55,92,pequeno/indie,25997,2407.06,8596.64,27939.07,5329.91,46421.84,28781.54,alta,25,4.28,80.0,12.0,"SerpAPI, ScrapingBee"
1,Notícias e Revistas,5,Jornais Brasileiros,com.diariosbrasil,JpCrow,cuervojuanpablo@gmail.com,http://jpcrow.com.ar/,Notícias e revistas,4.79,615,287,10.000+,10000,35373,1,0,BRL,1,0,,Classificação Livre,15 de mai. de 2016,1778246617,28.0,,Todos os Jornais e revistas do Brasil. Jornais Brasilerios,https://play.google.com/store/apps/details?id=com.diariosbrasil&hl=pt&gl=br,100,54,92,pequeno/indie,2742,1.66,5.91,19.22,2.84,31.93,15.33,média,25,4.84,100.0,0.0,"SerpAPI, ScrapingBee"
3,Eventos,1,Planejador de Eventos e Festas,app.topevent.android,Wedding Planner App,info@topevent.app,https://topevent.app/,Eventos,4.66,1192,63,100.000+,100000,298906,1,0,BRL,1,1,"R$ 9,49 – R$ 159,99 por item",Classificação Livre,18 de ago. de 2022,1777540544,4.11.46,,"Planejador de eventos para qualquer feriado: casamento, aniversário, Natal.",https://play.google.com/store/apps/details?id=app.topevent.android&hl=pt&gl=br,100,54,92,pequeno/indie,26223,871.36,3112.01,10114.03,1929.45,16804.85,10419.01,média,25,4.6,88.0,8.0,"SerpAPI, ScrapingBee"
3,Comunicação,6,AI Phone: Tradução de Chamadas,com.aiphone.secondphonenumber,AI Phone Call,info@aiphone.ai,https://www.aiphone.ai,Comunicação,4.5,83565,243,1.000.000+,1000000,1325661,1,0,BRL,0,1,"R$ 14,99 – R$ 484,99 por item",Classificação Livre,14 de mar. de 2024,1781786941,3.31.0,,"Traduzir Voz, Chamadas Telefônicas e Videochamadas do WhatsApp",https://play.google.com/store/apps/details?id=com.aiphone.secondphonenumber&hl=pt&gl=br,84,70,92,pequeno/indie,150881,15973.95,57049.81,185411.9,35370.88,308069.0,191002.78,alta,25,3.84,68.0,28.0,"SerpAPI, ScrapingBee"
1,Eventos,2,Planejador de Eventos e Festas,app.topevent.android,Wedding Planner App,info@topevent.app,https://topevent.app/,Eventos,4.66,1192,63,100.000+,100000,298906,1,0,BRL,1,1,"R$ 9,49 – R$ 159,99 por item",Classificação Livre,18 de ago. de 2022,1777540544,4.11.46,,"Planejador de eventos para qualquer feriado: casamento, aniversário, Natal.",https://play.google.com/store/apps/details?id=app.topevent.android&hl=pt&gl=br,100,54,92,pequeno/indie,26223,871.36,3112.01,10114.03,1929.45,16804.85,10419.01,média,25,4.6,88.0,8.0,"SerpAPI, ScrapingBee"
3,Arte e Design,9,Pixel Brush: Pixel Art Drawing,com.jaween.paint,Jaween Ediriweera,pixelbrush.app@gmail.com,https://pixelbrush.app,Ferramentas,4.6923075,7770,425,500.000+,500000,935853,1,0,BRL,0,1,"R$ 2,39 – R$ 14,99 por item",Classificação Livre,13 de jun. de 2018,1779696405,2.1.22,,"Desenho de 8 bits, hobby de colorir para fazer jogos de pixel art e merchandising. Apoio Aseprite!",https://play.google.com/store/apps/details?id=com.jaween.paint&hl=pt&gl=br,94,60,92,pequeno/indie,87205,320.94,1146.2,3725.15,710.64,6189.49,3837.48,alta,25,4.52,92.0,4.0,"SerpAPI, ScrapingBee"
29,Negócios · ERP para Pequenos Negócios,3,Mobile Inventory: Contagem,ro.bino.inventory,Bino Solutions,support@mobileinventory.net,https://www.mobileinventory.net,Negócios,4.6831684,2036,32,500.000+,500000,558836,1,0,BRL,0,1,"R$ 7,88 – R$ 2.199,99 por item",Classificação Livre,20 de out. de 2015,1782375681,Montsant - 7.5.p17,,"Contagem de estoque em equipe, leitura de códigos de barras e controle offline.",https://play.google.com/store/apps/details?id=ro.bino.inventory&hl=pt&gl=br,92,59,91,pequeno/indie,60837,1788.42,6387.21,20758.43,3960.07,34490.93,21384.38,média,25,4.64,92.0,0.0,"SerpAPI, Firecrawl"
30,Arte e Design · Livros de Colorir,22,Serene Color: Color by Number,com.coloring.games.color.by.numbers.holiday,Joyarc Coloring Games,palgames.feedback@gmail.com,http://web.palgames.io/,Tabuleiros,4.5,501,2,50.000+,50000,99252,1,0,BRL,1,1,"R$ 5,49 – R$ 214,99 por item",Classificação Livre,16 de out. de 2025,1783249720,1.1.7,,Relaxe com a serenidade de um livro de colorir por números. Desfrute de uma leitura tranquila com este livro.,https://play.google.com/store/apps/details?id=com.coloring.games.color.by.numbers.holiday&hl=pt&gl=br,100,51,91,pequeno/indie,8348,633.59,2262.84,7354.22,1402.96,12219.32,7575.98,média,2,5.0,100.0,0.0,"SerpAPI, Firecrawl"
26,"Busca: ""bitcoin""",49,Proton Wallet: Secure Bitcoin,me.proton.wallet.android,Proton AG,support@protonmail.zendesk.com,https://proton.me,Finanças,4.552239,781,17,100.000+,100000,164199,1,0,BRL,0,1,"R$ 36,99 – R$ 879,99 por item",Classificação Livre,4 de fev. de 2025,1779096331,1.2.7,,"Uma carteira BTC segura e com autocustódia, protegida pela criptografia E2E do Proton Mail",https://play.google.com/store/apps/details?id=me.proton.wallet.android&hl=pt&gl=br,100,48,91,pequeno/indie,,,,,,,,,,,,,
23,"Busca: ""rifa""",12,"Sorteador: rifas, números e +",br.com.well.sortear,Maxwell Freire,maxwell201414@gmail.com,https://maxwellplaypoliticaprivacidade.blogspot.com/,Ferramentas,4.790944,10503,5322,500.000+,500000,738023,1,0,BRL,1,1,"R$ 2,99 – R$ 4,99 por item",Classificação Livre,9 de abr. de 2020,1776653180,137.0,,Agora ficou mais fácil sortear diversos tipos de sorteios em um só aplicativo.,https://play.google.com/store/apps/details?id=br.com.well.sortear&hl=pt&gl=br,94,56,91,pequeno/indie,67934,145.37,519.17,1687.3,321.89,2803.51,1738.18,alta,150,4.77,96.0,3.3,"SerpAPI, Brave Search, Firecrawl, DevSite:ScrapingAnt"
23,"Busca: ""rifa""",3,Rifa Fácil: Sorteio Online,com.code2apps.rifa,Code Fusion Tech,codefusiontechsolutions@gmail.com,https://codefusion.digital,Ferramentas,4.452145,10221,482,500.000+,500000,535429,1,0,BRL,0,1,"R$ 4,99 – R$ 99,99 por item",Classificação Livre,20 de ago. de 2023,1781051514,1.3.66,,Gerador de 100 números de sorteios cartelas e bilhetes e nome personalizado,https://play.google.com/store/apps/details?id=com.code2apps.rifa&hl=pt&gl=br,94,54,91,pequeno/indie,44058,979.41,3497.88,11368.12,2168.69,18888.56,11710.91,alta,150,4.23,79.3,16.0,"SerpAPI, Brave Search, Firecrawl, DevSite:Firecrawl"
22,"Busca: ""carteira""",7,Carteira & Cartões Fidelidade,com.cards.wallet.cardsapp,SUNMARE DIGITAL TEKNOLOJI YAZILIM SANAYI TICARET,info@sunmaredijital.com,https://sunmaredijital.net/,Produtividade,4.4741783,18624,76,1.000.000+,1000000,1155837,1,0,BRL,0,1,"R$ 48,99 – R$ 559,99 por item",Classificação Livre,1 de jul. de 2025,1779207206,1.1.1,,Carteira & cartões segurança: códigos QR & barras e digitalizar cartão fácil.,https://play.google.com/store/apps/details?id=com.cards.wallet.cardsapp&hl=pt&gl=br,84,65,91,pequeno/indie,98973,20040.66,71573.78,232614.78,44375.74,386498.4,239629.01,alta,82,3.23,53.7,41.5,"SerpAPI, Brave Search, Firecrawl, DevSite:Firecrawl"
20,"Busca: ""wallet""",13,Proton Wallet: Secure Bitcoin,me.proton.wallet.android,Proton AG,support@protonmail.zendesk.com,https://proton.me,Finanças,4.552239,780,17,100.000+,100000,164199,1,0,BRL,0,1,"R$ 36,99 – R$ 879,99 por item",Classificação Livre,4 de fev. de 2025,1779096331,1.2.7,,"Uma carteira BTC segura e com autocustódia, protegida pela criptografia E2E do Proton Mail",https://play.google.com/store/apps/details?id=me.proton.wallet.android&hl=pt&gl=br,100,48,91,pequeno/indie,13935,5143.35,18369.09,59699.55,11388.84,99193.1,61499.72,média,17,3.88,70.6,29.4,"SerpAPI, Firecrawl"
20,"Busca: ""wallet""",10,Carteira & Cartões Fidelidade,com.cards.wallet.cardsapp,SUNMARE DIGITAL TEKNOLOJI YAZILIM SANAYI TICARET,info@sunmaredijital.com,https://sunmaredijital.net/,Produtividade,4.4741783,18619,76,1.000.000+,1000000,1155837,1,0,BRL,0,1,"R$ 48,99 – R$ 559,99 por item",Classificação Livre,1 de jul. de 2025,1779207206,1.1.1,,Carteira & cartões segurança: códigos QR & barras e digitalizar cartão fácil.,https://play.google.com/store/apps/details?id=com.cards.wallet.cardsapp&hl=pt&gl=br,84,65,91,pequeno/indie,98973,20040.66,71573.78,232614.78,44375.74,386498.4,239629.01,alta,25,3.72,68.0,32.0,"SerpAPI, Firecrawl"
18,Negócios · ERP para Pequenos Negócios,11,Mobile Inventory: Contagem,ro.bino.inventory,Bino Solutions,support@mobileinventory.net,https://www.mobileinventory.net,Negócios,4.6831684,2035,32,500.000+,500000,558836,1,0,BRL,0,1,"R$ 7,88 – R$ 2.199,99 por item",Classificação Livre,20 de out. de 2015,1782375681,Montsant - 7.5.p17,,"Contagem de estoque em equipe, leitura de códigos de barras e controle offline.",https://play.google.com/store/apps/details?id=ro.bino.inventory&hl=pt&gl=br,92,59,91,pequeno/indie,60837,1788.42,6387.21,20758.43,3960.07,34490.93,21384.38,média,25,4.64,92.0,0.0,"SerpAPI, Firecrawl"
15,Produtividade,4,Calendário – Agenda Planner,calendar.agenda.planner.pro,Glad Appvestor,support@callmaster.dev,https://www.callmaster.dev,Produtividade,4.84,3247,367,1.000.000+,1000000,1352517,1,0,BRL,1,1,"R$ 19,99 por item",Classificação Livre,27 de ago. de 2025,1777476243,2.6,,"Agenda e calendário com notas, checklist e planner diário",https://play.google.com/store/apps/details?id=calendar.agenda.planner.pro&hl=pt&gl=br,92,56,91,pequeno/indie,128411,1840.92,6574.7,21367.77,4076.31,35503.37,22012.09,média,25,4.92,100.0,0.0,"SerpAPI, ScrapingBee"
9,Ferramentas,1,Tooly: Caixa de Ferramentas,com.yousx.thetoolsapp,FutureCraft Apps,futurecraftapps@gmail.com,https://futurecraftapps.com/,Ferramentas,4.712871,5527,40,500.000+,500000,642455,1,0,BRL,1,1,"R$ 5,99 – R$ 55,99 por item",Classificação Livre,30 de jan. de 2023,1777549568,1.39,,Mais de 100 ferramentas úteis em um só aplicativo.,https://play.google.com/store/apps/details?id=com.yousx.thetoolsapp&hl=pt&gl=br,94,57,91,pequeno/indie,58711,735.94,2628.36,8542.15,1629.58,14193.12,8799.73,alta,25,4.76,96.0,0.0,"SerpAPI, ScrapingBee"
14,Produtividade,5,Calendário – Agenda Planner,calendar.agenda.planner.pro,Glad Appvestor,support@callmaster.dev,https://www.callmaster.dev,Produtividade,4.84,3247,367,1.000.000+,1000000,1352517,1,0,BRL,1,1,"R$ 19,99 por item",Classificação Livre,27 de ago. de 2025,1777476243,2.6,,"Agenda e calendário com notas, checklist e planner diário",https://play.google.com/store/apps/details?id=calendar.agenda.planner.pro&hl=pt&gl=br,92,56,91,pequeno/indie,128411,1840.92,6574.7,21367.77,4076.31,35503.37,22012.09,média,25,4.92,100.0,0.0,"SerpAPI, ScrapingAnt"
9,Produtividade,5,Calendário – Agenda Planner,calendar.agenda.planner.pro,Glad Appvestor,support@callmaster.dev,https://www.callmaster.dev,Produtividade,4.84,3247,367,1.000.000+,1000000,1352517,1,0,BRL,1,1,"R$ 19,99 por item",Classificação Livre,27 de ago. de 2025,1777476243,2.6,,"Agenda e calendário com notas, checklist e planner diário",https://play.google.com/store/apps/details?id=calendar.agenda.planner.pro&hl=pt&gl=br,92,56,91,pequeno/indie,128411,1840.92,6574.7,21367.77,4076.31,35503.37,22012.09,média,25,4.92,100.0,0.0,"SerpAPI, ScrapingBee"
12,Personalização,14,ChromaFusion Launcher - Themes,com.lwsipl.chromafusion.launcher,lwsoftipl Apps,lwsoftipl@gmail.com,https://lwapps.com/,Personalização,4.7156863,2767,82,100.000+,100000,104801,1,0,BRL,1,0,,Classificação Livre,14 de ago. de 2025,1772687460,3.0,,"Personalize seu Android com temas, widgets e pacotes de ícones elegantes!",https://play.google.com/store/apps/details?id=com.lwsipl.chromafusion.launcher&hl=pt&gl=br,100,51,91,pequeno/indie,8669,5.23,18.69,60.75,8.97,100.93,48.45,média,25,4.52,92.0,4.0,"SerpAPI, ScrapingBee"
9,Finanças,8,Investidor10 - Bolsa e Mercado,com.investidor10app,Investidor10,contato@investidor10.com.br,https://investidor10.com.br/,Finanças,4.8543124,43665,6004,500.000+,500000,792075,1,0,BRL,0,1,"R$ 19,90 – R$ 238,80 por item",Classificação Livre,22 de dez. de 2023,1781287567,1.1.27,,"Gestão de Investimentos, Agenda de Dividendos, Análise de Ações, FIIs e Stocks.",https://play.google.com/store/apps/details?id=com.investidor10app&hl=pt&gl=br,84,64,91,pequeno/indie,87812,10057.98,35921.35,116744.4,22271.24,193975.31,120264.69,alta,25,4.92,100.0,0.0,"SerpAPI, ScrapingBee"
10,Produtividade,5,Calendário – Agenda Planner,calendar.agenda.planner.pro,Glad Appvestor,support@callmaster.dev,https://www.callmaster.dev,Produtividade,4.84,3243,367,1.000.000+,1000000,1352517,1,0,BRL,1,1,"R$ 19,99 por item",Classificação Livre,27 de ago. de 2025,1777476243,2.6,,"Agenda e calendário com notas, checklist e planner diário",https://play.google.com/store/apps/details?id=calendar.agenda.planner.pro&hl=pt&gl=br,92,56,91,pequeno/indie,128411,1840.92,6574.7,21367.77,4076.31,35503.37,22012.09,média,25,4.92,100.0,0.0,"SerpAPI, ScrapingBee"
7,Finanças,24,Ágora Investimentos,br.com.valemobi.agora,Ágora Investimentos,as_atendimento_receptivo@agorainvestimentos.com.br,http://www.agorainvestimentos.com.br,Finanças,4.7668424,49745,4840,500.000+,500000,944398,1,0,BRL,1,0,,Classificação Livre,28 de fev. de 2019,1782511423,1.302,,Baixe o app Ágora e conheça o jeito mais fácil e prático de investir!,https://play.google.com/store/apps/details?id=br.com.valemobi.agora&hl=pt&gl=br,84,65,91,pequeno/indie,105651,146.69,523.91,1702.69,251.47,2829.09,1357.96,alta,150,3.89,70.0,23.3,"SerpAPI, Brave Search, ScrapingBee, DevSite:ScrapingAnt"
7,Finanças,5,Investidor10 - Bolsa e Mercado,com.investidor10app,Investidor10,contato@investidor10.com.br,https://investidor10.com.br/,Finanças,4.8543124,43661,6004,500.000+,500000,792075,1,0,BRL,0,1,"R$ 19,90 – R$ 238,80 por item",Classificação Livre,22 de dez. de 2023,1781287567,1.1.27,,"Gestão de Investimentos, Agenda de Dividendos, Análise de Ações, FIIs e Stocks.",https://play.google.com/store/apps/details?id=com.investidor10app&hl=pt&gl=br,84,64,91,pequeno/indie,87812,10057.98,35921.35,116744.4,22271.24,193975.31,120264.69,alta,150,4.52,87.3,8.7,"SerpAPI, Brave Search, ScrapingBee, DevSite:ScrapingAnt"
8,Finanças,8,Investidor10 - Bolsa e Mercado,com.investidor10app,Investidor10,contato@investidor10.com.br,https://investidor10.com.br/,Finanças,4.8543124,43661,6004,500.000+,500000,792075,1,0,BRL,0,1,"R$ 19,90 – R$ 238,80 por item",Classificação Livre,22 de dez. de 2023,1781287567,1.1.27,,"Gestão de Investimentos, Agenda de Dividendos, Análise de Ações, FIIs e Stocks.",https://play.google.com/store/apps/details?id=com.investidor10app&hl=pt&gl=br,84,64,91,pequeno/indie,87812,10057.98,35921.35,116744.4,22271.24,193975.31,120264.69,alta,25,4.92,100.0,0.0,"SerpAPI, ScrapingBee"
5,Finanças,8,Investidor10 - Bolsa e Mercado,com.investidor10app,Investidor10,contato@investidor10.com.br,https://investidor10.com.br/,Finanças,4.8543124,43661,6004,500.000+,500000,792075,1,0,BRL,0,1,"R$ 19,90 – R$ 238,80 por item",Classificação Livre,22 de dez. de 2023,1781287567,1.1.27,,"Gestão de Investimentos, Agenda de Dividendos, Análise de Ações, FIIs e Stocks.",https://play.google.com/store/apps/details?id=com.investidor10app&hl=pt&gl=br,84,64,91,pequeno/indie,87812,10057.98,35921.35,116744.4,22271.24,193975.31,120264.69,alta,25,4.92,100.0,0.0,"SerpAPI, ScrapingBee"
3,Reprodutores de Vídeo,24,Video Player - OPlayer Lite,com.olimsoft.android.oplayer,OLIMSOFT,olimsoft@gmail.com,http://www.edavs.com,Reproduzir e editar vídeos,4.44,8087,177,500.000+,500000,939190,1,0,BRL,1,1,"R$ 4,19 – R$ 38,99 por item",Classificação Livre,15 de fev. de 2012,1781748156,5.00.43,,"Reprodutor de mídia em todos os formatos, sem necessidade de conversor de vídeo!",https://play.google.com/store/apps/details?id=com.olimsoft.android.oplayer&hl=pt&gl=br,94,56,91,pequeno/indie,95490,936.51,3344.69,10870.24,2073.71,18061.32,11198.02,alta,25,4.56,92.0,8.0,"SerpAPI, ScrapingBee"
3,Ferramentas,2,Tooly: Caixa de Ferramentas,com.yousx.thetoolsapp,FutureCraft Apps,futurecraftapps@gmail.com,https://futurecraftapps.com/,Ferramentas,4.71,5527,40,500.000+,500000,642455,1,0,BRL,1,1,"R$ 5,99 – R$ 55,99 por item",Classificação Livre,30 de jan. de 2023,1777549568,1.39,,Mais de 100 ferramentas úteis em um só aplicativo.,https://play.google.com/store/apps/details?id=com.yousx.thetoolsapp&hl=pt&gl=br,94,57,91,pequeno/indie,58711,735.94,2628.36,8542.15,1629.58,14193.12,8799.73,alta,25,4.76,96.0,0.0,"SerpAPI, ScrapingBee"
1,Jogos Musicais,13,Muse Dash,com.prpr.musedash,hasuhasu,md_support@peropero.net,https://musedash.peropero.net/#/,Música,4.659176,65057,1140,1.000.000+,1000000,1164891,0,2.49,BRL,0,1,"R$ 4,99 – R$ 189,99 por item",Classificação 14 anos,15 de jun. de 2018,1781247678,6.4.0,,O paraíso do parkour e do ritmo - Muse Dash!,https://play.google.com/store/apps/details?id=com.prpr.musedash&hl=pt&gl=br,84,64,91,pequeno/indie,111962,6568.01,23457.17,76235.81,14543.45,126668.73,78534.61,alta,25,4.16,76.0,16.0,"SerpAPI, ScrapingBee"
3,Fotografia,17,CCD Cam-Câmera Retrô Filme·Y2K,com.filter.camera.ccd.pro,"BitDance AI Studio - Fun, Creative & Smart Tools",bitdancetech@gmail.com,https://app-dance.com/,Fotografia,4.63,675,17,50.000+,50000,69359,1,0,BRL,1,1,"R$ 7,99 – R$ 67,99 por item",Classificação Livre,10 de mai. de 2024,1775789899,1.3.6,,"Câmera CCD vintage com filtros film, molduras Polaroid, adesivos & efeitos luz",https://play.google.com/store/apps/details?id=com.filter.camera.ccd.pro&hl=pt&gl=br,100,51,91,pequeno/indie,5600,85.3,304.64,990.1,188.88,1645.08,1019.95,média,18,4.61,88.9,5.6,"SerpAPI, ScrapingBee"
3,Fotografia,11,Vintage Camera - Video & Photo,com.vysionapps.vintagecam,VysionApps,vysionapps@gmail.com,,Fotografia,4.6666665,162,3,10.000+,10000,40711,1,0,BRL,0,1,"R$ 26,99 por item",Classificação Livre,4 de dez. de 2025,1776166253,1.5.0,,Câmera analógica vintage. Tire fotos. Grave vídeos. Visualização ao vivo. Filtros retrô.,https://play.google.com/store/apps/details?id=com.vysionapps.vintagecam&hl=pt&gl=br,100,49,91,pequeno/indie,3183,33.08,118.16,384.01,73.26,638.05,395.59,média,4,4.25,75.0,0.0,"SerpAPI, ScrapingBee"
3,Fotografia,10,1998 Cam - Câmera Retro,com.aaai.cam1998,AAAI Studio,contact@1998cam.com,https://1998cam.com,Fotografia,4.5306125,303,11,10.000+,10000,24338,1,0,BRL,1,1,"R$ 14,99 – R$ 199,99 por item",Classificação Livre,21 de abr. de 2026,1783068548,3.3.12,,"Câmera retro com filtros de foto, look filme e efeitos de vídeo",https://play.google.com/store/apps/details?id=com.aaai.cam1998&hl=pt&gl=br,100,51,91,pequeno/indie,2212,102.18,364.92,1185.99,226.25,1970.56,1221.75,média,11,4.45,90.9,9.1,"SerpAPI, ScrapingBee"
3,Personalização,14,ChromaFusion Launcher - Themes,com.lwsipl.chromafusion.launcher,lwsoftipl Apps,lwsoftipl@gmail.com,https://lwapps.com/,Personalização,4.7156863,2767,82,100.000+,100000,104801,1,0,BRL,1,0,,Classificação Livre,14 de ago. de 2025,1772687460,3.0,,"Personalize seu Android com temas, widgets e pacotes de ícones elegantes!",https://play.google.com/store/apps/details?id=com.lwsipl.chromafusion.launcher&hl=pt&gl=br,100,51,91,pequeno/indie,8669,5.23,18.69,60.75,8.97,100.93,48.45,média,25,4.52,92.0,4.0,"SerpAPI, ScrapingBee"
3,Medicina,5,Medication Reminder & Tracker,com.irwaa.medicareminders,MedicaApp,support@medicaapp.com,https://medicaapp.com/,Medicina,4.4411764,6649,29,100.000+,100000,233238,1,0,BRL,1,1,"R$ 9,99 – R$ 139,99 por item",Classificação Livre,13 de mai. de 2013,1776808423,10.9,,"Seu aplicativo essencial de lembrete de pílulas com fácil gerenciamento, rastreamento e recarga de medicamentos!",https://play.google.com/store/apps/details?id=com.irwaa.medicareminders&hl=pt&gl=br,100,50,91,pequeno/indie,18350,540.88,1931.73,6278.11,1197.67,10431.33,6467.42,alta,25,4.24,80.0,12.0,"SerpAPI, ScrapingBee"
3,Medicina,4,Remédio Certo: Alarme,com.germanno.remedio_certo_app_v1,Germano,contatocarger@gmail.com,https://cgermanno.github.io/,Estilo de vida,4.4716983,354,56,10.000+,10000,23351,1,0,BRL,1,1,"R$ 9,99 – R$ 149,99 por item",Classificação Livre,19 de fev. de 2026,1781765249,1.0.15,,Veja o que vai tomar: Esqueça os nomes complicados. Tire uma foto da caixa.,https://play.google.com/store/apps/details?id=com.germanno.remedio_certo_app_v1&hl=pt&gl=br,100,50,91,pequeno/indie,1924,66.47,237.41,771.58,147.19,1282.01,794.85,média,25,2.72,36.0,60.0,"SerpAPI, ScrapingBee"
1,Reprodutores de Vídeo,15,Video Player - OPlayer Lite,com.olimsoft.android.oplayer,OLIMSOFT,olimsoft@gmail.com,http://www.edavs.com,Reproduzir e editar vídeos,4.44,8087,177,500.000+,500000,939190,1,0,BRL,1,1,"R$ 4,19 – R$ 38,99 por item",Classificação Livre,15 de fev. de 2012,1781748156,5.00.43,,"Reprodutor de mídia em todos os formatos, sem necessidade de conversor de vídeo!",https://play.google.com/store/apps/details?id=com.olimsoft.android.oplayer&hl=pt&gl=br,94,56,91,pequeno/indie,95490,936.51,3344.69,10870.24,2073.71,18061.32,11198.02,alta,25,4.56,92.0,8.0,"SerpAPI, ScrapingBee"
1,Ferramentas,1,Tooly: Caixa de Ferramentas,com.yousx.thetoolsapp,FutureCraft Apps,futurecraftapps@gmail.com,https://futurecraftapps.com/,Ferramentas,4.71,5527,40,500.000+,500000,642455,1,0,BRL,1,1,"R$ 5,99 – R$ 55,99 por item",Classificação Livre,30 de jan. de 2023,1777549568,1.39,,Mais de 100 ferramentas úteis em um só aplicativo.,https://play.google.com/store/apps/details?id=com.yousx.thetoolsapp&hl=pt&gl=br,94,57,91,pequeno/indie,58711,735.94,2628.36,8542.15,1629.58,14193.12,8799.73,alta,25,4.76,96.0,0.0,"SerpAPI, ScrapingBee"
1,Fotografia,21,Vintage Camera - Video & Photo,com.vysionapps.vintagecam,VysionApps,vysionapps@gmail.com,,Fotografia,4.6666665,162,3,10.000+,10000,40711,1,0,BRL,0,1,"R$ 26,99 por item",Classificação Livre,4 de dez. de 2025,1776166253,1.5.0,,Câmera analógica vintage. Tire fotos. Grave vídeos. Visualização ao vivo. Filtros retrô.,https://play.google.com/store/apps/details?id=com.vysionapps.vintagecam&hl=pt&gl=br,100,49,91,pequeno/indie,3183,33.08,118.16,384.01,73.26,638.05,395.59,média,4,4.25,75.0,0.0,"SerpAPI, ScrapingBee"
1,Personalização,3,ChromaFusion Launcher - Themes,com.lwsipl.chromafusion.launcher,lwsoftipl Apps,lwsoftipl@gmail.com,https://lwapps.com/,Personalização,4.7156863,2767,82,100.000+,100000,104801,1,0,BRL,1,0,,Classificação Livre,14 de ago. de 2025,1772687460,3.0,,"Personalize seu Android com temas, widgets e pacotes de ícones elegantes!",https://play.google.com/store/apps/details?id=com.lwsipl.chromafusion.launcher&hl=pt&gl=br,100,51,91,pequeno/indie,8669,5.23,18.69,60.75,8.97,100.93,48.45,média,25,4.52,92.0,4.0,"SerpAPI, ScrapingBee"
3,Finanças,1,Investidor10 - Bolsa e Mercado,com.investidor10app,Investidor10,contato@investidor10.com.br,https://investidor10.com.br/,Finanças,4.8551126,43661,6004,500.000+,500000,792075,1,0,BRL,0,1,"R$ 19,90 – R$ 238,80 por item",Classificação Livre,22 de dez. de 2023,1781287567,1.1.27,,"Gestão de Investimentos, Agenda de Dividendos, Análise de Ações, FIIs e Stocks.",https://play.google.com/store/apps/details?id=com.investidor10app&hl=pt&gl=br,84,64,91,pequeno/indie,87812,10057.98,35921.35,116744.4,22271.24,193975.31,120264.69,alta,25,4.92,100.0,0.0,"SerpAPI, ScrapingBee"
3,Entretenimento,1,CarnavalFlicks: Assista Agora,com.extremelyexcited.carnavalflicks,Avolution Art,KimduNglinh04071991xkeyu@hotmail.com,,Entretenimento,4.721393,1970,1009,500.000+,500000,678867,1,0,BRL,1,0,,Classificação Livre,12 de nov. de 2025,,Varies with device,,Todo o entretenimento que você ama. Assista a filmes e séries de TV grátis.,https://play.google.com/store/apps/details?id=com.extremelyexcited.carnavalflicks&hl=pt&gl=br,98,53,91,pequeno/indie,62217,27.04,96.58,313.89,46.36,521.54,250.34,média,25,4.4,76.0,4.0,"SerpAPI, ScrapingBee"
1,Medicina,8,Remédio Certo: Alarme,com.germanno.remedio_certo_app_v1,Germano,contatocarger@gmail.com,https://cgermanno.github.io/,Estilo de vida,4.4716983,354,56,10.000+,10000,23351,1,0,BRL,1,1,"R$ 9,99 – R$ 149,99 por item",Classificação Livre,19 de fev. de 2026,1781765249,1.0.15,,Veja o que vai tomar: Esqueça os nomes complicados. Tire uma foto da caixa.,https://play.google.com/store/apps/details?id=com.germanno.remedio_certo_app_v1&hl=pt&gl=br,100,50,91,pequeno/indie,1924,66.47,237.41,771.58,147.19,1282.01,794.85,média,25,2.72,36.0,60.0,"SerpAPI, ScrapingBee"
1,Finanças,2,Investidor10 - Bolsa e Mercado,com.investidor10app,Investidor10,contato@investidor10.com.br,https://investidor10.com.br/,Finanças,4.8551126,43661,6004,500.000+,500000,792075,1,0,BRL,0,1,"R$ 19,90 – R$ 238,80 por item",Classificação Livre,22 de dez. de 2023,1781287567,1.1.27,,"Gestão de Investimentos, Agenda de Dividendos, Análise de Ações, FIIs e Stocks.",https://play.google.com/store/apps/details?id=com.investidor10app&hl=pt&gl=br,84,64,91,pequeno/indie,87812,10057.98,35921.35,116744.4,22271.24,193975.31,120264.69,alta,25,4.92,100.0,0.0,"SerpAPI, ScrapingBee"
3,Livros e Referências,21,Resumo do livro－Leitura diária,com.anybooksummary.booksin15minutes,Kafadengi Bilisim,mobileassist@kafa-dengi.com,https://booksummary.kafa-dengi.com/,Educação,4.5789475,692,3,100.000+,100000,326645,1,0,BRL,1,1,"R$ 4,99 – R$ 49,99 por item",Classificação 14 anos,18 de dez. de 2024,1779462255,3.6,,Leia e ouça resumos de livros best-sellers em 5 idiomas. Peça o seu favorito!,https://play.google.com/store/apps/details?id=com.anybooksummary.booksin15minutes&hl=pt&gl=br,100,49,91,pequeno/indie,28795,354.36,1265.56,4113.07,784.65,6834.03,4237.1,média,25,4.68,96.0,4.0,"SerpAPI, ScrapingBee"
1,Entretenimento,2,CarnavalFlicks: Assista Agora,com.extremelyexcited.carnavalflicks,Avolution Art,KimduNglinh04071991xkeyu@hotmail.com,,Entretenimento,4.721393,1966,1009,500.000+,500000,678867,1,0,BRL,1,0,,Classificação Livre,12 de nov. de 2025,,Varies with device,,Todo o entretenimento que você ama. Assista a filmes e séries de TV grátis.,https://play.google.com/store/apps/details?id=com.extremelyexcited.carnavalflicks&hl=pt&gl=br,98,53,91,pequeno/indie,62217,27.04,96.58,313.89,46.36,521.54,250.34,média,25,4.4,76.0,4.0,"SerpAPI, ScrapingBee"
29,Personalização · Ícones e Temas,10,Aura Icon Pack,studio14.application.auraicons,One4Studio,info@one4studio.com,http://www.one4studio.com,Personalização,4.49,1919,96,500.000+,500000,674397,1,0,BRL,0,1,"R$ 8,99 – R$ 249,99 por item",Classificação Livre,18 de jul. de 2018,1784218273,7.6.1,,IOS colorido e moderno como ícones com alguns gradientes agradáveis.,https://play.google.com/store/apps/details?id=studio14.application.auraicons&hl=pt&gl=br,92,55,90,pequeno/indie,67403,3696.37,13201.31,42904.25,8184.81,71287.06,44197.98,média,25,4.36,84.0,12.0,"SerpAPI, Firecrawl"
29,Personalização · Papéis de Parede,3,Pix Wallpapers,com.pashapuma.pix.wallpapers,PashaPuma Design,Pashapuma1@gmail.com,https://twitter.com/pashapuma1,Personalização,4.48,3018,53,500.000+,500000,823176,1,0,BRL,0,1,"R$ 5,49 – R$ 53,99 por item",Classificação Livre,14 de jul. de 2020,1774969046,4.6.3,,Pix Wallpapers - Papéis de parede exclusivos de designers e  de banco de imagens,https://play.google.com/store/apps/details?id=com.pashapuma.pix.wallpapers&hl=pt&gl=br,100,46,90,pequeno/indie,69274,793.18,2832.8,9206.6,1756.34,15297.12,9484.21,média,25,4.72,96.0,4.0,"SerpAPI, Firecrawl"
29,Negócios · ERP para Pequenos Negócios,11,Controle de vendas e estoque,com.firebaseapp.salesinvetory,Beauty Tools Apps,beautytoolshelp@gmail.com,https://controledeestoque.web.app/,Negócios,4.58,258,126,10.000+,10000,35347,1,0,BRL,1,1,"R$ 9,99 – R$ 49,90 por item",Classificação Livre,13 de dez. de 2024,1777683807,2.8,,Controle suas vendas e estoque de forma simples e prática,https://play.google.com/store/apps/details?id=com.firebaseapp.salesinvetory&hl=pt&gl=br,100,44,90,pequeno/indie,2740,63.48,226.7,736.78,140.55,1224.18,758.99,média,25,4.64,88.0,0.0,"SerpAPI, Firecrawl"
9,Ferramentas,4,Caixa ferramentas inteligente,com.smarttools.utility.multipurpose,Apps Cabinet,appscabinet.developer@gmail.com,,Ferramentas,4.6666665,1309,7,100.000+,100000,351830,1,0,BRL,1,1,"R$ 10,99 – R$ 57,99 por item",Classificação Livre,9 de nov. de 2021,1769720444,1.2.5,,Aplicativo de ferramentas inteligentes com Leitor de QR e Conversor de unidades.,https://play.google.com/store/apps/details?id=com.smarttools.utility.multipurpose&hl=pt&gl=br,100,46,90,pequeno/indie,31140,432.3,1543.93,5017.78,957.24,8337.23,5169.08,média,11,4.18,72.7,9.1,"SerpAPI, ScrapingBee"
9,Paternidade,4,Acompanhe a gravidez e o bebé,period.pregnancy.tracker.app,Outlookdaily,helps@taskdaily.net,https://taskdaily.net/,Criação de filhos,4.722772,2593,115,500.000+,500000,889706,1,0,BRL,1,1,"R$ 25,99 – R$ 94,99 por item",Classificação Livre,2 de abr. de 2025,1776674481,1.2.9,,"Acompanhe a sua gravidez e o crescimento do bebé, mostre as suas mudanças",https://play.google.com/store/apps/details?id=period.pregnancy.tracker.app&hl=pt&gl=br,92,55,90,pequeno/indie,82690,1975.68,7055.99,22931.95,4374.71,38102.32,23623.44,média,25,4.64,92.0,8.0,"SerpAPI, ScrapingBee"
9,Estilo de Vida,10,Glowin - Rotina Diaria Habitos,com.kompanion.glowin.android,Ornitorenk Dijital Hizmetler Anonim Sirketi,hi@kompanionapp.com,https://kompanionapp.com,Saúde e fitness,4.8697915,5810,65,100.000+,100000,106147,1,0,BRL,0,1,"R$ 39,90 – R$ 159,99 por item",Classificação Livre,5 de set. de 2025,1767703464,1.0.2,,"Organize sua rotina, crie hábitos e alcance seus objetivos todos os dias",https://play.google.com/store/apps/details?id=com.kompanion.glowin.android&hl=pt&gl=br,100,47,90,pequeno/indie,8787,461.08,1646.73,5351.86,1020.97,8892.33,5513.24,alta,25,4.32,80.0,12.0,"SerpAPI, ScrapingBee"
1,Família,6,Quem sou eu? Guess Up Crianças,pt.cosmicode.guessupkids,Cosmicode,games@cosmicode.pt,https://cosmicode.games/,Educativos,4.65,4027,122,500.000+,500000,765674,1,0,BRL,0,1,"R$ 9,90 – R$ 199,90 por item",Classificação Livre,15 de fev. de 2019,1776252310,3.1.6,,Jogo de mímicas e charadas para adivinhar pessoas e personagens com sua família,https://play.google.com/store/apps/details?id=pt.cosmicode.guessupkids&hl=pt&gl=br,92,55,90,pequeno/indie,60021,3878.51,13851.83,45018.45,8588.14,74799.89,46375.93,média,25,4.12,80.0,20.0,"SerpAPI, ScrapingBee"
1,Jogos Esportivos,5,Sport Star - Team Manager Idle,com.coolcatsgames.sportstaridle,Gryphon Games,support@gryphon.games,https://www.gryphon.games/,Esportes,4.6635513,5297,208,500.000+,500000,615189,1,0,BRL,0,1,"R$ 2,49 – R$ 579,99 por item",Classificação 14 anos,15 de abr. de 2026,1783095608,0.13.0,,Construa seu império esportivo!,https://play.google.com/store/apps/details?id=com.coolcatsgames.sportstaridle&hl=pt&gl=br,84,62,90,pequeno/indie,47678,6158.67,21995.25,71484.57,13637.06,118774.37,73640.11,alta,25,4.6,92.0,4.0,"SerpAPI, ScrapingBee"
1,Jogos Musicais,3,Complete Rhythm Trainer,com.binaryguilt.completerhythmtrainer,Binary Guilt Software,hello@completerhythmtrainer.com,https://completerhythmtrainer.com,Música,4.76,4794,180,500.000+,500000,846907,1,0,BRL,0,1,"R$ 5,49 – R$ 54,99 por item",Classificação Livre,8 de abr. de 2019,1774003293,1.7.4-126 (121126),,O aplicativo definitivo de treino rítmico para músicos.,https://play.google.com/store/apps/details?id=com.binaryguilt.completerhythmtrainer&hl=pt&gl=br,92,53,90,pequeno/indie,66736,1243.16,4439.85,14429.5,2752.7,23975.17,14864.6,média,25,4.76,96.0,4.0,"SerpAPI, ScrapingBee"
3,Paternidade,11,Acompanhe a gravidez e o bebé,period.pregnancy.tracker.app,Outlookdaily,helps@taskdaily.net,https://taskdaily.net/,Criação de filhos,4.722772,2592,115,500.000+,500000,889706,1,0,BRL,1,1,"R$ 25,99 – R$ 94,99 por item",Classificação Livre,2 de abr. de 2025,1776674481,1.2.9,,"Acompanhe a sua gravidez e o crescimento do bebé, mostre as suas mudanças",https://play.google.com/store/apps/details?id=period.pregnancy.tracker.app&hl=pt&gl=br,92,55,90,pequeno/indie,82690,1975.68,7055.99,22931.95,4374.71,38102.32,23623.44,média,25,4.64,92.0,8.0,"SerpAPI, ScrapingBee"
3,Paternidade,9,Idade Gestacional (do bebê),com.danproductions.medical.gestational_age,Alpen Mobile,alpenmob@alpenmob.com,https://alpenmob.com,Medicina,4.9226665,6107,172,500.000+,500000,770303,1,0,BRL,1,1,"R$ 9,99 – R$ 49,99 por item",Classificação Livre,16 de out. de 2020,1782782239,1.2.412,,Calculadora rápida de idade gestacional e acompanhamento pré-natal,https://play.google.com/store/apps/details?id=com.danproductions.medical.gestational_age&hl=pt&gl=br,84,62,90,pequeno/indie,85275,1139.69,4070.33,13228.57,2523.6,21979.78,13627.46,alta,25,4.4,84.0,16.0,"SerpAPI, ScrapingBee"
3,Mapas e Navegação,18,GPS Navigation Direção no Mapa,com.psma.gps.navigation.direction.route.map,PIONEER SOCIAL MEDIA APPLICATIONS,developer@pioneertechhub.com,https://goat-vpn-da7ac.web.app,Mapas e navegação,4.470588,575,2,500.000+,500000,726650,1,0,BRL,1,1,"R$ 82,99 – R$ 444,99 por item",Classificação Livre,15 de dez. de 2025,1782645666,1.0.9,,Planeie as suas rotas com navegação GPS e viaje facilmente.,https://play.google.com/store/apps/details?id=com.psma.gps.navigation.direction.route.map&hl=pt&gl=br,92,52,90,pequeno/indie,72909,8199.63,29284.41,95174.32,18156.33,158135.79,98044.19,média,3,4.67,100.0,0.0,"SerpAPI, ScrapingBee"
3,Estilo de Vida,1,Glowin - Rotina Diaria Habitos,com.kompanion.glowin.android,Ornitorenk Dijital Hizmetler Anonim Sirketi,hi@kompanionapp.com,https://kompanionapp.com,Saúde e fitness,4.8697915,5810,65,100.000+,100000,106147,1,0,BRL,0,1,"R$ 39,90 – R$ 159,99 por item",Classificação Livre,5 de set. de 2025,1767703464,1.0.2,,"Organize sua rotina, crie hábitos e alcance seus objetivos todos os dias",https://play.google.com/store/apps/details?id=com.kompanion.glowin.android&hl=pt&gl=br,100,47,90,pequeno/indie,8787,461.08,1646.73,5351.86,1020.97,8892.33,5513.24,alta,25,4.32,80.0,12.0,"SerpAPI, ScrapingBee"
1,Ferramentas,4,Caixa ferramentas inteligente,com.smarttools.utility.multipurpose,Apps Cabinet,appscabinet.developer@gmail.com,,Ferramentas,4.6666665,1309,7,100.000+,100000,351830,1,0,BRL,1,1,"R$ 10,99 – R$ 57,99 por item",Classificação Livre,9 de nov. de 2021,1769720444,1.2.5,,Aplicativo de ferramentas inteligentes com Leitor de QR e Conversor de unidades.,https://play.google.com/store/apps/details?id=com.smarttools.utility.multipurpose&hl=pt&gl=br,100,46,90,pequeno/indie,31140,432.3,1543.93,5017.78,957.24,8337.23,5169.08,média,11,4.18,72.7,9.1,"SerpAPI, ScrapingBee"
3,Saúde e Fitness,13,Befit: Plano e Treino Academia,app.befit,3APPS LLC,contact@appbefit.com,https://appbefit.com/,Saúde e fitness,4.854484,6042,951,1.000.000+,1000000,1288994,1,0,BRL,0,1,"R$ 24,90 – R$ 179,90 por item",Classificação Livre,28 de out. de 2025,1783022043,1.1.17,,App de Musculação na Academia e Exercícios em Casa com Treino de Força e Fitness,https://play.google.com/store/apps/details?id=app.befit&hl=pt&gl=br,84,63,90,pequeno/indie,146501,8663.48,30941.01,100558.3,19183.43,167081.48,103590.52,alta,25,3.96,72.0,28.0,"SerpAPI, ScrapingBee"
1,Paternidade,6,Idade Gestacional (do bebê),com.danproductions.medical.gestational_age,Alpen Mobile,alpenmob@alpenmob.com,https://alpenmob.com,Medicina,4.9226665,6107,172,500.000+,500000,770303,1,0,BRL,1,1,"R$ 9,99 – R$ 49,99 por item",Classificação Livre,16 de out. de 2020,1782782239,1.2.412,,Calculadora rápida de idade gestacional e acompanhamento pré-natal,https://play.google.com/store/apps/details?id=com.danproductions.medical.gestational_age&hl=pt&gl=br,84,62,90,pequeno/indie,85275,1139.69,4070.33,13228.57,2523.6,21979.78,13627.46,alta,25,4.4,84.0,16.0,"SerpAPI, ScrapingBee"
1,Paternidade,5,Acompanhe a gravidez e o bebé,period.pregnancy.tracker.app,Outlookdaily,helps@taskdaily.net,https://taskdaily.net/,Criação de filhos,4.722772,2592,115,500.000+,500000,889706,1,0,BRL,1,1,"R$ 25,99 – R$ 94,99 por item",Classificação Livre,2 de abr. de 2025,1776674481,1.2.9,,"Acompanhe a sua gravidez e o crescimento do bebé, mostre as suas mudanças",https://play.google.com/store/apps/details?id=period.pregnancy.tracker.app&hl=pt&gl=br,92,55,90,pequeno/indie,82690,1975.68,7055.99,22931.95,4374.71,38102.32,23623.44,média,25,4.64,92.0,8.0,"SerpAPI, ScrapingBee"
3,Educação,10,Psicologia: Linguagem Corporal,io.blacklagoonapps.bodylanguage,Michał Pawlik,relmoapps@gmail.com,,Educação,4.52,11887,40,1.000.000+,1000000,1034001,1,0,BRL,0,1,"R$ 5,99 – R$ 93,99 por item",Classificação Livre,23 de nov. de 2020,1782642362,12.0.59,,"Decifre intenções ocultas, construa confiança e comunique-se com mais eficácia",https://play.google.com/store/apps/details?id=io.blacklagoonapps.bodylanguage&hl=pt&gl=br,90,57,90,pequeno/indie,116213,2460.32,8786.86,28557.29,5447.85,47449.04,29418.4,alta,25,4.76,96.0,4.0,"SerpAPI, ScrapingBee"
1,Estilo de Vida,9,Glowin - Rotina Diaria Habitos,com.kompanion.glowin.android,Ornitorenk Dijital Hizmetler Anonim Sirketi,hi@kompanionapp.com,https://kompanionapp.com,Saúde e fitness,4.8697915,5810,65,100.000+,100000,106147,1,0,BRL,0,1,"R$ 39,90 – R$ 159,99 por item",Classificação Livre,5 de set. de 2025,1767703464,1.0.2,,"Organize sua rotina, crie hábitos e alcance seus objetivos todos os dias",https://play.google.com/store/apps/details?id=com.kompanion.glowin.android&hl=pt&gl=br,100,47,90,pequeno/indie,8787,461.08,1646.73,5351.86,1020.97,8892.33,5513.24,alta,25,4.32,80.0,12.0,"SerpAPI, ScrapingBee"
1,Saúde e Fitness,13,Befit: Plano e Treino Academia,app.befit,3APPS LLC,contact@appbefit.com,https://appbefit.com/,Saúde e fitness,4.855932,6041,951,1.000.000+,1000000,1288994,1,0,BRL,0,1,"R$ 24,90 – R$ 179,90 por item",Classificação Livre,28 de out. de 2025,1783022043,1.1.17,,App de Musculação na Academia e Exercícios em Casa com Treino de Força e Fitness,https://play.google.com/store/apps/details?id=app.befit&hl=pt&gl=br,84,63,90,pequeno/indie,146501,8663.48,30941.01,100558.3,19183.43,167081.48,103590.52,alta,25,3.96,72.0,28.0,"SerpAPI, ScrapingBee"
3,Negócios,6,Ticarium: Império Empresarial,com.ticarium,Yuyuto Games Teknoloji A.Ş.,support@yuyutogames.com,https://www.ticarium.com/,Simulador,4.6732674,10495,58,500.000+,500000,528140,1,0,BRL,1,1,"R$ 5,49 – R$ 539,99 por item",Classificação Livre,22 de nov. de 2021,1781264405,2.15.1,,Ticarium Business Empire - Jogo de Negócios Online,https://play.google.com/store/apps/details?id=com.ticarium&hl=pt&gl=br,84,62,90,pequeno/indie,48725,9063.19,32368.53,105197.73,20068.49,174790.07,108369.84,alta,25,4.64,88.0,4.0,"SerpAPI, ScrapingBee"
1,Comunicação,4,Expressia: Falar e Aprender,life.expressia,Colibri Interfaces,support@expressia.life,https://expressia.life,Comunicação,4.41,221,84,100.000+,100000,118100,1,0,BRL,0,1,"R$ 1,89 – R$ 59,00 por item",Classificação Livre,10 de nov. de 2020,1779092681,1.27.0-b143,,"Fale por Imagens e Crie Atividades Adaptadas para Educação Especial, Fono e Mais",https://play.google.com/store/apps/details?id=life.expressia&hl=pt&gl=br,100,47,90,pequeno/indie,8942,104.82,374.36,1216.68,232.11,2021.56,1253.37,média,25,4.6,88.0,4.0,"SerpAPI, ScrapingBee"
3,Android Wear,10,Smart Watch Sync (Wear OS),com.smart.watch.bluetooth.notifier.interesting,Interesting apps,Interestingapps11@yahoo.com,https://vokyndalopa.com/Smart_Watch/,Ferramentas,4.5384617,426,3,100.000+,100000,161595,1,0,BRL,1,1,"R$ 68,99 – R$ 289,99 por item",Classificação Livre,27 de dez. de 2022,1776760263,37.0,,Sincronize seu smartwatch com um telefone em poucos cliques. Aplicativo útil de relógio inteligente.,https://play.google.com/store/apps/details?id=com.smart.watch.bluetooth.notifier.interesting&hl=pt&gl=br,100,46,90,pequeno/indie,13702,955.14,3411.2,11086.39,2114.94,18420.47,11420.69,média,2,5.0,100.0,0.0,"SerpAPI, ScrapingBee"
29,Personalização · Widgets,20,Themes: Wallpaper & Widgets,com.flyer.theme,ImoDevel,inventafrica5@gmail.com,https://rhynhawlk.dev/,Personalização,4.6181817,20345,454,1.000.000+,1000000,1736105,1,0,BRL,1,1,"R$ 4,99 – R$ 104,99 por item",Classificação Livre,9 de fev. de 2026,1782881151,12.0,,"Temas - Deixe seu celular incrível com papéis de parede, widgets e ícones de aplicativos personalizados.",https://play.google.com/store/apps/details?id=com.flyer.theme&hl=pt&gl=br,79,63,89,pequeno/indie,200281,4797.2,17132.85,55681.77,10622.37,92517.41,57360.79,alta,25,4.64,92.0,0.0,"SerpAPI, Firecrawl"
29,Personalização · Ícones e Temas,24,LineX Icon Pack,com.jndapp.line.x.iconpack,JustNewDesigns,justnewdesigns@gmail.com,,Personalização,4.49,6939,185,100.000+,100000,258543,0,4.19,BRL,0,1,"R$ 3,09 – R$ 30,99 por item",Classificação Livre,16 de dez. de 2018,1769580514,7.8,,Olhar incrivelmente diferente com ícones de linha e cores de néon,https://play.google.com/store/apps/details?id=com.jndapp.line.x.iconpack&hl=pt&gl=br,100,42,89,pequeno/indie,20457,8879.91,31713.97,103070.4,19662.66,171255.43,106178.37,alta,25,4.16,80.0,16.0,"SerpAPI, Firecrawl"
29,Negócios · Nota Fiscal e Contabilidade,14,"MEI Gratis - CNPJ, DAS, Vendas",br.com.qipu.meigratis,Codex Tecnologia,contato@meigratis.app,https://meigratis.app,Negócios,4.7394137,3100,806,100.000+,100000,482637,1,0,BRL,0,1,"R$ 9,99 – R$ 99,00 por item",Classificação Livre,9 de abr. de 2020,1763059407,2.18.2,,"Cuide do seu MEI: abertura, CNPJ, emissão DAS, loja e vendas, PIX, Radar CNPJ.",https://play.google.com/store/apps/details?id=br.com.qipu.meigratis&hl=pt&gl=br,100,40,89,pequeno/indie,43446,1252.95,4474.84,14543.22,2774.4,24164.12,14981.76,média,25,3.72,64.0,32.0,"SerpAPI, Firecrawl"
26,"Busca: ""bitcoin""",23,Speed Wallet - Buy Bitcoin,com.app.speedwallet,Speed1 Inc,support@tryspeed.com,https://www.speed.app/,Finanças,4.4,12863,246,500.000+,500000,906019,1,0,BRL,0,1,"R$ 27,99 – R$ 274,99 por item",Classificação Livre,18 de jun. de 2023,1784033099,2.5.5.0.0.0.fp.gps,,"Compre, envie e receba Bitcoin, USDT, USDC, XAUT e criptomoedas instantaneamente.",https://play.google.com/store/apps/details?id=com.app.speedwallet&hl=pt&gl=br,84,58,89,pequeno/indie,,,,,,,,,,,,,
23,"Busca: ""rifa""",24,Sorteio de Nomes: Sorteador,com.code2apps.sorteiodenomes,Code2Apps+,kingsoftwaredevelopment@gmail.com,https://sorteiodenomes.code2apps.com/,Ferramentas,4.7448277,7443,395,1.000.000+,1000000,1612238,1,0,BRL,1,1,"R$ 5,99 – R$ 69,99 por item",Classificação Livre,10 de abr. de 2022,1782496909,2.1.26,,Sortear prêmios e rifa online: Gerador de nome e times aleatórios para sorteios,https://play.google.com/store/apps/details?id=com.code2apps.sorteiodenomes&hl=pt&gl=br,79,61,89,pequeno/indie,185307,3104.42,11087.22,36033.47,6874.08,59871.0,37120.02,alta,150,3.35,57.3,38.0,"SerpAPI, Brave Search, Firecrawl, DevSite:Firecrawl"
22,"Busca: ""carteira""",12,Carteira de Cartões Segura,com.nfc.creditcard.wallet.cardkeeperx,SUNMARE DIGITAL TEKNOLOJI YAZILIM SANAYI TICARET,info@sunmaredijital.com,https://sunmaredijital.net/wallet,Estilo de vida,4.6538463,10448,42,1.000.000+,1000000,1236261,1,0,BRL,0,1,"R$ 50,99 – R$ 389,99 por item",Classificação Livre,31 de ago. de 2024,1779349749,1.39,,Digitalize cartões e organize tudo em uma carteira de cartões simples e segura.,https://play.google.com/store/apps/details?id=com.nfc.creditcard.wallet.cardkeeperx&hl=pt&gl=br,84,59,89,pequeno/indie,116842,9918.64,35423.73,115127.12,21962.71,191288.14,118598.65,alta,67,3.94,73.1,22.4,"SerpAPI, Brave Search, Firecrawl, DevSite:Firecrawl"
20,"Busca: ""wallet""",32,Speed Wallet - Buy Bitcoin,com.app.speedwallet,Speed1 Inc,support@tryspeed.com,https://www.speed.app/,Finanças,4.4,12867,246,500.000+,500000,906019,1,0,BRL,0,1,"R$ 27,99 – R$ 274,99 por item",Classificação Livre,18 de jun. de 2023,1784033099,2.5.5.0.0.0.fp.gps,,"Compre, envie e receba Bitcoin, USDT, USDC, XAUT e criptomoedas instantaneamente.",https://play.google.com/store/apps/details?id=com.app.speedwallet&hl=pt&gl=br,84,58,89,pequeno/indie,91947,12334.3,44051.07,143165.97,27311.66,237875.76,147482.97,alta,25,4.6,88.0,8.0,"SerpAPI, Firecrawl"
9,Estilo de Vida,4,Hizo: Hábitos e Tarefas,dev.voksu.hizo,Hizo,support@hizo.me,https://hizo.me,Produtividade,4.71,7348,165,1.000.000+,1000000,1175884,1,0,BRL,0,1,"R$ 21,99 – R$ 194,99 por item",Classificação Livre,27 de jun. de 2023,1776360260,1.22.10,,Crie hábitos facilmente e acompanhe-os em uma interface intuitiva.,https://play.google.com/store/apps/details?id=dev.voksu.hizo&hl=pt&gl=br,84,56,89,pequeno/indie,110855,7997.75,28563.39,92831.02,17709.3,154242.32,95630.24,alta,25,4.56,92.0,8.0,"SerpAPI, ScrapingBee"
13,Produtividade,15,Hizo: Hábitos e Tarefas,dev.voksu.hizo,Hizo,support@hizo.me,https://hizo.me,Produtividade,4.71,7348,165,1.000.000+,1000000,1175884,1,0,BRL,0,1,"R$ 21,99 – R$ 194,99 por item",Classificação Livre,27 de jun. de 2023,1776360260,1.22.10,,Crie hábitos facilmente e acompanhe-os em uma interface intuitiva.,https://play.google.com/store/apps/details?id=dev.voksu.hizo&hl=pt&gl=br,84,56,89,pequeno/indie,110855,7997.75,28563.39,92831.02,17709.3,154242.32,95630.24,alta,25,4.56,92.0,8.0,"SerpAPI, ScrapingBee"
13,Produtividade,12,Journal it! Produtividade,org.de_studio.diary,Doit Apps,hai@doit.me,https://home.journalit.app/,Produtividade,4.42,10659,231,1.000.000+,1000000,1136292,1,0,BRL,0,1,"R$ 3,19 – R$ 619,99 por item",Classificação Livre,21 de mai. de 2017,1782875263,10.5.30,,"Organizador de vida & produtividade: diário, agenda, notas & bullet journal.",https://play.google.com/store/apps/details?id=org.de_studio.diary&hl=pt&gl=br,84,57,89,pequeno/indie,116658,26589.73,94963.32,308630.79,58877.26,512801.93,317937.2,alta,25,4.64,92.0,4.0,"SerpAPI, ScrapingBee"
10,Produtividade,25,Check Calendar - Hábitos,com.checkcalendarapp,Naoki Otsu,info@checkcalendar.app,https://checkcalendar.app/top,Produtividade,4.544944,11549,281,500.000+,500000,649030,1,0,BRL,1,1,"R$ 24,99 – R$ 29,99 por item",Classificação Livre,30 de abr. de 2021,1782712268,14.39.0,,"Rastreador de hábitos para marcar no calendário. Abas, gráficos e mais",https://play.google.com/store/apps/details?id=com.checkcalendarapp&hl=pt&gl=br,84,57,89,pequeno/indie,71212,1513.69,5406.05,17569.66,3351.75,29192.67,18099.46,alta,25,3.4,60.0,40.0,"SerpAPI, ScrapingBee"
1,Jogos de Palavras,9,Encontrar Palavra: Word Search,connect.search.words.games.puzzle,MicroEra,microera_service03@outlook.com,http://microera-games.com,Educativos,4.7615385,11611,111,1.000.000+,1000000,1883123,1,0,BRL,1,1,"R$ 4,85 – R$ 201,92 por item",Classificação Livre,16 de fev. de 2023,1780301141,1.3217,,Teste sua mente com caça palavras e palavras cruzadas no incrível word search!,https://play.google.com/store/apps/details?id=connect.search.words.games.puzzle&hl=pt&gl=br,79,61,89,pequeno/indie,154501,11008.04,39314.43,127771.88,24374.94,212297.9,131624.7,alta,25,4.88,96.0,0.0,"SerpAPI, ScrapingBee"
1,Jogos de Trivia,14,Quiz de Conhecimentos Gerais,com.generalknowledge.freequizgame,Battery Stats Saver,support.generalquizunity@repairbatterylife.com,https://repairbatterylife.com/generalquizunity,Conhecimentos,4.53,1637,97,100.000+,100000,366087,1,0,BRL,1,1,"R$ 5,49 – R$ 549,99 por item",Classificação Livre,15 de fev. de 2018,1770217379,6.1.2,,Teste habilidades com Quiz de Conhecimentos Gerais!,https://play.google.com/store/apps/details?id=com.generalknowledge.freequizgame&hl=pt&gl=br,100,41,89,pequeno/indie,27600,4752.18,16972.07,55159.22,10522.68,91649.17,56822.48,média,25,3.68,60.0,28.0,"SerpAPI, ScrapingBee"
1,Jogos Musicais,1,KALPA - Original Rhythm Game,com.quesera.kalpa,QueseraGames,contact@queseragames.com,https://www.queseragames.com/,Música,4.4059405,10500,164,1.000.000+,1000000,1105359,1,0,BRL,0,1,"R$ 4,59 – R$ 204,99 por item",Classificação 12 anos,31 de jan. de 2021,1782902961,3.2.41,,"Jogo de ritmo vertical, Kalpa! Conheça belas músicas e ilustrações!",https://play.google.com/store/apps/details?id=com.quesera.kalpa&hl=pt&gl=br,84,57,89,pequeno/indie,96325,6839.63,24427.26,79388.59,15144.9,131907.19,81782.46,alta,25,4.36,84.0,8.0,"SerpAPI, ScrapingBee"
1,Jogos Casuais,14,Tile Match: Triple Puzzle Game,com.bigc.tile.match.triple,Big Cake Apps,bigcakebiz@gmail.com,https://www.cardmania.top/,Quebra-cabeças,4.8799553,74352,583,1.000.000+,1000000,1913642,1,0,BRL,1,1,"R$ 4,99 – R$ 219,99 por item",Classificação Livre,7 de fev. de 2026,1781612630,1.1.053,,"Combine peças, colete itens culinários e divirta-se num puzzle match-3 offline.",https://play.google.com/store/apps/details?id=com.bigc.tile.match.triple&hl=pt&gl=br,79,64,89,pequeno/indie,188555,11943.59,42655.66,138630.91,26446.51,230340.58,142811.16,alta,25,4.48,88.0,12.0,"SerpAPI, ScrapingBee"
3,Produtividade,15,Hizo: Hábitos e Tarefas,dev.voksu.hizo,Hizo,support@hizo.me,https://hizo.me,Produtividade,4.71,7348,165,1.000.000+,1000000,1175884,1,0,BRL,0,1,"R$ 21,99 – R$ 194,99 por item",Classificação Livre,27 de jun. de 2023,1776360260,1.22.10,,Crie hábitos facilmente e acompanhe-os em uma interface intuitiva.,https://play.google.com/store/apps/details?id=dev.voksu.hizo&hl=pt&gl=br,84,56,89,pequeno/indie,110855,7997.75,28563.39,92831.02,17709.3,154242.32,95630.24,alta,25,4.56,92.0,8.0,"SerpAPI, ScrapingBee"
3,Produtividade,12,Journal it! Produtividade,org.de_studio.diary,Doit Apps,hai@doit.me,https://home.journalit.app/,Produtividade,4.42,10659,231,1.000.000+,1000000,1136292,1,0,BRL,0,1,"R$ 3,19 – R$ 619,99 por item",Classificação Livre,21 de mai. de 2017,1782875263,10.5.30,,"Organizador de vida & produtividade: diário, agenda, notas & bullet journal.",https://play.google.com/store/apps/details?id=org.de_studio.diary&hl=pt&gl=br,84,57,89,pequeno/indie,116658,26589.73,94963.32,308630.79,58877.26,512801.93,317937.2,alta,25,4.64,92.0,4.0,"SerpAPI, ScrapingBee"
3,Fotografia,7,Dazzle Cam - Câmera Vintage,com.camerafilter.tikfilm.retroimage.ss.android.ugc.aweme.mobile,Analog Film Photo & Photo Editor & Camera,sorylife988@yeah.net,https://pbac6744f.app-ads-txt.com,Fotografia,4.4948454,1656,28,500.000+,500000,570480,1,0,BRL,1,1,"R$ 4,19 – R$ 49,99 por item",Classificação Livre,11 de out. de 2024,1777274597,1.2.2,,"Acreditamos em manter as coisas simples, sem necessidade de pós-edição.",https://play.google.com/store/apps/details?id=com.camerafilter.tikfilm.retroimage.ss.android.ugc.aweme.mobile&hl=pt&gl=br,92,48,89,pequeno/indie,47100,519.67,1855.97,6031.91,1150.7,10022.25,6213.79,média,25,4.12,76.0,16.0,"SerpAPI, ScrapingBee"
1,Jogos de Cartas,11,Art of Solitaire - Paciência,games.flick.solitaire,Flick Games - Solitaire & Patience Card Games,support@flick.games,https://artof.cards,Cartas,4.4736843,15734,415,1.000.000+,1000000,1338895,1,0,BRL,1,1,"R$ 6,49 – R$ 209,99 por item",Classificação Livre,16 de jun. de 2020,1782315028,3.01.14,,"Paciência, Spider, Pirâmide, Klondike. Collabs de arte e jogos com Inscryption",https://play.google.com/store/apps/details?id=games.flick.solitaire&hl=pt&gl=br,84,57,89,pequeno/indie,117813,8781.64,31363.0,101929.74,19445.06,169360.19,105003.32,alta,25,3.8,60.0,24.0,"SerpAPI, ScrapingBee"
3,Estilo de Vida,8,Hizo: Hábitos e Tarefas,dev.voksu.hizo,Hizo,support@hizo.me,https://hizo.me,Produtividade,4.71,7348,165,1.000.000+,1000000,1175884,1,0,BRL,0,1,"R$ 21,99 – R$ 194,99 por item",Classificação Livre,27 de jun. de 2023,1776360260,1.22.10,,Crie hábitos facilmente e acompanhe-os em uma interface intuitiva.,https://play.google.com/store/apps/details?id=dev.voksu.hizo&hl=pt&gl=br,84,56,89,pequeno/indie,110855,7997.75,28563.39,92831.02,17709.3,154242.32,95630.24,alta,25,4.56,92.0,8.0,"SerpAPI, ScrapingBee"
1,Fotografia,19,Dazzle Cam - Câmera Vintage,com.camerafilter.tikfilm.retroimage.ss.android.ugc.aweme.mobile,Analog Film Photo & Photo Editor & Camera,sorylife988@yeah.net,https://pbac6744f.app-ads-txt.com,Fotografia,4.4948454,1656,28,500.000+,500000,570480,1,0,BRL,1,1,"R$ 4,19 – R$ 49,99 por item",Classificação Livre,11 de out. de 2024,1777274597,1.2.2,,"Acreditamos em manter as coisas simples, sem necessidade de pós-edição.",https://play.google.com/store/apps/details?id=com.camerafilter.tikfilm.retroimage.ss.android.ugc.aweme.mobile&hl=pt&gl=br,92,48,89,pequeno/indie,47100,519.67,1855.97,6031.91,1150.7,10022.25,6213.79,média,25,4.12,76.0,16.0,"SerpAPI, ScrapingBee"
3,Entretenimento,8,GoCine - Filmes em casa,com.gocinefilmeseseries,M & E Aplicativos,contatogocinepro.astute057@passmail.net,https://ads.gocine.app,Entretenimento,4.6758394,20444,8469,500.000+,500000,937187,1,0,BRL,1,0,,Classificação Livre,8 de dez. de 2025,1777277672,38.0,,"Explore filmes, séries e animes com trailers, lançamentos e catálogo atualizado.",https://play.google.com/store/apps/details?id=com.gocinefilmeseseries&hl=pt&gl=br,84,59,89,pequeno/indie,87336,52.72,188.3,611.97,90.38,1016.81,488.07,alta,25,4.68,92.0,8.0,"SerpAPI, ScrapingBee"
1,Estilo de Vida,10,TeddyCare: Hábitos Diários,com.kappa.teddybear.android,Kappa Yazilim Anonim Sirketi,hi@kappaapps.co,,Saúde e fitness,4.8135133,46872,882,500.000+,500000,970470,1,0,BRL,0,1,"R$ 39,90 – R$ 359,99 por item",Classificação Livre,29 de abr. de 2025,1778151211,1.0.12,,Planeje sua rotina ideal e acompanhe seus hábitos com facilidade,https://play.google.com/store/apps/details?id=com.kappa.teddybear.android&hl=pt&gl=br,80,60,89,pequeno/indie,90599,9510.38,33965.65,110388.36,21058.7,183414.5,113716.99,alta,25,4.48,84.0,8.0,"SerpAPI, ScrapingBee"
1,Estilo de Vida,1,Hizo: Hábitos e Tarefas,dev.voksu.hizo,Hizo,support@hizo.me,https://hizo.me,Produtividade,4.71,7348,165,1.000.000+,1000000,1175884,1,0,BRL,0,1,"R$ 21,99 – R$ 194,99 por item",Classificação Livre,27 de jun. de 2023,1776360260,1.22.10,,Crie hábitos facilmente e acompanhe-os em uma interface intuitiva.,https://play.google.com/store/apps/details?id=dev.voksu.hizo&hl=pt&gl=br,84,56,89,pequeno/indie,110855,7997.75,28563.39,92831.02,17709.3,154242.32,95630.24,alta,25,4.56,92.0,8.0,"SerpAPI, ScrapingBee"
3,Encontros,11,Easy3P: Namoro App de Swingers,com.mobidev.easy3p,Couples Dating & Hook up App,vietnv.bk.it@gmail.com,https://easy3p-mobile.web.app,Encontros,4.519608,4810,260,100.000+,100000,311112,1,0,BRL,1,1,"R$ 15,99 – R$ 539,99 por item",Classificação 18 anos,13 de set. de 2020,1769686607,10.4.3,,"Aplicativo de namoro a três para casais, swinger, procurando 3some para 3 fun",https://play.google.com/store/apps/details?id=com.mobidev.easy3p&hl=pt&gl=br,100,43,89,pequeno/indie,27353,6423.41,22940.77,74557.49,14223.28,123880.14,76805.69,média,25,4.32,76.0,12.0,"SerpAPI, ScrapingBee"
3,Negócios,13,Estratégia de negócios 2,com.DefaultCompany.businessstrategy2,Ihor Zemlianoi,0957189589iz@gmail.com,,Estratégia,4.46,11727,343,500.000+,500000,615104,1,0,BRL,1,1,"R$ 1,89 – R$ 9,99 por item",Classificação Livre,6 de mai. de 2020,1778694061,5.0,,"Estratégia económica fácil, simulador de bolsa de valores e muito mais!",https://play.google.com/store/apps/details?id=com.DefaultCompany.businessstrategy2&hl=pt&gl=br,90,53,89,pequeno/indie,43337,373.94,1335.5,4340.37,828.01,7211.69,4471.25,alta,25,4.72,92.0,4.0,"SerpAPI, ScrapingBee"
3,Negócios,4,Hero Investor: Business Tycoon,com.smartatum.investorhero,Ramy Tawfik,smartatum@gmail.com,https://ramy-tawfik.github.io/smartatum-website/,Simulador,4.9375,135,8,10.000+,10000,14468,1,0,BRL,1,1,"R$ 4,99 – R$ 129,99 por item",Classificação Livre,5 de nov. de 2025,1783024822,Beta 1.8.7,,"Construa um império bilionário. Invista em ações, títulos, ETFs e imóveis.",https://play.google.com/store/apps/details?id=com.smartatum.investorhero&hl=pt&gl=br,100,80,89,pequeno/indie,1081,50.74,181.2,588.91,112.35,978.49,606.66,média,8,5.0,100.0,0.0,"SerpAPI, ScrapingBee"
3,Livros e Referências,9,Gutenberg | eBook Reader,gutenberg.projectgutenberg.epub.readerapp,LingoKit,info@webronsoftware.co.uk,https://www.lingokit.app,Livros e referências,4.313253,6256,11,100.000+,100000,332889,1,0,BRL,1,1,"R$ 10,99 – R$ 83,99 por item",Classificação Livre,27 de nov. de 2025,1776333567,2.1.3,,Livros do Projeto Gutenberg: baixe e leia offline mais de 75.000 livros.,https://play.google.com/store/apps/details?id=gutenberg.projectgutenberg.epub.readerapp&hl=pt&gl=br,100,74,89,pequeno/indie,26705,502.67,1795.23,5834.51,1113.05,9694.26,6010.44,alta,25,3.72,64.0,28.0,"SerpAPI, ScrapingBee"
1,Entretenimento,4,PipocaFlix - Filmes e Séries,com.onlne.pobreflixhd,Ed Aplicativos,novizeroficial@proton.me,,Entretenimento,4.7599363,12142,3060,100.000+,100000,295901,1,0,BRL,1,0,,Classificação Livre,30 de out. de 2025,1761843065,1.0,,🎬 PipocaFlix — Entretenimento sem limites e diversão garantida!,https://play.google.com/store/apps/details?id=com.onlne.pobreflixhd&hl=pt&gl=br,100,42,89,pequeno/indie,25945,11.28,40.28,130.9,19.33,217.49,104.39,alta,25,4.24,80.0,12.0,"SerpAPI, ScrapingBee"
3,Automóveis e Veículos,10,O Meu Carro: Combustível,com.kineapps.mycar,KineApps Ltd,mycar@kineapps.com,https://mycar-app.com,Veículos,4.69,5494,69,500.000+,500000,598625,1,0,BRL,0,1,"R$ 4,39 – R$ 449,99 por item",Classificação Livre,23 de set. de 2019,1779093061,5.1.308,,"Acompanhe combustível, despesas e manutenção com análises para todos os veículos",https://play.google.com/store/apps/details?id=com.kineapps.mycar&hl=pt&gl=br,84,58,89,pequeno/indie,54504,4767.37,17026.31,55335.51,10556.31,91942.07,57004.08,alta,25,3.96,72.0,20.0,"SerpAPI, ScrapingBee"
1,Automóveis e Veículos,8,O Meu Carro: Combustível,com.kineapps.mycar,KineApps Ltd,mycar@kineapps.com,https://mycar-app.com,Veículos,4.69,5494,69,500.000+,500000,598625,1,0,BRL,0,1,"R$ 4,39 – R$ 449,99 por item",Classificação Livre,23 de set. de 2019,1779093061,5.1.308,,"Acompanhe combustível, despesas e manutenção com análises para todos os veículos",https://play.google.com/store/apps/details?id=com.kineapps.mycar&hl=pt&gl=br,84,58,89,pequeno/indie,54504,4767.37,17026.31,55335.51,10556.31,91942.07,57004.08,alta,25,3.96,72.0,20.0,"SerpAPI, ScrapingBee"
29,Personalização · Launchers,22,Tem principais do AlphaLaunchr,launcher.alpha.prime,AppTech Launcher Studios Inc,thealphalauncher@gmail.com,https://arclauncher.com/,Personalização,4.6,3240,124,10.000+,10000,29624,0,16.99,BRL,0,0,,Classificação Livre,26 de jun. de 2019,1761632632,15.2,,"Economiza tempo 3x, Pegue suas coisas em uma torneira com Alpha",https://play.google.com/store/apps/details?id=launcher.alpha.prime&hl=pt&gl=br,100,38,88,pequeno/indie,2271,826.22,2950.78,9590.05,1829.49,15934.24,9879.23,média,25,4.04,76.0,24.0,"SerpAPI, Firecrawl"
30,Arte e Design · Livros de Colorir,2,Livro de Colorir - Mandala,com.infocombinat.coloringbynumbersmandalavector,Abovegames,feedback@abovegames.com,https://abovegames.com/,Quebra-cabeças,4.53,7703,154,1.000.000+,1000000,1450118,1,0,BRL,1,1,"R$ 0,99 – R$ 174,99 por item",Classificação Livre,16 de set. de 2020,1779105024,3.9.2,,Lindo livro de colorir mandala! Jogo de pintar mandala para pintar por número!,https://play.google.com/store/apps/details?id=com.infocombinat.coloringbynumbersmandalavector&hl=pt&gl=br,84,52,88,pequeno/indie,117436,5312.36,18972.72,61661.33,11763.08,102452.67,63520.66,alta,25,4.08,80.0,20.0,"SerpAPI, Firecrawl"
15,Produtividade,17,"24me: Agenda, Tarefas",me.twentyfour.www,24me,info@twentyfour.me,http://www.twentyfour.me,Produtividade,4.47,7145,158,500.000+,500000,635698,1,0,BRL,0,1,"R$ 33,50 – R$ 364,99 por item",Classificação Livre,10 de dez. de 2014,1781303907,Varies with device,,"Assistente pessoal inteligente - Sua Agenda, Tarefas e Anotações em um só app",https://play.google.com/store/apps/details?id=me.twentyfour.www&hl=pt&gl=br,84,55,88,pequeno/indie,63340,9231.71,32970.38,107153.74,20441.64,178040.06,110384.84,alta,25,4.16,76.0,16.0,"SerpAPI, ScrapingBee"
14,Produtividade,20,"24me: Agenda, Tarefas",me.twentyfour.www,24me,info@twentyfour.me,http://www.twentyfour.me,Produtividade,4.47,7145,158,500.000+,500000,635698,1,0,BRL,0,1,"R$ 33,50 – R$ 364,99 por item",Classificação Livre,10 de dez. de 2014,1781303907,Varies with device,,"Assistente pessoal inteligente - Sua Agenda, Tarefas e Anotações em um só app",https://play.google.com/store/apps/details?id=me.twentyfour.www&hl=pt&gl=br,84,55,88,pequeno/indie,63340,9231.71,32970.38,107153.74,20441.64,178040.06,110384.84,alta,25,4.16,76.0,16.0,"SerpAPI, ScrapingBee"
13,Produtividade,10,"24me: Agenda, Tarefas",me.twentyfour.www,24me,info@twentyfour.me,http://www.twentyfour.me,Produtividade,4.47,7145,158,500.000+,500000,635698,1,0,BRL,0,1,"R$ 33,50 – R$ 364,99 por item",Classificação Livre,10 de dez. de 2014,1781303907,Varies with device,,"Assistente pessoal inteligente - Sua Agenda, Tarefas e Anotações em um só app",https://play.google.com/store/apps/details?id=me.twentyfour.www&hl=pt&gl=br,84,55,88,pequeno/indie,63340,9231.71,32970.38,107153.74,20441.64,178040.06,110384.84,alta,25,4.16,76.0,16.0,"SerpAPI, ScrapingBee"
10,Produtividade,24,"24me: Agenda, Tarefas",me.twentyfour.www,24me,info@twentyfour.me,http://www.twentyfour.me,Produtividade,4.47,7145,158,500.000+,500000,635698,1,0,BRL,0,1,"R$ 33,50 – R$ 364,99 por item",Classificação Livre,10 de dez. de 2014,1781303907,Varies with device,,"Assistente pessoal inteligente - Sua Agenda, Tarefas e Anotações em um só app",https://play.google.com/store/apps/details?id=me.twentyfour.www&hl=pt&gl=br,84,55,88,pequeno/indie,63340,9231.71,32970.38,107153.74,20441.64,178040.06,110384.84,alta,25,4.16,76.0,16.0,"SerpAPI, ScrapingBee"
9,Quadrinhos,8,Comikey: Webtoons em Português,com.comikey.banagher,Comikey Media,support@comikey.com,https://comikey.com,Quadrinhos,4.5380116,6153,2030,500.000+,500000,983331,1,0,BRL,1,1,"R$ 4,90 – R$ 999,99 por item",Classificação 16 anos,19 de abr. de 2022,1779663772,25.06.26,,"Leia grátis os Manhwas, Mangás e Webtoons mais famosos direto em Português!",https://play.google.com/store/apps/details?id=com.comikey.banagher&hl=pt&gl=br,84,53,88,pequeno/indie,91862,19608.0,70028.58,227592.88,43417.72,378154.32,234455.68,alta,25,3.56,56.0,32.0,"SerpAPI, ScrapingBee"
3,Produtividade,10,"24me: Agenda, Tarefas",me.twentyfour.www,24me,info@twentyfour.me,http://www.twentyfour.me,Produtividade,4.47,7145,158,500.000+,500000,635698,1,0,BRL,0,1,"R$ 33,50 – R$ 364,99 por item",Classificação Livre,10 de dez. de 2014,1781303907,Varies with device,,"Assistente pessoal inteligente - Sua Agenda, Tarefas e Anotações em um só app",https://play.google.com/store/apps/details?id=me.twentyfour.www&hl=pt&gl=br,84,55,88,pequeno/indie,63340,9231.71,32970.38,107153.74,20441.64,178040.06,110384.84,alta,25,4.16,76.0,16.0,"SerpAPI, ScrapingBee"
1,Jogos de Aventura,7,Aventura Estreal,com.eyougame.xjes2,EYOUGAME(US),support@eyougame.com,https://www.eyougame.com,RPG,4.53,4137,210,100.000+,100000,283010,1,0,BRL,1,1,"R$ 8,90 – R$ 899,90 por item",Classificação 10 anos,5 de nov. de 2024,1731899556,1.2,,Aventura Estreal é um MMORPG de fantasia com um mundo mágico para descobrir!,https://play.google.com/store/apps/details?id=com.eyougame.xjes2&hl=pt&gl=br,100,36,88,pequeno/indie,21041,8514.19,30407.81,98825.38,18852.84,164202.16,101805.34,média,25,4.16,76.0,16.0,"SerpAPI, ScrapingBee"
1,Clima,13,Previsão do Tempo Preciso Info,weather.forecast.radar.channel,1 Bit,pointdotdog@gmail.com,https://onebit-app.web.app/,Clima,4.6039605,14097,223,1.000.000+,1000000,1670632,1,0,BRL,1,1,"R$ 5,49 – R$ 224,99 por item",Classificação Livre,3 de fev. de 2021,1775720548,1.23.7,,"Previsão do tempo precisa, radar meteo rastreia todas as informações meteo",https://play.google.com/store/apps/details?id=weather.forecast.radar.channel&hl=pt&gl=br,79,57,88,pequeno/indie,160299,7208.86,25745.94,83674.3,15962.48,139028.06,86197.4,alta,25,4.64,96.0,4.0,"SerpAPI, ScrapingBee"
3,Medicina,12,Meu Remédio Pro,health.doctor.pill.my_medicine.pro,made easy,madeeasy.apps@outlook.com,,Medicina,4.5925927,323,18,50.000+,50000,60627,0,13.99,BRL,0,0,,Classificação Livre,19 de ago. de 2023,1769380345,1.6.7,,Meu kit de medicamentos e informações de saúde,https://play.google.com/store/apps/details?id=health.doctor.pill.my_medicine.pro&hl=pt&gl=br,100,38,88,pequeno/indie,4856,6926.74,24738.34,80399.61,15337.77,133587.05,82823.97,média,21,4.38,85.7,0.0,"SerpAPI, ScrapingBee"
1,Produtividade,8,"24me: Agenda, Tarefas",me.twentyfour.www,24me,info@twentyfour.me,http://www.twentyfour.me,Produtividade,4.47,7145,158,500.000+,500000,635698,1,0,BRL,0,1,"R$ 33,50 – R$ 364,99 por item",Classificação Livre,10 de dez. de 2014,1781303907,Varies with device,,"Assistente pessoal inteligente - Sua Agenda, Tarefas e Anotações em um só app",https://play.google.com/store/apps/details?id=me.twentyfour.www&hl=pt&gl=br,84,55,88,pequeno/indie,63340,9231.71,32970.38,107153.74,20441.64,178040.06,110384.84,alta,25,4.16,76.0,16.0,"SerpAPI, ScrapingBee"
3,Quadrinhos,10,Comikey: Webtoons em Português,com.comikey.banagher,Comikey Media,support@comikey.com,https://comikey.com,Quadrinhos,4.5380116,6153,2030,500.000+,500000,983331,1,0,BRL,1,1,"R$ 4,90 – R$ 999,99 por item",Classificação 16 anos,19 de abr. de 2022,1779663772,25.06.26,,"Leia grátis os Manhwas, Mangás e Webtoons mais famosos direto em Português!",https://play.google.com/store/apps/details?id=com.comikey.banagher&hl=pt&gl=br,84,53,88,pequeno/indie,91862,19608.0,70028.58,227592.88,43417.72,378154.32,234455.68,alta,25,3.56,56.0,32.0,"SerpAPI, ScrapingBee"
1,Quadrinhos,11,Comikey: Webtoons em Português,com.comikey.banagher,Comikey Media,support@comikey.com,https://comikey.com,Quadrinhos,4.5380116,6153,2030,500.000+,500000,983331,1,0,BRL,1,1,"R$ 4,90 – R$ 999,99 por item",Classificação 16 anos,19 de abr. de 2022,1779663772,25.06.26,,"Leia grátis os Manhwas, Mangás e Webtoons mais famosos direto em Português!",https://play.google.com/store/apps/details?id=com.comikey.banagher&hl=pt&gl=br,84,53,88,pequeno/indie,91862,19608.0,70028.58,227592.88,43417.72,378154.32,234455.68,alta,25,3.56,56.0,32.0,"SerpAPI, ScrapingBee"
29,Personalização · Papéis de Parede,8,Papel de Parede 4K: PhoneWalls,com.phonewalls.stockwallpapers,YTECHB,phonewallsapp@ytechb.com,https://www.phonewalls.in,Personalização,4.6,17222,166,1.000.000+,1000000,1874051,1,0,BRL,1,1,"R$ 5,99 – R$ 114,99 por item",Classificação Livre,26 de jun. de 2020,1783056635,3.1.9,,"5000+ 4K, papéis de parede animados, depth effect e editor grátis para celular.",https://play.google.com/store/apps/details?id=com.phonewalls.stockwallpapers&hl=pt&gl=br,69,63,87,oportunidade,217016,5703.53,20369.75,66201.7,12629.25,109996.68,68197.94,alta,25,4.32,84.0,12.0,"SerpAPI, Firecrawl"
9,Notícias e Revistas,7,Jornais Portugueses,com.tachanfil.jornaisportugueses,MUNBEN,info@munben.com,http://www.munben.com,Notícias e revistas,4.4666667,781,9,100.000+,100000,122203,1,0,BRL,1,0,,Classificação Livre,30 de jan. de 2017,1764358060,6.2.3,,Reúne os principais jornais e revistas na Portugal,https://play.google.com/store/apps/details?id=com.tachanfil.jornaisportugueses&hl=pt&gl=br,100,34,87,pequeno/indie,9271,4.03,14.39,46.78,6.91,77.72,37.31,média,25,3.48,56.0,36.0,"SerpAPI, ScrapingBee"
9,Negócios,8,Meu Negócio,com.segb_d3v3l0p.minegocio,Goolaxo,goolaxo@gmail.com,https://goolaxo.web.app,Negócios,4.520325,25697,780,1.000.000+,1000000,1981435,1,0,BRL,1,1,"R$ 2,69 – R$ 14,99 por item",Classificação Livre,25 de set. de 2015,1780200901,6.30.2,,"Controle e melhore seu negócio de forma fácil, rápida e sem complicações.",https://play.google.com/store/apps/details?id=com.segb_d3v3l0p.minegocio&hl=pt&gl=br,79,56,87,pequeno/indie,191737,1613.44,5762.29,18727.45,3572.62,31116.39,19292.16,alta,25,4.76,96.0,0.0,"SerpAPI, ScrapingBee"
3,Viagens e Localização,19,Viajei: Viagem em Grupo,app.m33labs.viajei,M33 Labs,appviajei@gmail.com,https://viajeiapp.com,Viagem e Turismo,5.0,10,8,100+,100,451,1,0,BRL,1,0,,Classificação Livre,26 de mar. de 2026,1781554906,1.2.4,,"Organize viagens em grupo, divida despesas e planeje tudo no app.",https://play.google.com/store/apps/details?id=app.m33labs.viajei&hl=pt&gl=br,100,74,87,pequeno/indie,30,0.02,0.07,0.24,0.03,0.39,0.19,baixa,7,5.0,100.0,0.0,"SerpAPI, ScrapingBee"
1,Jogos de Quebra-Cabeça,13,Vita Jigsaw for Seniors,com.vitastudio.senior.jigsaw,Vita Studio.,support@vitastudio.ai,https://vitastudio.ai,Quebra-cabeças,4.735849,63936,54,1.000.000+,1000000,1696569,1,0,BRL,1,0,,Classificação Livre,31 de ago. de 2023,1782372312,2.0.11,,Quebra-cabeças grandes em HD para idosos. Fáceis de ver e de jogar.,https://play.google.com/store/apps/details?id=com.vitastudio.senior.jigsaw&hl=pt&gl=br,69,65,87,crescendo,166171,162.51,580.39,1886.27,278.59,3134.11,1504.37,alta,25,4.56,92.0,8.0,"SerpAPI, ScrapingBee"
1,Jogos de Cassino,4,Woohoo™ Slots - Casino Games,com.wh.free.jackpot.casino.slots,Triwin Games,woohooslots@gmail.com,https://www.triwingames.com,Cassino,4.7576923,48372,2050,1.000.000+,1000000,1669685,1,0,BRL,1,0,,Classificação Livre,5 de dez. de 2022,1770693642,2.2.8,,Cash Casino Slots Game: Have Fun Spinning and Winning Jackpots.,https://play.google.com/store/apps/details?id=com.wh.free.jackpot.casino.slots&hl=pt&gl=br,79,53,87,pequeno/indie,136173,363.2,1297.14,4215.7,622.63,7004.55,3362.18,alta,25,4.4,84.0,8.0,"SerpAPI, ScrapingBee"
3,Fotografia,22,Live Photo Camera:Motion Photo,com.bitdance.livephoto.camera,"BitDance AI Studio - Fun, Creative & Smart Tools",bitdancetech@gmail.com,https://www.app-dance.com/,Fotografia,4.27451,17797,84,500.000+,500000,898481,1,0,BRL,1,1,"R$ 4,89 – R$ 29,99 por item",Classificação Livre,13 de mar. de 2026,1783006381,1.4.2,,Criador de live photo e app câmera para android- vídeo para live photo offline,https://play.google.com/store/apps/details?id=com.bitdance.livephoto.camera&hl=pt&gl=br,94,72,87,pequeno/indie,91143,727.21,2597.19,8440.86,1610.26,14024.82,8695.39,alta,25,4.24,80.0,16.0,"SerpAPI, ScrapingBee"
3,Notícias e Revistas,9,Jornais Portugueses,com.tachanfil.jornaisportugueses,MUNBEN,info@munben.com,http://www.munben.com,Notícias e revistas,4.4666667,781,9,100.000+,100000,122203,1,0,BRL,1,0,,Classificação Livre,30 de jan. de 2017,1764358060,6.2.3,,Reúne os principais jornais e revistas na Portugal,https://play.google.com/store/apps/details?id=com.tachanfil.jornaisportugueses&hl=pt&gl=br,100,34,87,pequeno/indie,9271,4.03,14.39,46.78,6.91,77.72,37.31,média,25,3.48,56.0,36.0,"SerpAPI, ScrapingAnt"
1,Viagens e Localização,15,Viajei: Viagem em Grupo,app.m33labs.viajei,M33 Labs,appviajei@gmail.com,https://viajeiapp.com,Viagem e Turismo,5.0,10,8,100+,100,451,1,0,BRL,1,0,,Classificação Livre,26 de mar. de 2026,1781554906,1.2.4,,"Organize viagens em grupo, divida despesas e planeje tudo no app.",https://play.google.com/store/apps/details?id=app.m33labs.viajei&hl=pt&gl=br,100,74,87,pequeno/indie,30,0.02,0.07,0.24,0.03,0.39,0.19,baixa,7,5.0,100.0,0.0,"SerpAPI, ScrapingBee"
1,Notícias e Revistas,9,Jornais Portugueses,com.tachanfil.jornaisportugueses,MUNBEN,info@munben.com,http://www.munben.com,Notícias e revistas,4.4666667,781,9,100.000+,100000,122203,1,0,BRL,1,0,,Classificação Livre,30 de jan. de 2017,1764358060,6.2.3,,Reúne os principais jornais e revistas na Portugal,https://play.google.com/store/apps/details?id=com.tachanfil.jornaisportugueses&hl=pt&gl=br,100,34,87,pequeno/indie,9271,4.03,14.39,46.78,6.91,77.72,37.31,média,25,3.48,56.0,36.0,"SerpAPI, ScrapingBee"
1,Gastronomia,7,Mais Delivery,com.maisdelivery,Mais Delivery Nacional,contato@g22ti.com.br,https://maisdeliveryapp.com.br,Compras,4.779688,44259,11404,1.000.000+,1000000,1987654,1,0,BRL,1,0,,Classificação Livre,28 de fev. de 2019,1781546314,14.0.3,,"MAIS DELIVERY,
SEU PEDIDO É UMA ORDEM",https://play.google.com/store/apps/details?id=com.maisdelivery&hl=pt&gl=br,69,64,87,oportunidade,230842,153.29,547.47,1779.26,262.78,2956.31,1419.03,alta,25,5.0,100.0,0.0,"SerpAPI, ScrapingBee"
1,Negócios,5,Meu Negócio,com.segb_d3v3l0p.minegocio,Goolaxo,goolaxo@gmail.com,https://goolaxo.web.app,Negócios,4.520325,25697,780,1.000.000+,1000000,1981435,1,0,BRL,1,1,"R$ 2,69 – R$ 14,99 por item",Classificação Livre,25 de set. de 2015,1780200901,6.30.2,,"Controle e melhore seu negócio de forma fácil, rápida e sem complicações.",https://play.google.com/store/apps/details?id=com.segb_d3v3l0p.minegocio&hl=pt&gl=br,79,56,87,pequeno/indie,191737,1613.44,5762.29,18727.45,3572.62,31116.39,19292.16,alta,25,4.76,96.0,0.0,"SerpAPI, ScrapingBee"
1,Livros e Referências,13,eBook Reader: all in one,droid.reader.book.epub.mobi.pdf.djvu.fb2.txt.azw.azw3,Librera,librera.reader@gmail.com,http://librera.mobi,Livros e referências,4.4859815,8560,611,1.000.000+,1000000,1546812,1,0,BRL,1,0,,Classificação Livre,27 de set. de 2016,1779373412,9.4.8,,"Leitor de todos os formatos com recurso-chave TTS, Bookmarks, Backgrounds",https://play.google.com/store/apps/details?id=droid.reader.book.epub.mobi.pdf.djvu.fb2.txt.azw.azw3&hl=pt&gl=br,79,53,87,pequeno/indie,134409,89.25,318.77,1035.99,153.01,1721.33,826.24,alta,25,4.28,80.0,12.0,"SerpAPI, ScrapingBee"
1,Arte e Design,10,SketchPro: Pintar e desenhar,com.axis.sketchpro,4Axis Technologies,sketchpro@4axis.com,https://sketchpro.com,Arte e design,4.6213593,24317,187,1.000.000+,1000000,1548906,1,0,BRL,0,1,"R$ 5,99 – R$ 104,99 por item",Classificação Livre,7 de dez. de 2023,1783060713,2.0.1,,Aplicativo de desenho e pintura de ilustração digital para arte de anime e mangá,https://play.google.com/store/apps/details?id=com.axis.sketchpro&hl=pt&gl=br,69,65,87,crescendo,177672,4175.3,14911.8,48463.36,9245.32,80523.73,49924.71,alta,25,4.6,92.0,8.0,"SerpAPI, ScrapingBee"
29,Personalização · Widgets,22,Glassy Widgets: Glassmorfismo,com.glassywidgets.app,WidgetVibes,support@widgetvibes.com,https://widgetvibes.com/,Personalização,4.0,241,0,50.000+,50000,50012,1,0,BRL,1,1,"R$ 4,99 – R$ 79,00 por item",Classificação Livre,28 de mar. de 2026,1782381262,1.1.7,,"Widgets e ícones premium com efeito de vidro, desfoque e transparência.",https://play.google.com/store/apps/details?id=com.glassywidgets.app&hl=pt&gl=br,100,63,86,pequeno/indie,4320,79.4,283.57,921.62,175.82,1531.3,949.41,média,0,0.0,0.0,0.0,"SerpAPI, Firecrawl"
30,Arte e Design · Livros de Colorir,15,Pintar por Número Antiestresse,com.goodluck.calm.color.zen.paint,Good Luck Studios,wangnaigang916an@gmail.com,https://youbia.github.io/,Quebra-cabeças,4.6,27,1,5.000+,5000,7456,1,0,BRL,1,1,"R$ 51,99 por item",Classificação Livre,28 de mar. de 2026,1777359543,1.2,,Relaxe com coloração zen e quebra-cabeças de pintar por número.,https://play.google.com/store/apps/details?id=com.goodluck.calm.color.zen.paint&hl=pt&gl=br,100,70,86,pequeno/indie,444,12.04,42.98,139.7,26.65,232.12,143.91,baixa,1,5.0,100.0,0.0,"SerpAPI, Firecrawl"
23,"Busca: ""rifa""",7,Rifa Online Digital de Grupo,com.codefusion.rifadigital,Code Fusion Tech,codefusiontechsolutions@gmail.com,https://codefusion.digital/,Ferramentas,4.72093,2640,326,50.000+,50000,77641,1,0,BRL,0,1,"R$ 7,99 – R$ 3.999,99 por item",Classificação Livre,19 de ago. de 2025,,Varies with device,,Organizador de rifas virtuais para arrecadação fácil e transparente,https://play.google.com/store/apps/details?id=com.codefusion.rifadigital&hl=pt&gl=br,100,29,86,pequeno/indie,6311,64.73,231.17,751.3,143.32,1248.31,773.95,média,150,4.17,78.7,18.0,"SerpAPI, Brave Search, Firecrawl, DevSite:Firecrawl"
22,"Busca: ""carteira""",11,Carteira de Cartões de Crédito,marcello.dev.cardkeeper,marcello.dev,marcellocamara.dev@gmail.com,https://marcello.dev/cardkeeper,Finanças,4.542105,2893,193,100.000+,100000,399456,1,0,BRL,1,1,"R$ 19,99 por item",Classificação Livre,8 de jan. de 2021,1758220215,3.32.0,,"Acesse todos os seus cartões de crédito, de maneira segura e prática!",https://play.google.com/store/apps/details?id=marcello.dev.cardkeeper&hl=pt&gl=br,100,29,86,pequeno/indie,35597,444.8,1588.56,5162.83,984.91,8578.24,5318.51,média,150,3.57,59.3,31.3,"SerpAPI, Brave Search, Firecrawl, DevSite:ScrapingAnt"
12,Personalização,20,Orbit Launcher: Tema Sci-Fi,appmania.launcher.orbitui,App Mania Software Development,appmania14@gmail.com,https://theappmania.com/,Personalização,4.6,1893,51,50.000+,50000,63613,1,0,BRL,1,1,"R$ 4,90 – R$ 19,99 por item",Classificação Livre,3 de mai. de 2024,,Varies with device,,Transforme seu celular com um visual futurista e interface de cinema.,https://play.google.com/store/apps/details?id=appmania.launcher.orbitui&hl=pt&gl=br,100,29,86,pequeno/indie,5110,19.85,70.9,230.42,43.96,382.85,237.37,média,25,4.28,80.0,16.0,"SerpAPI, ScrapingBee"
12,Personalização,16,ModArt Launcher -Theme 18 in 1,com.lw.modartlauncher,Launchers World,tianaent@gmail.com,http://tianaenterprises.in,Personalização,4.475,4751,34,100.000+,100000,155718,1,0,BRL,1,0,,Classificação Livre,11 de out. de 2023,1754999131,7.0,,Liberte sua criatividade com ModArt Launcher.,https://play.google.com/store/apps/details?id=com.lw.modartlauncher&hl=pt&gl=br,100,28,86,pequeno/indie,11978,5.21,18.59,60.43,8.93,100.41,48.2,média,25,4.44,92.0,8.0,"SerpAPI, ScrapingBee"
1,Jogos de Palavras,6,Word Search 2 - Caça palavras,com.iscoolentertainment.word.search,IsCool Entertainment,support+wordsearch@iscool-e.com,https://www.iscoolentertainment.com,Palavras,4.804762,51268,214,1.000.000+,1000000,1899260,1,0,BRL,1,1,"R$ 6,99 – R$ 689,99 por item",Classificação Livre,14 de out. de 2022,1777023622,1.25.0,,Jogue este jogo de caça-palavras relaxante com mais de 4.200 fases!,https://play.google.com/store/apps/details?id=com.iscoolentertainment.word.search&hl=pt&gl=br,69,59,86,oportunidade,155890,33634.45,120123.04,390399.87,74476.28,648664.41,402171.93,alta,25,4.72,92.0,4.0,"SerpAPI, ScrapingBee"
1,Jogos de Simulação,3,SIMULACRA,com.kaigan.simulacra,Kaigan Games OÜ,info@kaigangames.com,http://www.kaigangames.com,Simulador,4.74,7174,151,50.000+,50000,78927,0,19.99,BRL,0,0,,Classificação 14 anos,26 de out. de 2017,1718353857,1.0.65,,Uma experiência de terror realista ao explorar o telefone de uma mulher desaparecida.,https://play.google.com/store/apps/details?id=com.kaigan.simulacra&hl=pt&gl=br,100,31,86,pequeno/indie,5458,9277.17,33132.77,107681.49,20542.31,178916.93,110928.5,média,25,4.16,76.0,24.0,"SerpAPI, ScrapingBee"
3,Esportes,3,Placar de futebol,it.censa.scoreboardsoccer,CensaSoft,andreacensabella85@gmail.com,https://censasoft.web.app,Esportes,4.86,1154,134,100.000+,100000,242249,1,0,BRL,1,1,"R$ 6,49 – R$ 99,99 por item",Classificação Livre,26 de mai. de 2023,,Varies with device,,Marque e acompanhe os pontos no futebol!,https://play.google.com/store/apps/details?id=it.censa.scoreboardsoccer&hl=pt&gl=br,100,28,86,pequeno/indie,21009,319.19,1139.97,3704.91,706.78,6155.86,3816.63,média,25,4.84,96.0,4.0,"SerpAPI, ScrapingBee"
3,Personalização,20,Orbit Launcher: Tema Sci-Fi,appmania.launcher.orbitui,App Mania Software Development,appmania14@gmail.com,https://theappmania.com/,Personalização,4.6,1893,51,50.000+,50000,63613,1,0,BRL,1,1,"R$ 4,90 – R$ 19,99 por item",Classificação Livre,3 de mai. de 2024,,Varies with device,,Transforme seu celular com um visual futurista e interface de cinema.,https://play.google.com/store/apps/details?id=appmania.launcher.orbitui&hl=pt&gl=br,100,29,86,pequeno/indie,5110,19.85,70.9,230.42,43.96,382.85,237.37,média,25,4.28,80.0,16.0,"SerpAPI, ScrapingBee"
3,Personalização,16,ModArt Launcher -Theme 18 in 1,com.lw.modartlauncher,Launchers World,tianaent@gmail.com,http://tianaenterprises.in,Personalização,4.475,4751,34,100.000+,100000,155718,1,0,BRL,1,0,,Classificação Livre,11 de out. de 2023,1754999131,7.0,,Liberte sua criatividade com ModArt Launcher.,https://play.google.com/store/apps/details?id=com.lw.modartlauncher&hl=pt&gl=br,100,28,86,pequeno/indie,11978,5.21,18.59,60.43,8.93,100.41,48.2,média,25,4.44,92.0,8.0,"SerpAPI, ScrapingBee"
1,Jogos Arcade,12,John Mambo: Jogos Arcade,com.JohnMambo.RetroPixelAction,Iction Games,ictiongames@gmail.com,https://www.ictiongames.com/,Ação,4.5555553,254,15,10.000+,10000,25108,1,0,BRL,1,1,"R$ 6,49 por item",Classificação 12 anos,17 de dez. de 2023,1760628863,010630,,Aprecie este jogo de ação em pixel art com referências aos jogos de arcade,https://play.google.com/store/apps/details?id=com.JohnMambo.RetroPixelAction&hl=pt&gl=br,100,28,86,pequeno/indie,1619,5.93,21.18,68.83,13.13,114.36,70.9,baixa,16,4.62,87.5,6.2,"SerpAPI, ScrapingBee"
1,Esportes,3,Placar de futebol,it.censa.scoreboardsoccer,CensaSoft,andreacensabella85@gmail.com,https://censasoft.web.app,Esportes,4.86,1154,134,100.000+,100000,242249,1,0,BRL,1,1,"R$ 6,49 – R$ 99,99 por item",Classificação Livre,26 de mai. de 2023,,Varies with device,,Marque e acompanhe os pontos no futebol!,https://play.google.com/store/apps/details?id=it.censa.scoreboardsoccer&hl=pt&gl=br,100,28,86,pequeno/indie,21009,319.19,1139.97,3704.91,706.78,6155.86,3816.63,média,25,4.84,96.0,4.0,"SerpAPI, ScrapingBee"
1,Personalização,7,Orbit Launcher: Tema Sci-Fi,appmania.launcher.orbitui,App Mania Software Development,appmania14@gmail.com,https://theappmania.com/,Personalização,4.6,1893,51,50.000+,50000,63613,1,0,BRL,1,1,"R$ 4,90 – R$ 19,99 por item",Classificação Livre,3 de mai. de 2024,,Varies with device,,Transforme seu celular com um visual futurista e interface de cinema.,https://play.google.com/store/apps/details?id=appmania.launcher.orbitui&hl=pt&gl=br,100,29,86,pequeno/indie,5110,19.85,70.9,230.42,43.96,382.85,237.37,média,25,4.28,80.0,16.0,"SerpAPI, ScrapingBee"
3,Educação,16,Casa do Saber: Cursos e mais,com.casadosaber.digital,Casa do Saber,ajuda@casadosaberondemand.com.br,https://casadosaber.com.br/,Educação,4.793296,5465,1027,100.000+,100000,195279,1,0,BRL,1,1,"R$ 299,40 – R$ 1.679,90 por item",Classificação Livre,15 de out. de 2018,,Varies with device,,Aprenda mais e mais rápido,https://play.google.com/store/apps/details?id=com.casadosaber.digital&hl=pt&gl=br,100,30,86,pequeno/indie,16734,612.0,2185.71,7103.57,1355.14,11802.85,7317.77,alta,25,4.32,84.0,16.0,"SerpAPI, ScrapingBee"
29,Personalização · Widgets,23,Criador de Widgets Coloridos,com.colorwidgets.newwidget.magicwidgets,GeniusTools Labs,support.colorfulwidget@geniustoolslabs.com,https://geniustoolslabs.com/colorfulwidget,Personalização,4.47,9018,172,500.000+,500000,959785,1,0,BRL,1,1,"R$ 5,49 – R$ 549,99 por item",Classificação Livre,15 de dez. de 2022,1768832286,19.1.3,,Decore sua tela inicial com Widgets Estéticos personalizados!,https://play.google.com/store/apps/details?id=com.colorwidgets.newwidget.magicwidgets&hl=pt&gl=br,84,42,85,pequeno/indie,81410,8754.38,31265.63,101613.3,19384.69,168834.41,104677.33,alta,25,3.92,68.0,20.0,"SerpAPI, Firecrawl"
29,Negócios · CRM e Vendas,18,LEADer CRM Leads & Vendas,com.katans.leader,Leader AI Labs LLC,support@leader.net,http://www.leader.net,Negócios,4.3,8617,314,100.000+,100000,492014,1,0,BRL,0,1,"R$ 8,49 – R$ 1.899,99 por item",Classificação Livre,12 de set. de 2017,1784094997,4.8.19,,"Monitoramento Grátis de CRM & Vendas para Acompanhar Clientes, Leads & Vendas",https://play.google.com/store/apps/details?id=com.katans.leader&hl=pt&gl=br,100,57,85,pequeno/indie,48366,1425.87,5092.39,16550.27,3157.28,27498.92,17049.33,alta,25,3.56,60.0,32.0,"SerpAPI, Firecrawl"
9,Personalização,3,Themes: Wallpaper & Widgets,com.flyer.theme,ImoDevel,inventafrica5@gmail.com,https://rhynhawlk.dev/,Personalização,4.609091,16527,396,1.000.000+,1000000,1371696,1,0,BRL,1,1,"R$ 4,99 – R$ 104,99 por item",Classificação Livre,9 de fev. de 2026,,Varies with device,,"Temas - Deixe seu celular incrível com papéis de parede, widgets e ícones de aplicativos personalizados.",https://play.google.com/store/apps/details?id=com.flyer.theme&hl=pt&gl=br,94,32,85,pequeno/indie,130324,2043.21,7297.19,23715.87,4524.26,39404.83,24430.99,alta,25,4.52,92.0,8.0,"SerpAPI, ScrapingBee"
9,Estilo de Vida,8,Mini Hábitos - Rotina e Hábito,com.qiapps.minihabitos,QIApps,qiapps.contato@gmail.com,https://minihabitos.firebaseapp.com,Produtividade,4.6176734,22650,7109,1.000.000+,1000000,1275324,1,0,BRL,1,1,"R$ 14,99 – R$ 19,99 por item",Classificação Livre,30 de jul. de 2019,1689180370,3.3.2,,"Organize e gerencie qualquer hábito, rotina ou tarefa diária com nosso app!",https://play.google.com/store/apps/details?id=com.qiapps.minihabitos&hl=pt&gl=br,94,33,85,pequeno/indie,120724,1101.61,3934.31,12786.52,2439.27,21245.29,13172.08,alta,25,3.84,68.0,24.0,"SerpAPI, ScrapingBee"
12,Personalização,8,3D Icon Launcher Theme,com.launcher.smart.threed.icon.theme,CMM Launcher INC,cmmlalauncherapp@gmail.com,,Personalização,4.56,3589,78,100.000+,100000,367650,1,0,BRL,1,0,,Classificação 12 anos,3 de jul. de 2018,,Varies with device,,Tema do lançador com ícones e papéis de parede HD de ícones 3D,https://play.google.com/store/apps/details?id=com.launcher.smart.threed.icon.theme&hl=pt&gl=br,100,24,85,pequeno/indie,32617,14.18,50.63,164.56,24.3,273.42,131.24,média,25,4.68,96.0,4.0,"SerpAPI, ScrapingBee"
11,Personalização,2,Themes: Wallpaper & Widgets,com.flyer.theme,ImoDevel,inventafrica5@gmail.com,https://rhynhawlk.dev/,Personalização,4.6126127,16527,396,1.000.000+,1000000,1371696,1,0,BRL,1,1,"R$ 4,99 – R$ 104,99 por item",Classificação Livre,9 de fev. de 2026,,Varies with device,,"Temas - Deixe seu celular incrível com papéis de parede, widgets e ícones de aplicativos personalizados.",https://play.google.com/store/apps/details?id=com.flyer.theme&hl=pt&gl=br,94,32,85,pequeno/indie,130324,2043.21,7297.19,23715.87,4524.26,39404.83,24430.99,alta,25,4.52,92.0,8.0,"SerpAPI, ScrapingBee"
1,Jogos Musicais,2,Lanota - Music game with story,com.Noxygames.Lanota,Noxy Games Inc.,service@noxygames.com,https://noxygames.com/lanota/,Música,4.5220127,37088,597,1.000.000+,1000000,1675078,1,0,BRL,1,1,"R$ 3,69 – R$ 109,99 por item",Classificação Livre,23 de ago. de 2016,1779799455,3.2.6,,Salve o mundo com o poder da música neste jogo de ritmo dinâmico e revigorante!,https://play.google.com/store/apps/details?id=com.Noxygames.Lanota&hl=pt&gl=br,69,56,85,oportunidade,136635,5425.81,19377.9,62978.17,12014.3,104640.65,64877.2,alta,25,4.44,88.0,4.0,"SerpAPI, ScrapingBee"
3,Personalização,8,3D Icon Launcher Theme,com.launcher.smart.threed.icon.theme,CMM Launcher INC,cmmlalauncherapp@gmail.com,,Personalização,4.56,3589,78,100.000+,100000,367650,1,0,BRL,1,0,,Classificação 12 anos,3 de jul. de 2018,,Varies with device,,Tema do lançador com ícones e papéis de parede HD de ícones 3D,https://play.google.com/store/apps/details?id=com.launcher.smart.threed.icon.theme&hl=pt&gl=br,100,24,85,pequeno/indie,32617,14.18,50.63,164.56,24.3,273.42,131.24,média,25,4.68,96.0,4.0,"SerpAPI, ScrapingBee"
3,Estilo de Vida,4,Mini Hábitos - Rotina e Hábito,com.qiapps.minihabitos,QIApps,qiapps.contato@gmail.com,https://minihabitos.firebaseapp.com,Produtividade,4.6176734,22650,7109,1.000.000+,1000000,1275324,1,0,BRL,1,1,"R$ 14,99 – R$ 19,99 por item",Classificação Livre,30 de jul. de 2019,1689180370,3.3.2,,"Organize e gerencie qualquer hábito, rotina ou tarefa diária com nosso app!",https://play.google.com/store/apps/details?id=com.qiapps.minihabitos&hl=pt&gl=br,94,33,85,pequeno/indie,120724,1101.61,3934.31,12786.52,2439.27,21245.29,13172.08,alta,25,3.84,68.0,24.0,"SerpAPI, ScrapingBee"
3,Casa e Decoração,4,Live Home 3D: Projeto de casa,com.belightsoft.livehome3d,Belight Software,support@belightsoft.com,https://livehome3d.com,Casa e decoração,4.37,2125,63,1.000.000+,1000000,1033671,1,0,BRL,0,1,"R$ 24,99 – R$ 759,99 por item",Classificação Livre,6 de nov. de 2024,1782917815,4.12.1 (1703),,"Aplicativo completo para projeto de casa: planta baixa, decoração e jardim",https://play.google.com/store/apps/details?id=com.belightsoft.livehome3d&hl=pt&gl=br,92,67,85,pequeno/indie,105612,17554.92,62696.13,203762.41,38871.6,338559.08,209906.63,média,25,4.4,84.0,12.0,"SerpAPI, ScrapingBee"
3,Gastronomia,15,Receitas de Comidas Indiana,com.endless.indianrecipes,Prometheus Interactive LLC,support.indianrecipes@useprometheus.app,https://useprometheus.app/indianrecipes,Comer e beber,4.882353,714,7,100.000+,100000,165050,1,0,BRL,1,1,"R$ 0,99 – R$ 549,99 por item",Classificação Livre,14 de mai. de 2015,,Varies with device,,O aplicativo de receitas indianas traz sabores autênticos para a sua mesa,https://play.google.com/store/apps/details?id=com.endless.indianrecipes&hl=pt&gl=br,100,27,85,pequeno/indie,14011,1076.11,3843.24,12490.52,2382.81,20753.48,12867.16,média,10,4.4,80.0,10.0,"SerpAPI, ScrapingBee"
1,Medicina,7,"remédios caseiros, plantas",com.appsamimanera.remedioscaserosmedicinanatural,Appsamimanera,appsamimanera@gmail.com,https://www.appsamimanera.com/,Saúde e fitness,4.42,689,40,100.000+,100000,250895,1,0,BRL,1,0,,Classificação Livre,19 de nov. de 2017,1756470067,1.38,,"Baixe e aproveite o app de remédios caseiros, plantas medicinais naturais",https://play.google.com/store/apps/details?id=com.appsamimanera.remedioscaserosmedicinanatural&hl=pt&gl=br,100,26,85,pequeno/indie,19819,11.75,41.95,136.35,20.14,226.55,108.74,média,25,4.44,88.0,8.0,"SerpAPI, ScrapingBee"
1,Estilo de Vida,5,Mini Hábitos - Rotina e Hábito,com.qiapps.minihabitos,QIApps,qiapps.contato@gmail.com,https://minihabitos.firebaseapp.com,Produtividade,4.6176734,22650,7109,1.000.000+,1000000,1275324,1,0,BRL,1,1,"R$ 14,99 – R$ 19,99 por item",Classificação Livre,30 de jul. de 2019,1689180370,3.3.2,,"Organize e gerencie qualquer hábito, rotina ou tarefa diária com nosso app!",https://play.google.com/store/apps/details?id=com.qiapps.minihabitos&hl=pt&gl=br,94,33,85,pequeno/indie,120724,1101.61,3934.31,12786.52,2439.27,21245.29,13172.08,alta,25,3.84,68.0,24.0,"SerpAPI, ScrapingBee"
1,Casa e Decoração,10,Live Home 3D: Projeto de casa,com.belightsoft.livehome3d,Belight Software,support@belightsoft.com,https://livehome3d.com,Casa e decoração,4.37,2125,63,1.000.000+,1000000,1033671,1,0,BRL,0,1,"R$ 24,99 – R$ 759,99 por item",Classificação Livre,6 de nov. de 2024,1782917815,4.12.1 (1703),,"Aplicativo completo para projeto de casa: planta baixa, decoração e jardim",https://play.google.com/store/apps/details?id=com.belightsoft.livehome3d&hl=pt&gl=br,92,67,85,pequeno/indie,105612,17554.92,62696.13,203762.41,38871.6,338559.08,209906.63,média,25,4.4,84.0,12.0,"SerpAPI, ScrapingBee"
29,Personalização · Ícones e Temas,23,App Icon Editor & Changer,com.icon.changer.theme.changer.pack,GeniusTools Labs,support.iconchanger@geniustoolslabs.com,https://geniustoolslabs.com/iconchanger,Personalização,4.64,4603,44,1.000.000+,1000000,1175856,1,0,BRL,1,1,"R$ 5,49 – R$ 549,99 por item",Classificação Livre,29 de nov. de 2021,1739358331,2.1.3,,App Icon Editor & Changer - create custom icons with icon themer & icon maker,https://play.google.com/store/apps/details?id=com.icon.changer.theme.changer.pack&hl=pt&gl=br,92,30,84,pequeno/indie,110852,8582.67,30652.38,99620.23,19004.47,165522.84,102624.16,média,25,4.68,92.0,8.0,"SerpAPI, Firecrawl"
29,Personalização · Ícones e Temas,20,"Temas, Widgets e Ícones",com.highsecure.themes.widgets,highsecure,highsecure.global@gmail.com,http://high-secure.appspot.com/,Personalização,4.5049505,860,99,100.000+,100000,172207,1,0,BRL,1,0,,Classificação Livre,4 de fev. de 2026,,Varies with device,,"Temas estéticos, widgets, ícones e papéis de parede para decorar a tela inicial",https://play.google.com/store/apps/details?id=com.highsecure.themes.widgets&hl=pt&gl=br,100,21,84,pequeno/indie,14654,6.37,22.75,73.93,10.92,122.84,58.96,média,25,4.48,92.0,4.0,"SerpAPI, Firecrawl"
29,Personalização · Ícones e Temas,18,Themepack & Icon Changer,com.dqhuynh.wallpaper.themewidget,DictionaryAndTranslator,support.themepackchanger@dictionarytranslator.app,https://dictionarytranslator.app/themepackchanger,Personalização,4.54,6849,66,500.000+,500000,513991,1,0,BRL,1,1,"R$ 5,49 – R$ 549,99 por item",Classificação Livre,4 de set. de 2024,1764259279,2.1.2,,Experimente o Themepack e o App Icon Changer agora mesmo. Use o Icon Pack App Changer hoje mesmo.,https://play.google.com/store/apps/details?id=com.dqhuynh.wallpaper.themewidget&hl=pt&gl=br,84,37,84,pequeno/indie,46423,3594.33,12836.91,41719.95,7958.88,69319.31,42977.97,alta,25,3.92,76.0,24.0,"SerpAPI, Firecrawl"
29,Personalização · Launchers,3,AIO Launcher,ru.execbit.aiolauncher,AIO Mobile Soft,zobnin@gmail.com,https://aiolauncher.app,Personalização,4.39,16888,237,1.000.000+,1000000,1278510,1,0,BRL,0,1,"R$ 5,49 – R$ 51,99 por item",Classificação Livre,4 de nov. de 2017,1784339255,7.3.0,,Tudo que você precisa em uma tela,https://play.google.com/store/apps/details?id=ru.execbit.aiolauncher&hl=pt&gl=br,94,58,84,pequeno/indie,110037,876.64,3130.86,10175.28,1941.13,16906.62,10482.1,alta,25,4.28,76.0,8.0,"SerpAPI, Firecrawl"
23,"Busca: ""rifa""",9,Chá Rifa de Fraldas,br.com.costaw.charifa,costaw,contato@costaw.com.br,https://costaw.com.br,Ferramentas,4.5454545,1097,109,100.000+,100000,115270,1,0,BRL,1,0,,Classificação Livre,2 de nov. de 2023,,Varies with device,,Crie seu Chá Rifa de Fraldas para Bebê,https://play.google.com/store/apps/details?id=br.com.costaw.charifa&hl=pt&gl=br,100,22,84,pequeno/indie,9588,4.17,14.88,48.37,7.14,80.37,38.58,média,109,3.9,69.7,23.9,"SerpAPI, Brave Search, Firecrawl, DevSite:Firecrawl"
9,Ferramentas,7,Tudo em um Toolkit Inteligente,com.toolkit.smarttool.utilities.toolbox,Macro Mobile Solution,support@macromobilesolution.com,https://macromobilesolution.com/,Ferramentas,4.4615383,793,5,100.000+,100000,226418,1,0,BRL,1,1,"R$ 29,99 por item",Classificação Livre,29 de jul. de 2021,1753446812,1.3.6,,Aplicativo de kit de ferramentas inteligente para realizar tarefas diárias,https://play.google.com/store/apps/details?id=com.toolkit.smarttool.utilities.toolbox&hl=pt&gl=br,100,23,84,pequeno/indie,17784,155.58,555.64,1805.84,344.5,3000.48,1860.3,média,9,3.56,66.7,33.3,"SerpAPI, ScrapingBee"
9,Notícias e Revistas,3,Jornais Brasileiros,com.tachanfil.jornaisdobrasil,MUNBEN,info@munben.com,http://www.jornaisbrasileiros.net.br,Notícias e revistas,4.5240173,5893,1778,500.000+,500000,568624,1,0,BRL,1,0,,Classificação Livre,10 de jan. de 2014,1764358037,6.2.3,,Reúna todos os jornais e revistas mais importantes do Brasil,https://play.google.com/store/apps/details?id=com.tachanfil.jornaisdobrasil&hl=pt&gl=br,84,38,84,pequeno/indie,51632,22.44,80.15,260.49,38.47,432.81,207.75,alta,25,4.24,80.0,12.0,"SerpAPI, ScrapingBee"
9,Negócios,9,LEADer CRM Leads & Vendas,com.katans.leader,"LEADer CRM : Customers, Leads, Prospects & Sales",support@leader.net,http://www.leader.net,Negócios,4.3,8622,314,100.000+,100000,491720,1,0,BRL,0,1,"R$ 8,49 – R$ 1.899,99 por item",Classificação Livre,12 de set. de 2017,1779965434,4.8.17,,"Monitoramento Grátis de CRM & Vendas para Acompanhar Clientes, Leads & Vendas",https://play.google.com/store/apps/details?id=com.katans.leader&hl=pt&gl=br,100,54,84,pequeno/indie,40280,1187.48,4240.99,13783.22,2629.41,22901.35,14198.83,alta,25,3.56,60.0,32.0,"SerpAPI, ScrapingBee"
3,Redes Sociais,11,Hookle: Redes Sociais,net.hookle,Hookle Inc.,support@hookle.net,https://www.hookle.net,Negócios,4.3142858,2531,8,100.000+,100000,235772,1,0,BRL,0,1,"R$ 77,99 – R$ 629,99 por item",Classificação Livre,3 de abr. de 2018,1781679311,3.28.0,,Gerencie suas redes sociais em um app. Para pequenos negócios.,https://play.google.com/store/apps/details?id=net.hookle&hl=pt&gl=br,100,54,84,pequeno/indie,22273,6374.66,22766.63,73991.54,14115.31,122939.79,76222.67,média,13,3.92,76.9,15.4,"SerpAPI, ScrapingBee"
3,Notícias e Revistas,3,Jornais Brasileiros,com.tachanfil.jornaisdobrasil,MUNBEN,info@munben.com,http://www.jornaisbrasileiros.net.br,Notícias e revistas,4.5240173,5893,1778,500.000+,500000,568624,1,0,BRL,1,0,,Classificação Livre,10 de jan. de 2014,1764358037,6.2.3,,Reúna todos os jornais e revistas mais importantes do Brasil,https://play.google.com/store/apps/details?id=com.tachanfil.jornaisdobrasil&hl=pt&gl=br,84,38,84,pequeno/indie,51632,22.44,80.15,260.49,38.47,432.81,207.75,alta,25,4.24,80.0,12.0,"SerpAPI, ScrapingBee"
1,Reprodutores de Vídeo,12,Night Video Player - voice amp,com.rz.night.player,ONIX INC.,nuysha.kot@gmail.com,,Reproduzir e editar vídeos,4.57,10138,109,1.000.000+,1000000,1920879,1,0,BRL,0,1,"R$ 5,49 – R$ 9,99 por item",Classificação Livre,29 de jan. de 2019,1773408716,Varies with device,,"Reprodutor de vídeo com aprimoramento de voz/fala , normalização de som, 4K/8K",https://play.google.com/store/apps/details?id=com.rz.night.player&hl=pt&gl=br,75,48,84,pequeno/indie,185592,553.05,1975.17,6419.29,1224.6,10665.91,6612.86,alta,25,4.76,92.0,0.0,"SerpAPI, ScrapingBee"
1,Ferramentas,10,Tudo em um Toolkit Inteligente,com.toolkit.smarttool.utilities.toolbox,Macro Mobile Solution,support@macromobilesolution.com,https://macromobilesolution.com/,Ferramentas,4.4615383,793,5,100.000+,100000,226418,1,0,BRL,1,1,"R$ 29,99 por item",Classificação Livre,29 de jul. de 2021,1753446812,1.3.6,,Aplicativo de kit de ferramentas inteligente para realizar tarefas diárias,https://play.google.com/store/apps/details?id=com.toolkit.smarttool.utilities.toolbox&hl=pt&gl=br,100,23,84,pequeno/indie,17784,155.58,555.64,1805.84,344.5,3000.48,1860.3,média,9,3.56,66.7,33.3,"SerpAPI, ScrapingBee"
3,Finanças,6,iDinheiro: Finanças Pessoais,br.com.idinheiro.app,iDinheiro,contato@idinheiro.com.br,,Finanças,4.252427,901,162,50.000+,50000,75962,1,0,BRL,0,1,"R$ 9,90 – R$ 158,90 por item",Classificação Livre,17 de jan. de 2024,1782426457,3.4.31,,Gerencie automaticamente suas finanças pessoais!,https://play.google.com/store/apps/details?id=br.com.idinheiro.app&hl=pt&gl=br,100,55,84,pequeno/indie,6727,502.81,1795.73,5836.14,1113.36,9696.97,6012.12,média,25,2.76,36.0,48.0,"SerpAPI, ScrapingBee"
1,Notícias e Revistas,2,Jornais Brasileiros,com.tachanfil.jornaisdobrasil,MUNBEN,info@munben.com,http://www.jornaisbrasileiros.net.br,Notícias e revistas,4.5240173,5893,1778,500.000+,500000,568624,1,0,BRL,1,0,,Classificação Livre,10 de jan. de 2014,1764358037,6.2.3,,Reúna todos os jornais e revistas mais importantes do Brasil,https://play.google.com/store/apps/details?id=com.tachanfil.jornaisdobrasil&hl=pt&gl=br,84,38,84,pequeno/indie,51632,22.44,80.15,260.49,38.47,432.81,207.75,alta,25,4.24,80.0,12.0,"SerpAPI, ScrapingBee"
3,Comunicação,15,Walkie Talkie - Slide2Talk,com.slide2talk.android.app,Slide2Talk Co.,support@slide2talk.app,https://slide2talk.app,Comunicação,4.69,3766,68,500.000+,500000,811810,1,0,BRL,0,1,"R$ 3,29 – R$ 72,99 por item",Classificação Livre,14 de abr. de 2019,1732520742,1.14.16,,"Walkie Talkie, comunicação PTT para casa e escritório. Pode trabalhar offline.",https://play.google.com/store/apps/details?id=com.slide2talk.android.app&hl=pt&gl=br,92,30,84,pequeno/indie,75095,793.94,2835.51,9215.4,1758.01,15311.74,9493.28,média,25,4.08,76.0,16.0,"SerpAPI, ScrapingBee"
3,Negócios,14,Tycoon - Jogo de Impérios,com.michael.tycoon_company_manager,Super Blast Games,nextbusinesstycoon@gmail.com,https://www.ilyon.net,Estratégia,4.39,30063,68,1.000.000+,1000000,1498682,1,0,BRL,1,1,"R$ 5,49 – R$ 1.449,99 por item",Classificação Livre,12 de jan. de 2023,1781863362,26,,Gerencie sua empresa e construa um império de negócios no Tycoon,https://play.google.com/store/apps/details?id=com.michael.tycoon_company_manager&hl=pt&gl=br,94,58,84,pequeno/indie,132621,6027.13,21525.46,69957.75,13345.79,116237.49,72067.24,alta,25,4.36,80.0,12.0,"SerpAPI, ScrapingBee"
3,Negócios,1,Magnata - Reis dos negócios,com.michael.business_domination,Super Blast Games,nextbusinesstycoon@gmail.com,https://www.ilyon.net,Estratégia,4.0408163,3735,27,100.000+,100000,201252,1,0,BRL,1,1,"R$ 5,49 – R$ 1.449,99 por item",Classificação Livre,13 de jun. de 2024,1778400380,1.50,,Construa seu império e torne-se o magnata mais rico,https://play.google.com/store/apps/details?id=com.michael.business_domination&hl=pt&gl=br,100,53,84,pequeno/indie,13349,551.52,1969.73,6401.63,1221.23,10636.55,6594.66,média,25,3.68,64.0,24.0,"SerpAPI, ScrapingBee"
1,Negócios,9,Meu Negócio Plus,com.app_segb.minegocioplus,Goolaxo,goolaxo.plus.hello@gmail.com,https://goolaxo.web.app,Negócios,4.45,1106,12,50.000+,50000,99698,1,0,BRL,1,1,"R$ 17,99 por item",Classificação 18 anos,5 de jul. de 2022,,Varies with device,,"Gerencie e melhore seu negócio de forma fácil, rápida e sem complicações.",https://play.google.com/store/apps/details?id=com.app_segb.minegocioplus&hl=pt&gl=br,100,22,84,pequeno/indie,7476,77.38,276.35,898.13,171.34,1492.28,925.22,média,19,4.58,89.5,5.3,"SerpAPI, ScrapingBee"
3,Android Wear,6,Pujie mostradores – Wear OS 6,com.pujie.watchfaces,Pujie,info@pujie.io,https://pujie.io,Personalização,4.36,2489,31,100.000+,100000,435244,1,0,BRL,1,1,"R$ 3,99 – R$ 51,99 por item",Classificação Livre,19 de jun. de 2024,1769352128,7.0.74f,,Criador de mostradores para Wear OS 6 com milhares de mostradores disponíveis.,https://play.google.com/store/apps/details?id=com.pujie.watchfaces&hl=pt&gl=br,100,53,84,pequeno/indie,35423,400.82,1431.5,4652.38,887.53,7730.11,4792.67,média,25,3.4,60.0,40.0,"SerpAPI, ScrapingBee"
1,Android Wear,11,Pujie mostradores – Wear OS 6,com.pujie.watchfaces,Pujie,info@pujie.io,https://pujie.io,Personalização,4.36,2489,31,100.000+,100000,435244,1,0,BRL,1,1,"R$ 3,99 – R$ 51,99 por item",Classificação Livre,19 de jun. de 2024,1769352128,7.0.74f,,Criador de mostradores para Wear OS 6 com milhares de mostradores disponíveis.,https://play.google.com/store/apps/details?id=com.pujie.watchfaces&hl=pt&gl=br,100,53,84,pequeno/indie,35423,400.82,1431.5,4652.38,887.53,7730.11,4792.67,média,25,3.4,60.0,40.0,"SerpAPI, ScrapingBee"
29,Personalização · Ícones e Temas,22,White Moonlight Icon Pack,com.italiano.whitemoonlight,PizzApp Design,pizzappdesign@protonmail.com,https://linktr.ee/pizzappdesign,Personalização,4.923077,316,9,10.000+,10000,11812,0,2.99,BRL,0,1,"R$ 2,09 – R$ 8,99 por item",Classificação Livre,10 de jan. de 2024,1783029716,6.8,,Adote uma aparência de tela inicial minimalista e limpa com esses ícones brancos e disformes!,https://play.google.com/store/apps/details?id=com.italiano.whitemoonlight&hl=pt&gl=br,100,56,83,pequeno/indie,1024,249.6,891.42,2897.12,552.68,4813.67,2984.47,média,9,4.78,88.9,0.0,"SerpAPI, Firecrawl"
29,Personalização · Ícones e Temas,13,Nova Icon Pack,cs14.pixelperfect.iconpack.nova,One4Studio,info@one4studio.com,http://www.one4studio.com,Personalização,4.75,331,1,10.000+,10000,15150,0,5.99,BRL,0,1,"R$ 8,99 – R$ 249,99 por item",Classificação Livre,13 de out. de 2019,1784218886,7.3.4,,iOS como pacote de ícones. Ícones coloridos em forma de quadrado arredondado.,https://play.google.com/store/apps/details?id=cs14.pixelperfect.iconpack.nova&hl=pt&gl=br,100,57,83,pequeno/indie,1335,818.61,2923.62,9501.76,1812.64,15787.54,9788.27,média,0,0.0,0.0,0.0,"SerpAPI, Firecrawl"
29,Personalização · Launchers,25,Simple Launcher,com.simplemobiletools.launcher,Simple Mobile Tool,support.simplelauncher@simplemobiletools.com,https://simplemobiletools.com/simplelauncher,Ferramentas,4.4752474,8982,249,500.000+,500000,684095,1,0,BRL,1,1,"R$ 5,49 – R$ 549,99 por item",Classificação Livre,6 de out. de 2022,1761814795,5.2.0,,Um lançador prático e personalizável para iniciar facilmente seus aplicativos favoritos,https://play.google.com/store/apps/details?id=com.simplemobiletools.launcher&hl=pt&gl=br,84,35,83,pequeno/indie,57020,4414.74,15766.91,51242.47,9775.49,85141.33,52787.62,alta,25,4.48,88.0,12.0,"SerpAPI, Firecrawl"
23,"Busca: ""rifa""",32,Cifras - App Oficial,br.com.petaxxon.cifras,Petaxxon,suporte@petaxxon.com.br,https://www.petaxxon.com.br,Música e áudio,4.665509,9103,4412,500.000+,500000,550180,1,0,BRL,1,0,,Classificação Livre,30 de nov. de 2017,1756756166,1.13.6,,Toque milhares de músicas com cifras e tablaturas com o App Oficial do Cifras.,https://play.google.com/store/apps/details?id=br.com.petaxxon.cifras&hl=pt&gl=br,84,35,83,pequeno/indie,49871,21.68,77.42,251.6,37.16,418.05,200.66,alta,150,4.46,86.7,9.3,"SerpAPI, Brave Search, Firecrawl, DevSite:Firecrawl"
23,"Busca: ""rifa""",19,Chá Rifa: chá rifa de fraldas,com.charifacdk,CDK Tec,cdktecnologias@gmail.com,https://charifapro-9ea40.web.app/,Criação de filhos,4.4117646,251,132,100.000+,100000,196295,1,0,BRL,1,1,"R$ 4,99 – R$ 52,99 por item",Classificação Livre,8 de set. de 2022,,Varies with device,,Organize seu chá rifa de fraldas com este aplicativo e ganhe muitas fraldas.,https://play.google.com/store/apps/details?id=com.charifacdk&hl=pt&gl=br,100,19,83,pequeno/indie,15297,129.58,462.77,1504.02,286.92,2498.98,1549.37,média,132,4.39,82.6,9.8,"SerpAPI, Brave Search, Firecrawl, DevSite:Firecrawl"
13,Produtividade,22,Recordo: TDAH Agenda & Rotina,app.recordo.adhd,Recordo Apps,contact@recordo.app,https://recordo.app,Produtividade,4.6363635,224,1,10.000+,10000,17774,1,0,BRL,0,1,"R$ 38,99 – R$ 314,99 por item",Classificação Livre,16 de dez. de 2025,1783099267,2.17.0,,"IA organizador: lembretes, journal, tarefas, checklist, caderno e cronograma",https://play.google.com/store/apps/details?id=app.recordo.adhd&hl=pt&gl=br,100,57,83,pequeno/indie,1319,111.83,399.4,1298.06,247.63,2156.78,1337.21,baixa,1,5.0,100.0,0.0,"SerpAPI, ScrapingBee"
1,Jogos Esportivos,10,Street Football: futebol jogo,com.herocraft.game.alphanova.head.strike,HeroCraft Ltd.,support@herocraft.com,https://www.herocraft.com,Esportes,4.59,8348,305,500.000+,500000,839670,1,0,BRL,0,1,"R$ 0,49 – R$ 29,99 por item",Classificação 12 anos,12 de jul. de 2022,1760369095,0.18.6,,"Mini futebol de cabeça! Torne-se o melhor futebol manager, atacante e goleiro!",https://play.google.com/store/apps/details?id=com.herocraft.game.alphanova.head.strike&hl=pt&gl=br,84,34,83,pequeno/indie,66136,447.04,1596.56,5188.81,989.87,8621.41,5345.27,alta,25,4.4,84.0,8.0,"SerpAPI, ScrapingBee"
1,Jogos de RPG,2,Vampire's Fall 2 RPG,com.earlymorningstudio.trident,Early Morning Studio,support@earlymorningstudio.com,https://earlymorningstudio.com/,RPG,4.8577,142055,2787,1.000.000+,1000000,1478542,1,0,BRL,1,1,"R$ 6,99 – R$ 599,99 por item",Classificação 18 anos,27 de mai. de 2025,1781259823,1.4.113,,RPG de vampiro por turnos. Explore um sombrio mundo aberto. Jogue offline.,https://play.google.com/store/apps/details?id=com.earlymorningstudio.trident&hl=pt&gl=br,54,64,83,oportunidade,143825,59497.96,212492.7,690601.27,131745.47,1147460.58,711425.56,alta,25,4.96,100.0,0.0,"SerpAPI, ScrapingBee"
3,Comunicação,22,FlaiChat: Tradução Rápida,chat.glib.groupchat,Flai Inc.,support@flai.chat,https://flai.chat,Comunicação,4.733333,392,3,10.000+,10000,19795,1,0,BRL,0,1,"R$ 15,99 – R$ 269,99 por item",Classificação Livre,12 de out. de 2022,1782289549,0.1.175,,"Bate-papo multilíngue para família, amigos e casais",https://play.google.com/store/apps/details?id=chat.glib.groupchat&hl=pt&gl=br,100,57,83,pequeno/indie,1775,107.54,384.08,1248.25,238.13,2074.02,1285.89,média,4,4.0,75.0,25.0,"SerpAPI, ScrapingBee"
3,Automóveis e Veículos,6,Simply Auto: Gasolina Log,mrigapps.andriod.fuelcons,Mobifolio,support@simplyauto.app,https://www.simplyauto.app,Veículos,4.72,24107,207,500.000+,500000,935674,1,0,BRL,1,1,"R$ 2,50 – R$ 99,99 por item",Classificação Livre,3 de fev. de 2013,1728565278,53.7,,"Registe combustível, distância, manutenção e gasto, vários veículos e condutores",https://play.google.com/store/apps/details?id=mrigapps.andriod.fuelcons&hl=pt&gl=br,84,33,83,pequeno/indie,87188,1276.42,4558.63,14815.55,2826.35,24616.6,15262.29,alta,25,4.24,68.0,8.0,"SerpAPI, ScrapingBee"
3,Automóveis e Veículos,3,Manutenção carros em português,com.cars.android.carapps.carnotes,Aleksey Mikheev,alexispras@gmail.com,https://d3039b595.app-ads-txt.com,Veículos,4.387097,1266,55,100.000+,100000,313938,1,0,BRL,1,1,"R$ 19,99 – R$ 40,99 por item",Classificação Livre,11 de mar. de 2021,1779006973,5.5,,Gerencie seu veículo com lembretes de manutenção. Traduzido para o português,https://play.google.com/store/apps/details?id=com.cars.android.carapps.carnotes&hl=pt&gl=br,100,50,83,pequeno/indie,25105,308.23,1100.83,3577.69,682.51,5944.47,3685.57,média,25,4.68,92.0,4.0,"SerpAPI, ScrapingBee"
1,Automóveis e Veículos,5,Simply Auto: Gasolina Log,mrigapps.andriod.fuelcons,Mobifolio,support@simplyauto.app,https://www.simplyauto.app,Veículos,4.72,24107,207,500.000+,500000,935674,1,0,BRL,1,1,"R$ 2,50 – R$ 99,99 por item",Classificação Livre,3 de fev. de 2013,1728565278,53.7,,"Registe combustível, distância, manutenção e gasto, vários veículos e condutores",https://play.google.com/store/apps/details?id=mrigapps.andriod.fuelcons&hl=pt&gl=br,84,33,83,pequeno/indie,87188,1276.42,4558.63,14815.55,2826.35,24616.6,15262.29,alta,25,4.24,68.0,8.0,"SerpAPI, ScrapingBee"
1,Automóveis e Veículos,4,Manutenção carros em português,com.cars.android.carapps.carnotes,Aleksey Mikheev,alexispras@gmail.com,https://d3039b595.app-ads-txt.com,Veículos,4.387097,1266,55,100.000+,100000,313938,1,0,BRL,1,1,"R$ 19,99 – R$ 40,99 por item",Classificação Livre,11 de mar. de 2021,1779006973,5.5,,Gerencie seu veículo com lembretes de manutenção. Traduzido para o português,https://play.google.com/store/apps/details?id=com.cars.android.carapps.carnotes&hl=pt&gl=br,100,50,83,pequeno/indie,25105,308.23,1100.83,3577.69,682.51,5944.47,3685.57,média,25,4.68,92.0,4.0,"SerpAPI, ScrapingBee"
29,Negócios · ERP para Pequenos Negócios,19,Controle de Estoque PDV,com.codefusion.controledeestoquepdv,Code Fusion Tech,codefusiontechsolutions@gmail.com,https://codefusion.digital/,Negócios,4.5882354,51,4,1.000+,1000,3990,1,0,BRL,0,1,"R$ 19,99 – R$ 29,99 por item",Classificação Livre,17 de jul. de 2025,1778686763,1.0.8,,"Gestão de estoque, vendas e PDV, gerencia, backup e visual e fácil de usar",https://play.google.com/store/apps/details?id=com.codefusion.controledeestoquepdv&hl=pt&gl=br,100,55,82,pequeno/indie,267,4.92,17.57,57.09,10.89,94.85,58.81,baixa,3,5.0,100.0,0.0,"SerpAPI, Firecrawl"
29,Negócios · Nota Fiscal e Contabilidade,9,"Nota Fiscal NFS-e, NF-e, NFC-e",br.com.inovar.phoenix,InovarTec,brenobbb26@gmail.com,http://www.inovarce.com.br,Negócios,4.745098,51,43,1.000+,1000,4805,1,0,BRL,0,1,"R$ 19,99 – R$ 49,99 por item",Classificação Livre,18 de out. de 2024,1784351840,88.7.18,,"Emita NFS-e, NF-e e NFC-e pelo celular em segundos. Ideal para MEI e empresas!",https://play.google.com/store/apps/details?id=br.com.inovar.phoenix&hl=pt&gl=br,100,54,82,pequeno/indie,326,6.05,21.61,70.22,13.4,116.68,72.34,baixa,25,4.84,96.0,4.0,"SerpAPI, Firecrawl"
23,"Busca: ""rifa""",13,Me Rifan - Rifa Digital Fácil,dev.luisbytes.merifan,Lubytes,support@lubytes.com,https://lubytes.com,Ferramentas,4.2352943,5116,3,100.000+,100000,276008,1,0,BRL,1,1,"R$ 2,69 – R$ 65,99 por item",Classificação Livre,4 de mai. de 2024,1783798122,1.29.2,,Talão virtual de rifas,https://play.google.com/store/apps/details?id=dev.luisbytes.merifan&hl=pt&gl=br,100,46,82,pequeno/indie,26301,398.09,1421.75,4620.69,881.49,7677.46,4760.02,alta,3,2.67,33.3,33.3,"SerpAPI, Brave Search, Firecrawl, DevSite:Firecrawl"
23,"Busca: ""rifa""",8,"Sorteio Fácil - Números, nomes",br.com.brunosoaresnepomuceno.sorteiofacil,happ,brunossn@gmail.com,,Ferramentas,4.590844,8332,803,1.000.000+,1000000,1480344,1,0,BRL,1,1,"R$ 9,99 por item",Classificação Livre,23 de set. de 2020,1622408343,19.0.0,,"Sorteie números, nomes, times, loteria e dados com o app mais fácil para Android",https://play.google.com/store/apps/details?id=br.com.brunosoaresnepomuceno.sorteiofacil&hl=pt&gl=br,90,25,82,pequeno/indie,141186,452.34,1615.51,5250.42,1001.62,8723.77,5408.74,alta,150,3.62,63.3,30.7,"SerpAPI, Brave Search, Firecrawl"
23,"Busca: ""rifa""",2,Rifa Fácil: Números e Nomes,br.com.costaw.rifafacil,costaw,contato@costaw.com.br,https://costaw.com.br,Ferramentas,4.8186045,6310,806,500.000+,500000,660125,1,0,BRL,1,1,"R$ 19,99 – R$ 99,99 por item",Classificação Livre,3 de nov. de 2023,,Varies with device,,Crie rifas de números ou nomes e compartilhe link para marcação automática,https://play.google.com/store/apps/details?id=br.com.costaw.rifafacil&hl=pt&gl=br,84,31,82,pequeno/indie,60411,1030.86,3681.65,11965.36,2282.62,19880.9,12326.16,alta,150,4.38,82.7,10.7,"SerpAPI, Brave Search, Firecrawl, DevSite:Firecrawl"
18,Negócios · ERP para Pequenos Negócios,15,Controle de Estoque PDV,com.codefusion.controledeestoquepdv,Code Fusion Tech,codefusiontechsolutions@gmail.com,https://codefusion.digital/,Negócios,4.5882354,51,4,1.000+,1000,3990,1,0,BRL,0,1,"R$ 19,99 – R$ 29,99 por item",Classificação Livre,17 de jul. de 2025,1778686763,1.0.8,,"Gestão de estoque, vendas e PDV, gerencia, backup e visual e fácil de usar",https://play.google.com/store/apps/details?id=com.codefusion.controledeestoquepdv&hl=pt&gl=br,100,55,82,pequeno/indie,267,4.92,17.57,57.09,10.89,94.85,58.81,baixa,3,5.0,100.0,0.0,"SerpAPI, Firecrawl"
9,Estilo de Vida,1,Hábitos Matinais - Rotina já,com.starttech.habitosmatinais,Hábitos Matinais,contato@habitosmatinais.com.br,,Estilo de vida,4.495413,3726,376,500.000+,500000,623450,1,0,BRL,0,1,"R$ 9,90 – R$ 149,90 por item",Classificação Livre,8 de mai. de 2021,1753747422,3.3.6,,Desenvolva hábitos saudáveis com uma rotina diária personalizada!,https://play.google.com/store/apps/details?id=com.starttech.habitosmatinais&hl=pt&gl=br,88,26,82,pequeno/indie,51713,1145.37,4090.62,13294.53,2536.19,22089.37,13695.41,média,25,4.36,80.0,12.0,"SerpAPI, ScrapingBee"
3,Ferramentas,13,Indies' Lies,com.yokagame.ProjectS,Erabit Studios,playbeststudio@gmail.com,https://www.funcgames.com,Estratégia,4.3,14248,277,500.000+,500000,819060,1,0,BRL,1,1,"R$ 9,99 – R$ 13,99 por item",Classificação 10 anos,22 de set. de 2021,1776330699,2.1.2,,Indies' Lies é um jogo de construção de baralho roguelike para um jogador.,https://play.google.com/store/apps/details?id=com.yokagame.ProjectS&hl=pt&gl=br,94,51,82,pequeno/indie,58573,889.9,3178.2,10329.16,1970.49,17162.3,10640.62,alta,25,3.6,68.0,28.0,"SerpAPI, ScrapingBee"
3,Esportes,11,Placar Pro,com.ennes.placar_pro,Developer Ennes,ennes.devmobile@gmail.com,https://ennesdes.netlify.app,Produtividade,5.0,12,6,1.000+,1000,1859,1,0,BRL,1,0,,Classificação Livre,28 de jul. de 2024,1772902343,1.1.0,,"Placar e marcador para esportes/jogos, possui sorteio de times e cronômetros.",https://play.google.com/store/apps/details?id=com.ennes.placar_pro&hl=pt&gl=br,100,53,82,pequeno/indie,117,0.12,0.44,1.43,0.21,2.37,1.14,baixa,6,5.0,100.0,0.0,"SerpAPI, ScrapingBee"
1,Jogos de Cartas,4,Solitairica,com.RighteousHammerGames.Solitairica,Righteous Hammer Games,info@righteoushammer.com,http://www.righteoushammer.com,Cartas,4.25,6091,140,100.000+,100000,491419,1,0,BRL,0,1,"R$ 2,39 – R$ 13,99 por item",Classificação Livre,7 de dez. de 2016,1782489544,1.5.03572,,"Lute contra inimigos dinâmicos em combate RPG, usando o poder do paciência",https://play.google.com/store/apps/details?id=com.RighteousHammerGames.Solitairica&hl=pt&gl=br,100,46,82,pequeno/indie,41059,227.86,813.79,2644.82,504.55,4394.47,2724.57,alta,25,3.52,60.0,36.0,"SerpAPI, ScrapingBee"
1,Jogos Arcade,9,Apple Knight 2 - Platformer,online.limitless.appleknight.dungeons,"Limitless, LLC",support@limitless.online,http://www.limitless.online,Ação,4.842373,26877,2432,1.000.000+,1000000,1668697,1,0,BRL,1,1,"R$ 10,99 – R$ 114,99 por item",Classificação Livre,13 de fev. de 2023,1763330263,2.1.3,,O melhor jogo de plataforma de ação!,https://play.google.com/store/apps/details?id=online.limitless.appleknight.dungeons&hl=pt&gl=br,69,45,82,oportunidade,136089,3908.44,13958.73,45365.86,8654.41,75377.12,46733.81,alta,25,4.96,100.0,0.0,"SerpAPI, ScrapingBee"
1,Jogos Arcade,3,RETROXEL: Jogos Arcade Retrô,com.sjkim.retroxel2,sungjun221,retroxelapp@gmail.com,https://retroxel.com,Arcade,4.19802,4692,125,500.000+,500000,506471,1,0,BRL,1,1,"R$ 14,99 – R$ 109,90 por item",Classificação Livre,14 de abr. de 2025,1782409874,0.5.5,,Uma jornada retrô cheia de nostalgia nos clássicos jogos de arcade,https://play.google.com/store/apps/details?id=com.sjkim.retroxel2&hl=pt&gl=br,100,45,82,pequeno/indie,42384,1838.65,6566.6,21341.46,4071.29,35459.66,21984.99,média,25,3.56,60.0,36.0,"SerpAPI, ScrapingBee"
3,Estilo de Vida,12,Hábitos Matinais - Rotina já,com.starttech.habitosmatinais,Hábitos Matinais,contato@habitosmatinais.com.br,,Estilo de vida,4.495413,3726,376,500.000+,500000,623450,1,0,BRL,0,1,"R$ 9,90 – R$ 149,90 por item",Classificação Livre,8 de mai. de 2021,1753747422,3.3.6,,Desenvolva hábitos saudáveis com uma rotina diária personalizada!,https://play.google.com/store/apps/details?id=com.starttech.habitosmatinais&hl=pt&gl=br,88,26,82,pequeno/indie,51713,1145.37,4090.62,13294.53,2536.19,22089.37,13695.41,média,25,4.36,80.0,12.0,"SerpAPI, ScrapingBee"
3,Entretenimento,22,StreamGuide: Filmes e TV,app.streamguide,Christian Krueger,support@moviebase.app,https://www.moviebase.app,Entretenimento,4.0740743,8345,264,100.000+,100000,349380,1,0,BRL,1,1,"R$ 2,99 – R$ 39,99 por item",Classificação 14 anos,20 de ago. de 2023,1782811396,3.4.2,,"Descubra filmes, programas de TV e receba recomendações de guia de streaming.",https://play.google.com/store/apps/details?id=app.streamguide&hl=pt&gl=br,100,47,82,pequeno/indie,33722,326.9,1167.49,3794.36,723.85,6304.47,3908.77,alta,25,3.28,56.0,40.0,"SerpAPI, ScrapingBee"
1,Estilo de Vida,3,Hábitos Matinais - Rotina já,com.starttech.habitosmatinais,Hábitos Matinais,contato@habitosmatinais.com.br,,Estilo de vida,4.495413,3726,376,500.000+,500000,623450,1,0,BRL,0,1,"R$ 9,90 – R$ 149,90 por item",Classificação Livre,8 de mai. de 2021,1753747422,3.3.6,,Desenvolva hábitos saudáveis com uma rotina diária personalizada!,https://play.google.com/store/apps/details?id=com.starttech.habitosmatinais&hl=pt&gl=br,88,26,82,pequeno/indie,51713,1145.37,4090.62,13294.53,2536.19,22089.37,13695.41,média,25,4.36,80.0,12.0,"SerpAPI, ScrapingBee"
29,Negócios · Nota Fiscal e Contabilidade,16,"Total MEI: INSS, DAS Fácil",com.totalmei,Total MEI,contato@totalmei.com,https://totalmei.com,Finanças,4.4606895,7256,3093,1.000.000+,1000000,1017463,1,0,BRL,1,0,,Classificação Livre,27 de fev. de 2020,1753736540,1.21,,"Nota Fiscal MEI, Suporte, DAS, Maquininhas, Finanças, Ofertas e Muito Mais...",https://play.google.com/store/apps/details?id=com.totalmei&hl=pt&gl=br,84,26,81,pequeno/indie,86560,78.67,280.96,913.11,134.86,1517.16,728.24,alta,25,3.76,68.0,24.0,"SerpAPI, Firecrawl"
23,"Busca: ""rifa""",23,"Sorteios: Nomes, Números, Rifa",com.wgapps.sorteios,Lifepower Studios,lifepowerstudios@gmail.com,https://lifepowerstudios.com/,Ferramentas,4.4545455,18,1,1.000+,1000,2764,1,0,BRL,1,1,"R$ 7,49 – R$ 96,99 por item",Classificação Livre,18 de jul. de 2025,1775165082,1.5.1,,"Sorteador de nomes, números e rifas. Crie times para amigo secreto e jogos",https://play.google.com/store/apps/details?id=com.wgapps.sorteios&hl=pt&gl=br,100,49,81,pequeno/indie,164,3.4,12.15,39.49,7.53,65.61,40.68,baixa,1,5.0,100.0,0.0,"SerpAPI, Brave Search, Firecrawl, DevSite:Firecrawl"
9,Paternidade,10,Minha Gravidez Semana a Semana,app.pregnancy.free,My Pregnancy and Baby Tracker,support@pregnancy-parenting.com,https://pregnancy-parenting.com,Criação de filhos,4.672014,22328,1133,1.000.000+,1000000,1880289,1,0,BRL,1,1,"R$ 14,99 – R$ 49,99 por item",Classificação Livre,18 de mar. de 2020,1758397373,3.1.80,,"Gravidez, semanas de gestação, acompanhamento gestacional, nomes de bebês, e +!",https://play.google.com/store/apps/details?id=app.pregnancy.free&hl=pt&gl=br,69,40,81,oportunidade,181478,1713.32,6119.0,19886.75,3793.78,33042.59,20486.41,alta,25,4.88,96.0,0.0,"SerpAPI, ScrapingBee"
12,Personalização,6,"ThemeHub: Themes, Widget Icons",com.themeshub.widgets.iconchanger,"MANDALA CONSULTING CO.,LTD",haiyen.mandala@gmail.com,http://mandala.pro.vn/,Personalização,4.2,471,5,100.000+,100000,420412,1,0,BRL,1,1,"R$ 25,99 – R$ 129,99 por item",Classificação Livre,11 de dez. de 2025,1782723972,1.0.3,,"Personalize seu celular com os temas, ícones e widgets fofos e estéticos do ThemeHub.",https://play.google.com/store/apps/details?id=com.themeshub.widgets.iconchanger&hl=pt&gl=br,100,42,81,pequeno/indie,40983,1377.93,4921.19,15993.87,3051.14,26574.42,16476.14,média,5,3.4,60.0,40.0,"SerpAPI, ScrapingBee"
9,Quadrinhos,3,GlobalComix: HQs em Inglês,com.globalcomix.mobileapp,GlobalComix,contact@globalcomix.com,https://globalcomix.com/support/contact,Quadrinhos,4.39,5632,62,1.000.000+,1000000,1173634,1,0,BRL,0,1,"R$ 5,49 – R$ 429,99 por item",Classificação 18 anos,8 de set. de 2023,1782223193,2.2.43,,"Leia Superman, Invencível e mais de 100 mil HQs no app da GlobalComix.",https://play.google.com/store/apps/details?id=com.globalcomix.mobileapp&hl=pt&gl=br,84,56,81,pequeno/indie,120689,11129.17,39747.03,129177.84,24643.16,214633.96,133073.05,alta,25,4.04,68.0,16.0,"SerpAPI, ScrapingBee"
9,Negócios,6,"Myne - PDV, Vendas e Estoque",com.meunegocio,Myne App,contato@myneapp.com.br,http://www.myneapp.com.br,Negócios,4.272021,7609,1993,100.000+,100000,487170,1,0,BRL,0,1,"R$ 4,99 – R$ 449,99 por item",Classificação Livre,16 de jun. de 2017,1777924343,2.8.6,,"Controle de estoque, produtos, serviços, clientes, recibo e finanças para MEI",https://play.google.com/store/apps/details?id=com.meunegocio&hl=pt&gl=br,100,42,81,pequeno/indie,39887,6669.47,23819.52,77413.45,14768.1,128625.42,79747.76,alta,25,3.04,40.0,48.0,"SerpAPI, ScrapingBee"
9,Livros e Referências,1,Newpedia,jp.mypedia,KAIHAWK,info@kaihawk.jp,https://kaihawk.jp,Livros e referências,4.2173915,385,9,10.000+,10000,39201,1,0,BRL,1,1,"R$ 12,99 – R$ 24,99 por item",Classificação Livre,3 de jun. de 2020,1782630431,9.6.0,,Vamos fazer um dicionário,https://play.google.com/store/apps/details?id=jp.mypedia&hl=pt&gl=br,100,41,81,pequeno/indie,3336,28.81,102.91,334.44,63.8,555.69,344.53,média,10,4.0,80.0,20.0,"SerpAPI, ScrapingBee"
3,Clima,16,WeatherSight-Previsão ao Vivo,com.sight.cleken.weather,Houpumobi Tech,developer@houpumobi.com,http://myclapfinder.com,Clima,4.4210525,6349,23,500.000+,500000,657526,1,0,BRL,1,0,,Classificação Livre,8 de dez. de 2025,,Varies with device,,Previsão do tempo precisa e em tempo real,https://play.google.com/store/apps/details?id=com.sight.cleken.weather&hl=pt&gl=br,84,25,81,pequeno/indie,54692,23.77,84.9,275.93,40.75,458.46,220.06,alta,21,2.95,47.6,47.6,"SerpAPI, ScrapingAnt"
3,Esportes,4,Soccerway: Placar de Futebol,eu.livesport.soccerway,Soccerway.com,support@soccerway.com,https://www.soccerway.com,Esportes,4.2413793,240,28,100.000+,100000,152910,1,0,BRL,1,0,,Classificação Livre,18 de dez. de 2025,1781732412,26.6.2,,"Siga a Copa do Mundo 2026 com placar ao vivo, notícias, estatísticas e tabelas.",https://play.google.com/store/apps/details?id=eu.livesport.soccerway&hl=pt&gl=br,100,40,81,pequeno/indie,14100,8.36,29.86,97.04,14.33,161.23,77.39,média,25,4.16,80.0,16.0,"SerpAPI, ScrapingBee"
1,Jogos Casuais,8,Merge Age: Refúgio de Pedra,com.puzzle1studio.go.stoneagemerge,Puzzle1Studio,contactus@puzzle1studio.com,https://www.puzzle1studio.com,Quebra-cabeças,4.3960395,5153,48,500.000+,500000,587652,1,0,BRL,1,1,"R$ 4,00 – R$ 359,90 por item",Classificação Livre,30 de abr. de 2026,1782459031,2618.0.0,,Combine para construir sua aldeia!,https://play.google.com/store/apps/details?id=com.puzzle1studio.go.stoneagemerge&hl=pt&gl=br,84,56,81,pequeno/indie,49565,5043.11,18011.1,58536.06,11166.88,97259.91,60301.15,alta,25,3.84,72.0,24.0,"SerpAPI, ScrapingBee"
3,Personalização,6,"ThemeHub: Themes, Widget Icons",com.themeshub.widgets.iconchanger,"MANDALA CONSULTING CO.,LTD",haiyen.mandala@gmail.com,http://mandala.pro.vn/,Personalização,4.2,471,5,100.000+,100000,420412,1,0,BRL,1,1,"R$ 25,99 – R$ 129,99 por item",Classificação Livre,11 de dez. de 2025,1782723972,1.0.3,,"Personalize seu celular com os temas, ícones e widgets fofos e estéticos do ThemeHub.",https://play.google.com/store/apps/details?id=com.themeshub.widgets.iconchanger&hl=pt&gl=br,100,42,81,pequeno/indie,40983,1377.93,4921.19,15993.87,3051.14,26574.42,16476.14,média,5,3.4,60.0,40.0,"SerpAPI, ScrapingBee"
3,Música e Áudio,23,Hi Music：Offline Music Player,com.freemusic.himusic.yt,himusicapp inc.,harukahayashiapp@gmail.com,http://www.himusic.xyz,Música e áudio,4.31,5531,445,100.000+,100000,391469,1,0,BRL,1,0,,Classificação 12 anos,4 de jan. de 2021,1770267461,1.4.8.5,,"Nenhum aplicativo de música wifi. MP3 off-line. Rádio sintonizador, música de rádio jovem. Baixador de música",https://play.google.com/store/apps/details?id=com.freemusic.himusic.yt&hl=pt&gl=br,100,43,81,pequeno/indie,31680,17.08,60.98,198.2,29.27,329.32,158.07,alta,25,3.56,64.0,24.0,"SerpAPI, ScrapingBee"
3,Medicina,13,Lembrete de remédio,com.devsoldiers.calendar.pills.limit,level38,app@level38.co,https://drpills.app,Medicina,4.4760637,17850,1310,500.000+,500000,808772,1,0,BRL,1,1,"R$ 5,99 – R$ 159,99 por item",Classificação Livre,26 de fev. de 2017,,Varies with device,,Lembrete para tomar remédio com alarme de medicação e calendário de medicamentos,https://play.google.com/store/apps/details?id=com.devsoldiers.calendar.pills.limit&hl=pt&gl=br,84,27,81,pequeno/indie,68000,1593.89,5692.46,18500.48,3529.32,30739.27,19058.34,alta,25,4.0,72.0,24.0,"SerpAPI, ScrapingBee"
3,Mapas e Navegação,23,Mapas Offline Navegação,com.andro.gps.maps.navigation.routefinder.streetview.earthmap,Androme Apps,fatimakhan20may@gmail.com,https://andromeapps.blogspot.com/,Mapas e navegação,4.1666665,512,1,10.000+,10000,49704,1,0,BRL,1,1,"R$ 7,99 – R$ 47,99 por item",Classificação Livre,4 de set. de 2025,1781872688,1.1.5,,"Planeje sua rota, encontre direções e navegue offline com voz e bússola",https://play.google.com/store/apps/details?id=com.andro.gps.maps.navigation.routefinder.streetview.earthmap&hl=pt&gl=br,100,41,81,pequeno/indie,4292,53.42,190.8,620.11,118.3,1030.33,638.8,média,1,5.0,100.0,0.0,"SerpAPI, ScrapingBee"
1,Paternidade,10,Minha Gravidez Semana a Semana,app.pregnancy.free,My Pregnancy and Baby Tracker,support@pregnancy-parenting.com,https://pregnancy-parenting.com,Criação de filhos,4.672014,22328,1133,1.000.000+,1000000,1880289,1,0,BRL,1,1,"R$ 14,99 – R$ 49,99 por item",Classificação Livre,18 de mar. de 2020,1758397373,3.1.80,,"Gravidez, semanas de gestação, acompanhamento gestacional, nomes de bebês, e +!",https://play.google.com/store/apps/details?id=app.pregnancy.free&hl=pt&gl=br,69,40,81,oportunidade,181478,1713.32,6119.0,19886.75,3793.78,33042.59,20486.41,alta,25,4.88,96.0,0.0,"SerpAPI, ScrapingBee"
1,Medicina,6,Lembrete de remédio,com.devsoldiers.calendar.pills.limit,level38,app@level38.co,https://drpills.app,Medicina,4.4760637,17850,1310,500.000+,500000,808772,1,0,BRL,1,1,"R$ 5,99 – R$ 159,99 por item",Classificação Livre,26 de fev. de 2017,,Varies with device,,Lembrete para tomar remédio com alarme de medicação e calendário de medicamentos,https://play.google.com/store/apps/details?id=com.devsoldiers.calendar.pills.limit&hl=pt&gl=br,84,27,81,pequeno/indie,68000,1593.89,5692.46,18500.48,3529.32,30739.27,19058.34,alta,25,4.0,72.0,24.0,"SerpAPI, ScrapingBee"
3,Quadrinhos,13,Super Comics,com.zedlatam.supercomics,Moneto Lab Soluções em Tecnologia Ltda.,contato@supercomics.com.br,http://www.monetolab.com,Livros e referências,4.108333,1232,671,100.000+,100000,363608,1,0,BRL,0,1,"R$ 0,99 – R$ 124,90 por item",Classificação 10 anos,8 de jan. de 2018,1780448359,7.2.3,,Super Comics — A melhor experiência em HQ!,https://play.google.com/store/apps/details?id=com.zedlatam.supercomics&hl=pt&gl=br,100,41,81,pequeno/indie,29309,781.3,2790.35,9068.65,1730.02,15067.91,9342.1,média,25,2.76,40.0,48.0,"SerpAPI, ScrapingBee"
3,Quadrinhos,1,GlobalComix: HQs em Inglês,com.globalcomix.mobileapp,GlobalComix,contact@globalcomix.com,https://globalcomix.com/support/contact,Quadrinhos,4.39,5632,62,1.000.000+,1000000,1173634,1,0,BRL,0,1,"R$ 5,49 – R$ 429,99 por item",Classificação 18 anos,8 de set. de 2023,1782223193,2.2.43,,"Leia Superman, Invencível e mais de 100 mil HQs no app da GlobalComix.",https://play.google.com/store/apps/details?id=com.globalcomix.mobileapp&hl=pt&gl=br,84,56,81,pequeno/indie,120689,11129.17,39747.03,129177.84,24643.16,214633.96,133073.05,alta,25,4.04,68.0,16.0,"SerpAPI, ScrapingBee"
1,Quadrinhos,4,GlobalComix: HQs em Inglês,com.globalcomix.mobileapp,GlobalComix,contact@globalcomix.com,https://globalcomix.com/support/contact,Quadrinhos,4.39,5632,62,1.000.000+,1000000,1173634,1,0,BRL,0,1,"R$ 5,49 – R$ 429,99 por item",Classificação 18 anos,8 de set. de 2023,1782223193,2.2.43,,"Leia Superman, Invencível e mais de 100 mil HQs no app da GlobalComix.",https://play.google.com/store/apps/details?id=com.globalcomix.mobileapp&hl=pt&gl=br,84,56,81,pequeno/indie,120689,11129.17,39747.03,129177.84,24643.16,214633.96,133073.05,alta,25,4.04,68.0,16.0,"SerpAPI, ScrapingBee"
1,Negócios,8,"Myne - PDV, Vendas e Estoque",com.meunegocio,Myne App,contato@myneapp.com.br,http://www.myneapp.com.br,Negócios,4.272021,7609,1993,100.000+,100000,487170,1,0,BRL,0,1,"R$ 4,99 – R$ 449,99 por item",Classificação Livre,16 de jun. de 2017,1777924343,2.8.6,,"Controle de estoque, produtos, serviços, clientes, recibo e finanças para MEI",https://play.google.com/store/apps/details?id=com.meunegocio&hl=pt&gl=br,100,42,81,pequeno/indie,39887,6669.47,23819.52,77413.45,14768.1,128625.42,79747.76,alta,25,3.04,40.0,48.0,"SerpAPI, ScrapingBee"
3,Android Wear,11,Wear OS Toolset Complications,com.gs.complications.suite,GS Watchfaces,support@gswatchfaces.com,https://www.gswatchfaces.com/,Ferramentas,4.173913,604,11,100.000+,100000,126430,1,0,BRL,0,1,"R$ 9,49 – R$ 184,99 por item",Classificação Livre,29 de mar. de 2023,1782555010,6.1.2,,"Personalize qualquer mostrador de relógio Wear OS com complicações, previsão do tempo e informações sobre as marés!",https://play.google.com/store/apps/details?id=com.gs.complications.suite&hl=pt&gl=br,100,42,81,pequeno/indie,11533,474.95,1696.25,5512.83,1051.68,9159.77,5679.06,média,10,4.0,70.0,20.0,"SerpAPI, ScrapingBee"
2,Livros e Referências,1,Newpedia,jp.mypedia,KAIHAWK,info@kaihawk.jp,https://kaihawk.jp,Livros e referências,4.2173915,385,9,10.000+,10000,39201,1,0,BRL,1,1,"R$ 12,99 – R$ 24,99 por item",Classificação Livre,3 de jun. de 2020,1782630431,9.6.0,,Vamos fazer um dicionário,https://play.google.com/store/apps/details?id=jp.mypedia&hl=pt&gl=br,100,41,81,pequeno/indie,3336,28.81,102.91,334.44,63.8,555.69,344.53,média,10,4.0,80.0,20.0,"SerpAPI, ScrapingBee"
29,Personalização · Papéis de Parede,4,Zeel Walls - 4K Wallpapers,app.yog.zeelwalls,YoG,ybgosavi12@gmail.com,,Personalização,4.2727275,457,7,50.000+,50000,62216,1,0,BRL,0,1,"R$ 1,89 – R$ 179,99 por item",Classificação Livre,24 de fev. de 2024,1779386752,43.0.0,,"Papéis de parede AI, fundos 4K UHD modernos com aparência HD estética para o seu telefone",https://play.google.com/store/apps/details?id=app.yog.zeelwalls&hl=pt&gl=br,100,37,80,pequeno/indie,4537,158.88,567.44,1844.18,351.81,3064.17,1899.79,média,7,5.0,100.0,0.0,"SerpAPI, Firecrawl"
15,Produtividade,19,Calendário Semanal - Tarefas,net.brilliantseasons.weeklycalendar_notes,BrilliantSeasons,weekly-calendar-info@brilliantseasons.net,,Produtividade,4.5833335,98,9,10.000+,10000,10735,1,0,BRL,0,1,"R$ 19,90 por item",Classificação Livre,28 de ago. de 2023,1777363373,1.30,,"Planejador de tarefas, organizador de notas, gerenciador de tarefas",https://play.google.com/store/apps/details?id=net.brilliantseasons.weeklycalendar_notes&hl=pt&gl=br,100,44,80,pequeno/indie,771,10.21,36.45,118.46,22.6,196.82,122.03,média,9,4.44,88.9,11.1,"SerpAPI, ScrapingBee"
15,Produtividade,13,Calendar Notes PRO,com.asyncbyte.calendar.notes_pro,AsyncByte Software,AsyncByte@gmail.com,http://www.asyncbyte-software.com/,Produtividade,4.5,180,6,1.000+,1000,3818,0,14.99,BRL,0,0,,Classificação Livre,6 de set. de 2018,1779947572,1.0.34,,Versão Pro do aplicativo Notas do Calendário. Adicione sua ideia como uma nota diária: simples e fácil,https://play.google.com/store/apps/details?id=com.asyncbyte.calendar.notes_pro&hl=pt&gl=br,100,47,80,pequeno/indie,255,514.13,1836.19,5967.61,1138.44,9915.41,6147.56,baixa,7,4.71,100.0,0.0,"SerpAPI, ScrapingBee"
13,Produtividade,5,Calendário Semanal - Tarefas,net.brilliantseasons.weeklycalendar_notes,BrilliantSeasons,weekly-calendar-info@brilliantseasons.net,,Produtividade,4.5833335,98,9,10.000+,10000,10735,1,0,BRL,0,1,"R$ 19,90 por item",Classificação Livre,28 de ago. de 2023,1777363373,1.30,,"Planejador de tarefas, organizador de notas, gerenciador de tarefas",https://play.google.com/store/apps/details?id=net.brilliantseasons.weeklycalendar_notes&hl=pt&gl=br,100,44,80,pequeno/indie,771,10.21,36.45,118.46,22.6,196.82,122.03,média,9,4.44,88.9,11.1,"SerpAPI, ScrapingBee"
1,Família,1,Charadas Crianças: Jogo Mímica,com.yangmeistudios.charades_kids,Yangmei Studios,mikael@yangmeistudios.com,,Palavras,4.888889,33,1,1.000+,1000,4161,1,0,BRL,0,1,"R$ 4,90 – R$ 22,90 por item",Classificação Livre,14 de abr. de 2026,1776171809,1.0,,Jogo de mímica divertido para crianças! O melhor headbands para toda a família.,https://play.google.com/store/apps/details?id=com.yangmeistudios.charades_kids&hl=pt&gl=br,100,47,80,pequeno/indie,238,2.04,7.28,23.66,4.51,39.31,24.37,baixa,1,4.0,100.0,0.0,"SerpAPI, ScrapingBee"
1,Jogos de Palavras,11,Caça-Palavras Difícil,reitz.apps.projetocacapalavrasdificil,reitz.Aplicativos,reitzaplicativos@gmail.com,https://appsparaestudar.com.br,Palavras,4.0,29,19,10.000+,10000,40284,1,0,BRL,1,0,,Classificação Livre,9 de dez. de 2024,1782489638,1.92,,Um Caça palavras desafiador para quem gosta de jogos difíceis.,https://play.google.com/store/apps/details?id=reitz.apps.projetocacapalavrasdificil&hl=pt&gl=br,100,37,80,pequeno/indie,2919,3.12,11.13,36.16,5.34,60.09,28.84,média,19,3.95,73.7,21.1,"SerpAPI, ScrapingBee"
1,Jogos de Estratégia,4,Demise of Nations,com.demiseofnations.app.user.rom,Noble Master Games,contact@noblemaster.com,http://www.noblemaster.com,Estratégia,4.39,8957,279,500.000+,500000,873474,1,0,BRL,0,1,"R$ 4,99 – R$ 104,99 por item",Classificação Livre,8 de ago. de 2017,1779714391,1.50.320,,Demise of Nations é um 4X wargame  grande de estratégia baseado em turnos.,https://play.google.com/store/apps/details?id=com.demiseofnations.app.user.rom&hl=pt&gl=br,84,54,80,pequeno/indie,62672,4245.9,15163.94,49282.81,9401.64,81885.28,50768.87,alta,25,4.16,76.0,16.0,"SerpAPI, ScrapingBee"
3,Esportes,9,Scoremer - Resultados Futebol,com.besget.soccerbing,Scoremer Limited,support@scoremer.com,https://www.scoremer.com,Esportes,4.12,2225,333,500.000+,500000,679019,1,0,BRL,0,1,"R$ 5,49 – R$ 999,99 por item",Classificação 12 anos,10 de jan. de 2016,1782447381,5.3.4,,"Resultados de futebol ao vivo, cantos, jogos, resultados, prognósticos",https://play.google.com/store/apps/details?id=com.besget.soccerbing&hl=pt&gl=br,92,44,80,pequeno/indie,67890,14454.5,51623.22,167775.47,32006.4,278765.4,172834.55,média,25,4.56,88.0,4.0,"SerpAPI, ScrapingBee"
3,Esportes,1,O Placar: Jogos de Futebol,com.oplacar.app,Valverde Lab,contato@oplacar.com.br,https://oplacar.com.br,Esportes,5.0,9,7,100+,100,236,1,0,BRL,1,0,,Classificação Livre,11 de mai. de 2026,1778859507,1.0.1,,"Jogos de hoje, placar, tabela, times e notícias do futebol.",https://play.google.com/store/apps/details?id=com.oplacar.app&hl=pt&gl=br,100,47,80,pequeno/indie,12,0.01,0.03,0.09,0.01,0.15,0.07,baixa,7,5.0,100.0,0.0,"SerpAPI, ScrapingBee"
3,Produtividade,5,Calendário Semanal - Tarefas,net.brilliantseasons.weeklycalendar_notes,BrilliantSeasons,weekly-calendar-info@brilliantseasons.net,,Produtividade,4.5833335,98,9,10.000+,10000,10735,1,0,BRL,0,1,"R$ 19,90 por item",Classificação Livre,28 de ago. de 2023,1777363373,1.30,,"Planejador de tarefas, organizador de notas, gerenciador de tarefas",https://play.google.com/store/apps/details?id=net.brilliantseasons.weeklycalendar_notes&hl=pt&gl=br,100,44,80,pequeno/indie,771,10.21,36.45,118.46,22.6,196.82,122.03,média,9,4.44,88.9,11.1,"SerpAPI, ScrapingBee"
3,Medicina,8,Tomar Remédio,br.com.tomarremedio.app,Block 9,hitalocunhadesousa@gmail.com,https://tomarremedio.com.br/,Ferramentas,4.4883723,43,11,1.000+,1000,3368,1,0,BRL,0,1,"R$ 14,90 – R$ 129,90 por item",Classificação Livre,11 de set. de 2024,1779654688,2.0.6,,"Nunca esqueça uma dose: agende, acompanhe e controle seus remédios.",https://play.google.com/store/apps/details?id=br.com.tomarremedio.app&hl=pt&gl=br,100,45,80,pequeno/indie,203,6.22,22.23,72.25,13.78,120.04,74.43,baixa,11,4.27,72.7,9.1,"SerpAPI, ScrapingBee"
3,Bibliotecas e Demonstrações,18,ISOLAND3: Dust of the Universe,com.cottongame.isoland3,CottonGame,contact@cottongame.com,http://www.cottongame.com,Quebra-cabeças,4.8333335,277,3,5.000+,5000,5926,0,10.99,BRL,0,1,"R$ 5,49 – R$ 25,99 por item",Classificação Livre,19 de fev. de 2020,1772528451,1.1.28,,Uma continuação da série ISOLAND.,https://play.google.com/store/apps/details?id=com.cottongame.isoland3&hl=pt&gl=br,100,46,80,pequeno/indie,347,533.79,1906.41,6195.82,1181.97,10294.59,6382.65,baixa,3,4.67,100.0,0.0,"SerpAPI, ScrapingBee"
1,Esportes,1,O Placar: Jogos de Futebol,com.oplacar.app,Valverde Lab,contato@oplacar.com.br,https://oplacar.com.br,Esportes,5.0,9,7,100+,100,236,1,0,BRL,1,0,,Classificação Livre,11 de mai. de 2026,1778859507,1.0.1,,"Jogos de hoje, placar, tabela, times e notícias do futebol.",https://play.google.com/store/apps/details?id=com.oplacar.app&hl=pt&gl=br,100,47,80,pequeno/indie,12,0.01,0.03,0.09,0.01,0.15,0.07,baixa,7,5.0,100.0,0.0,"SerpAPI, ScrapingBee"
3,Saúde e Fitness,15,SYSTEM: Fitness Leveling,com.avillalva.systemfitnessleveling,Alexis Villalva,team@systemfitness.app,https://www.systemfitness.app,Saúde e fitness,4.0588236,1049,8,100.000+,100000,182998,1,0,BRL,1,1,"R$ 22,99 – R$ 739,99 por item",Classificação Livre,1 de mai. de 2025,1776209163,1.3.6,,Treine como no seu anime favorito com SYSTEM: Fitness Leveling!,https://play.google.com/store/apps/details?id=com.avillalva.systemfitnessleveling&hl=pt&gl=br,100,37,80,pequeno/indie,14205,2855.47,10198.12,33143.9,6322.84,55069.86,34143.32,média,8,3.75,62.5,25.0,"SerpAPI, ScrapingBee"
1,Medicina,2,Tomar Remédio,br.com.tomarremedio.app,Block 9,hitalocunhadesousa@gmail.com,https://tomarremedio.com.br/,Ferramentas,4.4883723,43,11,1.000+,1000,3368,1,0,BRL,0,1,"R$ 14,90 – R$ 129,90 por item",Classificação Livre,11 de set. de 2024,1779654688,2.0.6,,"Nunca esqueça uma dose: agende, acompanhe e controle seus remédios.",https://play.google.com/store/apps/details?id=br.com.tomarremedio.app&hl=pt&gl=br,100,45,80,pequeno/indie,203,6.22,22.23,72.25,13.78,120.04,74.43,baixa,11,4.27,72.7,9.1,"SerpAPI, ScrapingBee"
3,Arte e Design,16,Art Book Paint Color by Number,com.playcus.artbook.paint.colorbynumber,Playcus Limited,support@playcus.com,https://playcus.com,Tabuleiros,4.0,2747,44,500.000+,500000,939997,1,0,BRL,1,1,"R$ 2,89 – R$ 174,99 por item",Classificação Livre,25 de mar. de 2022,1782461284,0.0.565,,Páginas a cores para relaxar,https://play.google.com/store/apps/details?id=com.playcus.artbook.paint.colorbynumber&hl=pt&gl=br,92,45,80,pequeno/indie,81240,4982.69,17795.34,57834.85,11033.11,96094.83,59578.79,média,25,3.24,52.0,36.0,"SerpAPI, ScrapingBee"
29,Negócios · ERP para Pequenos Negócios,13,TapPOS vendas de estoque,net.tappos.trial,TapStyle Pty Ltd,support@tapstyle.net,http://www.tapstyle.net,Negócios,4.204819,1553,51,500.000+,500000,571775,1,0,BRL,0,1,"R$ 3,99 por item",Classificação Livre,21 de jun. de 2012,1781840395,6.9.0,,All-in-one app para todas as pequenas empresas de retalho,https://play.google.com/store/apps/details?id=net.tappos.trial&hl=pt&gl=br,92,42,79,pequeno/indie,56655,182.77,652.73,2121.38,404.69,3524.76,2185.35,média,25,3.96,68.0,20.0,"SerpAPI, Firecrawl"
12,Personalização,3,Santertainment Wallpaper,com.santer.wallpaper,Santertainment,apps@santertainment.net,https://www.santertainment.net,Personalização,4.0,2881,3,100.000+,100000,165460,1,0,BRL,1,1,"R$ 6,49 – R$ 32,99 por item",Classificação Livre,19 de out. de 2020,1770047605,5.0,,"Santertainment Wallpaper é um aplicativo de papel de parede simples, limpo e fácil de usar",https://play.google.com/store/apps/details?id=com.santer.wallpaper&hl=pt&gl=br,100,32,79,pequeno/indie,12771,103.94,371.23,1206.5,230.16,2004.65,1242.88,média,3,3.33,66.7,33.3,"SerpAPI, ScrapingBee"
9,Negócios,5,TapPOS vendas de estoque,net.tappos.trial,TapStyle Pty Ltd,support@tapstyle.net,http://www.tapstyle.net,Negócios,4.204819,1549,51,500.000+,500000,570521,1,0,BRL,0,1,"R$ 3,99 por item",Classificação Livre,21 de jun. de 2012,1781840395,6.9.0,,All-in-one app para todas as pequenas empresas de retalho,https://play.google.com/store/apps/details?id=net.tappos.trial&hl=pt&gl=br,92,43,79,pequeno/indie,56524,182.34,651.23,2116.48,403.76,3516.62,2180.3,média,25,3.96,68.0,20.0,"SerpAPI, ScrapingBee"
7,Finanças,14,Kinvo: Acompanhe investimentos,com.everestti.kinvo,Kinvo Tecnologia da Informação,contato@kinvo.com.br,http://www.kinvo.com.br,Finanças,4.006837,22335,7565,1.000.000+,1000000,1093031,1,0,BRL,0,1,"R$ 14,99 – R$ 179,90 por item",Classificação Livre,22 de dez. de 2017,1782929738,3.65.0,,"Acompanhe, analise e otimize cada investimento da sua carteira com facilidade.",https://play.google.com/store/apps/details?id=com.everestti.kinvo&hl=pt&gl=br,84,49,79,pequeno/indie,111995,9663.85,34513.75,112169.69,21398.52,186374.25,115552.03,alta,150,2.93,42.7,51.3,"SerpAPI, Brave Search, ScrapingBee, DevSite:ScrapingAnt"
8,Finanças,19,Kinvo: Acompanhe investimentos,com.everestti.kinvo,Kinvo Tecnologia da Informação,contato@kinvo.com.br,http://www.kinvo.com.br,Finanças,4.006837,22335,7565,1.000.000+,1000000,1093031,1,0,BRL,0,1,"R$ 14,99 – R$ 179,90 por item",Classificação Livre,22 de dez. de 2017,1782929738,3.65.0,,"Acompanhe, analise e otimize cada investimento da sua carteira com facilidade.",https://play.google.com/store/apps/details?id=com.everestti.kinvo&hl=pt&gl=br,84,49,79,pequeno/indie,111995,9663.85,34513.75,112169.69,21398.52,186374.25,115552.03,alta,25,1.8,12.0,76.0,"SerpAPI, ScrapingBee"
3,Personalização,3,Santertainment Wallpaper,com.santer.wallpaper,Santertainment,apps@santertainment.net,https://www.santertainment.net,Personalização,4.0,2881,3,100.000+,100000,165460,1,0,BRL,1,1,"R$ 6,49 – R$ 32,99 por item",Classificação Livre,19 de out. de 2020,1770047605,5.0,,"Santertainment Wallpaper é um aplicativo de papel de parede simples, limpo e fácil de usar",https://play.google.com/store/apps/details?id=com.santer.wallpaper&hl=pt&gl=br,100,32,79,pequeno/indie,12771,103.94,371.23,1206.5,230.16,2004.65,1242.88,média,3,3.33,66.7,33.3,"SerpAPI, ScrapingBee"
3,Saúde e Fitness,1,MyFitnessCoach Treino Academia,com.myfitnesscoach,MY FITNESS COACH,contact@myfitnesscoach.fit,https://myfitnesscoach.fit,Saúde e fitness,4.180328,1972,14,1.000.000+,1000000,1031354,1,0,BRL,1,1,"R$ 30,00 – R$ 434,99 por item",Classificação Livre,15 de fev. de 2023,1779264271,6.48.3,,Contar calorias exercícios em casa e treino academia para emagrecer com controle,https://play.google.com/store/apps/details?id=com.myfitnesscoach&hl=pt&gl=br,92,41,79,pequeno/indie,87803,11859.98,42357.09,137660.53,26261.39,228728.27,141811.53,média,12,3.17,58.3,41.7,"SerpAPI, ScrapingBee"
3,Finanças,7,Kinvo: Acompanhe investimentos,com.everestti.kinvo,Kinvo Tecnologia da Informação,contato@kinvo.com.br,http://www.kinvo.com.br,Finanças,4.006837,22335,7565,1.000.000+,1000000,1093031,1,0,BRL,0,1,"R$ 14,99 – R$ 179,90 por item",Classificação Livre,22 de dez. de 2017,1782929738,3.65.0,,"Acompanhe, analise e otimize cada investimento da sua carteira com facilidade.",https://play.google.com/store/apps/details?id=com.everestti.kinvo&hl=pt&gl=br,84,49,79,pequeno/indie,111995,9663.85,34513.75,112169.69,21398.52,186374.25,115552.03,alta,25,1.8,12.0,76.0,"SerpAPI, ScrapingBee"
3,Comunicação,23,Chat Invisível - Sem Visto,com.gbmessenger,Riki Apps Developer,rikiappsdeveloper@gmail.com,https://webcloner.pro,Comunicação,4.0945945,510,25,50.000+,50000,89382,1,0,BRL,1,1,"R$ 10,99 – R$ 104,99 por item",Classificação Livre,4 de mai. de 2020,1775745923,6.5,,"Chat offline – sem visto por último, sem tiques azuis, salvar status e mais!",https://play.google.com/store/apps/details?id=com.gbmessenger&hl=pt&gl=br,100,35,79,pequeno/indie,6660,152.28,543.87,1767.58,337.2,2936.9,1820.88,média,25,3.96,68.0,20.0,"SerpAPI, ScrapingBee"
1,Saúde e Fitness,1,MyFitnessCoach Treino Academia,com.myfitnesscoach,MY FITNESS COACH,contact@myfitnesscoach.fit,https://myfitnesscoach.fit,Saúde e fitness,4.180328,1972,14,1.000.000+,1000000,1031354,1,0,BRL,1,1,"R$ 30,00 – R$ 434,99 por item",Classificação Livre,15 de fev. de 2023,1779264271,6.48.3,,Contar calorias exercícios em casa e treino academia para emagrecer com controle,https://play.google.com/store/apps/details?id=com.myfitnesscoach&hl=pt&gl=br,92,41,79,pequeno/indie,87803,11859.98,42357.09,137660.53,26261.39,228728.27,141811.53,média,12,3.17,58.3,41.7,"SerpAPI, ScrapingBee"
1,Finanças,10,Kinvo: Acompanhe investimentos,com.everestti.kinvo,Kinvo Tecnologia da Informação,contato@kinvo.com.br,http://www.kinvo.com.br,Finanças,4.006837,22335,7565,1.000.000+,1000000,1093031,1,0,BRL,0,1,"R$ 14,99 – R$ 179,90 por item",Classificação Livre,22 de dez. de 2017,1782929738,3.65.0,,"Acompanhe, analise e otimize cada investimento da sua carteira com facilidade.",https://play.google.com/store/apps/details?id=com.everestti.kinvo&hl=pt&gl=br,84,49,79,pequeno/indie,111995,9663.85,34513.75,112169.69,21398.52,186374.25,115552.03,alta,25,1.8,12.0,76.0,"SerpAPI, ScrapingBee"
9,Ferramentas,8,Ferramenta tudo-em-um,com.smart.toolkit.all.in.one.barcode.scanner.qr.notes.toolbox,Digital Ware Zone,support@digitalwarezone.com,https://digitalwarezone.com/,Ferramentas,4.3789473,3184,45,500.000+,500000,558732,1,0,BRL,1,1,"R$ 53,99 por item",Classificação Livre,19 de ago. de 2022,1765281701,1.0.20,,Use um leitor de código de barras e mais de 30 ferramentas com utilitários.,https://play.google.com/store/apps/details?id=com.smart.toolkit.all.in.one.barcode.scanner.qr.notes.toolbox&hl=pt&gl=br,92,37,78,pequeno/indie,46079,707.51,2526.83,8212.21,1566.64,13644.91,8459.84,média,25,4.08,80.0,20.0,"SerpAPI, ScrapingBee"
3,Clima,17,Clima: Radar ao vivo e widgets,weather.weatherforcast.accuweather.weatherchannel,1 Bit,pointdotdog@gmail.com,https://onebit-app.web.app/,Clima,4.685185,10669,511,1.000.000+,1000000,1451303,1,0,BRL,0,0,,Classificação Livre,22 de jan. de 2024,1782368029,1.03.2,,Meteorológico preciso com radar meteorológico ao vivo e widgets meteorológicos,https://play.google.com/store/apps/details?id=weather.weatherforcast.accuweather.weatherchannel&hl=pt&gl=br,94,75,78,pequeno/indie,165935,0.0,0.0,0.0,0.0,0.0,0.0,média,25,4.68,88.0,4.0,"SerpAPI, ScrapingBee"
1,Jogos de RPG,4,The Dark RPG: 2D Pixel Game,com.redzaam.thedark,Gem Jam,help@notfoundgames.com,https://gemjamllc.com/,RPG,4.03,12199,220,500.000+,500000,556232,1,0,BRL,0,1,"R$ 7,99 – R$ 124,99 por item",Classificação 12 anos,5 de jan. de 2017,1779811386,2.0.4,,"Pixel 2D espera por você: Missão de RPG, masmorras em jogo de fantasia 8-bit!",https://play.google.com/store/apps/details?id=com.redzaam.thedark&hl=pt&gl=br,84,45,78,pequeno/indie,38983,3512.68,12545.29,40772.2,7778.08,67744.57,42001.63,alta,25,3.52,64.0,32.0,"SerpAPI, ScrapingBee"
3,Redes Sociais,17,Mysocial: AI Creator Manager,io.mysocial.creators,GoldenGlow AB,support@mysocial.io,https://mysocial.io,Negócios,4.1944447,1073,19,100.000+,100000,141920,1,0,BRL,0,1,"R$ 37,99 – R$ 1.899,99 por item",Classificação Livre,15 de nov. de 2020,1770367207,9.0.2,,"Inteligência artificial completa para criadores: parcerias com marcas, criação de conteúdo, análises e crescimento.",https://play.google.com/store/apps/details?id=io.mysocial.creators&hl=pt&gl=br,100,31,78,pequeno/indie,10859,369.53,1319.77,4289.24,818.25,7126.74,4418.58,média,22,4.14,81.8,18.2,"SerpAPI, ScrapingBee"
1,Jogos Arcade,13,AMUSEMENT ARCADE TOAPLAN,tokyo.tatsujin.aat,"TATSUJIN Co., Ltd.",support@tatsujin.tokyo,https://aat.tatsujin.tokyo/,Arcade,4.0,144,5,10.000+,10000,48875,1,0,BRL,0,1,"R$ 25,99 – R$ 579,99 por item",Classificação 10 anos,7 de nov. de 2024,1761265499,1.0.8,,Truxton e outros clássicos!,https://play.google.com/store/apps/details?id=tokyo.tatsujin.aat&hl=pt&gl=br,100,30,78,pequeno/indie,2986,401.35,1433.39,4658.5,888.7,7740.28,4798.97,baixa,5,3.4,60.0,40.0,"SerpAPI, ScrapingBee"
3,Paternidade,20,Jornada pós-parto,com.postpartum.journey,Onrival LLC,health.journey@icloud.com,https://healthjourneylabs.com/postpartum-journey/,Saúde e fitness,4.76,668,15,10.000+,10000,12551,1,0,BRL,0,1,"R$ 5,99 – R$ 134,99 por item",Classificação Livre,31 de jul. de 2024,,Varies with device,,"Guia do Pós-Parto: Apoio, Recuperação, Humor, Depressão Pós-Parto",https://play.google.com/store/apps/details?id=com.postpartum.journey&hl=pt&gl=br,100,39,78,pequeno/indie,911,24.27,86.69,281.76,53.75,468.15,290.25,média,16,4.44,81.2,0.0,"SerpAPI, ScrapingBee"
3,Música e Áudio,25,IDAGIO Stream Classical Music,com.idagio.app,Classical Music Streaming - IDAGIO,contact@idagio.com,http://www.idagio.com,Música e áudio,4.17,3868,96,500.000+,500000,958229,1,0,BRL,0,1,"R$ 1,89 – R$ 1.049,99 por item",Classificação Livre,7 de nov. de 2017,1772892499,3.27.1,,"Descubra listas de reprodução, assista a shows e reproduza faixas em nosso player de streaming de música",https://play.google.com/store/apps/details?id=com.idagio.app&hl=pt&gl=br,92,36,78,pequeno/indie,81271,1063.21,3797.19,12340.86,2354.26,20504.82,12712.99,média,25,3.72,60.0,28.0,"SerpAPI, ScrapingBee"
1,Ferramentas,6,Ferramenta tudo-em-um,com.smart.toolkit.all.in.one.barcode.scanner.qr.notes.toolbox,Digital Ware Zone,support@digitalwarezone.com,https://digitalwarezone.com/,Ferramentas,4.3789473,3184,45,500.000+,500000,558732,1,0,BRL,1,1,"R$ 53,99 por item",Classificação Livre,19 de ago. de 2022,1765281701,1.0.20,,Use um leitor de código de barras e mais de 30 ferramentas com utilitários.,https://play.google.com/store/apps/details?id=com.smart.toolkit.all.in.one.barcode.scanner.qr.notes.toolbox&hl=pt&gl=br,92,37,78,pequeno/indie,46079,707.51,2526.83,8212.21,1566.64,13644.91,8459.84,média,25,4.08,80.0,20.0,"SerpAPI, ScrapingBee"
1,Fotografia,7,"Negative Image - Invert Image,",kada.negativeimage.InvertImage,KADA Studio,z.hangl0186+support@gmail.com,https://negativeimage-1914e.firebaseapp.com,Fotografia,4.11,8572,139,1.000.000+,1000000,1249399,1,0,BRL,1,0,,Classificação Livre,11 de mai. de 2019,1770731676,1.54,,"Imagem negativa Câmera, Foto negativo scanner: Ver e converter filme colorido",https://play.google.com/store/apps/details?id=kada.negativeimage.InvertImage&hl=pt&gl=br,94,35,78,pequeno/indie,107407,57.89,206.76,671.97,99.24,1116.5,535.92,alta,25,2.84,44.0,48.0,"SerpAPI, ScrapingBee"
3,Quadrinhos,15,KAI: Criador de Quadrinhos AI,com.ai.comic.book,MOBIVERSITE YAZILIM BILISIM REKLAM VE DANISMANLIK,info@mobiversite.com,https://www.mobiversite.com,Quadrinhos,4.264529,27120,715,500.000+,500000,637770,1,0,BRL,0,1,"R$ 21,99 – R$ 434,99 por item",Classificação 16 anos,4 de dez. de 2025,1781032024,1.0.10,,Gerador de Manhua por IA: Crie suas próprias histórias e HQs com esta ferramenta,https://play.google.com/store/apps/details?id=com.ai.comic.book&hl=pt&gl=br,84,47,78,pequeno/indie,63557,6150.18,21964.94,71386.05,13618.26,118610.67,73538.61,alta,25,3.36,56.0,36.0,"SerpAPI, ScrapingBee"
29,Personalização · Ícones e Temas,25,HyperOS & MIUI Themes,com.intelicarft.miuithemes.android,Wallet Passes Alliance,support.hyperosmiui@walletpasses.me,https://walletpasses.me/hyperosmiui,Personalização,4.0,3168,28,1.000.000+,1000000,1344447,1,0,BRL,1,1,"R$ 5,49 – R$ 549,99 por item",Classificação Livre,1 de set. de 2023,1772695324,4.0.0,,"Personalize o seu dispositivo com os temas mais recentes, papéis de parede e pacotes de ícones incríveis.",https://play.google.com/store/apps/details?id=com.intelicarft.miuithemes.android&hl=pt&gl=br,92,34,77,pequeno/indie,116006,12467.06,44525.21,144706.93,27605.63,240436.13,149070.4,média,25,2.6,40.0,60.0,"SerpAPI, Firecrawl"
29,Personalização · Papéis de Parede,11,Depth Wallpapers & Live Clock,com.jndapp.depth.live.wallpaper,JustNewDesigns,justnewdesigns@gmail.com,http://justnewdesigns.com,Personalização,4.8,11173,227,1.000.000+,1000000,2550350,1,0,BRL,0,1,"R$ 1,69 – R$ 54,99 por item",Classificação Livre,21 de nov. de 2025,1781266092,2.1.06,,Lindos papéis de parede com relógio animado e efeitos de profundidade.,https://play.google.com/store/apps/details?id=com.jndapp.depth.live.wallpaper&hl=pt&gl=br,79,85,77,pequeno/indie,249864,2998.87,10710.25,34808.31,6640.36,57835.35,35857.92,alta,25,4.88,100.0,0.0,"SerpAPI, Firecrawl"
26,"Busca: ""bitcoin""",43,Crypto Miner 2: Bitcoin Games,com.horagames.cryptoidleminer2,Hora Games,googleplay@horagames.com,https://cryptoidleminer.com,Simulador,3.9047618,540,23,10.000+,10000,37236,1,0,BRL,1,1,"R$ 10,99 – R$ 509,99 por item",Classificação 18 anos,3 de mar. de 2026,1783081348,2.6.1,,Ganhe cripto real neste jogo de Bitcoin! Construa seu império de mineração.,https://play.google.com/store/apps/details?id=com.horagames.cryptoidleminer2&hl=pt&gl=br,100,65,77,pequeno/indie,,,,,,,,,,,,,
20,"Busca: ""wallet""",58,Tangem - Hardware Wallet,com.tangem.wallet,Tangem,support@tangem.com,https://tangem.com,Finanças,4.901961,48002,63,100.000+,100000,468847,1,0,BRL,0,0,,Classificação Livre,24 de out. de 2018,1784145403,5.39.5,,Tangem: Carteira sem custódia,https://play.google.com/store/apps/details?id=com.tangem.wallet&hl=pt&gl=br,100,65,77,pequeno/indie,50568,0.0,0.0,0.0,0.0,0.0,0.0,média,25,4.76,96.0,4.0,"SerpAPI, Firecrawl"
12,Personalização,11,"Launcher Tema-Ícone, Widget",com.launcher.themes.wallpapers.ai.icons,Animoji Phone X & Emoji Maker Develop Team,liruiqus@gmail.com,https://launcher-47977.web.app/,Personalização,4.32,3894,495,100.000+,100000,492030,1,0,BRL,1,1,"R$ 2,59 – R$ 104,99 por item",Classificação 10 anos,30 de mai. de 2024,1730172312,1.0.0.263,,"Personalize temas, ícones, widgets e papéis de parede com Themepack Launcher.",https://play.google.com/store/apps/details?id=com.launcher.themes.wallpapers.ai.icons&hl=pt&gl=br,100,24,77,pequeno/indie,40307,616.64,2202.3,7157.48,1365.43,11892.43,7373.3,média,25,4.28,84.0,16.0,"SerpAPI, ScrapingBee"
1,Jogos de Quebra-Cabeça,15,Jigsort Quebra-Cabeça:Brincar,jigsolitaire.jigsort.jigsaw.solitaire.puzzle,EasyFun Puzzle Game Studio,jigsortsup@outlook.com,https://easyfun-games.com/,Quebra-cabeças,4.890661,74800,251,1.000.000+,1000000,2087056,1,0,BRL,1,0,,Classificação Livre,28 de nov. de 2025,1782806563,1.1.5,,Deslize e organize as peças do quebra-cabeça! Uma mistura relaxante de puzzles.,https://play.google.com/store/apps/details?id=jigsolitaire.jigsort.jigsaw.solitaire.puzzle&hl=pt&gl=br,79,89,77,pequeno/indie,206524,201.97,721.33,2344.34,346.24,3895.2,1869.7,alta,25,4.84,96.0,4.0,"SerpAPI, ScrapingBee"
3,Personalização,11,"Launcher Tema-Ícone, Widget",com.launcher.themes.wallpapers.ai.icons,Animoji Phone X & Emoji Maker Develop Team,liruiqus@gmail.com,https://launcher-47977.web.app/,Personalização,4.32,3894,495,100.000+,100000,492030,1,0,BRL,1,1,"R$ 2,59 – R$ 104,99 por item",Classificação 10 anos,30 de mai. de 2024,1730172312,1.0.0.263,,"Personalize temas, ícones, widgets e papéis de parede com Themepack Launcher.",https://play.google.com/store/apps/details?id=com.launcher.themes.wallpapers.ai.icons&hl=pt&gl=br,100,24,77,pequeno/indie,40307,616.64,2202.3,7157.48,1365.43,11892.43,7373.3,média,25,4.28,84.0,16.0,"SerpAPI, ScrapingBee"
3,Mapas e Navegação,22,Navegação GPS e mapa de rotas,com.gps.navigation.direction.find.route.map.ptl,PureTech Labs,topapplicationtech856@gmail.com,https://gps-ptl.web.app,Mapas e navegação,3.9807692,617,11,1.000.000+,1000000,1175192,1,0,BRL,1,1,"R$ 28,99 por item",Classificação Livre,10 de nov. de 2025,1782889062,1.14,,"Navegação GPS com rotas, atualizações de trânsito e instruções de voz.",https://play.google.com/store/apps/details?id=com.gps.navigation.direction.find.route.map.ptl&hl=pt&gl=br,100,66,77,pequeno/indie,120858,1555.47,5555.24,18054.52,3444.25,29998.27,18598.93,média,12,3.17,58.3,33.3,"SerpAPI, ScrapingBee"
3,Saúde e Fitness,22,Fitness - Treino e Exercicio,com.rarus.gyms,1C-RARUS TAS,fitness@rarus.ru,,Saúde e fitness,4.1611376,5185,1189,100.000+,100000,433507,1,0,BRL,0,1,"R$ 3,99 – R$ 344,99 por item",Classificação Livre,30 de out. de 2015,1763645376,3.0.17,,"Plano de treino pessoal para homens e mulheres, Treinos em casa e academia",https://play.google.com/store/apps/details?id=com.rarus.gyms&hl=pt&gl=br,100,27,77,pequeno/indie,35274,2326.6,8309.3,27005.23,5151.77,44870.23,27819.54,alta,25,3.56,64.0,36.0,"SerpAPI, ScrapingBee"
1,Mapas e Navegação,9,Navegação GPS e mapa de rotas,com.gps.navigation.direction.find.route.map.ptl,PureTech Labs,topapplicationtech856@gmail.com,https://gps-ptl.web.app,Mapas e navegação,3.9807692,617,11,1.000.000+,1000000,1175192,1,0,BRL,1,1,"R$ 28,99 por item",Classificação Livre,10 de nov. de 2025,1782889062,1.14,,"Navegação GPS com rotas, atualizações de trânsito e instruções de voz.",https://play.google.com/store/apps/details?id=com.gps.navigation.direction.find.route.map.ptl&hl=pt&gl=br,100,66,77,pequeno/indie,120858,1555.47,5555.24,18054.52,3444.25,29998.27,18598.93,média,12,3.17,58.3,33.3,"SerpAPI, ScrapingBee"
3,Automóveis e Veículos,15,Tiny Auto Shop 2: Mecânica,com.byaliens.car.game.tinyautoshop2,By Aliens L.L.C-F.Z,tinyautoshoptwo@byaliens.com,https://www.byaliens.com,Simulador,4.23301,1116,36,50.000+,50000,84956,1,0,BRL,1,1,"R$ 1,79 – R$ 40,49 por item",Classificação Livre,6 de fev. de 2023,1763560167,1.1.12,,"Gerencie sua oficina de carros, conserte carros rápido e seja a melhor mecânica!",https://play.google.com/store/apps/details?id=com.byaliens.car.game.tinyautoshop2&hl=pt&gl=br,100,24,77,pequeno/indie,5364,54.05,193.03,627.34,119.68,1042.36,646.26,média,25,3.36,56.0,32.0,"SerpAPI, ScrapingBee"
29,Negócios · CRM e Vendas,23,"Clientes, Vendas e Orçamentos",com.plandesk.customersapp,StonyDev,crm.clientes.app@gmail.com,https://por.b2desk.com,Negócios,4.39823,2346,1622,100.000+,100000,269056,1,0,BRL,0,1,"R$ 12,89 – R$ 14,90 por item",Classificação Livre,17 de dez. de 2020,,Varies with device,,"Controle de Clientes, Vendas, Agenda, Pedidos, Orçamentos e Catálogo Digital",https://play.google.com/store/apps/details?id=com.plandesk.customersapp&hl=pt&gl=br,100,23,76,pequeno/indie,21335,156.89,560.31,1821.0,347.39,3025.67,1875.91,média,25,4.56,88.0,8.0,"SerpAPI, Firecrawl"
29,Negócios · CRM e Vendas,10,Mercos - Vendas e Pedidos B2B,br.com.meuspedidos,Simplest Software,contato@mercos.com,https://mercos.com,Negócios,4.836735,9939,2378,100.000+,100000,466172,1,0,BRL,0,0,,Classificação Livre,16 de nov. de 2011,1783430826,260706,,"Plataforma de vendas com IA: gestão de pedidos, estoque, CRM e e-commerce B2B",https://play.google.com/store/apps/details?id=br.com.meuspedidos&hl=pt&gl=br,100,63,76,pequeno/indie,50264,0.0,0.0,0.0,0.0,0.0,0.0,média,25,4.48,88.0,8.0,"SerpAPI, Firecrawl"
29,Negócios · CRM e Vendas,2,Agendor - CRM para Vendas,br.com.agendor,Agendor,contato@agendor.com.br,http://www.agendor.com.br/?ref=app492jd39,Negócios,4.838509,3947,989,100.000+,100000,499256,1,0,BRL,0,0,,Classificação Livre,18 de fev. de 2013,1783091109,4.14.0,,"App de CRM, funil de vendas e gestão comercial para equipes de vendas",https://play.google.com/store/apps/details?id=br.com.agendor&hl=pt&gl=br,100,61,76,pequeno/indie,54028,0.0,0.0,0.0,0.0,0.0,0.0,média,25,4.32,80.0,4.0,"SerpAPI, Firecrawl"
26,"Busca: ""bitcoin""",34,Coinext: Comprar Bitcoin,br.com.coinext,Coinext Serviços Digitais Ltda.,devops@coinext.com.br,https://coinext.com.br,Finanças,4.6636157,13172,1631,100.000+,100000,347913,1,0,BRL,0,0,,Classificação Livre,25 de fev. de 2019,1783217731,2.40.0,,Exchange e Wallet de Bitcoin e criptomoedas 100% brasileira. Invista via Pix!,https://play.google.com/store/apps/details?id=br.com.coinext&hl=pt&gl=br,100,63,76,pequeno/indie,,,,,,,,,,,,,
26,"Busca: ""bitcoin""",33,Xverse: Bitcoin Crypto Wallet,com.secretkeylabs.xverse,Secret Key Labs,support@xverse.app,https://www.xverse.app/,Finanças,4.71,3441,35,100.000+,100000,337160,1,0,BRL,0,0,,Classificação Livre,12 de out. de 2021,1783473069,2.5.2,,"Envie, gaste e ganhe. Autocustódia, Lightning, Bitcoin L2s.",https://play.google.com/store/apps/details?id=com.secretkeylabs.xverse&hl=pt&gl=br,100,61,76,pequeno/indie,,,,,,,,,,,,,
26,"Busca: ""bitcoin""",15,BityBank: Bitcoin e Crypto,io.biscoint.lite,bity.com.br,sac@bity.com.br,https://www.bity.com.br/policies/,Finanças,4.735194,14820,1794,100.000+,100000,396185,1,0,BRL,0,0,,Classificação Livre,6 de out. de 2021,1782907428,2.9.17,,Conta com cashback em Bitcoin e cartão de criptomoedas para seu dia a dia,https://play.google.com/store/apps/details?id=io.biscoint.lite&hl=pt&gl=br,100,63,76,pequeno/indie,,,,,,,,,,,,,
23,"Busca: ""rifa""",16,Raffle Wheel Generator,com.wheelspin.app,Quizzard Exam Preparation,apperturelabs29@gmail.com,,Casuais,4.3636365,645,1,50.000+,50000,66800,1,0,BRL,1,1,"R$ 17,99 por item",Classificação Livre,23 de abr. de 2024,1733114527,1.0.4,,O melhor criador de rifas personalizadas do mundo,https://play.google.com/store/apps/details?id=com.wheelspin.app&hl=pt&gl=br,100,21,76,pequeno/indie,4159,24.93,89.05,289.42,55.21,480.88,298.15,média,1,3.0,0.0,0.0,"SerpAPI, Brave Search, Firecrawl"
22,"Busca: ""carteira""",22,"Cake Wallet: Crypto, Made Easy",com.cakewallet.cake_wallet,Cake Labs,info@cakewallet.com,https://cakewallet.com,Finanças,4.72,8756,49,100.000+,100000,443051,1,0,BRL,0,0,,Classificação Livre,1 de jan. de 2020,1780933800,6.2.1,,"Armazene, envie, receba e troque suas criptomoedas com facilidade e segurança.",https://play.google.com/store/apps/details?id=com.cakewallet.cake_wallet&hl=pt&gl=br,100,60,76,pequeno/indie,39702,0.0,0.0,0.0,0.0,0.0,0.0,média,54,3.76,66.7,27.8,"SerpAPI, Brave Search, Firecrawl, DevSite:Firecrawl"
22,"Busca: ""carteira""",3,Carteira de cartões,com.texode.securecard,Texode Technologies LLC,softdev@texode.com,https://texode.com,Finanças,4.29,5531,57,500.000+,500000,870729,1,0,BRL,0,1,"R$ 25,99 – R$ 129,99 por item",Classificação Livre,5 de jul. de 2019,1776945640,1.5.4,,Carteira móvel para armazenamento de cartões bancários. Manter em segurança!,https://play.google.com/store/apps/details?id=com.texode.securecard&hl=pt&gl=br,84,39,76,pequeno/indie,73488,4613.75,16477.69,53552.48,10216.16,88979.5,55167.29,alta,73,3.74,64.4,30.1,"SerpAPI, Brave Search, Firecrawl, DevSite:Firecrawl"
20,"Busca: ""wallet""",48,Carteira de cartões,com.texode.securecard,Texode Technologies LLC,softdev@texode.com,https://texode.com,Finanças,4.29,5531,57,500.000+,500000,870729,1,0,BRL,0,1,"R$ 25,99 – R$ 129,99 por item",Classificação Livre,5 de jul. de 2019,1776945640,1.5.4,,Carteira móvel para armazenamento de cartões bancários. Manter em segurança!,https://play.google.com/store/apps/details?id=com.texode.securecard&hl=pt&gl=br,84,39,76,pequeno/indie,73488,4613.75,16477.69,53552.48,10216.16,88979.5,55167.29,alta,25,4.0,68.0,24.0,"SerpAPI, Firecrawl"
20,"Busca: ""wallet""",26,"Cake Wallet: Crypto, Made Easy",com.cakewallet.cake_wallet,Cake Labs,info@cakewallet.com,https://cakewallet.com,Finanças,4.72,8756,49,100.000+,100000,443051,1,0,BRL,0,0,,Classificação Livre,1 de jan. de 2020,1780933800,6.2.1,,"Armazene, envie, receba e troque suas criptomoedas com facilidade e segurança.",https://play.google.com/store/apps/details?id=com.cakewallet.cake_wallet&hl=pt&gl=br,100,60,76,pequeno/indie,39702,0.0,0.0,0.0,0.0,0.0,0.0,média,25,3.64,64.0,32.0,"SerpAPI, Firecrawl"
9,Paternidade,2,V-Baby: Gravidez e Maternidade,com.vlab.vbaby,Vlab,atendimento@vlabhealth.com,https://www.vbaby.app/,Medicina,4.798611,2878,146,100.000+,100000,162264,1,0,BRL,0,0,,Classificação Livre,4 de jan. de 2022,1783083188,7.3.0,,"Gravidez semana a semana, enxoval, chá de bebê virtual e dicas de saúde grátis",https://play.google.com/store/apps/details?id=com.vlab.vbaby&hl=pt&gl=br,100,61,76,pequeno/indie,16514,0.0,0.0,0.0,0.0,0.0,0.0,média,25,4.08,72.0,20.0,"SerpAPI, ScrapingBee"
9,Notícias e Revistas,8,Jornais e Revistas do Brasil,jornais.e.revistas.brasileira.brasil,APPS4NewWorld,apps4newworld@gmail.com,https://dev627157.topdeveloper.info,Notícias e revistas,4.4680853,57,28,1.000+,1000,2626,1,0,BRL,1,0,,Classificação Livre,6 de jan. de 2022,1765874297,2025.3.0,,"Jornais, Revistas do Brasil, imprensa, esportes, economia, moda, clima, cinema",https://play.google.com/store/apps/details?id=jornais.e.revistas.brasileira.brasil&hl=pt&gl=br,100,31,76,pequeno/indie,155,0.07,0.24,0.78,0.12,1.3,0.63,baixa,25,4.36,84.0,8.0,"SerpAPI, ScrapingBee"
9,Negócios,7,Mercos - Vendas e Pedidos B2B,br.com.meuspedidos,Simplest Software,contato@mercos.com,https://mercos.com,Negócios,4.8259306,9865,2375,100.000+,100000,464990,1,0,BRL,0,0,,Classificação Livre,16 de nov. de 2011,1782329546,260624,,"Plataforma de vendas com IA: gestão de pedidos, estoque, CRM e e-commerce B2B",https://play.google.com/store/apps/details?id=br.com.meuspedidos&hl=pt&gl=br,100,63,76,pequeno/indie,50130,0.0,0.0,0.0,0.0,0.0,0.0,média,25,4.32,80.0,12.0,"SerpAPI, ScrapingBee"
3,Reprodutores de Vídeo,11,Reprodutor de Vídeos HD,tv.fipe.allformat.player,MINIQUE.AI,dev@fipe.tv,http://fipe.tv/,Reproduzir e editar vídeos,4.73,5667,157,100.000+,100000,377268,1,0,BRL,0,0,,Classificação Livre,21 de nov. de 2023,1781513982,1.2.3,,Reprodutor de vídeo perfeito com suporte a todos os formatos e codecs.,https://play.google.com/store/apps/details?id=tv.fipe.allformat.player&hl=pt&gl=br,100,61,76,pequeno/indie,40221,0.0,0.0,0.0,0.0,0.0,0.0,média,25,4.92,96.0,0.0,"SerpAPI, ScrapingBee"
1,Jogos Musicais,7,Como ler notas e ritmo,com.classplash.rhythmicvillage,Classplash Lda,support@classplash.com,https://www.classplash.com/rhythmicvillage,Educação,4.18,388,19,100.000+,100000,106337,1,0,BRL,0,1,"R$ 14,99 – R$ 29,99 por item",Classificação Livre,2 de abr. de 2018,1761841735,2.19.40,,Aprenda a ler música e a tocar no ritmo. É só instalar e jogar!,https://play.google.com/store/apps/details?id=com.classplash.rhythmicvillage&hl=pt&gl=br,100,20,76,pequeno/indie,8003,49.9,178.2,579.16,110.49,962.29,596.62,média,25,4.24,80.0,12.0,"SerpAPI, ScrapingBee"
3,Paternidade,1,V-Baby: Gravidez e Maternidade,com.vlab.vbaby,Vlab,atendimento@vlabhealth.com,https://www.vbaby.app/,Medicina,4.798611,2878,146,100.000+,100000,162264,1,0,BRL,0,0,,Classificação Livre,4 de jan. de 2022,1783083188,7.3.0,,"Gravidez semana a semana, enxoval, chá de bebê virtual e dicas de saúde grátis",https://play.google.com/store/apps/details?id=com.vlab.vbaby&hl=pt&gl=br,100,61,76,pequeno/indie,13762,0.0,0.0,0.0,0.0,0.0,0.0,baixa,25,4.08,72.0,20.0,"SerpAPI, ScrapingBee"
3,Notícias e Revistas,4,Jornais e Revistas do Brasil,jornais.e.revistas.brasileira.brasil,APPS4NewWorld,apps4newworld@gmail.com,https://dev627157.topdeveloper.info,Notícias e revistas,4.4680853,57,28,1.000+,1000,2626,1,0,BRL,1,0,,Classificação Livre,6 de jan. de 2022,1765874297,2025.3.0,,"Jornais, Revistas do Brasil, imprensa, esportes, economia, moda, clima, cinema",https://play.google.com/store/apps/details?id=jornais.e.revistas.brasileira.brasil&hl=pt&gl=br,100,31,76,pequeno/indie,155,0.07,0.24,0.78,0.12,1.3,0.63,baixa,25,4.36,84.0,8.0,"SerpAPI, ScrapingBee"
1,Reprodutores de Vídeo,11,Reprodutor de Vídeos HD,tv.fipe.allformat.player,MINIQUE.AI,dev@fipe.tv,http://fipe.tv/,Reproduzir e editar vídeos,4.73,5667,157,100.000+,100000,377268,1,0,BRL,0,0,,Classificação Livre,21 de nov. de 2023,1781513982,1.2.3,,Reprodutor de vídeo perfeito com suporte a todos os formatos e codecs.,https://play.google.com/store/apps/details?id=tv.fipe.allformat.player&hl=pt&gl=br,100,61,76,pequeno/indie,40221,0.0,0.0,0.0,0.0,0.0,0.0,média,25,4.92,96.0,0.0,"SerpAPI, ScrapingBee"
3,Bibliotecas e Demonstrações,10,Biblioteca Virtual by Pearson,com.bibliotecavirtual.bvpearson,Pearson Education do Brasil,suporte.brasil@pearson.com,http://www.bvirtual.com.br/,Educação,4.8170214,4747,1856,100.000+,100000,364068,1,0,BRL,0,0,,Classificação Livre,3 de out. de 2019,1783125641,7.9.7,,A Biblioteca Virtual by Pearson é o seu portal para o mundo do conhecimento!,https://play.google.com/store/apps/details?id=com.bibliotecavirtual.bvpearson&hl=pt&gl=br,100,62,76,pequeno/indie,32283,0.0,0.0,0.0,0.0,0.0,0.0,baixa,25,4.2,76.0,12.0,"SerpAPI, ScrapingBee"
1,Redes Sociais,8,Paçoca: rede social brasileira,com.joaoalves.pacoca,João Enrique Barbosa Santos Alves,pacoca150723@gmail.com,https://pacoca.net/,Social,4.4454546,1100,519,10.000+,10000,33142,1,0,BRL,0,0,,Classificação 12 anos,28 de jan. de 2025,1779927374,2.2.3,,"Paçoca a rede social brasileira, inovadora, onde você pode fazer amigos :).",https://play.google.com/store/apps/details?id=com.joaoalves.pacoca&hl=pt&gl=br,100,62,76,pequeno/indie,2326,0.0,0.0,0.0,0.0,0.0,0.0,baixa,25,4.08,80.0,16.0,"SerpAPI, ScrapingBee"
1,Paternidade,1,V-Baby: Gravidez e Maternidade,com.vlab.vbaby,Vlab,atendimento@vlabhealth.com,https://www.vbaby.app/,Medicina,4.798611,2878,146,100.000+,100000,162264,1,0,BRL,0,0,,Classificação Livre,4 de jan. de 2022,1783083188,7.3.0,,"Gravidez semana a semana, enxoval, chá de bebê virtual e dicas de saúde grátis",https://play.google.com/store/apps/details?id=com.vlab.vbaby&hl=pt&gl=br,100,61,76,pequeno/indie,13762,0.0,0.0,0.0,0.0,0.0,0.0,baixa,25,4.08,72.0,20.0,"SerpAPI, ScrapingBee"
1,Notícias e Revistas,12,Jornais e Revistas do Brasil,jornais.e.revistas.brasileira.brasil,APPS4NewWorld,apps4newworld@gmail.com,https://dev627157.topdeveloper.info,Notícias e revistas,4.4680853,57,28,1.000+,1000,2626,1,0,BRL,1,0,,Classificação Livre,6 de jan. de 2022,1765874297,2025.3.0,,"Jornais, Revistas do Brasil, imprensa, esportes, economia, moda, clima, cinema",https://play.google.com/store/apps/details?id=jornais.e.revistas.brasileira.brasil&hl=pt&gl=br,100,31,76,pequeno/indie,155,0.07,0.24,0.78,0.12,1.3,0.63,baixa,25,4.36,84.0,8.0,"SerpAPI, ScrapingBee"
3,Entretenimento,16,Oldflix,oldflix.app,WMW Entretenimento,contato@oldflix.com.br,http://www.oldflix.com.br,Entretenimento,4.7304688,5124,1345,100.000+,100000,413532,1,0,BRL,0,0,,Classificação 16 anos,26 de jul. de 2017,1780854957,4.9.1,,É necessário possuir assinatura ativa no Oldflix para reprodução dos conteúdos.,https://play.google.com/store/apps/details?id=oldflix.app&hl=pt&gl=br,100,60,76,pequeno/indie,44304,0.0,0.0,0.0,0.0,0.0,0.0,média,25,4.4,84.0,8.0,"SerpAPI, ScrapingBee"
3,Educação,4,Seu Curso Digital,tech.jobholding.seucursodigital,KHS APPS,contact@khsmidia.com,https://seucursodigital.com,Educação,4.347594,1871,537,100.000+,100000,205442,1,0,BRL,0,1,"R$ 0,39 – R$ 2.099,99 por item",Classificação Livre,22 de fev. de 2025,,Varies with device,,Estude gratuitamente com os cursos online do Seu Curso Digital.,https://play.google.com/store/apps/details?id=tech.jobholding.seucursodigital&hl=pt&gl=br,100,23,76,pequeno/indie,16050,150.52,537.55,1747.05,333.28,2902.8,1799.73,média,25,3.68,64.0,32.0,"SerpAPI, ScrapingBee"
1,Bibliotecas e Demonstrações,9,Biblioteca Virtual by Pearson,com.bibliotecavirtual.bvpearson,Pearson Education do Brasil,suporte.brasil@pearson.com,http://www.bvirtual.com.br/,Educação,4.8170214,4747,1856,100.000+,100000,364068,1,0,BRL,0,0,,Classificação Livre,3 de out. de 2019,1783125641,7.9.7,,A Biblioteca Virtual by Pearson é o seu portal para o mundo do conhecimento!,https://play.google.com/store/apps/details?id=com.bibliotecavirtual.bvpearson&hl=pt&gl=br,100,62,76,pequeno/indie,32283,0.0,0.0,0.0,0.0,0.0,0.0,baixa,25,4.2,76.0,12.0,"SerpAPI, ScrapingBee"
1,Educação,3,Seu Curso Digital,tech.jobholding.seucursodigital,KHS APPS,contact@khsmidia.com,https://seucursodigital.com,Educação,4.347594,1871,537,100.000+,100000,205442,1,0,BRL,0,1,"R$ 0,39 – R$ 2.099,99 por item",Classificação Livre,22 de fev. de 2025,,Varies with device,,Estude gratuitamente com os cursos online do Seu Curso Digital.,https://play.google.com/store/apps/details?id=tech.jobholding.seucursodigital&hl=pt&gl=br,100,23,76,pequeno/indie,16050,150.52,537.55,1747.05,333.28,2902.8,1799.73,média,25,3.68,64.0,32.0,"SerpAPI, ScrapingBee"
29,Negócios · RH e Gestão de Equipe,11,Pontotel Gestão,com.pontotel.appgestor,PontoTel,contato@pontotel.com.br,http://www.pontotel.com.br,Produtividade,4.7789474,1884,558,100.000+,100000,232109,1,0,BRL,0,0,,Classificação Livre,25 de jun. de 2019,1783108842,3.2.1,,Gestão de ponto e jornada,https://play.google.com/store/apps/details?id=com.pontotel.appgestor&hl=pt&gl=br,100,59,75,pequeno/indie,24099,0.0,0.0,0.0,0.0,0.0,0.0,média,25,3.44,60.0,40.0,"SerpAPI, Firecrawl"
22,"Busca: ""carteira""",4,Carteira Digital do Migrante,br.com.valid.rnm,Serviços e Informações do Brasil,drm.cgpi.direx@pf.gov.br,https://www.gov.br/pf/pt-br,Ferramentas,4.9436054,9801,1058,100.000+,100000,202307,1,0,BRL,0,0,,Classificação Livre,13 de jan. de 2023,1779456369,4.26.1,,A Carteira Digital do Migrante no celular.,https://play.google.com/store/apps/details?id=br.com.valid.rnm&hl=pt&gl=br,100,59,75,pequeno/indie,17371,0.0,0.0,0.0,0.0,0.0,0.0,média,150,4.67,91.3,8.0,"SerpAPI, Brave Search, Firecrawl, DevSite:Firecrawl"
19,"Busca: ""carteira digital""",5,Carteira Digital do Migrante,br.com.valid.rnm,Serviços e Informações do Brasil,drm.cgpi.direx@pf.gov.br,https://www.gov.br/pf/pt-br,Ferramentas,4.9436054,9801,1058,100.000+,100000,202307,1,0,BRL,0,0,,Classificação Livre,13 de jan. de 2023,1779456369,4.26.1,,A Carteira Digital do Migrante no celular.,https://play.google.com/store/apps/details?id=br.com.valid.rnm&hl=pt&gl=br,100,59,75,pequeno/indie,17371,0.0,0.0,0.0,0.0,0.0,0.0,média,25,4.96,100.0,0.0,"SerpAPI, Firecrawl"
3,Compras,14,Supermercados Índio,br.com.supermercadosindio,Instabuy Serviços de Tecnologia LTDA,contato@instabuy.com.br,,Compras,4.63,373,111,10.000+,10000,44428,1,0,BRL,0,0,,Classificação 10 anos,11 de ago. de 2020,1782335969,5.70.0,,"Fila é coisa do passado, agora você pede e recebe suas compras em sua casa",https://play.google.com/store/apps/details?id=br.com.supermercadosindio&hl=pt&gl=br,100,57,75,pequeno/indie,4191,0.0,0.0,0.0,0.0,0.0,0.0,baixa,25,3.92,72.0,24.0,"SerpAPI, ScrapingBee"
3,Compras,8,Independência Shopping,br.com.brmalls.customer.independencia,ALLOS S.A.,sac@independenciashopping.com.br,https://www.independenciashopping.com.br/,Compras,4.8431373,174,20,10.000+,10000,28168,1,0,BRL,0,0,,Classificação Livre,14 de mar. de 2022,1783028986,4.11.2,,"Descontos, estacionamento sem filas,  lojas e restaurantes, promoções",https://play.google.com/store/apps/details?id=br.com.brmalls.customer.independencia&hl=pt&gl=br,100,56,75,pequeno/indie,2584,0.0,0.0,0.0,0.0,0.0,0.0,baixa,20,2.5,35.0,65.0,"SerpAPI, ScrapingBee"
3,Paternidade,15,"Meu Bebê - lactação, sono e +",app.parenting.baby.tracker.feeding.sleep.diaper.free,My Pregnancy and Baby Tracker,support@pregnancy-parenting.com,https://pregnancy-parenting.com,Criação de filhos,4.0,262,24,50.000+,50000,87258,1,0,BRL,1,1,"R$ 14,99 – R$ 99,99 por item",Classificação Livre,1 de fev. de 2021,1758408237,2.1.29,,"Crescimento do bebê, dicas para pais, amamentação, sono, fraldas, peso e mais.",https://play.google.com/store/apps/details?id=app.parenting.baby.tracker.feeding.sleep.diaper.free&hl=pt&gl=br,100,16,75,pequeno/indie,6492,105.99,378.53,1230.23,234.69,2044.07,1267.32,baixa,25,3.32,52.0,32.0,"SerpAPI, ScrapingBee"
1,Jogos em Geral,14,The Division Resurgence,com.ubisoft.the.division.mobile.combat.shooting.open.world.rpg,Ubisoft Entertainment,android.support@ubisoft.com,https://www.ubisoft.com,Ação,4.6675,94039,2605,1.000.000+,1000000,3657950,1,0,BRL,0,1,"R$ 2,50 – R$ 499,90 por item",Classificação 18 anos,31 de mar. de 2026,1782838496,1.52754.0,,A luta começa. Prepare-se para retomar Nova York.,https://play.google.com/store/apps/details?id=com.ubisoft.the.division.mobile.combat.shooting.open.world.rpg&hl=pt&gl=br,69,89,75,crescendo,371975,63315.06,226125.22,734906.95,140197.63,1221076.17,757067.23,alta,25,4.4,84.0,16.0,"SerpAPI, ScrapingBee"
3,Bibliotecas e Demonstrações,11,Libib,com.libib.app,"Libib, Inc.",play@libib.com,https://www.libib.com,Produtividade,4.49,3825,127,100.000+,100000,473355,1,0,BRL,0,0,,Classificação Livre,31 de out. de 2013,1783059544,6.1.7,,Libib é um aplicativo de catalogação para bibliotecas domésticas e institucionais com scanner - funciona com libib.com,https://play.google.com/store/apps/details?id=com.libib.app&hl=pt&gl=br,100,56,75,pequeno/indie,46437,0.0,0.0,0.0,0.0,0.0,0.0,média,25,4.72,92.0,4.0,"SerpAPI, ScrapingBee"
3,Casa e Decoração,20,Sweet Home 3D: Planeje Casas,com.eteks.sweethome3d.mobile,AI Photo Editor Lab srl,info@eteks.com,https://www.sweethome3d.com/,Casa e decoração,4.29,2383,43,500.000+,500000,643468,1,0,BRL,0,1,"R$ 17,99 – R$ 364,99 por item",Classificação Livre,2 de set. de 2023,1764073159,7.6.2,,Crie plantas baixas ajuste medidas e visualize casa com móveis planejados em 3D,https://play.google.com/store/apps/details?id=com.eteks.sweethome3d.mobile&hl=pt&gl=br,92,26,75,pequeno/indie,53462,2837.86,10135.2,32939.4,6283.82,54730.07,33932.65,média,25,2.8,40.0,52.0,"SerpAPI, ScrapingBee"
3,Automóveis e Veículos,1,meu carro manutenção serviços,com.anasoftco.mycar,saycoder,saycoder@gmail.com,https://saycoder.com,Veículos,4.29,1965,95,100.000+,100000,274294,1,0,BRL,0,1,"R$ 7,99 – R$ 19,99 por item",Classificação Livre,21 de ago. de 2015,1754465764,17,,para quem tem um carro. aplicação profissional livre para seu carro.,https://play.google.com/store/apps/details?id=com.anasoftco.mycar&hl=pt&gl=br,100,16,75,pequeno/indie,21774,84.44,301.57,980.11,186.98,1628.49,1009.67,média,25,3.76,72.0,28.0,"SerpAPI, ScrapingBee"
1,Negócios,10,Empresária Online,br.com.yardim.EmpresariaOnline,Yardim,suporte@empresariaonline.com.br,http://www.empresariaonline.com.br,Produtividade,4.8705034,1478,551,100.000+,100000,115731,1,0,BRL,0,0,,Classificação Livre,14 de jan. de 2016,1781271685,3.13.1,,"Controle, organize e aumente suas vendas de forma prática e segura.",https://play.google.com/store/apps/details?id=br.com.yardim.EmpresariaOnline&hl=pt&gl=br,100,58,75,pequeno/indie,11554,0.0,0.0,0.0,0.0,0.0,0.0,média,25,4.16,76.0,16.0,"SerpAPI, ScrapingBee"
1,Automóveis e Veículos,3,meu carro manutenção serviços,com.anasoftco.mycar,saycoder,saycoder@gmail.com,https://saycoder.com,Veículos,4.29,1965,95,100.000+,100000,274294,1,0,BRL,0,1,"R$ 7,99 – R$ 19,99 por item",Classificação Livre,21 de ago. de 2015,1754465764,17,,para quem tem um carro. aplicação profissional livre para seu carro.,https://play.google.com/store/apps/details?id=com.anasoftco.mycar&hl=pt&gl=br,100,16,75,pequeno/indie,21774,84.44,301.57,980.11,186.98,1628.49,1009.67,média,25,3.76,72.0,28.0,"SerpAPI, ScrapingBee"
29,Personalização · Widgets,16,Photo Widget: Screen Gallery,com.msint.photowidget,MS International,msdeveloper0291@gmail.com,https://msmobileapps.blogspot.com,Personalização,4.256098,1174,31,100.000+,100000,290598,1,0,BRL,1,1,"R$ 14,99 por item",Classificação Livre,7 de mar. de 2022,,Varies with device,,"Exiba fotos em widgets personalizados. Grade, pilha, apresentação de slides e muito mais!",https://play.google.com/store/apps/details?id=com.msint.photowidget&hl=pt&gl=br,100,12,74,pequeno/indie,23141,105.14,375.49,1220.35,232.8,2027.65,1257.14,média,25,4.36,84.0,12.0,"SerpAPI, Firecrawl"
29,Personalização · Widgets,14,Material Photo Widget,com.fibelatti.photowidget,Filipe Belatti,appsupport@fibelatti.com,https://github.com/fibelatti/photo-widget/releases,Personalização,4.7,2475,155,500.000+,500000,627184,1,0,BRL,0,0,,Classificação Livre,15 de nov. de 2023,1783262074,1.44.3,,Um widget para exibir suas fotos favoritas,https://play.google.com/store/apps/details?id=com.fibelatti.photowidget&hl=pt&gl=br,92,60,74,pequeno/indie,68692,0.0,0.0,0.0,0.0,0.0,0.0,média,25,4.56,92.0,8.0,"SerpAPI, Firecrawl"
29,Negócios · RH e Gestão de Equipe,8,Sys Ponto | Gestão de Ponto,com.systempro.sys175x575,System Sistemas de Gestão,suporte@systempro.com.br,https://www.systempro.com.br/,Negócios,4.66,477,25,10.000+,10000,22935,1,0,BRL,0,0,,Classificação Livre,21 de out. de 2020,1778172920,1.0.47,,O SysPonto traz agilidade e mobilidade nas marcações de ponto dos colaboradores,https://play.google.com/store/apps/details?id=com.systempro.sys175x575&hl=pt&gl=br,100,52,74,pequeno/indie,1730,0.0,0.0,0.0,0.0,0.0,0.0,baixa,25,2.6,40.0,60.0,"SerpAPI, Firecrawl"
29,Negócios · Nota Fiscal e Contabilidade,25,Contabilidade Facilitada,io.kodular.victor.ContabilidadeFacilitada,Contabilidade Facilitada Educacional,financeiro@contabilidadefacilitada.com,https://acesso.contabilidadefacilitada.com/,Educação,4.8,291,102,10.000+,10000,39374,1,0,BRL,0,0,,Classificação Livre,26 de set. de 2023,1780888674,3.2.0,,Contabilidade Facilitada Educacional,https://play.google.com/store/apps/details?id=io.kodular.victor.ContabilidadeFacilitada&hl=pt&gl=br,100,54,74,pequeno/indie,3073,0.0,0.0,0.0,0.0,0.0,0.0,baixa,25,4.64,88.0,8.0,"SerpAPI, Firecrawl"
30,Arte e Design · Livros de Colorir,18,Color by Number - Color Paint,com.anoa.number.paint,Anoa Studio L.L.C-FZ,info@anoa.studio,https://www.anoa.studio,Casuais,,,,50.000+,50000,62427,1,0,BRL,1,1,"R$ 2,59 – R$ 20,99 por item",Classificação Livre,3 de jul. de 2026,1783416323,0.4.2,,"Toque e pinte: livro de colorir, pintar por número, anime e pixel art. Relaxe!",https://play.google.com/store/apps/details?id=com.anoa.number.paint&hl=pt&gl=br,100,55,74,pequeno/indie,4645,29.07,103.81,337.37,64.36,560.56,347.54,média,0,0.0,0.0,0.0,"SerpAPI, Firecrawl"
29,Negócios · CRM e Vendas,22,CRM Analytics,com.salesforce.wave,"Salesforce.com, inc.",analyticscloudmobilesupport@salesforce.com,http://www.salesforce.com,Negócios,4.909091,181,0,10.000+,10000,45874,1,0,BRL,0,0,,Classificação Livre,18 de ago. de 2016,1781643882,262.0.1,,Leve seus dados do Salesforce para onde você for.,https://play.google.com/store/apps/details?id=com.salesforce.wave&hl=pt&gl=br,100,54,74,pequeno/indie,3613,0.0,0.0,0.0,0.0,0.0,0.0,baixa,0,0.0,0.0,0.0,"SerpAPI, Firecrawl"
29,Negócios · CRM e Vendas,12,noCRM.io,com.youdontneedacrm.ydncrm,Positive noCRM,support@youdontneedacrm.com,https://youdontneedacrm.com/,Produtividade,4.9,420,19,10.000+,10000,28339,1,0,BRL,0,0,,Classificação Livre,8 de fev. de 2016,1781169260,11.0.2,,"Gerencie prospects, pipelines e leads em qualquer momento com o aplicativo noCRM",https://play.google.com/store/apps/details?id=com.youdontneedacrm.ydncrm&hl=pt&gl=br,100,55,74,pequeno/indie,2167,0.0,0.0,0.0,0.0,0.0,0.0,baixa,19,4.84,100.0,0.0,"SerpAPI, Firecrawl"
23,"Busca: ""rifa""",1,Rifa Fácil: criar rifa,com.rifacdklite,CDK Tec,cdktecnologias@gmail.com,https://charifapro-9ea40.web.app/,Ferramentas,4.01,1068,356,500.000+,500000,684235,1,0,BRL,1,1,"R$ 9,99 – R$ 43,99 por item",Classificação Livre,4 de mar. de 2023,,Varies with device,,Crie e gerencie rifas digitais personalizadas de maneira fácil e intuitiva,https://play.google.com/store/apps/details?id=com.rifacdklite&hl=pt&gl=br,100,12,74,pequeno/indie,57032,448.83,1602.96,5209.61,993.83,8655.97,5366.7,média,150,4.22,77.3,15.3,"SerpAPI, Brave Search, Firecrawl, DevSite:Firecrawl"
20,"Busca: ""wallet""",55,Premier Wallet,com.premier.customer,Premier Bank Ltd,developer@premierbank.so,https://premierwallets.com/,Finanças,5.0,4495,1,500.000+,500000,807892,1,0,BRL,0,0,,Classificação Livre,14 de out. de 2020,1782744242,2.4.8,,A Premier Customer Wallet é uma carteira digital desenvolvida pelo Premier Bank.,https://play.google.com/store/apps/details?id=com.premier.customer&hl=pt&gl=br,92,61,74,pequeno/indie,89657,0.0,0.0,0.0,0.0,0.0,0.0,média,0,0.0,0.0,0.0,"SerpAPI, Firecrawl"
13,Produtividade,17,Calendário & Agenda : Calamo,com.calamo.calamo,Calamo Media,calamo.media@gmail.com,https://calamo-team.blogspot.com,Produtividade,4.1666665,16,8,5.000+,5000,5941,1,0,BRL,0,1,"R$ 8,90 – R$ 9,90 por item",Classificação Livre,5 de jan. de 2026,1778129811,1.0.27,,Sem anúncios nem assinaturas. Seu planner de calendário inteligente.,https://play.google.com/store/apps/details?id=com.calamo.calamo&hl=pt&gl=br,100,55,74,pequeno/indie,372,2.33,8.32,27.04,5.16,44.93,27.86,baixa,8,3.88,75.0,12.5,"SerpAPI, ScrapingBee"
1,Família,10,My Kids Família,br.com.gileade.kidsfamilia,Gileade Sistemas,appmykids@gmail.com,https://appmykids.com.br/,Ferramentas,4.883838,2016,499,500.000+,500000,605306,1,0,BRL,0,0,,Classificação Livre,26 de jun. de 2017,1776351287,1.55,,Gerenciamento de crianças no Ministério Infantil da Igreja,https://play.google.com/store/apps/details?id=br.com.gileade.kidsfamilia&hl=pt&gl=br,100,54,74,pequeno/indie,55144,0.0,0.0,0.0,0.0,0.0,0.0,média,25,4.84,96.0,4.0,"SerpAPI, ScrapingBee"
1,Jogos de Palavras,7,Caça Palavras,com.everydaysapps.cacapalavras,EveryDay-Apps,everydaysapps@gmail.com,https://affc3da6e.app-ads-txt.com,Palavras,4.1764708,2645,831,500.000+,500000,707009,1,0,BRL,1,0,,Classificação Livre,13 de mar. de 2015,1721050187,1.1,,Encontrar palavras escondidas!!,https://play.google.com/store/apps/details?id=com.everydaysapps.cacapalavras&hl=pt&gl=br,100,13,74,pequeno/indie,50176,35.05,125.18,406.84,60.09,675.97,324.47,média,25,4.44,84.0,16.0,"SerpAPI, ScrapingBee"
1,Jogos Educacionais,3,Educacross,com.CrossReality.EducaCrossMatematica,Cross Reality,googleplay@educacross.com.br,https://www.educacross.com.br,Educativos,4.7459016,4736,2270,500.000+,500000,517939,1,0,BRL,0,0,,Classificação Livre,15 de jan. de 2016,1781386923,8.4.02,,Plataforma de Aprendizagem baseada em Games,https://play.google.com/store/apps/details?id=com.CrossReality.EducaCrossMatematica&hl=pt&gl=br,92,60,74,pequeno/indie,47735,0.0,0.0,0.0,0.0,0.0,0.0,média,25,4.28,80.0,16.0,"SerpAPI, ScrapingBee"
3,Produtividade,16,Calendário & Agenda : Calamo,com.calamo.calamo,Calamo Media,calamo.media@gmail.com,https://calamo-team.blogspot.com,Produtividade,4.1666665,16,8,5.000+,5000,5941,1,0,BRL,0,1,"R$ 8,90 – R$ 9,90 por item",Classificação Livre,5 de jan. de 2026,1778129811,1.0.27,,Sem anúncios nem assinaturas. Seu planner de calendário inteligente.,https://play.google.com/store/apps/details?id=com.calamo.calamo&hl=pt&gl=br,100,55,74,pequeno/indie,372,2.33,8.32,27.04,5.16,44.93,27.86,baixa,8,3.88,75.0,12.5,"SerpAPI, ScrapingBee"
3,Música e Áudio,24,Spoty – Music & Songs App,com.hindi.bollywood.songs,Production house,productionhouse450@gmail.com,,Música e áudio,3.9310346,446,6,10.000+,10000,31216,1,0,BRL,1,0,,Classificação Livre,25 de nov. de 2024,1781339674,1.0.21,,"Reproduza músicas, baixe músicas e aproveite o reprodutor de música offline.",https://play.google.com/store/apps/details?id=com.hindi.bollywood.songs&hl=pt&gl=br,100,52,74,pequeno/indie,2620,1.55,5.55,18.03,2.66,29.96,14.38,média,5,5.0,100.0,0.0,"SerpAPI, ScrapingBee"
1,Reprodutores de Vídeo,4,Reprodutor de Vídeo All Format,com.videoplayer.arcplayer,Arc Video Player,arcplayer.feedback@gmail.com,,Reproduzir e editar vídeos,4.8886557,76554,1904,1.000.000+,1000000,4654007,1,0,BRL,0,1,"R$ 21,99 – R$ 56,99 por item",Classificação Livre,28 de mar. de 2024,1782550993,1.3.4.2.132,,"Reprodutor de vídeo full HD para todos os formatos, reprodução em segundo plano.",https://play.google.com/store/apps/details?id=com.videoplayer.arcplayer&hl=pt&gl=br,75,77,74,pequeno/indie,563206,9419.07,33639.53,109328.47,20856.51,181653.45,112625.14,alta,25,4.96,100.0,0.0,"SerpAPI, ScrapingBee"
3,Bibliotecas e Demonstrações,9,LibRoom – Book Tracker,com.kurnosov.nikita.libroomapp,Nikita Kurnosov,libroom.it@gmail.com,https://libroom.app,Livros e referências,,,,10.000+,10000,28598,1,0,BRL,0,1,"R$ 17,99 – R$ 499,99 por item",Classificação Livre,19 de jul. de 2025,1782404194,2.0.1,,"Acompanhe a leitura, organize sua biblioteca e alcance as metas anuais de leitura.",https://play.google.com/store/apps/details?id=com.kurnosov.nikita.libroomapp&hl=pt&gl=br,100,55,74,pequeno/indie,2387,261.84,935.14,3039.2,579.79,5049.75,3130.84,média,1,2.0,0.0,100.0,"SerpAPI, ScrapingBee"
3,Bibliotecas e Demonstrações,4,Handy Library: organize livros,com.handylibrary.main,"Bookshare Co., Ltd",lokyluck@handylibrary.com,https://handylibrary.com,Livros e referências,4.12,9641,391,1.000.000+,1000000,1038708,1,0,BRL,0,1,"R$ 7,00 – R$ 69,99 por item",Classificação Livre,14 de set. de 2018,1765963060,3.0.0,,Organize e catalogue suas coleções de livros.,https://play.google.com/store/apps/details?id=com.handylibrary.main&hl=pt&gl=br,84,30,74,pequeno/indie,88461,943.96,3371.27,10956.63,2090.19,18204.87,11287.02,alta,25,3.68,64.0,24.0,"SerpAPI, ScrapingBee"
1,Fotografia,1,Film Cam - Câmera vintage,filmcamera.vintagecamera.digitalcamera.retrocamera,ZANKHANA PTE LTD,support@zankhana.ltd,https://zankhana.ltd,Fotografia,4.8616505,79344,5287,1.000.000+,1000000,3390627,1,0,BRL,1,1,"R$ 5,49 – R$ 109,99 por item",Classificação Livre,11 de jul. de 2025,1780052194,1.1.2,,"Câmera de filme vintage, câm digital, câm retro, filtro polaroid, câm analógica",https://play.google.com/store/apps/details?id=filmcamera.vintagecamera.digitalcamera.retrocamera&hl=pt&gl=br,69,86,74,crescendo,336801,8459.42,30212.22,98189.7,18731.57,163145.97,101150.5,alta,25,4.6,88.0,8.0,"SerpAPI, ScrapingBee"
3,Comunicação,9,Conversations (Jabber / XMPP),eu.siacs.conversations,Daniel Gultsch,playstore@conversations.im,https://conversations.im,Comunicação,4.5319147,2544,15,100.000+,100000,210966,1,0,BRL,0,0,,Classificação Livre,24 de mar. de 2014,1780912013,2.20.1+playstore,,"Mensagens instantâneas federadas para seu dispositivo móvel (Jabber, XMPP, Snikket)",https://play.google.com/store/apps/details?id=eu.siacs.conversations&hl=pt&gl=br,100,53,74,pequeno/indie,21788,0.0,0.0,0.0,0.0,0.0,0.0,média,16,4.12,81.2,18.8,"SerpAPI, ScrapingBee"
3,Livros e Referências,14,Almost Read: Book Tracker,com.kukiagency.almostread,KUKI,info@almostread.com,https://almostread.com,Livros e referências,,,,10.000+,10000,26457,1,0,BRL,0,1,"R$ 26,99 – R$ 214,99 por item",Classificação Livre,17 de jul. de 2025,1782375496,3.0.1,,Diário de Leitura e Registro de Livros,https://play.google.com/store/apps/details?id=com.kukiagency.almostread&hl=pt&gl=br,100,55,74,pequeno/indie,2197,112.61,402.19,1307.12,249.36,2171.83,1346.54,média,0,0.0,0.0,0.0,"SerpAPI, ScrapingBee"
3,Livros e Referências,12,LibRoom – Book Tracker,com.kurnosov.nikita.libroomapp,Nikita Kurnosov,libroom.it@gmail.com,https://libroom.app,Livros e referências,,,,10.000+,10000,28598,1,0,BRL,0,1,"R$ 17,99 – R$ 499,99 por item",Classificação Livre,19 de jul. de 2025,1782404194,2.0.1,,"Acompanhe a leitura, organize sua biblioteca e alcance as metas anuais de leitura.",https://play.google.com/store/apps/details?id=com.kurnosov.nikita.libroomapp&hl=pt&gl=br,100,55,74,pequeno/indie,2387,261.84,935.14,3039.2,579.79,5049.75,3130.84,média,1,2.0,0.0,100.0,"SerpAPI, ScrapingBee"
3,Beleza,6,ASMR de cuidados com a pele,com.gs.asmr.skincare.relaxing.spa.games,Gaming Switch Studio,gamejazzy4@gmail.com,https://k29f028a8.app-ads-txt.com,Casuais,,,,50.000+,50000,93404,1,0,BRL,1,0,,Classificação Livre,1 de jan. de 2026,1781895180,3.4,,Rotina de cuidados com a pele e beleza limpa em um jogo satisfatório,https://play.google.com/store/apps/details?id=com.gs.asmr.skincare.relaxing.spa.games&hl=pt&gl=br,100,54,74,pequeno/indie,7117,5.25,18.74,60.91,9.0,101.21,48.58,média,2,1.5,0.0,100.0,"SerpAPI, ScrapingBee"
1,Comunicação,12,Talksy: Communication Skills,com.korop.yaroslavhorach.lingoFlow,Korop Apps,yaroslavgorbach2@gmail.com,http://hjjjjffd.blogspot.com,Educação,,,,10.000+,10000,35012,1,0,BRL,1,1,"R$ 4,79 – R$ 154,99 por item",Classificação Livre,7 de jul. de 2025,1782156466,1.2.0,,"Aprimore sua fala, dicção, vocabulário e habilidades interpessoais.",https://play.google.com/store/apps/details?id=com.korop.yaroslavhorach.lingoFlow&hl=pt&gl=br,100,55,74,pequeno/indie,2959,101.89,363.88,1182.62,225.61,1964.98,1218.28,média,2,1.5,0.0,100.0,"SerpAPI, ScrapingBee"
3,Arte e Design,10,Tribal Art Coloring Book,com.art.pixel.tribal.games.paint.color.by.numbers,Art Coloring Group,X-LearningGroup@outlook.com,https://home.xlearning.group/,Quebra-cabeças,,,,100.000+,100000,200891,1,0,BRL,1,1,"R$ 5,49 – R$ 52,99 por item",Classificação Livre,25 de mar. de 2026,1782991103,1.0.7,,"Dê vida a máscaras, totens e símbolos tribais ancestrais com cores vibrantes.",https://play.google.com/store/apps/details?id=com.art.pixel.tribal.games.paint.color.by.numbers&hl=pt&gl=br,100,55,74,pequeno/indie,15988,273.15,975.55,3170.52,604.84,5267.94,3266.13,média,1,5.0,100.0,0.0,"SerpAPI, ScrapingBee"
1,Beleza,6,ASMR de cuidados com a pele,com.gs.asmr.skincare.relaxing.spa.games,Gaming Switch Studio,gamejazzy4@gmail.com,https://k29f028a8.app-ads-txt.com,Casuais,,,,50.000+,50000,93404,1,0,BRL,1,0,,Classificação Livre,1 de jan. de 2026,1781895180,3.4,,Rotina de cuidados com a pele e beleza limpa em um jogo satisfatório,https://play.google.com/store/apps/details?id=com.gs.asmr.skincare.relaxing.spa.games&hl=pt&gl=br,100,54,74,pequeno/indie,7117,5.25,18.74,60.91,9.0,101.21,48.58,média,2,1.5,0.0,100.0,"SerpAPI, ScrapingBee"
29,Negócios · ERP para Pequenos Negócios,18,"360 ERP Vendas, notas, boletos",br.com.x360smarttrade,Scaratti Soluções em TI,contato@360erp.com.br,https://360erp.com.br,Negócios,4.48,182,115,10.000+,10000,42376,1,0,BRL,0,0,,Classificação Livre,25 de fev. de 2020,1784032701,6.0.1,,"Pedidos, Boletos, Danfe, Catálogo, Estoque, Venda Externa, Offline.",https://play.google.com/store/apps/details?id=br.com.x360smarttrade&hl=pt&gl=br,100,50,73,pequeno/indie,3624,0.0,0.0,0.0,0.0,0.0,0.0,baixa,25,3.96,72.0,24.0,"SerpAPI, Firecrawl"
26,"Busca: ""bitcoin""",50,"Toobit: Negocie Cripto,BTC,ETH",com.planet.toobit,TooBit Inc.,support@toobit.com,https://www.toobit.com,Finanças,4.892157,17456,406,1.000.000+,1000000,1390932,1,0,BRL,0,0,,Classificação 14 anos,30 de dez. de 2022,1784133653,2.3.1,,"Negocie Crypto: Spot, Futuros e Copy - Ganhe recompensas em depósitos!",https://play.google.com/store/apps/details?id=com.planet.toobit&hl=pt&gl=br,84,64,73,pequeno/indie,,,,,,,,,,,,,
26,"Busca: ""bitcoin""",47,Comprar Bitcoin e Criptomoedas,com.changelly.app,Changelly – Instant Crypto Exchange,mobile_dev@changelly.com,https://changelly.com/,Finanças,4.68,21640,247,1.000.000+,1000000,1346920,1,0,BRL,0,0,,Classificação Livre,28 de ago. de 2018,1784234980,3.63.0,,"Exchange, buy crypto with credit card: BTC・ETH Ethereum・USDT・XMR Monero Brasil",https://play.google.com/store/apps/details?id=com.changelly.app&hl=pt&gl=br,84,65,73,pequeno/indie,,,,,,,,,,,,,
26,"Busca: ""bitcoin""",45,CoinGlass - Bitcoin & Crypto,com.coinglass.android,Coinglass.com,support@coinglass.com,https://www.coinglass.com,Finanças,4.877698,57076,179,1.000.000+,1000000,1038775,1,0,BRL,0,0,,Classificação Livre,3 de nov. de 2021,1783754721,1.1.6.5,,Dados de mercado de criptomoedas ao vivo | Coinmarketcap | Rastreador de preço de criptografia,https://play.google.com/store/apps/details?id=com.coinglass.android&hl=pt&gl=br,84,65,73,pequeno/indie,,,,,,,,,,,,,
26,"Busca: ""bitcoin""",35,"Bipa | Bitcoin, Pix e Cashback",bipa.app.bipa,Bipa,contato@bipa.app,https://bipa.app/,Finanças,4.7394185,19705,3471,500.000+,500000,660930,1,0,BRL,0,0,,Classificação Livre,18 de jan. de 2021,1783974543,4.2.50,,Cashback em dobro durante a Copa. Compre Bitcoin com Pix. Cofrinho 100% CDI.,https://play.google.com/store/apps/details?id=bipa.app.bipa&hl=pt&gl=br,84,64,73,pequeno/indie,,,,,,,,,,,,,
22,"Busca: ""carteira""",14,Carteira Digital de Enfermagem,br.com.valid.cofen,Conselho Federal de Enfermagem - Cofen,aplicativo.cofen@gmail.com,,Ferramentas,4.900778,52618,2751,500.000+,500000,738415,1,0,BRL,0,0,,Classificação Livre,13 de mai. de 2022,1779136454,4.26.1,,Identificação digital do Conselho Federal e Conselhos Regionais de Enfermagem,https://play.google.com/store/apps/details?id=br.com.valid.cofen&hl=pt&gl=br,90,60,73,pequeno/indie,67972,0.0,0.0,0.0,0.0,0.0,0.0,média,150,4.37,83.3,14.7,"SerpAPI, Brave Search, Firecrawl"
22,"Busca: ""carteira""",9,Zeal: Carteira digital,app.zeal.wallet,Zeal Wallet,support@zeal.app,https://zeal.app,Finanças,4.5365853,617,4,100.000+,100000,110946,1,0,BRL,0,0,,Classificação Livre,14 de mai. de 2024,1780559595,0.33.1,,5% ao ano e 0% no câmbio. Gaste em 150+ países com cartão Visa débito,https://play.google.com/store/apps/details?id=app.zeal.wallet&hl=pt&gl=br,100,49,73,pequeno/indie,9208,0.0,0.0,0.0,0.0,0.0,0.0,média,10,2.6,40.0,60.0,"SerpAPI, Brave Search, Firecrawl, DevSite:Firecrawl"
19,"Busca: ""carteira digital""",7,Carteira Digital de Enfermagem,br.com.valid.cofen,Conselho Federal de Enfermagem - Cofen,aplicativo.cofen@gmail.com,,Ferramentas,4.900778,52618,2751,500.000+,500000,738415,1,0,BRL,0,0,,Classificação Livre,13 de mai. de 2022,1779136454,4.26.1,,Identificação digital do Conselho Federal e Conselhos Regionais de Enfermagem,https://play.google.com/store/apps/details?id=br.com.valid.cofen&hl=pt&gl=br,90,60,73,pequeno/indie,67972,0.0,0.0,0.0,0.0,0.0,0.0,média,25,4.64,92.0,8.0,"SerpAPI, Firecrawl"
18,Negócios · ERP para Pequenos Negócios,24,"360 ERP Vendas, notas, boletos",br.com.x360smarttrade,Scaratti Soluções em TI,contato@360erp.com.br,https://360erp.com.br,Negócios,4.48,182,115,10.000+,10000,42376,1,0,BRL,0,0,,Classificação Livre,25 de fev. de 2020,1784032701,6.0.1,,"Pedidos, Boletos, Danfe, Catálogo, Estoque, Venda Externa, Offline.",https://play.google.com/store/apps/details?id=br.com.x360smarttrade&hl=pt&gl=br,100,50,73,pequeno/indie,3624,0.0,0.0,0.0,0.0,0.0,0.0,baixa,25,3.96,72.0,24.0,"SerpAPI, Firecrawl"
7,Finanças,22,HUB3 - Gestão de Investimentos,com.nelogica.invest.android.prod,"B3 S.A. - Brasil, Bolsa, Balcão",suporte@nelogica.com.br,http://www.nelogica.com.br,Finanças,4.647059,12713,1843,500.000+,500000,640030,1,0,BRL,0,0,,Classificação Livre,26 de mai. de 2023,1782765580,2.1.9,,Monitore sua carteira de investimentos na HUB3 e faça simulações com daytrade!,https://play.google.com/store/apps/details?id=com.nelogica.invest.android.prod&hl=pt&gl=br,84,64,73,pequeno/indie,70174,0.0,0.0,0.0,0.0,0.0,0.0,média,150,3.63,61.3,28.0,"SerpAPI, Brave Search, ScrapingBee, DevSite:ScrapingAnt"
3,Viagens e Localização,21,Voos Baratos・Cheap Flights,com.flightain.cheapflights,"Cheap Flights, Hotels & Rental Cars - TripBlasters",support_cheapflights@hoteldisc.com,,Viagem e Turismo,4.71,4106,55,500.000+,500000,594136,1,0,BRL,0,0,,Classificação Livre,1 de jan. de 2022,1780999971,3.1.2,,Reserve passagens de avião. Voo de baixo custo conosco.,https://play.google.com/store/apps/details?id=com.flightain.cheapflights&hl=pt&gl=br,88,60,73,pequeno/indie,64888,0.0,0.0,0.0,0.0,0.0,0.0,média,25,4.24,80.0,16.0,"SerpAPI, ScrapingBee"
3,Compras,5,INDIA Online Shopping App,com.allinoneshoppingapp.indiaonlineshopping,All info Apps,allinfoapps4@gmail.com,https://www.allinoneshoppingstore.com/,Compras,4.1666665,957,2,100.000+,100000,220573,1,0,BRL,1,0,,Classificação Livre,19 de jul. de 2020,,Varies with device,,"Aplicativo de compras tudo em um na Índia: Flipkart, Amazon, Paytm, OLX, mais aplicativo de compras",https://play.google.com/store/apps/details?id=com.allinoneshoppingapp.indiaonlineshopping&hl=pt&gl=br,100,11,73,pequeno/indie,17300,6.71,23.98,77.93,11.51,129.49,62.15,média,2,4.0,50.0,0.0,"SerpAPI, ScrapingBee"
3,Compras,1,Pechinchou: Promoções e Cupons,br.com.pechinchou.pechinchou,Pechinchou,contato@pechinchou.com.br,https://www.pechinchou.com.br,Compras,4.779386,26993,19996,500.000+,500000,972546,1,0,BRL,0,0,,Classificação Livre,6 de ago. de 2020,1782679922,177.6.13,,"Pechinchou: Sua rede social de promoções, cupons e descontos! Busque por ofertas",https://play.google.com/store/apps/details?id=br.com.pechinchou.pechinchou&hl=pt&gl=br,84,65,73,pequeno/indie,108964,0.0,0.0,0.0,0.0,0.0,0.0,média,25,4.76,96.0,0.0,"SerpAPI, ScrapingBee"
1,Jogos em Geral,3,Huntdown: Cyberpunk Adventure,com.coffeestain.huntdown,Coffee Stain Publishing,support@easytrigger.com,https://huntdown.com,Ação,4.262857,10487,905,500.000+,500000,928747,1,0,BRL,0,1,"R$ 19,99 por item",Classificação 14 anos,22 de mai. de 2021,1759689126,0.1,,Jogo de plataforma de ação totalmente dublado,https://play.google.com/store/apps/details?id=com.coffeestain.huntdown&hl=pt&gl=br,84,24,73,pequeno/indie,66848,592.68,2116.7,6879.28,1312.36,11430.2,7086.72,alta,25,3.88,68.0,20.0,"SerpAPI, ScrapingBee"
1,Ferramentas,8,OmniTools - All-in-One Toolkit,com.snitl.omnitools,Snitl,smilteniekse@gmail.com,https://sm1ltins.github.io,Ferramentas,,,,50.000+,50000,64845,1,0,BRL,0,1,"R$ 4,89 – R$ 24,99 por item",Classificação Livre,6 de nov. de 2025,1775941229,1.7.0,,O aplicativo Swiss Army para o seu celular - rápido e pronto para uso offline.,https://play.google.com/store/apps/details?id=com.snitl.omnitools&hl=pt&gl=br,100,48,73,pequeno/indie,4741,27.27,97.4,316.55,60.39,525.96,326.09,média,1,5.0,100.0,0.0,"SerpAPI, ScrapingBee"
3,Casa e Decoração,19,Casa IA: Design de Interiores,com.godhitech.home.ai.designer,GODHITECH JSC,support@godhitech.com,https://godhitech.com/,Arte e design,3.4482758,906,10,500.000+,500000,801585,1,0,BRL,1,1,"R$ 25,99 – R$ 259,99 por item",Classificação Livre,15 de nov. de 2025,1782552570,1.0.37,,Design com IA por foto. Redecore seu ambiente em qualquer estilo.,https://play.google.com/store/apps/details?id=com.godhitech.home.ai.designer&hl=pt&gl=br,92,57,73,pequeno/indie,80837,4931.18,17611.35,57236.9,10919.04,95101.31,58962.82,média,15,2.67,40.0,60.0,"SerpAPI, ScrapingBee"
3,Finanças,21,HUB3 - Gestão de Investimentos,com.nelogica.invest.android.prod,"B3 S.A. - Brasil, Bolsa, Balcão",suporte@nelogica.com.br,http://www.nelogica.com.br,Finanças,4.647059,12713,1843,500.000+,500000,640030,1,0,BRL,0,0,,Classificação Livre,26 de mai. de 2023,1782765580,2.1.9,,Monitore sua carteira de investimentos na HUB3 e faça simulações com daytrade!,https://play.google.com/store/apps/details?id=com.nelogica.invest.android.prod&hl=pt&gl=br,84,64,73,pequeno/indie,70174,0.0,0.0,0.0,0.0,0.0,0.0,média,25,3.2,52.0,44.0,"SerpAPI, ScrapingBee"
1,Casa e Decoração,13,Casa IA: Design de Interiores,com.godhitech.home.ai.designer,GODHITECH JSC,support@godhitech.com,https://godhitech.com/,Arte e design,3.4482758,906,10,500.000+,500000,801585,1,0,BRL,1,1,"R$ 25,99 – R$ 259,99 por item",Classificação Livre,15 de nov. de 2025,1782552570,1.0.37,,Design com IA por foto. Redecore seu ambiente em qualquer estilo.,https://play.google.com/store/apps/details?id=com.godhitech.home.ai.designer&hl=pt&gl=br,92,57,73,pequeno/indie,80837,4931.18,17611.35,57236.9,10919.04,95101.31,58962.82,média,15,2.67,40.0,60.0,"SerpAPI, ScrapingBee"
3,Automóveis e Veículos,12,Carro - Manutenção Programada,rm.manutencao.criacoes,RM criações,atendimento_rm@hotmail.com,https://ac1153fcc.app-ads-txt.com,Ferramentas,4.55,217,74,10.000+,10000,15797,1,0,BRL,1,0,,Classificação Livre,9 de jul. de 2020,1732317483,2.1,,Aplicativo para programar as manutenções dos componentes veicular.,https://play.google.com/store/apps/details?id=rm.manutencao.criacoes&hl=pt&gl=br,100,19,73,pequeno/indie,1163,0.51,1.81,5.87,0.87,9.76,4.68,baixa,25,4.24,80.0,12.0,"SerpAPI, ScrapingBee"
3,Android Wear,7,Diver Classic 20 Wear OS 5+,com.watchfacestudio.dc20,OQ Watchfaces,osmanqadir78@gmail.com,,Personalização,4.769231,384,2,50.000+,50000,50132,1,0,BRL,0,0,,Classificação Livre,28 de abr. de 2025,1773512393,Varies with device,,Um mostrador clássico estilo Diver com muitas opções de cores e personalizações.,https://play.google.com/store/apps/details?id=com.watchfacestudio.dc20&hl=pt&gl=br,100,48,73,pequeno/indie,3970,0.0,0.0,0.0,0.0,0.0,0.0,baixa,2,5.0,100.0,0.0,"SerpAPI, ScrapingBee"
1,Android Wear,6,Diver Classic 20 Wear OS 5+,com.watchfacestudio.dc20,OQ Watchfaces,osmanqadir78@gmail.com,,Personalização,4.769231,384,2,50.000+,50000,50132,1,0,BRL,0,0,,Classificação Livre,28 de abr. de 2025,1773512393,Varies with device,,Um mostrador clássico estilo Diver com muitas opções de cores e personalizações.,https://play.google.com/store/apps/details?id=com.watchfacestudio.dc20&hl=pt&gl=br,100,48,73,pequeno/indie,3970,0.0,0.0,0.0,0.0,0.0,0.0,baixa,2,5.0,100.0,0.0,"SerpAPI, ScrapingBee"
29,Negócios · ERP para Pequenos Negócios,15,Stock e Inventário Simples,com.stockmanagment.next.app,Chester Software (Xaltos Technologies Ltd),chester.help.si@gmail.com,https://chester-sw.com,Negócios,4.75,22524,297,1.000.000+,1000000,2801842,1,0,BRL,0,1,"R$ 2,89 – R$ 364,99 por item",Classificação Livre,25 de ago. de 2016,1784322411,2.1.48r10,,Forma simples de gerir mercadorias em lojas e armazéns ou o inventário doméstico,https://play.google.com/store/apps/details?id=com.stockmanagment.next.app&hl=pt&gl=br,79,65,72,pequeno/indie,275762,26843.02,95867.92,311570.73,59438.11,517686.74,320965.78,alta,25,4.44,84.0,12.0,"SerpAPI, Firecrawl"
21,"Busca: ""crypto wallet""",23,Cwallet - Secure Crypto Wallet,com.blockabc.cctip,Cwallet,official@cwallet.com,https://cwallet.com,Finanças,4.63,21015,189,1.000.000+,1000000,1284798,1,0,BRL,0,0,,Classificação Livre,21 de jul. de 2020,1781775368,5.4.2,,"Cwallet: carteira criptografada Web3 para gerenciar, trocar, salvar e transferir ativos com segurança.",https://play.google.com/store/apps/details?id=com.blockabc.cctip&hl=pt&gl=br,84,62,72,pequeno/indie,,,,,,,,,,,,,
20,"Busca: ""wallet""",45,My Card Wallet,com.blackhawk.myprepaidcenter,Blackhawk Network,appsupport@bhn.com,https://www.myprepaidcenter.com,Finanças,4.71,16882,10,1.000.000+,1000000,1337558,1,0,BRL,0,0,,Classificação Livre,7 de mar. de 2018,1782426387,7.3.0.g,,Gerencie seus cartões pré-pagos e adicione-os à Carteira Google ou Samsung.,https://play.google.com/store/apps/details?id=com.blackhawk.myprepaidcenter&hl=pt&gl=br,84,62,72,pequeno/indie,152304,0.0,0.0,0.0,0.0,0.0,0.0,média,9,1.44,11.1,88.9,"SerpAPI, Firecrawl"
20,"Busca: ""wallet""",40,Cwallet - Secure Crypto Wallet,com.blockabc.cctip,Cwallet,official@cwallet.com,https://cwallet.com,Finanças,4.63,21015,189,1.000.000+,1000000,1284798,1,0,BRL,0,0,,Classificação Livre,21 de jul. de 2020,1781775368,5.4.2,,"Cwallet: carteira criptografada Web3 para gerenciar, trocar, salvar e transferir ativos com segurança.",https://play.google.com/store/apps/details?id=com.blockabc.cctip&hl=pt&gl=br,84,62,72,pequeno/indie,146000,0.0,0.0,0.0,0.0,0.0,0.0,média,25,4.24,80.0,20.0,"SerpAPI, Firecrawl"
20,"Busca: ""wallet""",39,Spell Wallet,com.spellwallet.android,Spell Labs LLC,contact@spellwallet.io,https://spellwallet.io/,Estilo de vida,4.96,24704,121,100.000+,100000,104066,1,0,BRL,0,0,,Classificação Livre,23 de abr. de 2025,1763144382,1.15.0,,"Carteira Web3: Crypto, NFT, Defi, Airdrops",https://play.google.com/store/apps/details?id=com.spellwallet.android&hl=pt&gl=br,100,44,72,pequeno/indie,8605,0.0,0.0,0.0,0.0,0.0,0.0,média,25,4.92,96.0,0.0,"SerpAPI, Firecrawl"
18,Negócios · ERP para Pequenos Negócios,19,Stock e Inventário Simples,com.stockmanagment.next.app,Chester Software (Xaltos Technologies Ltd),chester.help.si@gmail.com,https://chester-sw.com,Negócios,4.75,22520,297,1.000.000+,1000000,2801842,1,0,BRL,0,1,"R$ 2,89 – R$ 364,99 por item",Classificação Livre,25 de ago. de 2016,1784322411,2.1.48r10,,Forma simples de gerir mercadorias em lojas e armazéns ou o inventário doméstico,https://play.google.com/store/apps/details?id=com.stockmanagment.next.app&hl=pt&gl=br,79,65,72,pequeno/indie,275762,26843.02,95867.92,311570.73,59438.11,517686.74,320965.78,alta,25,4.44,84.0,12.0,"SerpAPI, Firecrawl"
15,Produtividade,20,Task Agenda & Lista de Tarefas,com.claudivan.taskagenda,Bytes Bea,taskagenda.app@gmail.com,https://apps-cc-mobile.web.app,Produtividade,4.7790236,45244,6653,1.000.000+,1000000,2250824,1,0,BRL,1,1,"R$ 5,99 – R$ 179,99 por item",Classificação Livre,27 de fev. de 2019,1782179286,2.5.5,,"Agenda fácil: calendário, checklist, planner com notas, listas, alarmes offline.",https://play.google.com/store/apps/details?id=com.claudivan.taskagenda&hl=pt&gl=br,79,65,72,pequeno/indie,263010,18192.24,64972.29,211159.96,40282.82,350850.39,217527.24,alta,25,4.48,84.0,4.0,"SerpAPI, ScrapingBee"
14,Produtividade,21,Task Agenda & Lista de Tarefas,com.claudivan.taskagenda,Bytes Bea,taskagenda.app@gmail.com,https://apps-cc-mobile.web.app,Produtividade,4.7790236,45244,6653,1.000.000+,1000000,2250824,1,0,BRL,1,1,"R$ 5,99 – R$ 179,99 por item",Classificação Livre,27 de fev. de 2019,1782179286,2.5.5,,"Agenda fácil: calendário, checklist, planner com notas, listas, alarmes offline.",https://play.google.com/store/apps/details?id=com.claudivan.taskagenda&hl=pt&gl=br,79,65,72,pequeno/indie,263010,18192.24,64972.29,211159.96,40282.82,350850.39,217527.24,alta,25,4.48,84.0,4.0,"SerpAPI, ScrapingBee"
9,Bibliotecas e Demonstrações,9,Libraries for developers,com.desarrollodroide.repos,Desarrollo Droide,desarrollodroide@gmail.com,http://desarrollodroide.com/,Bibliotecas e demos,4.84,5973,44,100.000+,100000,234972,1,0,BRL,0,0,,Classificação Livre,6 de mai. de 2013,1766415264,3.88.00,,Este aplicativo fornece uma coleção de bibliotecas de terceiros.,https://play.google.com/store/apps/details?id=com.desarrollodroide.repos&hl=pt&gl=br,100,46,72,pequeno/indie,20344,0.0,0.0,0.0,0.0,0.0,0.0,média,25,4.84,96.0,4.0,"SerpAPI, ScrapingBee"
3,Compras,16,Martins Atacado: Compre Online,com.martins_app,Martins Com. Serv. Dist. SA,cesar.carvalho@martins.com.br,http://www.martinsatacado.com.br,Compras,4.559322,4721,1804,1.000.000+,1000000,1265866,1,0,BRL,0,0,,Classificação 10 anos,30 de set. de 2020,1781299670,2.16010,,São mais de 25 mil itens com entrega grátis e condições exclusivas de pagamento.,https://play.google.com/store/apps/details?id=com.martins_app&hl=pt&gl=br,92,54,72,pequeno/indie,143741,0.0,0.0,0.0,0.0,0.0,0.0,média,25,3.68,64.0,32.0,"SerpAPI, ScrapingBee"
1,Jogos Arcade,2,Arcade Games,com.fc.nes.mame,arcde,brittlerjyn@gmail.com,http://androidgame.net.cn/Privacy.txt,Arcade,4.3134923,17455,1282,1.000.000+,1000000,1897748,1,0,BRL,1,0,,Classificação Livre,26 de nov. de 2021,1728608565,16,,O melhor simulador,https://play.google.com/store/apps/details?id=com.fc.nes.mame&hl=pt&gl=br,79,26,72,pequeno/indie,141600,98.91,353.26,1148.11,169.57,1907.63,915.66,alta,25,3.8,68.0,28.0,"SerpAPI, ScrapingBee"
1,Clima,7,"Previsão do tempo, Radar local",weather.forecast.radar.weatherchannel,ZANKHANA PTE LTD,support@zankhana.ltd,https://zankhana.ltd,Clima,4.757282,15822,1058,1.000.000+,1000000,3000846,1,0,BRL,1,1,"R$ 10,99 por item",Classificação Livre,17 de jan. de 2024,1782093828,1.3.5,,"Previsão meteorológica precisa em tempo real, um radar meteorológico local!",https://play.google.com/store/apps/details?id=weather.forecast.radar.weatherchannel&hl=pt&gl=br,69,75,72,crescendo,355599,1891.19,6754.24,21951.28,4187.63,36472.9,22613.2,alta,25,4.72,92.0,8.0,"SerpAPI, ScrapingBee"
3,Medicina,6,Lembretes de Remédios e Pílula,com.aidareminder.pillreminder,Sergio Licea,pillandroid@aidaorganizer.com,https://www.aidaorganizer.com/android/pillreminder.html,Medicina,3.673913,2505,19,100.000+,100000,232122,1,0,BRL,0,1,"R$ 13,99 por item",Classificação Livre,4 de jun. de 2018,1782231029,3.5,,"Lembretes com Alarme. Medicamento, Remédio e Pílulas na hora certa",https://play.google.com/store/apps/details?id=com.aidareminder.pillreminder&hl=pt&gl=br,100,44,72,pequeno/indie,21909,129.81,463.61,1506.72,287.44,2503.47,1552.15,média,20,2.75,40.0,50.0,"SerpAPI, ScrapingBee"
1,Reprodutores de Vídeo,14,aPlayer - Video Player & Cast,team.alpha.aplayer,Alpha Studio Team,aplayer.care@gmail.com,https://aplayer.co,Reproduzir e editar vídeos,3.8983052,4810,31,500.000+,500000,618788,1,0,BRL,1,1,"R$ 9,90 – R$ 24,90 por item",Classificação Livre,6 de jun. de 2020,1781078092,3.5.0,,Reproduza vídeos. Transmita para Chromecast e Smart TVs. Navegador e PiP.,https://play.google.com/store/apps/details?id=team.alpha.aplayer&hl=pt&gl=br,100,44,72,pequeno/indie,61568,490.2,1750.7,5689.77,1085.43,9453.78,5861.34,média,25,4.2,84.0,16.0,"SerpAPI, ScrapingBee"
1,Compras,9,Lojas Pompéia - Comprar Roupas,pompeia.com.br.pompia,Lojas Pompeia,administrator@lojaspompeia.com.br,http://www.lojaspompeia.com,Compras,4.8407335,10477,2080,1.000.000+,1000000,1374748,1,0,BRL,0,0,,Classificação Livre,3 de mar. de 2016,1781886742,13.236.0,,"Comprar sapato, roupas e dicas de look fashion. Fique na moda com Lojas Pompéia!",https://play.google.com/store/apps/details?id=pompeia.com.br.pompia&hl=pt&gl=br,84,62,72,pequeno/indie,156755,0.0,0.0,0.0,0.0,0.0,0.0,média,25,3.8,64.0,28.0,"SerpAPI, ScrapingBee"
3,Eventos,9,Eventiza,com.eventiza.participantes,Eventiza,contato@eventiza.com.br,https://eventiza.com.br/,Eventos,4.605263,38,5,10.000+,10000,27852,1,0,BRL,0,0,,Classificação Livre,10 de jan. de 2021,1775062630,3.5.2,,Seus ingressos na palma da mão.,https://play.google.com/store/apps/details?id=com.eventiza.participantes&hl=pt&gl=br,100,46,72,pequeno/indie,2127,0.0,0.0,0.0,0.0,0.0,0.0,baixa,5,5.0,100.0,0.0,"SerpAPI, ScrapingBee"
1,Medicina,9,Lembretes de Remédios e Pílula,com.aidareminder.pillreminder,Sergio Licea,pillandroid@aidaorganizer.com,https://www.aidaorganizer.com/android/pillreminder.html,Medicina,3.673913,2505,19,100.000+,100000,232122,1,0,BRL,0,1,"R$ 13,99 por item",Classificação Livre,4 de jun. de 2018,1782231029,3.5,,"Lembretes com Alarme. Medicamento, Remédio e Pílulas na hora certa",https://play.google.com/store/apps/details?id=com.aidareminder.pillreminder&hl=pt&gl=br,100,44,72,pequeno/indie,21909,129.81,463.61,1506.72,287.44,2503.47,1552.15,média,20,2.75,40.0,50.0,"SerpAPI, ScrapingBee"
1,Bibliotecas e Demonstrações,7,Libraries for developers,com.desarrollodroide.repos,Desarrollo Droide,desarrollodroide@gmail.com,http://desarrollodroide.com/,Bibliotecas e demos,4.84,5973,44,100.000+,100000,234972,1,0,BRL,0,0,,Classificação Livre,6 de mai. de 2013,1766415264,3.88.00,,Este aplicativo fornece uma coleção de bibliotecas de terceiros.,https://play.google.com/store/apps/details?id=com.desarrollodroide.repos&hl=pt&gl=br,100,46,72,pequeno/indie,20344,0.0,0.0,0.0,0.0,0.0,0.0,média,25,4.84,96.0,4.0,"SerpAPI, ScrapingBee"
1,Eventos,7,Eventiza,com.eventiza.participantes,Eventiza,contato@eventiza.com.br,https://eventiza.com.br/,Eventos,4.605263,38,5,10.000+,10000,27852,1,0,BRL,0,0,,Classificação Livre,10 de jan. de 2021,1775062630,3.5.2,,Seus ingressos na palma da mão.,https://play.google.com/store/apps/details?id=com.eventiza.participantes&hl=pt&gl=br,100,46,72,pequeno/indie,2127,0.0,0.0,0.0,0.0,0.0,0.0,baixa,5,5.0,100.0,0.0,"SerpAPI, ScrapingBee"
1,Negócios,7,Gestor de Vendas PDV Completo,com.appvendas.pdv,Sodré Softwares,ivansodre51@gmail.com,https://falcomnavi.github.io/politica-privacidade-gestor-pdv/,Produtividade,4.2727275,11,10,100+,100,273,1,0,BRL,1,1,"R$ 14,99 por item",Classificação Livre,16 de jun. de 2025,1782319313,1.1.13,,"Sistema PDV: vendas, caixa, clientes, produtos e relatórios em um só app.",https://play.google.com/store/apps/details?id=com.appvendas.pdv&hl=pt&gl=br,100,47,72,pequeno/indie,16,0.19,0.69,2.25,0.43,3.74,2.32,baixa,10,4.2,80.0,10.0,"SerpAPI, ScrapingBee"
1,Livros e Referências,12,Bookmory - rastreador livros,net.tonysoft.bookmory,Tony soft,tonysoft.net@gmail.com,https://bookmory.net,Livros e referências,4.848,77223,1957,1.000.000+,1000000,2547425,1,0,BRL,1,1,"R$ 16,99 – R$ 379,99 por item",Classificação Livre,31 de mai. de 2020,1782718108,1.4.08,,"Acompanhe, organize e aprimore sua jornada de leitura.",https://play.google.com/store/apps/details?id=net.tonysoft.bookmory&hl=pt&gl=br,79,65,72,pequeno/indie,299476,25373.03,90617.96,294508.37,56183.14,489336.98,303388.93,alta,25,4.88,100.0,0.0,"SerpAPI, ScrapingBee"
1,Android Wear,10,Minimal Basic 2 Wear OS 5+,com.watchfacestudio.minimalbasic2,OQ Watchfaces,osmanqadir78@gmail.com,,Personalização,4.75,138,2,10.000+,10000,34628,1,0,BRL,0,0,,Classificação Livre,27 de mar. de 2022,1773700431,Varies with device,,Um mostrador de relógio digital com texto fino para horas e minutos.,https://play.google.com/store/apps/details?id=com.watchfacestudio.minimalbasic2&hl=pt&gl=br,100,47,72,pequeno/indie,2681,0.0,0.0,0.0,0.0,0.0,0.0,baixa,2,4.5,100.0,0.0,"SerpAPI, ScrapingBee"
29,Negócios · ERP para Pequenos Negócios,22,MarketPOS: Vendas e Estoque,com.bupos,Turkuaz Grup Teknoloji Enerji Ticaret Ltd. Şti.,iletisim@turkuaz-grup.com,http://marketpos.turkuaz-grup.com,Negócios,3.9375,1383,7,100.000+,100000,385631,1,0,BRL,0,1,"R$ 35,99 – R$ 565,00 por item",Classificação Livre,4 de abr. de 2020,1782926480,v1.04.36d,,"Mercado, Loja, Loja, Açougueiro, Cantina, Papelaria Ponto de Venda (POS) Sistema",https://play.google.com/store/apps/details?id=com.bupos&hl=pt&gl=br,100,43,71,pequeno/indie,37419,9091.04,32467.99,105520.97,20130.15,175327.14,108702.83,média,16,4.25,75.0,12.5,"SerpAPI, Firecrawl"
29,Negócios · CRM e Vendas,6,Pipedrive – CRM de Vendas,com.pipedrive,Pipedrive Inc.,support@pipedrive.com,http://www.pipedrive.com?utm_source=google_play&utm_medium=listing,Negócios,4.46,3559,291,500.000+,500000,651097,1,0,BRL,0,0,,Classificação Livre,23 de mai. de 2014,1783928169,26.8.1,,Pipedrive é um CRM que dezenas de milhares de pequenas equipes adoram usar.,https://play.google.com/store/apps/details?id=com.pipedrive&hl=pt&gl=br,88,55,71,pequeno/indie,64955,0.0,0.0,0.0,0.0,0.0,0.0,média,25,4.28,84.0,12.0,"SerpAPI, Firecrawl"
26,"Busca: ""bitcoin""",20,STRIKE: Buy & Hold Bitcoin,zapsolutions.strike,"Zap Solutions Holdings, Inc",support@strike.me,https://strike.me/,Finanças,4.5940595,20865,53,1.000.000+,1000000,1237262,1,0,BRL,0,0,,Classificação Livre,3 de mai. de 2023,1784033163,v3.92,,Compre e venda bitcoins. Gerencie seus ativos. Envie e receba pagamentos.,https://play.google.com/store/apps/details?id=zapsolutions.strike&hl=pt&gl=br,84,59,71,pequeno/indie,,,,,,,,,,,,,
22,"Busca: ""carteira""",13,Carteira Digital & Cartões,digital.wallet.loyalty.cards,Posture Correction Professionals - AppsGO,admin@appsgo.io,https://bestapps.pro/app/4,Finanças,,,,10.000+,10000,46120,1,0,BRL,1,1,"R$ 50,99 – R$ 274,99 por item",Classificação Livre,23 de jun. de 2025,1781815893,1.13,,Carteira Digital & Cartões - Wallet Móvel com Cartões,https://play.google.com/store/apps/details?id=digital.wallet.loyalty.cards&hl=pt&gl=br,100,41,71,pequeno/indie,3964,577.14,2061.22,6698.98,1277.96,11130.61,6900.98,média,1,5.0,100.0,0.0,"SerpAPI, Brave Search, Firecrawl, DevSite:Firecrawl"
20,"Busca: ""wallet""",43,OWallet,com.io.owallet,Oraichain Labs US,cs@orai.io,https://owallet.dev/,Finanças,4.5588236,414,12,10.000+,10000,43278,1,0,BRL,0,0,,Classificação Livre,30 de mai. de 2022,1773804023,3.8.2,,A carteira universal para interoperabilidade Multichain Web3,https://play.google.com/store/apps/details?id=com.io.owallet&hl=pt&gl=br,100,41,71,pequeno/indie,3397,0.0,0.0,0.0,0.0,0.0,0.0,baixa,13,4.69,92.3,7.7,"SerpAPI, Firecrawl"
15,Produtividade,18,Tarefas Agenda de anotações,com.calendar.cute,Starnest JSC,ngocttbstarnest@gmail.com,https://starnestsolution.com/calendar,Produtividade,4.7313085,60420,531,1.000.000+,1000000,4261754,1,0,BRL,1,1,"R$ 2,99 – R$ 129,99 por item",Classificação Livre,8 de abr. de 2022,1779252636,363,,"organizador de tarefas , notas, schedule planner semanal, wunderlist, Calendário",https://play.google.com/store/apps/details?id=com.calendar.cute&hl=pt&gl=br,79,62,71,pequeno/indie,427988,21307.17,76097.04,247315.37,47180.16,410923.99,254772.88,alta,25,3.96,76.0,24.0,"SerpAPI, ScrapingBee"
14,Produtividade,12,Tarefas Agenda de anotações,com.calendar.cute,Starnest JSC,ngocttbstarnest@gmail.com,https://starnestsolution.com/calendar,Produtividade,4.7313085,60420,531,1.000.000+,1000000,4261754,1,0,BRL,1,1,"R$ 2,99 – R$ 129,99 por item",Classificação Livre,8 de abr. de 2022,1779252636,363,,"organizador de tarefas , notas, schedule planner semanal, wunderlist, Calendário",https://play.google.com/store/apps/details?id=com.calendar.cute&hl=pt&gl=br,79,62,71,pequeno/indie,427988,21307.17,76097.04,247315.37,47180.16,410923.99,254772.88,alta,25,3.96,76.0,24.0,"SerpAPI, ScrapingBee"
9,Produtividade,10,Tarefas Agenda de anotações,com.calendar.cute,Starnest JSC,ngocttbstarnest@gmail.com,https://starnestsolution.com/calendar,Produtividade,4.7313085,60421,531,1.000.000+,1000000,4261754,1,0,BRL,1,1,"R$ 2,99 – R$ 129,99 por item",Classificação Livre,8 de abr. de 2022,1779252636,363,,"organizador de tarefas , notas, schedule planner semanal, wunderlist, Calendário",https://play.google.com/store/apps/details?id=com.calendar.cute&hl=pt&gl=br,79,62,71,pequeno/indie,427988,21307.17,76097.04,247315.37,47180.16,410923.99,254772.88,alta,25,3.96,76.0,24.0,"SerpAPI, ScrapingAnt"
9,Paternidade,5,Acompanhar gravidez e gestação,com.pregnancyapp.babyinside,Pregnancy App BabyInside,babyinsideapp@gmail.com,https://babyinsideapp.ru/,Criação de filhos,4.7976675,72661,6279,1.000.000+,1000000,3562694,1,0,BRL,1,1,"R$ 4,25 – R$ 50,99 por item",Classificação Livre,23 de mar. de 2020,1779783483,2.8.1,,Minha gravidez. Acompanhamento gestacional. Meu bebe: gestação semana a semana,https://play.google.com/store/apps/details?id=com.pregnancyapp.babyinside&hl=pt&gl=br,79,62,71,pequeno/indie,354735,4384.93,15660.47,50896.53,9709.49,84566.55,52431.26,alta,25,4.56,92.0,8.0,"SerpAPI, ScrapingBee"
13,Produtividade,23,"HibiDo: Todo, Calendar & Notes",com.eightythreetech.note2do,Sixbytes PLT,help@sixbytes.io,https://sixbytes.io,Produtividade,3.9411764,491,10,10.000+,10000,45448,1,0,BRL,0,1,"R$ 10,99 – R$ 54,99 por item",Classificação Livre,24 de mar. de 2020,1782889397,1.11.43,,"HibiDo - aplicativo fácil e simples de lista de tarefas, tarefas, calendário, lembretes e anotações",https://play.google.com/store/apps/details?id=com.eightythreetech.note2do&hl=pt&gl=br,100,42,71,pequeno/indie,3903,94.2,336.43,1093.4,208.59,1816.73,1126.37,média,10,3.4,60.0,30.0,"SerpAPI, ScrapingBee"
10,Produtividade,10,Tarefas Agenda de anotações,com.calendar.cute,Starnest JSC,ngocttbstarnest@gmail.com,https://starnestsolution.com/calendar,Produtividade,4.7313085,60420,531,1.000.000+,1000000,4261754,1,0,BRL,1,1,"R$ 2,99 – R$ 129,99 por item",Classificação Livre,8 de abr. de 2022,1779252636,363,,"organizador de tarefas , notas, schedule planner semanal, wunderlist, Calendário",https://play.google.com/store/apps/details?id=com.calendar.cute&hl=pt&gl=br,79,62,71,pequeno/indie,427988,21307.17,76097.04,247315.37,47180.16,410923.99,254772.88,alta,25,3.96,76.0,24.0,"SerpAPI, ScrapingBee"
9,Livros e Referências,3,Cabeceira - Registre leituras,br.com.taglivros.cabeceira,Tag Livros,contato@taglivros.com.br,https://taglivros.com/,Livros e referências,4.6376786,61651,13633,1.000.000+,1000000,1350446,1,0,BRL,0,0,,Classificação Livre,13 de nov. de 2019,1776107490,1.11.0,,O Cabeceira é o seu assistente pessoal de leituras.,https://play.google.com/store/apps/details?id=br.com.taglivros.cabeceira&hl=pt&gl=br,84,58,71,pequeno/indie,128204,0.0,0.0,0.0,0.0,0.0,0.0,média,25,3.04,44.0,40.0,"SerpAPI, ScrapingBee"
8,Finanças,25,CasaTrade: Investimento Fácil,com.casatrade,Digital Smart LLC: Trade & Invest,support@casatrade.com,https://casatrade.com,Finanças,4.415493,1533,388,500.000+,500000,924955,1,0,BRL,0,0,,Classificação Livre,4 de out. de 2024,1777878005,8.66.1,,Negociação para day trading. Sua corretora de bolsa de valores com conta demo.,https://play.google.com/store/apps/details?id=com.casatrade&hl=pt&gl=br,92,49,71,pequeno/indie,78307,0.0,0.0,0.0,0.0,0.0,0.0,média,25,3.12,52.0,48.0,"SerpAPI, ScrapingBee"
3,Reprodutores de Vídeo,17,VidHub - Ultimate media player,com.oumi.utility.media.hub,Oumi Software,contact@okaapps.com,https://okaapps.com,Reproduzir e editar vídeos,3.7272727,957,14,100.000+,100000,130567,1,0,BRL,0,1,"R$ 7,99 – R$ 174,99 por item",Classificação Livre,18 de dez. de 2024,1782215769,2.0.5,,Assista e gerencie filmes e séries de TV,https://play.google.com/store/apps/details?id=com.oumi.utility.media.hub&hl=pt&gl=br,100,42,71,pequeno/indie,11932,462.34,1651.21,5366.42,1023.75,8916.51,5528.24,média,14,3.79,71.4,21.4,"SerpAPI, ScrapingBee"
1,Jogos de RPG,5,Darkrise - Pixel Action RPG,com.Roika.Darkrise,Roika,darkriserpg@gmail.com,https://roika.org/,RPG,4.8746457,79084,5602,1.000.000+,1000000,4659765,1,0,BRL,1,1,"R$ 3,00 – R$ 31,00 por item",Classificação 14 anos,4 de mar. de 2021,1781653429,0.27.27,,Classic RPG game in pixel retro style,https://play.google.com/store/apps/details?id=com.Roika.Darkrise&hl=pt&gl=br,79,64,71,pequeno/indie,479345,12189.27,43533.09,141482.55,26990.52,235078.69,145748.79,alta,25,4.56,88.0,8.0,"SerpAPI, ScrapingAnt"
1,Jogos de Quebra-Cabeça,12,Quebra-cabeça: Jigsaw Puzzle,linkdesks.jigsaw.puzzle.classic,LinkDesks - Jewel Games Star,JigsawPuzzle@linkdesks.com,http://linkdesks.net,Quebra-cabeças,4.6831684,7478,79,1.000.000+,1000000,2247574,1,0,BRL,1,1,"R$ 9,99 – R$ 96,99 por item",Classificação Livre,25 de jan. de 2024,1782204985,1.6.0,,Jogo clássico de quebra-cabeças belos em HD. Relaxe sua mente.,https://play.google.com/store/apps/details?id=linkdesks.jigsaw.puzzle.classic&hl=pt&gl=br,69,74,71,crescendo,223220,6837.88,24420.98,79368.2,15141.01,131873.31,81761.45,alta,25,4.16,80.0,16.0,"SerpAPI, ScrapingBee"
3,Compras,3,Marketplace: Comprar e Vender,com.apprise.jkmarketplace,Snookums Bear,kamdarakansha@gmail.com,https://approachapps.in,Compras,3.7128713,2236,80,1.000.000+,1000000,1277939,1,0,BRL,1,1,"R$ 0,59 – R$ 17,99 por item",Classificação Livre,19 de fev. de 2021,1781449678,3.22.9,,Marketplace para comprar e vender itens novos e usados perto de você,https://play.google.com/store/apps/details?id=com.apprise.jkmarketplace&hl=pt&gl=br,100,43,71,pequeno/indie,131983,597.52,2133.99,6935.45,1323.07,11523.52,7144.58,média,25,3.92,76.0,24.0,"SerpAPI, ScrapingBee"
3,Medicina,7,KafoMed: Prontuário Eletrônico,com.cliniconline,Kafosoft,medclinservice@gmail.com,https://medclinapps.com/,Medicina,3.9756098,2842,43,500.000+,500000,577612,1,0,BRL,1,1,"R$ 3,29 – R$ 45,00 por item",Classificação Livre,25 de nov. de 2015,1778480112,1.11.1.83,,Gestão de clínicas e prontuário eletrônico. Sincronia web e mobile.,https://play.google.com/store/apps/details?id=com.cliniconline&hl=pt&gl=br,100,41,71,pequeno/indie,47720,469.32,1676.14,5447.46,1039.21,9051.17,5611.72,média,25,3.44,60.0,32.0,"SerpAPI, ScrapingBee"
1,Compras,4,Marketplace: Comprar e Vender,com.apprise.jkmarketplace,Snookums Bear,kamdarakansha@gmail.com,https://approachapps.in,Compras,3.7128713,2236,80,1.000.000+,1000000,1277939,1,0,BRL,1,1,"R$ 0,59 – R$ 17,99 por item",Classificação Livre,19 de fev. de 2021,1781449678,3.22.9,,Marketplace para comprar e vender itens novos e usados perto de você,https://play.google.com/store/apps/details?id=com.apprise.jkmarketplace&hl=pt&gl=br,100,43,71,pequeno/indie,131983,597.52,2133.99,6935.45,1323.07,11523.52,7144.58,média,25,3.92,76.0,24.0,"SerpAPI, ScrapingBee"
1,Produtividade,7,Tarefas Agenda de anotações,com.calendar.cute,Starnest JSC,ngocttbstarnest@gmail.com,https://starnestsolution.com/calendar,Produtividade,4.7313085,60420,531,1.000.000+,1000000,4261754,1,0,BRL,1,1,"R$ 2,99 – R$ 129,99 por item",Classificação Livre,8 de abr. de 2022,1779252636,363,,"organizador de tarefas , notas, schedule planner semanal, wunderlist, Calendário",https://play.google.com/store/apps/details?id=com.calendar.cute&hl=pt&gl=br,79,62,71,pequeno/indie,427988,21307.17,76097.04,247315.37,47180.16,410923.99,254772.88,alta,25,3.96,76.0,24.0,"SerpAPI, ScrapingBee"
1,Paternidade,4,Acompanhar gravidez e gestação,com.pregnancyapp.babyinside,Pregnancy App BabyInside,babyinsideapp@gmail.com,https://babyinsideapp.ru/,Criação de filhos,4.7975497,72657,6279,1.000.000+,1000000,3562694,1,0,BRL,1,1,"R$ 4,25 – R$ 50,99 por item",Classificação Livre,23 de mar. de 2020,1779783483,2.8.1,,Minha gravidez. Acompanhamento gestacional. Meu bebe: gestação semana a semana,https://play.google.com/store/apps/details?id=com.pregnancyapp.babyinside&hl=pt&gl=br,79,62,71,pequeno/indie,354735,4384.93,15660.47,50896.53,9709.49,84566.55,52431.26,alta,25,4.56,92.0,8.0,"SerpAPI, ScrapingBee"
3,Quadrinhos,9,ReadManga-Manga/Comics/Webtoon,com.comic.en.flutter.comic_en,DLXUYI,dlxuyijian@gmail.com,https://statics.mangahub5.com,Quadrinhos,3.9411764,6847,15,500.000+,500000,646625,1,0,BRL,1,1,"R$ 9,49 – R$ 109,99 por item",Classificação 14 anos,3 de nov. de 2024,1772696124,1.1.9,,Um local de encontro para uma enorme coleção de quadrinhos genuínos.,https://play.google.com/store/apps/details?id=com.comic.en.flutter.comic_en&hl=pt&gl=br,94,48,71,pequeno/indie,53738,1264.95,4517.68,14682.47,2800.96,24395.49,15125.2,alta,16,3.75,62.5,18.8,"SerpAPI, ScrapingBee"
3,Livros e Referências,24,Inkspired,com.inkspiredwriter,Galo A. Vargas,info@getinkspired.com,https://getinkspired.com,Livros e referências,4.653179,12125,421,500.000+,500000,596021,1,0,BRL,0,0,,Classificação 12 anos,15 de jan. de 2021,1777954939,3.2.2,,"Leia, escreva e publique livros e histórias online gratuitamente",https://play.google.com/store/apps/details?id=com.inkspiredwriter&hl=pt&gl=br,84,59,71,pequeno/indie,54254,0.0,0.0,0.0,0.0,0.0,0.0,média,25,4.28,80.0,16.0,"SerpAPI, ScrapingBee"
3,Livros e Referências,5,Cabeceira - Registre leituras,br.com.taglivros.cabeceira,Tag Livros,contato@taglivros.com.br,https://taglivros.com/,Livros e referências,4.6376786,61651,13633,1.000.000+,1000000,1350446,1,0,BRL,0,0,,Classificação Livre,13 de nov. de 2019,1776107490,1.11.0,,O Cabeceira é o seu assistente pessoal de leituras.,https://play.google.com/store/apps/details?id=br.com.taglivros.cabeceira&hl=pt&gl=br,84,58,71,pequeno/indie,128204,0.0,0.0,0.0,0.0,0.0,0.0,média,25,3.04,44.0,40.0,"SerpAPI, ScrapingBee"
1,Comunicação,11,CommBoards - Comunicação AAC,com.shmoontz.commboards.lite,Shmoontz Apps,shmoontz@gmail.com,https://www.shmoontzapps.com,Educação,3.857143,758,4,50.000+,50000,78074,1,0,BRL,0,1,"R$ 30,99 – R$ 519,99 por item",Classificação Livre,23 de set. de 2017,1782856595,1.59,,O app AAC mais amigável para facilitar a comunicação familiar,https://play.google.com/store/apps/details?id=com.shmoontz.commboards.lite&hl=pt&gl=br,100,43,71,pequeno/indie,6925,808.05,2885.9,9379.16,1789.26,15583.84,9661.98,média,5,4.0,80.0,0.0,"SerpAPI, ScrapingBee"
1,Livros e Referências,4,Cabeceira - Registre leituras,br.com.taglivros.cabeceira,Tag Livros,contato@taglivros.com.br,https://taglivros.com/,Livros e referências,4.6376786,61651,13633,1.000.000+,1000000,1350446,1,0,BRL,0,0,,Classificação Livre,13 de nov. de 2019,1776107490,1.11.0,,O Cabeceira é o seu assistente pessoal de leituras.,https://play.google.com/store/apps/details?id=br.com.taglivros.cabeceira&hl=pt&gl=br,84,58,71,pequeno/indie,128204,0.0,0.0,0.0,0.0,0.0,0.0,média,25,3.04,44.0,40.0,"SerpAPI, ScrapingBee"
2,Livros e Referências,3,Cabeceira - Registre leituras,br.com.taglivros.cabeceira,Tag Livros,contato@taglivros.com.br,https://taglivros.com/,Livros e referências,4.6376786,61651,13633,1.000.000+,1000000,1350446,1,0,BRL,0,0,,Classificação Livre,13 de nov. de 2019,1776107490,1.11.0,,O Cabeceira é o seu assistente pessoal de leituras.,https://play.google.com/store/apps/details?id=br.com.taglivros.cabeceira&hl=pt&gl=br,84,58,71,pequeno/indie,128204,0.0,0.0,0.0,0.0,0.0,0.0,média,25,3.04,44.0,40.0,"SerpAPI, ScrapingBee"
29,Personalização · Widgets,17,Photo Widget Easy,com.nbow.photowidget,Nbow Developer,nbowdeveloper@gmail.com,https://photowidget-9d565.web.app,Personalização,4.8314605,26430,830,1.000.000+,1000000,2611498,1,0,BRL,1,1,"R$ 14,99 – R$ 239,99 por item",Classificação Livre,15 de mar. de 2022,1777179965,16.0,,Widget de fotos Fácil de usar como widgets do iOS. Aplicativo de widget simples para tela inicial.,https://play.google.com/store/apps/details?id=com.nbow.photowidget&hl=pt&gl=br,79,58,70,pequeno/indie,256150,12727.45,45455.18,147729.34,28182.21,245457.99,152183.95,alta,25,4.84,96.0,0.0,"SerpAPI, Firecrawl"
29,Personalização · Papéis de Parede,21,Cuto Wallpaper,com.sspai.cuto.android,Ordinary Jar,hi@cutowallpaper.com,https://cuto.app,Personalização,3.9411764,1177,13,100.000+,100000,197078,1,0,BRL,0,1,"R$ 10,99 – R$ 36,99 por item",Classificação Livre,28 de ago. de 2016,1779632460,3.2.0,,"Papel de parede escolhido a dedo para você, mudando automaticamente em segundo plano.",https://play.google.com/store/apps/details?id=com.sspai.cuto.android&hl=pt&gl=br,100,39,70,pequeno/indie,15361,141.88,506.72,1646.84,314.17,2736.28,1696.49,média,11,4.36,81.8,18.2,"SerpAPI, Firecrawl"
22,"Busca: ""carteira""",8,Folio: Digital Wallet App,com.folioltd,Folio Technologies,support@folio.id,https://folio.id,Produtividade,4.4651165,6417,14,500.000+,500000,892832,1,0,BRL,0,0,,Classificação Livre,13 de ago. de 2017,1782218533,3.2.8,,"Safely Scan and Store IDs, Driver’s License, Documents, Credit and Loyalty Cards",https://play.google.com/store/apps/details?id=com.folioltd&hl=pt&gl=br,84,55,70,pequeno/indie,90541,0.0,0.0,0.0,0.0,0.0,0.0,média,20,4.35,85.0,10.0,"SerpAPI, Brave Search, Firecrawl, DevSite:Firecrawl"
20,"Busca: ""wallet""",25,Folio: Digital Wallet App,com.folioltd,Folio Technologies,support@folio.id,https://folio.id,Produtividade,4.4651165,6417,14,500.000+,500000,892832,1,0,BRL,0,0,,Classificação Livre,13 de ago. de 2017,1782218533,3.2.8,,"Safely Scan and Store IDs, Driver’s License, Documents, Credit and Loyalty Cards",https://play.google.com/store/apps/details?id=com.folioltd&hl=pt&gl=br,84,55,70,pequeno/indie,90541,0.0,0.0,0.0,0.0,0.0,0.0,média,20,4.35,85.0,10.0,"SerpAPI, Firecrawl"
9,Quadrinhos,5,Manga Fox - mangá,com.nw.cleansite.novel.mangareader,FlowManga Studio,gsprin999@gmail.com,https://cleansite.com.cn/index_en.html,Ferramentas,4.7862597,57722,7379,1.000.000+,1000000,3349086,1,0,BRL,1,1,"R$ 5,49 – R$ 159,99 por item",Classificação Livre,9 de mar. de 2021,1776263934,1.1.303,,"Manga Fox, Manga traz para você uma experiência de qualidade rápida.",https://play.google.com/store/apps/details?id=com.nw.cleansite.novel.mangareader&hl=pt&gl=br,79,59,70,pequeno/indie,332477,10791.76,38541.99,125261.47,23896.03,208126.75,129038.58,alta,25,4.84,96.0,4.0,"SerpAPI, ScrapingBee"
9,Livros e Referências,7,TTS: lê em voz alta livros,tts.reader,Librera,librera.reader@gmail.com,http://librera.mobi,Livros e referências,4.6218486,11726,647,1.000.000+,1000000,2162772,1,0,BRL,1,0,,Classificação Livre,15 de jan. de 2019,1779373282,9.4.8,,"Leia seus livros em voz alta com uma voz humana, leitor de voz",https://play.google.com/store/apps/details?id=tts.reader&hl=pt&gl=br,79,60,70,pequeno/indie,210189,139.58,498.48,1620.08,239.27,2691.82,1292.07,alta,25,4.44,88.0,12.0,"SerpAPI, ScrapingBee"
1,Jogos Esportivos,1,Summer Sports Mania,studio.powerplay.summersportsmania,"POWERPLAY MANAGER, s.r.o.",finance@powerplaymanager.com,http://www.powerplay.studio,Esportes,3.3861387,4001,46,1.000.000+,1000000,1449714,1,0,BRL,1,1,"R$ 12,90 – R$ 599,90 por item",Classificação Livre,19 de jun. de 2024,1782307862,1.31.0,,"Treine atletas em corrida, arco e flecha, armadilha e outros esportes de verão para subir na classificação!",https://play.google.com/store/apps/details?id=studio.powerplay.summersportsmania&hl=pt&gl=br,92,47,70,pequeno/indie,128075,26693.03,95332.27,309829.87,59106.01,514794.25,319172.43,média,25,3.4,52.0,32.0,"SerpAPI, ScrapingBee"
1,Jogos de Corrida,22,Highway Racer Pro - Car Game,com.SpektraGames.HighwayRacerPro.traffic.car.racing.game,Spektra Games,info@spektra.games,https://www.spektra.games,Corrida,4.6706586,69571,1006,5.000.000+,5000000,6719991,1,0,BRL,1,1,"R$ 2,39 – R$ 529,99 por item",Classificação Livre,29 de jul. de 2025,1783076839,1.0.5,,O melhor jogo de corrida no tráfego com carros reais e gráficos incríveis!,https://play.google.com/store/apps/details?id=com.SpektraGames.HighwayRacerPro.traffic.car.racing.game&hl=pt&gl=br,49,89,70,crescendo,703267,127689.25,456033.03,1482107.36,282740.48,2462578.38,1526798.6,alta,25,4.68,88.0,4.0,"SerpAPI, ScrapingBee"
1,Jogos de Cassino,5,Slots Slots™: 777 Casino Games,com.slotslimited.fatcatcasino.android,Slots Limited,slotslimited.casino+fatcat@gmail.com,http://www.slotslimited.com,Cassino,4.40678,23285,684,1.000.000+,1000000,3266063,1,0,BRL,1,1,"R$ 34,99 – R$ 2.199,99 por item",Classificação 18 anos,31 de ago. de 2022,1781007722,1.0.78,,Aposte em 777 slots e roleta no jogo de aposta e vença jackpot no cassino Vegas!,https://play.google.com/store/apps/details?id=com.slotslimited.fatcatcasino.android&hl=pt&gl=br,79,57,70,pequeno/indie,300291,23554.01,84121.46,273394.73,52155.3,454255.86,281638.63,alta,25,3.52,60.0,36.0,"SerpAPI, ScrapingBee"
3,Beleza,16,Makeup Skin Care: Salão ASMR,com.makeup.skincare.satisfying.asmr.games,Kitchen Tales,feed.kitchentales@gmail.com,https://thekitchentales.com,RPG,3.3333333,54,2,10.000+,10000,48877,1,0,BRL,1,0,,Classificação Livre,24 de jan. de 2025,1781878087,1.5,,Desfrute de maquiagem e cuidados com a pele neste relaxante jogo de salão ASMR.,https://play.google.com/store/apps/details?id=com.makeup.skincare.satisfying.asmr.games&hl=pt&gl=br,100,39,70,pequeno/indie,3584,5.74,20.49,66.6,9.84,110.65,53.11,média,2,4.5,100.0,0.0,"SerpAPI, ScrapingBee"
1,Quadrinhos,5,Manga Fox - mangá,com.nw.cleansite.novel.mangareader,FlowManga Studio,gsprin999@gmail.com,https://cleansite.com.cn/index_en.html,Ferramentas,4.78666,57719,7378,1.000.000+,1000000,3349086,1,0,BRL,1,1,"R$ 5,49 – R$ 159,99 por item",Classificação Livre,9 de mar. de 2021,1776263934,1.1.303,,"Manga Fox, Manga traz para você uma experiência de qualidade rápida.",https://play.google.com/store/apps/details?id=com.nw.cleansite.novel.mangareader&hl=pt&gl=br,79,59,70,pequeno/indie,332477,10791.76,38541.99,125261.47,23896.03,208126.75,129038.58,alta,25,4.84,96.0,4.0,"SerpAPI, ScrapingBee"
3,Android Wear,14,Diver 5 Black For Wear OS 5+,com.watchfacestudio.diver5dark,OQ Watchfaces,osmanqadir78@gmail.com,,Personalização,4.4,930,1,50.000+,50000,88861,1,0,BRL,0,0,,Classificação Livre,29 de jan. de 2023,1765908282,Varies with device,,Um mostrador de relógio para Wear OS 5+ com opções de cores vibrantes e personalização.,https://play.google.com/store/apps/details?id=com.watchfacestudio.diver5dark&hl=pt&gl=br,100,36,70,pequeno/indie,6618,0.0,0.0,0.0,0.0,0.0,0.0,baixa,1,5.0,100.0,0.0,"SerpAPI, ScrapingBee"
1,Livros e Referências,5,TTS: lê em voz alta livros,tts.reader,Librera,librera.reader@gmail.com,http://librera.mobi,Livros e referências,4.6218486,11726,647,1.000.000+,1000000,2162772,1,0,BRL,1,0,,Classificação Livre,15 de jan. de 2019,1779373282,9.4.8,,"Leia seus livros em voz alta com uma voz humana, leitor de voz",https://play.google.com/store/apps/details?id=tts.reader&hl=pt&gl=br,79,60,70,pequeno/indie,210189,139.58,498.48,1620.08,239.27,2691.82,1292.07,alta,25,4.44,88.0,12.0,"SerpAPI, ScrapingBee"
2,Livros e Referências,7,TTS: lê em voz alta livros,tts.reader,Librera,librera.reader@gmail.com,http://librera.mobi,Livros e referências,4.6218486,11726,647,1.000.000+,1000000,2162772,1,0,BRL,1,0,,Classificação Livre,15 de jan. de 2019,1779373282,9.4.8,,"Leia seus livros em voz alta com uma voz humana, leitor de voz",https://play.google.com/store/apps/details?id=tts.reader&hl=pt&gl=br,79,60,70,pequeno/indie,210189,139.58,498.48,1620.08,239.27,2691.82,1292.07,alta,25,4.44,88.0,12.0,"SerpAPI, ScrapingBee"
1,Android Wear,7,Diver 5 Black For Wear OS 5+,com.watchfacestudio.diver5dark,OQ Watchfaces,osmanqadir78@gmail.com,,Personalização,4.4,930,1,50.000+,50000,88861,1,0,BRL,0,0,,Classificação Livre,29 de jan. de 2023,1765908282,Varies with device,,Um mostrador de relógio para Wear OS 5+ com opções de cores vibrantes e personalização.,https://play.google.com/store/apps/details?id=com.watchfacestudio.diver5dark&hl=pt&gl=br,100,36,70,pequeno/indie,6618,0.0,0.0,0.0,0.0,0.0,0.0,baixa,1,5.0,100.0,0.0,"SerpAPI, ScrapingBee"
29,Personalização · Widgets,8,"WidgetClub:Tema, Widget, Ícone",com.widgetclub,Liume Inc.,support@liume.jp,https://widget-club.com/,Personalização,4.872549,15650,154,1.000.000+,1000000,2983703,1,0,BRL,1,1,"R$ 8,99 – R$ 254,99 por item",Classificação 12 anos,10 de ago. de 2022,1782813987,3.14.26,,"Personalize Android com Widgets, Temas, Ícones, Papel de Parede e Live Wallpaper",https://play.google.com/store/apps/details?id=com.widgetclub&hl=pt&gl=br,69,63,69,normal,353469,19992.89,71403.16,232060.28,44269.96,385577.07,239057.79,alta,25,4.64,88.0,0.0,"SerpAPI, Firecrawl"
29,Personalização · Ícones e Temas,12,"WidgetClub:Tema, Widget, Ícone",com.widgetclub,Liume Inc.,support@liume.jp,https://widget-club.com/,Personalização,4.872549,15650,154,1.000.000+,1000000,2983703,1,0,BRL,1,1,"R$ 8,99 – R$ 254,99 por item",Classificação 12 anos,10 de ago. de 2022,1782813987,3.14.26,,"Personalize Android com Widgets, Temas, Ícones, Papel de Parede e Live Wallpaper",https://play.google.com/store/apps/details?id=com.widgetclub&hl=pt&gl=br,69,63,69,normal,353469,19992.89,71403.16,232060.28,44269.96,385577.07,239057.79,alta,25,4.64,88.0,0.0,"SerpAPI, Firecrawl"
23,"Busca: ""rifa""",4,Sorteio de números aleatórios,com.masterapps.sorteiodenumeros,Code2Apps+,contato@code2apps.com,https://sorteiodenomes.code2apps.com/,Ferramentas,4.7441726,18219,1137,1.000.000+,1000000,2063809,1,0,BRL,1,1,"R$ 0,99 – R$ 69,99 por item",Classificação Livre,20 de out. de 2021,1782497475,2.1.26,,Sorteador de nomes: Tirar time e formar grupos de maneira fácil e nome aleatório,https://play.google.com/store/apps/details?id=com.masterapps.sorteiodenumeros&hl=pt&gl=br,69,63,69,normal,240131,3768.64,13459.43,43743.16,8344.85,72680.95,45062.19,alta,150,3.84,68.0,25.3,"SerpAPI, Brave Search, Firecrawl, DevSite:Firecrawl"
20,"Busca: ""wallet""",50,Tether Wallet,io.tether.wallet,Tether Data,support@tether.com,https://wallet.tether.io/support/,Finanças,4.1666665,212,2,50.000+,50000,54913,1,0,BRL,0,0,,Classificação Livre,19 de mar. de 2026,1784204041,1.7.1,,"Dólares digitais, Bitcoin, Ouro",https://play.google.com/store/apps/details?id=io.tether.wallet&hl=pt&gl=br,100,65,69,pequeno/indie,4770,0.0,0.0,0.0,0.0,0.0,0.0,baixa,1,1.0,0.0,100.0,"SerpAPI, Firecrawl"
20,"Busca: ""wallet""",27,Ivy Wallet: money manager,com.ivy.wallet,Ivy Apps,iliyan.germanov971@gmail.com,,Finanças,4.76,13736,43,100.000+,100000,283297,1,0,BRL,0,0,,Classificação Livre,11 de mai. de 2021,1752775110,2025.07.17,,Aplicativo de monitoramento de finanças pessoais e gastos que ajuda você a administrar seu dinheiro.,https://play.google.com/store/apps/details?id=com.ivy.wallet&hl=pt&gl=br,100,32,69,pequeno/indie,24781,0.0,0.0,0.0,0.0,0.0,0.0,média,25,4.52,88.0,8.0,"SerpAPI, Firecrawl"
9,Ferramentas,3,All tools,com.pradhyu.alltoolseveryutility,ATEU Softwares ®,support@alltools.link,https://alltools.link,Ferramentas,4.64,27546,74,1.000.000+,1000000,3958166,1,0,BRL,1,1,"R$ 14,99 – R$ 114,99 por item",Classificação 14 anos,21 de jul. de 2015,1782321697,5.2,,"Mais de 70 ferramentas em um app, perfeitas para o dia a dia.",https://play.google.com/store/apps/details?id=com.pradhyu.alltoolseveryutility&hl=pt&gl=br,69,64,69,normal,475323,13398.11,47850.38,155513.72,29667.23,258392.03,160203.06,alta,25,4.56,92.0,8.0,"SerpAPI, ScrapingBee"
11,Personalização,21,"WidgetClub:Tema, Widget, Ícone",com.widgetclub,Liume Inc.,support@liume.jp,https://widget-club.com/,Personalização,4.77,15291,144,1.000.000+,1000000,2906605,1,0,BRL,1,1,"R$ 8,99 – R$ 254,99 por item",Classificação 12 anos,10 de ago. de 2022,1782813987,3.14.26,,"Personalize Android com Widgets, Temas, Ícones, Papel de Parede e Live Wallpaper",https://play.google.com/store/apps/details?id=com.widgetclub&hl=pt&gl=br,69,64,69,normal,343899,19451.6,69470.01,225777.52,43071.4,375138.03,232585.58,alta,25,4.68,88.0,0.0,"SerpAPI, ScrapingBee"
7,Finanças,20,Simulador de Investimentos,br.com.afadc.investmentssimulator,AFADC,augusto.carmo.1992@gmail.com,https://augustocarmo.github.io/investments_simulator/,Finanças,3.97,103,49,50.000+,50000,71155,1,0,BRL,1,0,,Classificação Livre,14 de dez. de 2019,1776819328,2.1.1,,"App que ajuda a simular, calcular os seus investimentos.",https://play.google.com/store/apps/details?id=br.com.afadc.investmentssimulator&hl=pt&gl=br,100,33,69,pequeno/indie,5231,5.9,21.06,68.43,10.11,113.71,54.58,média,49,3.94,69.4,14.3,"SerpAPI, Brave Search, ScrapingBee, DevSite:ScrapingAnt"
8,Finanças,22,Simulador de Investimentos,br.com.afadc.investmentssimulator,AFADC,augusto.carmo.1992@gmail.com,https://augustocarmo.github.io/investments_simulator/,Finanças,3.97,103,49,50.000+,50000,71155,1,0,BRL,1,0,,Classificação Livre,14 de dez. de 2019,1776819328,2.1.1,,"App que ajuda a simular, calcular os seus investimentos.",https://play.google.com/store/apps/details?id=br.com.afadc.investmentssimulator&hl=pt&gl=br,100,33,69,pequeno/indie,5231,5.9,21.06,68.43,10.11,113.71,54.58,média,25,3.6,56.0,20.0,"SerpAPI, ScrapingBee"
1,Jogos Esportivos,3,Campeonato de Atletismo,gs.rrh.ac,Red Riding Hood Games GBR,acsupport@rrh.gs,https://live2.athleticschampionship.com/,Esportes,4.73,21391,122,1.000.000+,1000000,2149063,1,0,BRL,1,1,"R$ 9,90 – R$ 499,90 por item",Classificação Livre,24 de fev. de 2023,1782980361,189,,Torne-se uma estrela do atletismo em 3D,https://play.google.com/store/apps/details?id=gs.rrh.ac&hl=pt&gl=br,69,65,69,crescendo,212967,37038.35,132279.83,429909.46,82013.5,714311.1,442872.88,alta,25,3.96,72.0,28.0,"SerpAPI, ScrapingBee"
1,Jogos de Cartas,1,Card Guardians Jogo Cartas RPG,com.tapps.roguelike.rpg.cardguardians,Tapps Games - PT,user.support+cardguardians@tappsgames.com,https://playcardguardians.com/,Estratégia,4.607372,55976,3556,1.000.000+,1000000,2696306,1,0,BRL,1,1,"R$ 2,79 – R$ 1.899,99 por item",Classificação 18 anos,19 de jul. de 2021,1783026450,4.5.0,,Jogo de guerra de carta RPG! Monte seu deck e batalhe nessa aventura roguelike!,https://play.google.com/store/apps/details?id=com.tapps.roguelike.rpg.cardguardians&hl=pt&gl=br,69,65,69,crescendo,270178,12091.81,43185.02,140351.31,26774.71,233199.1,144583.44,alta,25,4.04,76.0,20.0,"SerpAPI, ScrapingBee"
3,Paternidade,14,Mãe Grávida: Simulador 3D,com.TheMarkhorGames.PregnantMomSimulator,THE MARKHOR GAMES,themarkhorgames@gmail.com,https://themarkhorgames.com/,RPG,2.95,1493,106,500.000+,500000,919659,1,0,BRL,1,1,"R$ 20,99 – R$ 42,99 por item",Classificação Livre,8 de out. de 2023,1782998075,1.3.1,,"Simulador de mãe grávida e bebê: exames, exercícios e cuidados em família.",https://play.google.com/store/apps/details?id=com.TheMarkhorGames.PregnantMomSimulator&hl=pt&gl=br,100,34,69,pequeno/indie,79393,3569.02,12746.49,41426.1,7902.83,68831.06,42675.26,média,25,2.96,44.0,48.0,"SerpAPI, ScrapingBee"
1,Ferramentas,3,All tools,com.pradhyu.alltoolseveryutility,ATEU Softwares ®,support@alltools.link,https://alltools.link,Ferramentas,4.64,27545,74,1.000.000+,1000000,3958166,1,0,BRL,1,1,"R$ 14,99 – R$ 114,99 por item",Classificação 14 anos,21 de jul. de 2015,1782321697,5.2,,"Mais de 70 ferramentas em um app, perfeitas para o dia a dia.",https://play.google.com/store/apps/details?id=com.pradhyu.alltoolseveryutility&hl=pt&gl=br,69,64,69,normal,475323,13398.11,47850.38,155513.72,29667.23,258392.03,160203.06,alta,25,4.56,92.0,8.0,"SerpAPI, ScrapingBee"
1,Esportes,8,Strike - Placar de jogos,com.strike.br,CajuinaApps,cajuinaapps@gmail.com,https://cajuinapps.com.br/,Esportes,4.0,5,2,1.000+,1000,1689,1,0,BRL,1,0,,Classificação Livre,11 de mai. de 2025,1782989340,1.0.13,,O Strike é o app perfeito para quem quer acompanhar partidas de vôlei e futebol,https://play.google.com/store/apps/details?id=com.strike.br&hl=pt&gl=br,100,34,69,pequeno/indie,116,0.07,0.25,0.8,0.12,1.33,0.64,baixa,2,4.5,100.0,0.0,"SerpAPI, ScrapingBee"
1,Casa e Decoração,9,Remodel AI: Projeto De Casa,ai.reimage.remodel,ReImage AI Inc.,support@reimage.ai,https://remodelai.app,Arte e design,4.732771,29652,837,1.000.000+,1000000,2022910,1,0,BRL,0,1,"R$ 24,99 – R$ 434,99 por item",Classificação Livre,17 de abr. de 2023,1782952629,1.5.6+20260701T172419.d622d272.f354ef6c,,"Design de interiores: AI home, room planner e house design para seu projeto casa",https://play.google.com/store/apps/details?id=ai.reimage.remodel&hl=pt&gl=br,69,65,69,crescendo,235140,22902.9,81796.05,265837.18,50713.55,441698.69,273853.19,alta,25,3.8,68.0,24.0,"SerpAPI, ScrapingBee"
3,Comunicação,12,xPal Mensageiro Ultra Seguro,com.mess.engerx,XPAL.com Corporation,support@xpal.com,https://xpal.com/,Comunicação,3.4534883,1114,22,100.000+,100000,479830,1,0,BRL,0,1,"R$ 9,99 – R$ 1.099,99 por item",Classificação 14 anos,26 de out. de 2020,1782922334,6.2.0,,Privacidade. Segurança. Anonimato.,https://play.google.com/store/apps/details?id=com.mess.engerx&hl=pt&gl=br,100,34,69,pequeno/indie,47106,732.08,2614.55,8497.3,1621.02,14118.6,8753.53,média,16,3.56,68.8,25.0,"SerpAPI, ScrapingBee"
3,Quadrinhos,16,Comikaze - Crie Comics Manga,com.appricott.comikaze,Appricott Dijital Teknoliji ve Yazilim A.S.,info@appricott.ai,https://appricott.ai,Quadrinhos,4.2727275,585,7,10.000+,10000,16819,1,0,BRL,0,1,"R$ 25,99 – R$ 259,99 por item",Classificação Livre,25 de mar. de 2026,,Varies with device,,"Criador de Comics, Manga",https://play.google.com/store/apps/details?id=com.appricott.comikaze&hl=pt&gl=br,100,35,69,pequeno/indie,1131,44.84,160.13,520.44,99.28,864.73,536.13,média,8,3.5,50.0,25.0,"SerpAPI, ScrapingBee"
3,Negócios,8,Sim Life - Business Simulator,com.gainpips.simlife.com.gainpips.simlife,GainPips,admin@gainpips.net,https://simlife-39397.web.app/,Simulador,3.73,4024,353,1.000.000+,1000000,1255230,1,0,BRL,1,1,"R$ 5,99 – R$ 389,99 por item",Classificação Livre,6 de jul. de 2023,1779891054,1.18.0,,Desperte seu espírito empreendedor no Simulador Empresarial Definitivo: Sim Life,https://play.google.com/store/apps/details?id=com.gainpips.simlife.com.gainpips.simlife&hl=pt&gl=br,92,43,69,pequeno/indie,91743,12406.06,44307.37,143998.95,27470.57,239259.79,148341.07,média,25,3.24,48.0,32.0,"SerpAPI, ScrapingBee"
1,Educação,8,Como Estudar - Dicas de estudo,com.study.tips.tecnicas.estudio.consejos,Developer Steph Apps,steph30apps@gmail.com,https://steph30proyectos.blogspot.com/,Educação,3.7608695,133,18,50.000+,50000,59508,1,0,BRL,1,0,,Classificação Livre,16 de set. de 2023,1776676020,1.0.5,,Estude de forma eficiente e organizada com técnicas de estudo e dicas,https://play.google.com/store/apps/details?id=com.study.tips.tecnicas.estudio.consejos&hl=pt&gl=br,100,33,69,pequeno/indie,4328,2.33,8.33,27.08,4.0,45.0,21.6,média,25,4.0,68.0,20.0,"SerpAPI, ScrapingBee"
3,Android Wear,3,Pujie Watch Faces - Wear OS 4-,com.pujie.wristwear.pujieblack,Pujie,info@pujie.io,https://pujie.io,Personalização,4.4,11057,79,100.000+,100000,334811,1,0,BRL,0,0,,Classificação Livre,17 de out. de 2014,1759753385,6.5.14,,Criador de mostradores de relógio para smartwatches Wear OS 4 com milhares de mostradores de relógio,https://play.google.com/store/apps/details?id=com.pujie.wristwear.pujieblack&hl=pt&gl=br,100,34,69,pequeno/indie,26867,0.0,0.0,0.0,0.0,0.0,0.0,média,25,3.72,68.0,28.0,"SerpAPI, ScrapingBee"
1,Livros e Referências,10,ElevenReader: Read Books Aloud,io.elevenlabs.readerapp,Eleven Labs Inc,team@elevenlabs.io,https://elevenreader.io,Livros e referências,4.732143,62766,1115,1.000.000+,1000000,3239866,1,0,BRL,0,1,"R$ 2,59 – R$ 1.699,99 por item",Classificação Livre,19 de ago. de 2024,1782725254,1.7.2,,"Leia em voz alta eBooks, audiolivros, PDFs ou qualquer texto convertido em fala.",https://play.google.com/store/apps/details?id=io.elevenlabs.readerapp&hl=pt&gl=br,69,65,69,crescendo,385346,5618.72,20066.86,65217.29,12441.45,108361.03,67183.84,alta,25,4.6,88.0,4.0,"SerpAPI, ScrapingBee"
2,Livros e Referências,10,ElevenReader: Read Books Aloud,io.elevenlabs.readerapp,Eleven Labs Inc,team@elevenlabs.io,https://elevenreader.io,Livros e referências,4.732143,62766,1115,1.000.000+,1000000,3239866,1,0,BRL,0,1,"R$ 2,59 – R$ 1.699,99 por item",Classificação Livre,19 de ago. de 2024,1782725254,1.7.2,,"Leia em voz alta eBooks, audiolivros, PDFs ou qualquer texto convertido em fala.",https://play.google.com/store/apps/details?id=io.elevenlabs.readerapp&hl=pt&gl=br,69,65,69,crescendo,385346,5618.72,20066.86,65217.29,12441.45,108361.03,67183.84,alta,25,4.6,88.0,4.0,"SerpAPI, ScrapingBee"
1,Android Wear,2,Pujie Watch Faces - Wear OS 4-,com.pujie.wristwear.pujieblack,Pujie,info@pujie.io,https://pujie.io,Personalização,4.4,11057,79,100.000+,100000,334811,1,0,BRL,0,0,,Classificação Livre,17 de out. de 2014,1759753385,6.5.14,,Criador de mostradores de relógio para smartwatches Wear OS 4 com milhares de mostradores de relógio,https://play.google.com/store/apps/details?id=com.pujie.wristwear.pujieblack&hl=pt&gl=br,100,34,69,pequeno/indie,26867,0.0,0.0,0.0,0.0,0.0,0.0,média,25,3.72,68.0,28.0,"SerpAPI, ScrapingBee"
29,Personalização · Widgets,19,Pixel Widget Plus,fifteen.clock.mibrahim,M.Ibrahim Apps,ibrahimtest49@gmail.com,,Personalização,3.1176472,742,24,100.000+,100000,317443,1,0,BRL,1,1,"R$ 15,99 por item",Classificação Livre,11 de jul. de 2024,1770339634,8.2,,Widget inspirado no relógio da tela de bloqueio do Pixel com mais estilos e personalização!,https://play.google.com/store/apps/details?id=fifteen.clock.mibrahim&hl=pt&gl=br,100,31,68,pequeno/indie,25400,166.64,595.14,1934.2,368.99,3213.75,1992.53,média,25,2.48,32.0,60.0,"SerpAPI, Firecrawl"
29,Personalização · Papéis de Parede,23,Live Wallpapers - VibeWalls,com.vibewalls.ai.wallpaper.theme.widget.studio,"Hong Kong Mishi Technology Co., Limited",fanshu.official@gmail.com,http://imstool.com/,Personalização,,,,100.000+,100000,232436,1,0,BRL,0,1,"R$ 2,49 – R$ 204,99 por item",Classificação Livre,24 de dez. de 2025,1784276533,1.0.59,,"Papéis de parede animados, papéis de parede 4D, fundos animados em HD, temas estéticos e 4K.",https://play.google.com/store/apps/details?id=com.vibewalls.ai.wallpaper.theme.widget.studio&hl=pt&gl=br,100,31,68,pequeno/indie,21940,963.95,3442.68,11188.72,2134.46,18590.48,11526.1,média,1,5.0,100.0,0.0,"SerpAPI, Firecrawl"
29,Personalização · Papéis de Parede,16,WallpaperZ - 8K Wallpapers,com.zoneoftech.wallpaper,ZONEofTECH LTD,support@wallpaperzapp.com,,Personalização,3.3333333,701,5,100.000+,100000,168189,1,0,BRL,0,1,"R$ 4,99 – R$ 374,99 por item",Classificação Livre,14 de ago. de 2023,1781171194,3.0.8,,Papéis de parede de qualidade por criadores,https://play.google.com/store/apps/details?id=com.zoneoftech.wallpaper&hl=pt&gl=br,100,30,68,pequeno/indie,12993,1045.5,3733.94,12135.3,2315.04,20163.26,12501.22,média,6,4.5,83.3,16.7,"SerpAPI, Firecrawl"
29,Personalização · Papéis de Parede,6,Papel de Parede Estético Fofo,com.Aesthetic.Wallpaper.High.Definition.Apps,DOSA Apps,support.aestheticwallpaper1@dosaapps.com,https://dosaapps.com/aestheticwallpaper1,Personalização,4.8177457,40352,966,1.000.000+,1000000,3367529,1,0,BRL,1,1,"R$ 5,49 – R$ 549,99 por item",Classificação Livre,24 de mai. de 2021,1778850728,8.1.0,,Aplicativo de papel de parede: Descubra papéis de parede fofos e estéticos,https://play.google.com/store/apps/details?id=com.Aesthetic.Wallpaper.High.Definition.Apps&hl=pt&gl=br,69,60,68,normal,334397,35958.91,128424.69,417380.24,79623.31,693493.32,429965.86,alta,25,4.84,96.0,4.0,"SerpAPI, Firecrawl"
30,Arte e Design · Livros de Colorir,9,Livro colorir para adultos,com.coloringforall.glitter.animal.color.by.number.paint.coloring.book.pages.pixel.art,Coloring For All,coloringforall.apps@gmail.com,https://coloringforall.herokuapp.com/,Arte e design,3.9047618,484,5,100.000+,100000,148921,1,0,BRL,1,1,"R$ 4,49 – R$ 23,99 por item",Classificação 12 anos,9 de jun. de 2020,1772778857,2.3,,Desenho e pintura com livro colorir para adultos asmr através colorir por numero,https://play.google.com/store/apps/details?id=com.coloringforall.glitter.animal.color.by.number.paint.coloring.book.pages.pixel.art&hl=pt&gl=br,100,30,68,pequeno/indie,11426,68.8,245.73,798.62,152.35,1326.94,822.7,média,5,4.2,80.0,20.0,"SerpAPI, Firecrawl"
30,Arte e Design · Livros de Colorir,7,Dreamy Painting,com.rongyee.color.dreamy,Coloring Fans Group,shuaimengtige@gmail.com,https://coloringfansgroup.github.io,Quebra-cabeças,,,,50.000+,50000,74155,1,0,BRL,1,1,"R$ 4,99 – R$ 364,99 por item",Classificação Livre,7 de abr. de 2026,1782994028,4.0.3,,Dreamy Painting: Relaxante colorir por números,https://play.google.com/store/apps/details?id=com.rongyee.color.dreamy&hl=pt&gl=br,100,30,68,pequeno/indie,5574,576.59,2059.26,6692.6,1276.74,11120.02,6894.41,média,3,5.0,100.0,0.0,"SerpAPI, Firecrawl"
26,"Busca: ""bitcoin""",30,Sweet Bitcoin - Earn BTC!,com.bling.sweetbitcoin,Bling,support@blingfi.com,https://www.blingfi.com,Quebra-cabeças,4.5774193,66395,1733,1.000.000+,1000000,2539439,1,0,BRL,1,0,,Classificação Livre,30 de abr. de 2021,1784219907,3.6.1,,"Jogo de criptomoedas para esmagar, combinar e explodir doces. Ganhe recompensas em dinheiro real com bitcoins.",https://play.google.com/store/apps/details?id=com.bling.sweetbitcoin&hl=pt&gl=br,69,59,68,normal,,,,,,,,,,,,,
23,"Busca: ""rifa""",27,La Loteria,com.HappyTimes.LaLoteriaA,Jade Lyfe LLC,Happytimes33033@gmail.com,https://trejoangel1993.wixsite.com/laloteria,Cassino,,,,50.000+,50000,66702,1,0,BRL,1,1,"R$ 5,49 por item",Classificação Livre,23 de nov. de 2020,1783372931,3.66.37,,Bingo hispânico tradicional grátis!,https://play.google.com/store/apps/details?id=com.HappyTimes.LaLoteriaA&hl=pt&gl=br,100,31,68,pequeno/indie,4983,58.55,209.12,679.64,129.65,1129.24,700.13,média,0,0.0,0.0,0.0,"SerpAPI, Brave Search, Firecrawl, DevSite:Firecrawl"
9,Ferramentas,10,Ferramentas de limpeza Pro,com.cleantools.propro,"MIRAE CREATIVE NCE, LLC",rajdutcourier@gmail.com,https://cleanmachinepro.live/,Ferramentas,4.5940595,23862,228,1.000.000+,1000000,4134404,1,0,BRL,1,0,,Classificação Livre,4 de jun. de 2025,1761889180,1.1.3,,Desinstale facilmente aplicações inúteis do seu telemóvel.,https://play.google.com/store/apps/details?id=com.cleantools.propro&hl=pt&gl=br,79,49,68,pequeno/indie,414600,180.21,643.59,2091.67,308.92,3475.4,1668.19,alta,25,4.88,100.0,0.0,"SerpAPI, ScrapingBee"
9,Bibliotecas e Demonstrações,10,Skoolib – Gestão de Biblioteca,app.bookshare.skoolib,"Bookshare Co., Ltd",support@skoolib.net,https://bookshare.app,Livros e referências,,,,10.000+,10000,32526,1,0,BRL,0,1,"R$ 17,99 – R$ 5.028,00 por item",Classificação Livre,23 de jan. de 2025,1769757186,1.0.13,,Aplicativo de gestão de biblioteca: catalogar livros e controlar empréstimos.,https://play.google.com/store/apps/details?id=app.bookshare.skoolib&hl=pt&gl=br,100,30,68,pequeno/indie,2280,6.74,24.06,78.2,14.92,129.94,80.56,média,2,4.5,100.0,0.0,"SerpAPI, ScrapingBee"
12,Personalização,25,Temas: Ícones & Widget,com.dtp.themicon,DTP Pub,casualpubapp@gmail.com,https://dtppub.com/,Personalização,3.1176472,415,7,100.000+,100000,332596,1,0,BRL,1,1,"R$ 4,89 – R$ 159,99 por item",Classificação Livre,2 de dez. de 2023,1779678393,1.9.6,,"1000+ temas de telefone com ícones de aplicativos, papéis de parede e widgets!",https://play.google.com/store/apps/details?id=com.dtp.themicon&hl=pt&gl=br,100,28,68,pequeno/indie,26680,943.37,3369.19,10949.86,2088.9,18193.61,11280.04,média,8,2.62,37.5,50.0,"SerpAPI, ScrapingBee"
12,Personalização,2,"Theme Icon: Widgets, Wallpaper",com.yotheme.icon.widget,ptt studio,ntha7989@gmail.com,https://liquid-launcher-os.web.app,Personalização,,,,50.000+,50000,98989,1,0,BRL,1,1,"R$ 59,99 – R$ 599,99 por item",Classificação Livre,25 de abr. de 2024,1781013033,1.2.1,,"Temas com coleção de papéis de parede, ícones e widgets em diversos estilos.",https://play.google.com/store/apps/details?id=com.yotheme.icon.widget&hl=pt&gl=br,100,29,68,pequeno/indie,8903,1249.59,4462.81,14504.14,2766.94,24099.19,14941.5,média,1,5.0,100.0,0.0,"SerpAPI, ScrapingBee"
3,Viagens e Localização,12,Reserva de Hotel,com.tripdealo.hoteldiscounts.app,"Cheap Flights, Hotels & Rental Cars - TripBlasters",support@hoteldisc.com,,Viagem e Turismo,4.777027,22491,1426,500.000+,500000,982854,1,0,BRL,0,0,,Classificação Livre,3 de nov. de 2020,1766141792,2.7.9,,Aplicativo de reserva de hotels. Obtenha reservas de hotel fáceis,https://play.google.com/store/apps/details?id=com.tripdealo.hoteldiscounts.app&hl=pt&gl=br,80,48,68,pequeno/indie,91815,0.0,0.0,0.0,0.0,0.0,0.0,média,25,4.88,96.0,0.0,"SerpAPI, ScrapingBee"
1,Jogos de RPG,8,Darkest AFK: Jogo RPG offline,com.alicegames.idle.rpg.battler,Three wishes slot machines game studio,support@alicegamesfze.com,https://darkestafk.com/,RPG,4.5913315,50022,1768,1.000.000+,1000000,3324594,1,0,BRL,1,1,"R$ 0,99 – R$ 549,99 por item",Classificação 18 anos,23 de mai. de 2022,1782811692,2.2.53,,Jogos de RPG por turnos sem internet. PVP Arena de luta. 2d Dark fantasy PVE,https://play.google.com/store/apps/details?id=com.alicegames.idle.rpg.battler&hl=pt&gl=br,69,59,68,normal,336528,126445.37,451590.6,1467669.46,279986.17,2438589.26,1511925.34,alta,25,4.64,96.0,0.0,"SerpAPI, ScrapingBee"
1,Jogos de Cartas,10,Deck Sort: Jogos De Cartas,sort.puzzle.category.card.games.solitaire,ZeroMaze,zeromaze-official@outlook.com,http://zeromazestudio.com,Quebra-cabeças,,,,10.000+,10000,40565,1,0,BRL,1,1,"R$ 9,99 – R$ 88,99 por item",Classificação Livre,3 de abr. de 2026,1782384100,1.9601,,Mergulhe em jogos de organizar e resolva os jogos de combinar.,https://play.google.com/store/apps/details?id=sort.puzzle.category.card.games.solitaire&hl=pt&gl=br,100,31,68,pequeno/indie,2941,83.26,297.37,966.45,184.37,1605.8,995.59,média,0,0.0,0.0,0.0,"SerpAPI, ScrapingBee"
3,Personalização,2,"Theme Icon: Widgets, Wallpaper",com.yotheme.icon.widget,ptt studio,ntha7989@gmail.com,https://liquid-launcher-os.web.app,Personalização,,,,50.000+,50000,98989,1,0,BRL,1,1,"R$ 59,99 – R$ 599,99 por item",Classificação Livre,25 de abr. de 2024,1781013033,1.2.1,,"Temas com coleção de papéis de parede, ícones e widgets em diversos estilos.",https://play.google.com/store/apps/details?id=com.yotheme.icon.widget&hl=pt&gl=br,100,29,68,pequeno/indie,8903,1249.59,4462.81,14504.14,2766.94,24099.19,14941.5,média,1,5.0,100.0,0.0,"SerpAPI, ScrapingBee"
3,Medicina,11,Lembrete de Remédios,com.pillreminder.app,"Lena Labs, LLC",lenalabsllc@gmail.com,,Saúde e fitness,4.3636365,107,3,10.000+,10000,14829,1,0,BRL,0,1,"R$ 4,99 – R$ 529,99 por item",Classificação Livre,14 de out. de 2025,1762344534,1.0.2,,Rastreador de Pílulas e Lembrete de Remédios. Rastreador e Lembrete de.,https://play.google.com/store/apps/details?id=com.pillreminder.app&hl=pt&gl=br,100,28,68,pequeno/indie,989,100.03,357.23,1161.01,221.48,1929.06,1196.02,baixa,3,2.67,33.3,66.7,"SerpAPI, ScrapingBee"
3,Bibliotecas e Demonstrações,3,Skoolib – Gestão de Biblioteca,app.bookshare.skoolib,"Bookshare Co., Ltd",support@skoolib.net,https://bookshare.app,Livros e referências,,,,10.000+,10000,32526,1,0,BRL,0,1,"R$ 17,99 – R$ 5.028,00 por item",Classificação Livre,23 de jan. de 2025,1769757186,1.0.13,,Aplicativo de gestão de biblioteca: catalogar livros e controlar empréstimos.,https://play.google.com/store/apps/details?id=app.bookshare.skoolib&hl=pt&gl=br,100,30,68,pequeno/indie,2280,6.74,24.06,78.2,14.92,129.94,80.56,média,2,4.5,100.0,0.0,"SerpAPI, ScrapingBee"
3,Saúde e Fitness,16,High Diet: Protein & Muscle,com.tallfive.highdiet,Tall 5,hello@high.diet,,Saúde e fitness,,,,10.000+,10000,25351,1,0,BRL,0,1,"R$ 55,99 – R$ 349,99 por item",Classificação Livre,23 de out. de 2025,1782395430,1.10.11,,High.diet é um aplicativo que se concentra em uma dieta rica em proteínas e princípios de estilo de vida,https://play.google.com/store/apps/details?id=com.tallfive.highdiet&hl=pt&gl=br,100,31,68,pequeno/indie,2100,246.21,879.32,2857.78,545.18,4748.31,2943.95,média,2,1.0,0.0,100.0,"SerpAPI, ScrapingBee"
3,Entretenimento,12,StarLink.TV - Filmes e Séries,com.starlink.br,StarL Entertainment,contato.starlink@proton.me,https://td5d38842.app-ads-txt.com,Entretenimento,3.7704918,74,37,10.000+,10000,23902,1,0,BRL,1,0,,Classificação 16 anos,1 de jan. de 2026,,Varies with device,,"Mais rápido e mais pratico, vem conferir.",https://play.google.com/store/apps/details?id=com.starlink.br&hl=pt&gl=br,100,31,68,pequeno/indie,1644,0.64,2.28,7.41,1.09,12.3,5.91,baixa,25,3.72,64.0,32.0,"SerpAPI, ScrapingBee"
1,Medicina,4,Lembrete de Remédios,com.pillreminder.app,"Lena Labs, LLC",lenalabsllc@gmail.com,,Saúde e fitness,4.3636365,107,3,10.000+,10000,14829,1,0,BRL,0,1,"R$ 4,99 – R$ 529,99 por item",Classificação Livre,14 de out. de 2025,1762344534,1.0.2,,Rastreador de Pílulas e Lembrete de Remédios. Rastreador e Lembrete de.,https://play.google.com/store/apps/details?id=com.pillreminder.app&hl=pt&gl=br,100,28,68,pequeno/indie,989,100.03,357.23,1161.01,221.48,1929.06,1196.02,baixa,3,2.67,33.3,66.7,"SerpAPI, ScrapingBee"
3,Encontros,20,Luxy Pro - milionário social,com.luxypro,Luxy Exclusive Dating App,luxyspa@gmail.com,https://www.onluxy.com,Encontros,2.76,5206,220,1.000.000+,1000000,1050993,1,0,BRL,0,1,"R$ 4,69 – R$ 1.899,99 por item",Classificação 14 anos,7 de dez. de 2016,1782381668,6.18.22,,"Encontra os milionários solteiros para fazer amizade, namoro ou bate-papo",https://play.google.com/store/apps/details?id=com.luxypro&hl=pt&gl=br,94,36,68,pequeno/indie,107473,3495.2,12482.84,40569.25,7739.36,67407.36,41792.56,alta,25,2.96,44.0,48.0,"SerpAPI, ScrapingBee"
3,Encontros,18,Hoppy Dating: Invite Only,com.hoppy.app,Hoppy App Limited,support@hoppy.com,https://hoppy.com/,Estilo de vida,2.8,1492,2,100.000+,100000,435892,1,0,BRL,0,1,"R$ 62,99 – R$ 439,99 por item",Classificação 18 anos,2 de out. de 2024,1776871285,3.29.5,,Com curadoria de mulheres,https://play.google.com/store/apps/details?id=com.hoppy.app&hl=pt&gl=br,100,28,68,pequeno/indie,35478,3435.2,12268.56,39872.82,7606.51,66250.22,41075.14,média,3,1.0,0.0,100.0,"SerpAPI, ScrapingBee"
3,Quadrinhos,11,Zebra Comics: Webtoons & Manga,dme.systems.zebra_comics,DME Systems,zebracomics@gmail.com,https://zebra-comics.com,Quadrinhos,2.75,410,4,100.000+,100000,143232,1,0,BRL,0,1,"R$ 4,99 – R$ 249,99 por item",Classificação 14 anos,28 de set. de 2022,1780927319,2.1.4,,A Zebra Comics fornece quadrinhos africanos consistentes e orientados por histórias...,https://play.google.com/store/apps/details?id=dme.systems.zebra_comics&hl=pt&gl=br,100,30,68,pequeno/indie,13159,710.49,2537.45,8246.7,1573.22,13702.21,8495.37,média,5,2.8,40.0,40.0,"SerpAPI, ScrapingBee"
3,Negócios,3,Ceogame - Simulador de Negócio,br.com.ceogame.ceogame,Ceogame Studio,contato@ceogame.com.br,http://ceogame.com.br,Simulador,2.35533,1986,1204,100.000+,100000,183973,1,0,BRL,1,1,"R$ 5,00 – R$ 59,40 por item",Classificação Livre,5 de out. de 2021,1779909005,1.17.0,,O ceogame é um jogo de simulação de negócios,https://play.google.com/store/apps/details?id=br.com.ceogame.ceogame&hl=pt&gl=br,100,31,68,pequeno/indie,12142,274.65,980.89,3187.88,608.15,5296.79,3284.01,média,25,3.0,48.0,48.0,"SerpAPI, ScrapingBee"
3,Beleza,13,Skincare Relaxing Games: ASMR,com.pg.skincare.relaxing.games.asmr.satisfying.time,Phone Games Studio,phonegame.studio@gmail.com,https://b575aefc.app-ads-txt.com,Simulador,2.859155,489,7,1.000.000+,1000000,1397894,1,0,BRL,1,1,"R$ 5,49 por item",Classificação Livre,19 de ago. de 2025,1781684025,3.4,,"Relaxe, divirta-se com este jogo de cuidados com a pele e maquiagem relaxante.",https://play.google.com/store/apps/details?id=com.pg.skincare.relaxing.games.asmr.satisfying.time&hl=pt&gl=br,100,31,68,pequeno/indie,123271,557.24,1990.15,6467.99,1233.89,10746.81,6663.02,média,7,4.14,71.4,14.3,"SerpAPI, ScrapingBee"
3,Automóveis e Veículos,7,ARI (Auto Repair Software),com.AutoRepairInvoice,uMob LTD,costelumbu@yahoo.com,https://ari.app/,Veículos,,,,100.000+,100000,422755,1,0,BRL,0,1,"R$ 21,99 – R$ 1.999,99 por item",Classificação Livre,21 de dez. de 2016,1782390979,16203.0.0,,Gerencie todos os aspectos do seu negócio - do diagnóstico até o faturamento,https://play.google.com/store/apps/details?id=com.AutoRepairInvoice&hl=pt&gl=br,100,31,68,pequeno/indie,41224,715.73,2556.18,8307.6,1584.83,13803.39,8558.1,média,2,3.0,50.0,50.0,"SerpAPI, ScrapingBee"
29,Personalização · Widgets,15,"Temas: App Ícones, Widgets",com.azmobile.themepack,Maxlabs Personalization Tools,android-support@maxlabs.hk,https://www.maxlabs.hk/,Personalização,4.741419,57323,1896,5.000.000+,5000000,8671698,1,0,BRL,1,1,"R$ 5,49 – R$ 229,99 por item",Classificação Livre,21 de jul. de 2024,1783669190,1.8.6,,"1000+ temas, ícones e widgets para deixar sua tela inicial única",https://play.google.com/store/apps/details?id=com.azmobile.themepack&hl=pt&gl=br,49,77,67,crescendo,1080345,54586.57,194952.04,633594.14,120870.27,1052741.03,652699.44,alta,25,4.4,84.0,16.0,"SerpAPI, Firecrawl"
29,Personalização · Ícones e Temas,8,"Temas: App Ícones, Widgets",com.azmobile.themepack,Maxlabs Personalization Tools,android-support@maxlabs.hk,https://www.maxlabs.hk/,Personalização,4.741419,57323,1896,5.000.000+,5000000,8671698,1,0,BRL,1,1,"R$ 5,49 – R$ 229,99 por item",Classificação Livre,21 de jul. de 2024,1783669190,1.8.6,,"1000+ temas, ícones e widgets para deixar sua tela inicial única",https://play.google.com/store/apps/details?id=com.azmobile.themepack&hl=pt&gl=br,49,77,67,crescendo,1080345,54586.57,194952.04,633594.14,120870.27,1052741.03,652699.44,alta,25,4.4,84.0,16.0,"SerpAPI, Firecrawl"
29,Negócios · ERP para Pequenos Negócios,23,Offline Shop - Inventário POS,com.binaryscript.offlineshop,BinaryScript,support@binaryscript.com,https://binaryscript.com,Produtividade,,,,10.000+,10000,29827,1,0,BRL,0,1,"R$ 19,99 – R$ 254,99 por item",Classificação Livre,30 de jan. de 2026,,Varies with device,,"Gerencie inventário, pedidos & vendas offline. Perfeito para lojas de varejo.",https://play.google.com/store/apps/details?id=com.binaryscript.offlineshop&hl=pt&gl=br,100,24,67,pequeno/indie,2080,136.95,489.1,1589.57,303.24,2641.13,1637.5,baixa,0,0.0,0.0,0.0,"SerpAPI, Firecrawl"
29,Negócios · ERP para Pequenos Negócios,1,"Estoque, Vendas, Pdv, Finanças",br.com.netpos.smartpos,SmartPOS - NetPOS,comercial@smartpos.net.br,https://www.smartpos.net.br,Negócios,4.424336,42874,16932,1.000.000+,1000000,4158651,1,0,BRL,0,1,"R$ 24,50 – R$ 799,90 por item",Classificação Livre,21 de nov. de 2016,1781187848,7.28.0,,"Controle o seu negócio: Venda, Estoque, Serviços, Caixa, Autoatendimento, Erp.",https://play.google.com/store/apps/details?id=br.com.netpos.smartpos&hl=pt&gl=br,69,56,67,normal,379225,126382.06,451364.51,1466934.66,279846.0,2437368.35,1511168.38,alta,25,2.16,28.0,68.0,"SerpAPI, Firecrawl"
29,Negócios · CRM e Vendas,11,Zoho CRM - Sales & Marketing,com.zoho.crm,Zoho Corporation,crm@zohomobile.com,https://www.zoho.com/crm/,Negócios,4.41,6196,112,1.000.000+,1000000,1936843,1,0,BRL,0,0,,Classificação Livre,26 de mar. de 2012,1783960825,3.6.56,,CRM para todos os negócios,https://play.google.com/store/apps/details?id=com.zoho.crm&hl=pt&gl=br,69,56,67,normal,204230,0.0,0.0,0.0,0.0,0.0,0.0,média,25,4.56,88.0,12.0,"SerpAPI, Firecrawl"
26,"Busca: ""bitcoin""",48,Carteira digital ChangeNOW,io.changenow.changenow,ChangeNOW,support@changenow.io,https://changenow.io,Finanças,4.387097,6937,28,100.000+,100000,336002,1,0,BRL,0,0,,Classificação Livre,7 de set. de 2018,1783957927,2.0.6,,"Acompanhe o mercado de Bitcoin, Tether, SOL, XRP, USDT, DOT, ADA & 850+ cripto",https://play.google.com/store/apps/details?id=io.changenow.changenow&hl=pt&gl=br,100,57,67,pequeno/indie,,,,,,,,,,,,,
21,"Busca: ""crypto wallet""",30,Pockie Wallet - Crypto Wallet,com.pilab.pockie,PiLab Technology,app-delivery@pi-lab.io,https://www.pockie.io/,Finanças,4.428571,2208,7,10.000+,10000,22989,1,0,BRL,0,0,,Classificação Livre,24 de jul. de 2023,1754464046,1.4.10,,"Carteira: Bitcoin, Ethereum, NFT",https://play.google.com/store/apps/details?id=com.pilab.pockie&hl=pt&gl=br,100,25,67,pequeno/indie,,,,,,,,,,,,,
20,"Busca: ""wallet""",37,HOT — Bitcoin & Crypto Wallet,app.herewallet.hot,HERE Wallet,contact@hot-labs.org,https://hot-labs.org/privacypolicy,Finanças,4.48,3126,8,500.000+,500000,500503,1,0,BRL,0,0,,Classificação Livre,26 de mar. de 2025,1749993481,1.0,,"Troque, faça bridge, aposte e explore DeFi em uma carteira criptográfica multi-chain segura",https://play.google.com/store/apps/details?id=app.herewallet.hot&hl=pt&gl=br,92,35,67,pequeno/indie,41038,0.0,0.0,0.0,0.0,0.0,0.0,baixa,10,3.8,70.0,30.0,"SerpAPI, Firecrawl"
18,Negócios · ERP para Pequenos Negócios,1,"Estoque, Vendas, Pdv, Finanças",br.com.netpos.smartpos,SmartPOS - NetPOS,comercial@smartpos.net.br,https://www.smartpos.net.br,Negócios,4.424336,42874,16932,1.000.000+,1000000,4158651,1,0,BRL,0,1,"R$ 24,50 – R$ 799,90 por item",Classificação Livre,21 de nov. de 2016,1781187848,7.28.0,,"Controle o seu negócio: Venda, Estoque, Serviços, Caixa, Autoatendimento, Erp.",https://play.google.com/store/apps/details?id=br.com.netpos.smartpos&hl=pt&gl=br,69,56,67,normal,379225,126382.06,451364.51,1466934.66,279846.0,2437368.35,1511168.38,alta,25,2.16,28.0,68.0,"SerpAPI, Firecrawl"
15,Produtividade,25,TimeTune - Agenda & Rotina,com.gmail.jmartindev.timetune,TimeTune Studio,timetuneapp@gmail.com,https://timetune.app,Produtividade,4.6275306,94260,5169,5.000.000+,5000000,7472417,1,0,BRL,0,1,"R$ 9,99 – R$ 149,99 por item",Classificação Livre,30 de set. de 2014,1782464126,5.5,,A agenda ideal para todas as suas necessidades de organização de tempo,https://play.google.com/store/apps/details?id=com.gmail.jmartindev.timetune&hl=pt&gl=br,59,65,67,crescendo,924559,54098.48,193208.85,627928.75,119789.49,1043327.77,646863.22,alta,25,4.52,92.0,8.0,"SerpAPI, ScrapingBee"
9,Personalização,5,HyperOS & MIUI Themes,com.intelicarft.miuithemes.android,Wallet Passes Alliance,support.hyperosmiui@walletpasses.me,https://walletpasses.me/hyperosmiui,Personalização,3.81,2889,26,1.000.000+,1000000,1300418,1,0,BRL,1,1,"R$ 5,49 – R$ 549,99 por item",Classificação Livre,1 de set. de 2023,1772695324,4.0.0,,"Personalize o seu dispositivo com os temas mais recentes, papéis de parede e pacotes de ícones incríveis.",https://play.google.com/store/apps/details?id=com.intelicarft.miuithemes.android&hl=pt&gl=br,92,35,67,pequeno/indie,112019,12038.57,42994.89,139733.38,26656.83,232172.38,143946.88,média,25,2.6,40.0,60.0,"SerpAPI, ScrapingBee"
9,Bibliotecas e Demonstrações,1,React Native Paper Example,com.callstack.reactnativepaperexample,Callstack,paper@callstack.com,https://reactnativepaper.com/,Bibliotecas e demos,4.9166665,132,3,10.000+,10000,36111,1,0,BRL,0,0,,Classificação Livre,13 de jan. de 2021,1736442727,3.16.0,,Um aplicativo de exemplo React Native Paper,https://play.google.com/store/apps/details?id=com.callstack.reactnativepaperexample&hl=pt&gl=br,100,24,67,pequeno/indie,2803,0.0,0.0,0.0,0.0,0.0,0.0,baixa,1,4.0,100.0,0.0,"SerpAPI, ScrapingBee"
12,Personalização,22,HyperOS & MIUI Themes,com.intelicarft.miuithemes.android,Wallet Passes Alliance,support.hyperosmiui@walletpasses.me,https://walletpasses.me/hyperosmiui,Personalização,3.81,2890,26,1.000.000+,1000000,1300418,1,0,BRL,1,1,"R$ 5,49 – R$ 549,99 por item",Classificação Livre,1 de set. de 2023,1772695324,4.0.0,,"Personalize o seu dispositivo com os temas mais recentes, papéis de parede e pacotes de ícones incríveis.",https://play.google.com/store/apps/details?id=com.intelicarft.miuithemes.android&hl=pt&gl=br,92,35,67,pequeno/indie,112019,12038.57,42994.89,139733.38,26656.83,232172.38,143946.88,média,25,2.6,40.0,60.0,"SerpAPI, ScrapingBee"
11,Personalização,19,"Temas: App Ícones, Widgets",com.azmobile.themepack,Maxlabs Personalization Tools,android-support@maxlabs.hk,https://www.maxlabs.hk/,Personalização,4.7359815,56338,1866,5.000.000+,5000000,8514167,1,0,BRL,1,1,"R$ 5,49 – R$ 229,99 por item",Classificação Livre,21 de jul. de 2024,1781081849,1.8.5,,"1000+ temas, ícones e widgets para deixar sua tela inicial única",https://play.google.com/store/apps/details?id=com.azmobile.themepack&hl=pt&gl=br,49,75,67,crescendo,1059825,53549.73,191249.05,621559.41,118574.41,1032744.86,640301.82,alta,25,4.52,88.0,8.0,"SerpAPI, ScrapingBee"
11,Personalização,5,HyperOS & MIUI Themes,com.intelicarft.miuithemes.android,Wallet Passes Alliance,support.hyperosmiui@walletpasses.me,https://walletpasses.me/hyperosmiui,Personalização,3.81,2890,26,1.000.000+,1000000,1300418,1,0,BRL,1,1,"R$ 5,49 – R$ 549,99 por item",Classificação Livre,1 de set. de 2023,1772695324,4.0.0,,"Personalize o seu dispositivo com os temas mais recentes, papéis de parede e pacotes de ícones incríveis.",https://play.google.com/store/apps/details?id=com.intelicarft.miuithemes.android&hl=pt&gl=br,92,35,67,pequeno/indie,112019,12038.57,42994.89,139733.38,26656.83,232172.38,143946.88,média,25,2.6,40.0,60.0,"SerpAPI, ScrapingBee"
1,Jogos de Palavras,3,Caça Palavras Fácil,word.search.games.free,"Appgeneration - Radio, Podcasts, Games",info@appgeneration.com,https://www.appgeneration.com,Palavras,4.5172415,9636,491,1.000.000+,1000000,2027817,1,0,BRL,1,1,"R$ 6,49 – R$ 129,99 por item",Classificação Livre,7 de jun. de 2021,1780925991,5.4.4,,Um caça palavras clássico em português. Ideal para estimular o seu cérebro,https://play.google.com/store/apps/details?id=word.search.games.free&hl=pt&gl=br,69,55,67,normal,200378,9504.89,33946.05,110324.66,21046.55,183308.67,113651.38,alta,25,4.84,96.0,4.0,"SerpAPI, ScrapingBee"
1,Jogos Esportivos,6,Desafio Esportivo Mundial 2025,com.gamebee.worldsports,Gamebee Studio,amit@gamebeestudio.com,https://gamebeestudio.com/,Esportes,3.5217392,644,9,100.000+,100000,309042,1,0,BRL,1,1,"R$ 1,99 – R$ 25,99 por item",Classificação Livre,5 de jan. de 2025,1764669104,2.0.2,,"Compita, vença e conquiste o ouro nos maiores esportes globais e seja lendário!",https://play.google.com/store/apps/details?id=com.gamebee.worldsports&hl=pt&gl=br,100,26,67,pequeno/indie,20988,141.23,504.38,1639.25,312.72,2723.67,1688.68,média,8,3.25,50.0,37.5,"SerpAPI, ScrapingBee"
1,Jogos Casuais,18,Offline Games Box - No WiFi,com.offline.games.mini.game,Simple Puzzle Game,leebostudio@gmail.com,https://leebostudio.github.io/,Casuais,3.4358974,150,15,100.000+,100000,124465,1,0,BRL,1,0,,Classificação Livre,4 de fev. de 2026,1778492455,1.5,,Divirta-se com minijogos offline. Uma coleção de quebra-cabeças que não precisam de Wi-Fi.,https://play.google.com/store/apps/details?id=com.offline.games.mini.game&hl=pt&gl=br,100,25,67,pequeno/indie,8035,4.04,14.43,46.89,6.93,77.91,37.4,média,15,3.4,60.0,40.0,"SerpAPI, ScrapingBee"
1,Jogos de Cartas,3,Tripeaks Solitário - cartas,solitaire.tripeaks.fun.free.card.games.journey.farm.harvest.patience,Fruit Puzzle Games,chenzhao2016mail@gmail.com,http://fruitcasino.online,Cartas,4.47,29133,360,1.000.000+,1000000,2191595,1,0,BRL,1,1,"R$ 5,99 – R$ 579,99 por item",Classificação Livre,5 de jul. de 2019,1770212634,1.30.4.20260204,,Jogue os melhores tripeaks de paciência de graça,https://play.google.com/store/apps/details?id=solitaire.tripeaks.fun.free.card.games.journey.farm.harvest.patience&hl=pt&gl=br,79,46,67,pequeno/indie,164690,29902.62,106795.08,347084.0,66212.95,576693.41,357549.92,alta,25,4.2,76.0,16.0,"SerpAPI, ScrapingBee"
1,Jogos de Aventura,10,RPG de sobrevivência pirata,com.heliogames.pirates,Helio Games,support@heliogames.com,https://heliogames.com/,Aventura,4.573269,69425,1759,1.000.000+,1000000,4665537,1,0,BRL,1,1,"R$ 2,59 – R$ 379,99 por item",Classificação 12 anos,27 de out. de 2020,1781705559,0.70.4,,"Sobreviva à sede e à fome, lute animais selvagens, defenda-se contra piratas!",https://play.google.com/store/apps/details?id=com.heliogames.pirates&hl=pt&gl=br,69,58,67,normal,479967,62786.17,224236.33,728768.08,139026.53,1210876.19,750743.24,alta,25,3.6,56.0,24.0,"SerpAPI, ScrapingBee"
1,Clima,4,Clima em Tempo Real,com.forecasts.noaa.live.weather,WINDWAVE LIMITED,support@weather2024.com,https://www.weather2024.com/,Clima,4.6443663,16904,1709,5.000.000+,5000000,7722310,1,0,BRL,1,1,"R$ 15,99 – R$ 269,99 por item",Classificação Livre,15 de nov. de 2024,1782808995,1.3.18,,Seu aplicativo definitivo para informações meteorológicas em tempo real!,https://play.google.com/store/apps/details?id=com.forecasts.noaa.live.weather&hl=pt&gl=br,49,76,67,crescendo,956935,58583.88,209228.13,679991.41,129721.44,1129831.88,700495.77,alta,25,4.88,96.0,0.0,"SerpAPI, ScrapingBee"
3,Estilo de Vida,7,ShineDay:Rastreador de Hábitos,com.dandelion.international.shineday,ShineDay Team,myshineday@gmail.com,https://shineday.mytinyroutines.com,Produtividade,,,,10.000+,10000,27810,1,0,BRL,0,1,"R$ 9,99 – R$ 51,99 por item",Classificação Livre,17 de ago. de 2023,1777541014,2.16.0,,"Rastreie hábitos diários, rotina, lista de tarefas e lembretes de bem-estar.",https://play.google.com/store/apps/details?id=com.dandelion.international.shineday&hl=pt&gl=br,100,26,67,pequeno/indie,1931,39.8,142.14,461.95,88.13,767.54,475.88,média,0,0.0,0.0,0.0,"SerpAPI, ScrapingBee"
3,Bibliotecas e Demonstrações,2,Library of Babel 3D,com.keiwando.libraryofbabel,Keiwan Donyagard,keiwan.donyagard@gmail.com,https://keiwan.itch.io/library-of-babel-3d,Livros e referências,4.5666666,225,18,10.000+,10000,24270,1,0,BRL,0,0,,Classificação Livre,12 de jul. de 2017,1759579227,3.1.2,,Experimente a Biblioteca de Babel do conto de Jorge Luis Borges em 3D.,https://play.google.com/store/apps/details?id=com.keiwando.libraryofbabel&hl=pt&gl=br,100,27,67,pequeno/indie,1838,0.0,0.0,0.0,0.0,0.0,0.0,baixa,18,4.5,83.3,5.6,"SerpAPI, ScrapingBee"
1,Personalização,2,HyperOS & MIUI Themes,com.intelicarft.miuithemes.android,Wallet Passes Alliance,support.hyperosmiui@walletpasses.me,https://walletpasses.me/hyperosmiui,Personalização,3.81,2889,26,1.000.000+,1000000,1300418,1,0,BRL,1,1,"R$ 5,49 – R$ 549,99 por item",Classificação Livre,1 de set. de 2023,1772695324,4.0.0,,"Personalize o seu dispositivo com os temas mais recentes, papéis de parede e pacotes de ícones incríveis.",https://play.google.com/store/apps/details?id=com.intelicarft.miuithemes.android&hl=pt&gl=br,92,35,67,pequeno/indie,112019,12038.57,42994.89,139733.38,26656.83,232172.38,143946.88,média,25,2.6,40.0,60.0,"SerpAPI, ScrapingBee"
1,Paternidade,8,Calendário de Gravidez,com.timskiy.pregnancy,Timskiy,support@timskiy.com,http://timskiy.com/,Criação de filhos,4.86,76448,291,1.000.000+,1000000,3010707,1,0,BRL,1,1,"R$ 14,99 – R$ 93,99 por item",Classificação Livre,7 de ago. de 2019,1775804862,1.6.0,,"Siga sua gravidez: Diário, movimentos, contrações.",https://play.google.com/store/apps/details?id=com.timskiy.pregnancy&hl=pt&gl=br,69,58,67,normal,297353,6417.58,22919.94,74489.79,14210.36,123767.66,76735.95,alta,25,4.76,96.0,0.0,"SerpAPI, ScrapingBee"
3,Educação,15,K.education,com.hoomweb.profkennycourse,Prof. Kenny,contato@profkenny.com.br,http://www.profkenny.com.br/,Educação,4.3265624,7334,3704,100.000+,100000,476856,1,0,BRL,0,0,,Classificação Livre,7 de ago. de 2019,1782986582,5.2.16,,"Aprenda inglês de forma rápida, prática e inteligente com o app da K.education",https://play.google.com/store/apps/details?id=com.hoomweb.profkennycourse&hl=pt&gl=br,100,57,67,pequeno/indie,46798,0.0,0.0,0.0,0.0,0.0,0.0,média,25,4.0,68.0,24.0,"SerpAPI, ScrapingBee"
1,Estilo de Vida,11,Roubit: Fofa rotina diária,com.roubit,Roubit Inc.,cs@roubit.me,https://www.roubit.me,Produtividade,4.4823527,16376,808,1.000.000+,1000000,2528612,1,0,BRL,1,1,"R$ 4,79 – R$ 214,99 por item",Classificação Livre,16 de jul. de 2020,1782848076,6.4.58,,Rastreador de Hábitos & Diário,https://play.google.com/store/apps/details?id=com.roubit&hl=pt&gl=br,69,58,67,normal,270143,22025.19,78661.39,255649.52,48770.06,424771.5,263358.33,alta,25,4.04,72.0,12.0,"SerpAPI, ScrapingBee"
3,Encontros,15,NamoroOnline: Encontros,br.com.namoroonline.app,NamoroOnline Servicos,ajuda@namoroonline.com.br,http://www.NamoroOnline.com.br,Encontros,3.18,682,325,100.000+,100000,215343,1,0,BRL,0,1,"R$ 3,49 – R$ 114,99 por item",Classificação 14 anos,14 de fev. de 2017,1777579138,1.9.18,,Marque encontros,https://play.google.com/store/apps/details?id=br.com.namoroonline.app&hl=pt&gl=br,100,27,67,pequeno/indie,16868,839.38,2997.8,9742.85,1858.64,16188.11,10036.63,média,25,2.6,40.0,56.0,"SerpAPI, ScrapingBee"
3,Encontros,13,SDC Encontros para Adultos,com.sdcmedia.swingers.g4,SDC Media,support@sdcmedia.com,https://www.sdcmedia.com,Encontros,3.4805195,2837,42,500.000+,500000,717807,1,0,BRL,0,1,"R$ 164,99 – R$ 999,99 por item",Classificação 18 anos,2 de nov. de 2022,1780517493,5.3.2,,App de encontros para casais e solteiros de mente aberta.3 milhões de membros,https://play.google.com/store/apps/details?id=com.sdcmedia.swingers.g4&hl=pt&gl=br,92,33,67,pequeno/indie,71976,38738.98,138353.51,449648.91,85779.18,747108.95,463207.55,média,25,3.72,68.0,32.0,"SerpAPI, ScrapingBee"
3,Beleza,19,Skincare ASMR Makeup Time,com.pg.skincare.asmr.makeup.time.games,Pop it Games,coconutgames00@gmail.com,https://dreamdoor.trimindsstudio.com/,Casuais,3.28125,397,14,500.000+,500000,854691,1,0,BRL,1,1,"R$ 26,99 por item",Classificação Livre,16 de abr. de 2026,1777630809,1.3,,Skincare ASMR Makeup Time é um jogo ASMR relaxante de cuidados com a pele e maquiagem.,https://play.google.com/store/apps/details?id=com.pg.skincare.asmr.makeup.time.games&hl=pt&gl=br,100,26,67,pequeno/indie,61256,734.44,2623.0,8524.75,1626.26,14164.21,8781.81,média,14,2.5,28.6,71.4,"SerpAPI, ScrapingBee"
3,Beleza,4,Skincare ASMR: Perfect Time,com.skincare.asmr.perfect.time,BLACKGEMS GLOBAL JOINT STOCK COMPANY,info@blackgems.dev,https://blackgemsglobal.net/,Simulador,3.6923077,221,1,100.000+,100000,231736,1,0,BRL,1,1,"R$ 39,99 por item",Classificação Livre,18 de dez. de 2025,1769090908,1.0.09.07.02,,Relaxe a mente com um jogo ASMR de cuidados com a pele.,https://play.google.com/store/apps/details?id=com.skincare.asmr.perfect.time&hl=pt&gl=br,100,27,67,pequeno/indie,15492,392.9,1403.23,4560.48,870.0,7577.42,4698.0,média,1,1.0,0.0,100.0,"SerpAPI, ScrapingBee"
1,Educação,6,K.education,com.hoomweb.profkennycourse,Prof. Kenny,contato@profkenny.com.br,http://www.profkenny.com.br/,Educação,4.3265624,7334,3704,100.000+,100000,476856,1,0,BRL,0,0,,Classificação Livre,7 de ago. de 2019,1782986582,5.2.16,,"Aprenda inglês de forma rápida, prática e inteligente com o app da K.education",https://play.google.com/store/apps/details?id=com.hoomweb.profkennycourse&hl=pt&gl=br,100,57,67,pequeno/indie,46798,0.0,0.0,0.0,0.0,0.0,0.0,média,25,4.0,68.0,24.0,"SerpAPI, ScrapingBee"
1,Encontros,13,NamoroOnline: Encontros,br.com.namoroonline.app,NamoroOnline Servicos,ajuda@namoroonline.com.br,http://www.NamoroOnline.com.br,Encontros,3.18,682,325,100.000+,100000,215343,1,0,BRL,0,1,"R$ 3,49 – R$ 114,99 por item",Classificação 14 anos,14 de fev. de 2017,1777579138,1.9.18,,Marque encontros,https://play.google.com/store/apps/details?id=br.com.namoroonline.app&hl=pt&gl=br,100,27,67,pequeno/indie,16868,839.38,2997.8,9742.85,1858.64,16188.11,10036.63,média,25,2.6,40.0,56.0,"SerpAPI, ScrapingBee"
3,Android Wear,5,Big Analog 2 WF WearOS 5+,com.watchfacestudio.ba2,OQ Watchfaces,osmanqadir78@gmail.com,,Personalização,4.5833335,199,2,10.000+,10000,31288,1,0,BRL,0,0,,Classificação Livre,4 de mai. de 2024,1756740695,Varies with device,,Um grande e elegante mostrador analógico com muitas complicações e personalizações,https://play.google.com/store/apps/details?id=com.watchfacestudio.ba2&hl=pt&gl=br,100,24,67,pequeno/indie,2407,0.0,0.0,0.0,0.0,0.0,0.0,baixa,2,3.5,50.0,50.0,"SerpAPI, ScrapingBee"
3,Android Wear,4,Wave: Wear OS watch face,com.watchfacestudio.awfwave,amoledwatchfaces™,support@amoledwatchfaces.com,https://amoledwatchfaces.com,Personalização,4.56,14117,44,500.000+,500000,941756,1,0,BRL,0,0,,Classificação Livre,7 de fev. de 2022,1764780734,Varies with device,,Mostrador digital simples com fundo preto e ponteiro de segundos ondulado para Wear OS,https://play.google.com/store/apps/details?id=com.watchfacestudio.awfwave&hl=pt&gl=br,84,40,67,pequeno/indie,87784,0.0,0.0,0.0,0.0,0.0,0.0,média,25,4.52,88.0,12.0,"SerpAPI, ScrapingBee"
1,Beleza,4,Skincare ASMR: Perfect Time,com.skincare.asmr.perfect.time,BLACKGEMS GLOBAL JOINT STOCK COMPANY,info@blackgems.dev,https://blackgemsglobal.net/,Simulador,3.6923077,220,1,100.000+,100000,231736,1,0,BRL,1,1,"R$ 39,99 por item",Classificação Livre,18 de dez. de 2025,1769090908,1.0.09.07.02,,Relaxe a mente com um jogo ASMR de cuidados com a pele.,https://play.google.com/store/apps/details?id=com.skincare.asmr.perfect.time&hl=pt&gl=br,100,27,67,pequeno/indie,15492,392.9,1403.23,4560.48,870.0,7577.42,4698.0,média,1,1.0,0.0,100.0,"SerpAPI, ScrapingBee"
1,Arte e Design,9,ArtLoop: Desenhar e Pintar,com.LifeIsGame.ArtCanvas,LifeIsGame,dmitrydlj@gmail.com,https://artloop.netlify.app/,Arte e design,4.6131687,66367,666,5.000.000+,5000000,6883626,1,0,BRL,1,1,"R$ 5,49 por item",Classificação Livre,28 de set. de 2024,1782596321,1.9.25,,"Desenhe, pinte e solte a criatividade com esta incrível app de arte",https://play.google.com/store/apps/details?id=com.LifeIsGame.ArtCanvas&hl=pt&gl=br,59,65,67,crescendo,848470,2536.13,9057.61,29437.23,5615.72,48911.09,30324.88,alta,25,4.48,88.0,8.0,"SerpAPI, ScrapingBee"
1,Android Wear,9,Wave: Wear OS watch face,com.watchfacestudio.awfwave,amoledwatchfaces™,support@amoledwatchfaces.com,https://amoledwatchfaces.com,Personalização,4.56,14117,44,500.000+,500000,941756,1,0,BRL,0,0,,Classificação Livre,7 de fev. de 2022,1764780734,Varies with device,,Mostrador digital simples com fundo preto e ponteiro de segundos ondulado para Wear OS,https://play.google.com/store/apps/details?id=com.watchfacestudio.awfwave&hl=pt&gl=br,84,40,67,pequeno/indie,87784,0.0,0.0,0.0,0.0,0.0,0.0,média,25,4.52,88.0,12.0,"SerpAPI, ScrapingBee"
29,Negócios · ERP para Pequenos Negócios,25,Controle de Vendas e Estoque,boss.sales.accounting.crm.business.trade.debit.invoice.profit_1c,1C-RARUS TAS,help@boss-app.com,https://www.boss-app.com,Negócios,3.66,6320,145,500.000+,500000,782678,1,0,BRL,1,1,"R$ 15,99 – R$ 1.380,00 por item",Classificação Livre,8 de nov. de 2016,1774355218,3.0.34,,"Contabilidade para microempresa: Inventario, Livro caixa, Financeiro, Despesas",https://play.google.com/store/apps/details?id=boss.sales.accounting.crm.business.trade.debit.invoice.profit_1c&hl=pt&gl=br,84,37,66,pequeno/indie,65694,330.27,1179.55,3833.53,731.32,6369.56,3949.13,alta,25,3.44,60.0,28.0,"SerpAPI, Firecrawl"
29,Negócios · CRM e Vendas,1,HelloLeads - CRM de Vendas,com.appgodz.evh,Dextrasys Technologies Pvt Ltd,support@helloleads.io,https://www.helloleads.io,Negócios,4.3913045,1511,15,100.000+,100000,150120,1,0,BRL,0,0,,Classificação Livre,29 de abr. de 2016,1781776771,2.8.11,,"Acompanhe leads, clientes, acompanhamentos e gerencie o pipeline de vendas",https://play.google.com/store/apps/details?id=com.appgodz.evh&hl=pt&gl=br,100,52,66,pequeno/indie,13828,0.0,0.0,0.0,0.0,0.0,0.0,média,19,4.47,84.2,5.3,"SerpAPI, Firecrawl"
26,"Busca: ""bitcoin""",29,Criptomoedas e Bitcoin: Paybis,com.paybis,PAYBIS,support@paybis.com,https://paybis.com/contacts/,Finanças,4.65,11604,44,500.000+,500000,725969,1,0,BRL,0,0,,Classificação Livre,6 de set. de 2021,1759824559,1.6.20,,"Comprar Bitcoin BTC, USDT, Solana, Dogecoin e Criptomoedas com Carteira Cripto",https://play.google.com/store/apps/details?id=com.paybis&hl=pt&gl=br,84,39,66,pequeno/indie,,,,,,,,,,,,,
21,"Busca: ""crypto wallet""",13,Criptomoedas e Bitcoin: Paybis,com.paybis,PAYBIS,support@paybis.com,https://paybis.com/contacts/,Finanças,4.65,11604,44,500.000+,500000,725969,1,0,BRL,0,0,,Classificação Livre,6 de set. de 2021,1759824559,1.6.20,,"Comprar Bitcoin BTC, USDT, Solana, Dogecoin e Criptomoedas com Carteira Cripto",https://play.google.com/store/apps/details?id=com.paybis&hl=pt&gl=br,84,39,66,pequeno/indie,,,,,,,,,,,,,
20,"Busca: ""wallet""",35,NOW Wallet: Buy & Store Crypto,com.nowwallet,ChangeNOW,premium@changenow.io,https://walletnow.app,Finanças,4.3235292,3279,12,100.000+,100000,151130,1,0,BRL,0,0,,Classificação Livre,20 de out. de 2021,1784044859,3.18.11,,"Buy, exchange & store Bitcoin, Ethereum, Tether and more! Staking, dApps, NFTs",https://play.google.com/store/apps/details?id=com.nowwallet&hl=pt&gl=br,100,55,66,pequeno/indie,13926,0.0,0.0,0.0,0.0,0.0,0.0,média,18,3.5,55.6,27.8,"SerpAPI, Firecrawl"
19,"Busca: ""carteira digital""",26,Carteira Digital CFQ,br.com.thomasgreg.carteira_digital.cfq,Thomas Greg do Brasil,suportecfq@thomasgreg.com.br,,Negócios,4.54,101,18,1.000+,1000,2917,1,0,BRL,0,0,,Classificação Livre,5 de jul. de 2024,1782493005,1.1.10,,Utilização da Carteira Federal de Química,https://play.google.com/store/apps/details?id=br.com.thomasgreg.carteira_digital.cfq&hl=pt&gl=br,100,60,66,pequeno/indie,229,0.0,0.0,0.0,0.0,0.0,0.0,baixa,17,3.18,52.9,47.1,"SerpAPI, Firecrawl"
15,Produtividade,24,Planner Semanal - Diário,com.weeklyplannerapp.weekplan,Digital Legal Tech S.R.L.,appweeklyplanner@gmail.com,http://weekplan.pro,Produtividade,4.7453704,45251,948,5.000.000+,5000000,6615595,1,0,BRL,0,1,"R$ 6,99 – R$ 61,99 por item",Classificação Livre,19 de jan. de 2018,1781131509,8.7,,"Organizador, Agenda & Lista de tarefas, Bloco de Notas",https://play.google.com/store/apps/details?id=com.weeklyplannerapp.weekplan&hl=pt&gl=br,59,63,66,normal,813926,20534.91,73338.96,238351.63,45470.16,396030.39,245538.84,alta,25,4.6,88.0,8.0,"SerpAPI, ScrapingBee"
14,Produtividade,7,Planner Semanal - Diário,com.weeklyplannerapp.weekplan,Digital Legal Tech S.R.L.,appweeklyplanner@gmail.com,http://weekplan.pro,Produtividade,4.7453704,45252,948,5.000.000+,5000000,6615595,1,0,BRL,0,1,"R$ 6,99 – R$ 61,99 por item",Classificação Livre,19 de jan. de 2018,1781131509,8.7,,"Organizador, Agenda & Lista de tarefas, Bloco de Notas",https://play.google.com/store/apps/details?id=com.weeklyplannerapp.weekplan&hl=pt&gl=br,59,63,66,normal,813926,20534.91,73338.96,238351.63,45470.16,396030.39,245538.84,alta,25,4.6,88.0,8.0,"SerpAPI, ScrapingBee"
9,Produtividade,9,Planner Semanal - Diário,com.weeklyplannerapp.weekplan,Digital Legal Tech S.R.L.,appweeklyplanner@gmail.com,http://weekplan.pro,Produtividade,4.7453704,45252,948,5.000.000+,5000000,6615595,1,0,BRL,0,1,"R$ 6,99 – R$ 61,99 por item",Classificação Livre,19 de jan. de 2018,1781131509,8.7,,"Organizador, Agenda & Lista de tarefas, Bloco de Notas",https://play.google.com/store/apps/details?id=com.weeklyplannerapp.weekplan&hl=pt&gl=br,59,63,66,normal,813926,20534.91,73338.96,238351.63,45470.16,396030.39,245538.84,alta,25,4.6,88.0,8.0,"SerpAPI, ScrapingBee"
9,Notícias e Revistas,10,Estadão Notícias,com.fett.android.estadao,Estadão,falecom.estado@grupoestado.com.br,https://www.estadao.com.br/fale-conosco,Notícias e revistas,3.5649264,10217,4219,500.000+,500000,586320,1,0,BRL,1,1,"R$ 1,99 – R$ 99,90 por item",Classificação Livre,15 de out. de 2010,1781098531,10.13.00,,"Notícias nacionais e internacionais, com rapidez e credibilidade em um só lugar!",https://play.google.com/store/apps/details?id=com.fett.android.estadao&hl=pt&gl=br,84,36,66,pequeno/indie,58173,1280.97,4574.89,14868.39,2836.43,24704.4,15316.72,alta,25,2.04,16.0,64.0,"SerpAPI, ScrapingBee"
12,Personalização,5,Theme Launcher - Icons Center,com.launcheros.home.screen.theme.app,MOBINEST,Contact@mobinest.io.vn,https://themelauncher-app644.netlify.app,Personalização,1.8,299,18,100.000+,100000,418248,1,0,BRL,1,0,,Classificação Livre,4 de mar. de 2026,,Varies with device,,Seu iniciador de temas personalizado,https://play.google.com/store/apps/details?id=com.launcheros.home.screen.theme.app&hl=pt&gl=br,100,23,66,pequeno/indie,33967,9.89,35.31,114.76,16.95,190.67,91.52,média,18,1.0,0.0,100.0,"SerpAPI, ScrapingBee"
10,Produtividade,9,Planner Semanal - Diário,com.weeklyplannerapp.weekplan,Digital Legal Tech S.R.L.,appweeklyplanner@gmail.com,http://weekplan.pro,Produtividade,4.7453704,45251,948,5.000.000+,5000000,6615595,1,0,BRL,0,1,"R$ 6,99 – R$ 61,99 por item",Classificação Livre,19 de jan. de 2018,1781131509,8.7,,"Organizador, Agenda & Lista de tarefas, Bloco de Notas",https://play.google.com/store/apps/details?id=com.weeklyplannerapp.weekplan&hl=pt&gl=br,59,63,66,normal,813926,20534.91,73338.96,238351.63,45470.16,396030.39,245538.84,alta,25,4.6,88.0,8.0,"SerpAPI, ScrapingBee"
9,Negócios,1,HelloLeads - CRM de Vendas,com.appgodz.evh,Dextrasys Technologies Pvt Ltd,support@helloleads.io,https://www.helloleads.io,Negócios,4.3913045,1509,15,100.000+,100000,149249,1,0,BRL,0,0,,Classificação Livre,29 de abr. de 2016,1781776771,2.8.11,,"Acompanhe leads, clientes, acompanhamentos e gerencie o pipeline de vendas",https://play.google.com/store/apps/details?id=com.appgodz.evh&hl=pt&gl=br,100,53,66,pequeno/indie,13743,0.0,0.0,0.0,0.0,0.0,0.0,média,19,4.47,84.2,5.3,"SerpAPI, ScrapingBee"
1,Jogos de Trivia,13,Bible Trivia -Jogos de palavra,bible.trivia.quiz.question.answer.spelling.correct.knowledge.test.game,Topy Games,joygamellc@gmail.com,http://joygame.site,Conhecimentos,4.7462234,67346,5582,5.000.000+,5000000,8637326,1,0,BRL,1,1,"R$ 5,49 – R$ 269,99 por item",Classificação Livre,15 de out. de 2021,1779194733,3.1,,Bible Trivia: Jogue e fortaleça sua fé! +10.000 perguntas bíblicas offline.,https://play.google.com/store/apps/details?id=bible.trivia.quiz.question.answer.spelling.correct.knowledge.test.game&hl=pt&gl=br,59,62,66,normal,762072,72037.12,257275.45,836145.2,159510.78,1389287.4,861358.19,alta,25,4.8,96.0,4.0,"SerpAPI, ScrapingBee"
1,Jogos de Cartas,2,Jogo de cartas de Paciência,solitaire.card.classic.bgames,Degoo ltd,bestgame.android@gmail.com,https://www.6677g.com/,Cartas,4.804401,35467,891,5.000.000+,5000000,7954679,1,0,BRL,1,0,,Classificação Livre,2 de nov. de 2021,1778725822,2.4.8,,Relaxe e treine seu cérebro com este jogo de paciência!,https://play.google.com/store/apps/details?id=solitaire.card.classic.bgames&hl=pt&gl=br,59,61,66,normal,699183,759.75,2713.39,8818.52,1302.43,14652.3,7033.11,alta,25,4.28,80.0,16.0,"SerpAPI, ScrapingBee"
3,Personalização,5,Theme Launcher - Icons Center,com.launcheros.home.screen.theme.app,MOBINEST,Contact@mobinest.io.vn,https://themelauncher-app644.netlify.app,Personalização,1.8,299,18,100.000+,100000,418248,1,0,BRL,1,0,,Classificação Livre,4 de mar. de 2026,,Varies with device,,Seu iniciador de temas personalizado,https://play.google.com/store/apps/details?id=com.launcheros.home.screen.theme.app&hl=pt&gl=br,100,23,66,pequeno/indie,33967,9.89,35.31,114.76,16.95,190.67,91.52,média,18,1.0,0.0,100.0,"SerpAPI, ScrapingBee"
3,Notícias e Revistas,15,World Newspapers and Magazines,com.newsmedialists,NewsMediaLists,info@newsmedialists.com,http://www.newsmedialists.com/,Notícias e revistas,,,,10.000+,10000,29731,1,0,BRL,1,0,,Classificação Livre,18 de jun. de 2017,1773134286,4.7.0,,Um único aplicativo com jornais e revistas online de mais de 200 países e categorias.,https://play.google.com/store/apps/details?id=com.newsmedialists&hl=pt&gl=br,100,21,66,pequeno/indie,2073,1.12,3.99,12.97,1.92,21.55,10.34,média,2,3.0,0.0,0.0,"SerpAPI, ScrapingBee"
3,Notícias e Revistas,12,Estadão Notícias,com.fett.android.estadao,Estadão,falecom.estado@grupoestado.com.br,https://www.estadao.com.br/fale-conosco,Notícias e revistas,3.5649264,10217,4219,500.000+,500000,586320,1,0,BRL,1,1,"R$ 1,99 – R$ 99,90 por item",Classificação Livre,15 de out. de 2010,1781098531,10.13.00,,"Notícias nacionais e internacionais, com rapidez e credibilidade em um só lugar!",https://play.google.com/store/apps/details?id=com.fett.android.estadao&hl=pt&gl=br,84,36,66,pequeno/indie,58173,1280.97,4574.89,14868.39,2836.43,24704.4,15316.72,alta,25,2.04,16.0,64.0,"SerpAPI, ScrapingBee"
1,Jogos em Geral,2,Vendetta Online (MMORPG),com.guildsoftware.vendetta,"Guild Software, Inc.",support@guildsoftware.com,https://www.vendetta-online.com,RPG,3.37,18576,431,1.000.000+,1000000,1218522,1,0,BRL,0,1,"R$ 2,55 – R$ 509,99 por item",Classificação 10 anos,3 de mar. de 2011,1780632214,1.8.766,,Pilote naves espaciais em uma vasta galáxia online. MMO em 3D.,https://play.google.com/store/apps/details?id=com.guildsoftware.vendetta&hl=pt&gl=br,84,36,66,pequeno/indie,106712,37061.0,132360.72,430172.35,82063.65,714747.91,443143.7,alta,25,3.12,44.0,40.0,"SerpAPI, ScrapingBee"
3,Gastronomia,7,Receitas de comida de rua indi,com.minigamersclub.street.food.indian.chef,Mini Gamers Club,minigamersclub@gmail.com,https://www.minigamersclub.com/,RPG,,,,500.000+,500000,696102,1,0,BRL,1,0,,Classificação Livre,4 de jun. de 2020,1773056380,1.10,,Cozinhe como um chef profissional e gere a cozinha indiana do restaurante de com,https://play.google.com/store/apps/details?id=com.minigamersclub.street.food.indian.chef&hl=pt&gl=br,100,21,66,pequeno/indie,49362,95.78,342.08,1111.77,164.2,1847.24,886.68,média,1,5.0,100.0,0.0,"SerpAPI, ScrapingBee"
1,Notícias e Revistas,8,CNN Brasil,com.cnn.brasil,CNN Brasil,development@cnnbrasil.com.br,http://www.cnnbrasil.com.br,Notícias e revistas,3.6855524,3552,1610,500.000+,500000,851876,1,0,BRL,1,0,,Classificação Livre,15 de mar. de 2020,1766009725,4.3.1,,"Baixe agora e veja a diferença! Pense bem, pense CNN.",https://play.google.com/store/apps/details?id=com.cnn.brasil&hl=pt&gl=br,92,28,66,pequeno/indie,71816,20.9,74.65,242.62,35.83,403.13,193.5,média,25,3.12,52.0,48.0,"SerpAPI, ScrapingBee"
1,Notícias e Revistas,1,Estadão Notícias,com.fett.android.estadao,Estadão,falecom.estado@grupoestado.com.br,https://www.estadao.com.br/fale-conosco,Notícias e revistas,3.5649264,10217,4219,500.000+,500000,586320,1,0,BRL,1,1,"R$ 1,99 – R$ 99,90 por item",Classificação Livre,15 de out. de 2010,1781098531,10.13.00,,"Notícias nacionais e internacionais, com rapidez e credibilidade em um só lugar!",https://play.google.com/store/apps/details?id=com.fett.android.estadao&hl=pt&gl=br,84,36,66,pequeno/indie,58173,1280.97,4574.89,14868.39,2836.43,24704.4,15316.72,alta,25,2.04,16.0,64.0,"SerpAPI, ScrapingBee"
1,Música e Áudio,4,MusicTune - Music Player,com.stormlibs.musictune,Storm Libs Limited,cchavezquinncy@gmail.com,https://stormlibs.com/,Ferramentas,4.0761905,1529,85,1.000.000+,1000000,2356642,1,0,BRL,1,0,,Classificação Livre,28 de nov. de 2025,1782827070,1.3.3,,"MusicTune — Curta suas músicas favoritas a qualquer hora, em qualquer lugar!",https://play.google.com/store/apps/details?id=com.stormlibs.musictune&hl=pt&gl=br,87,68,66,pequeno/indie,250905,148.76,531.29,1726.7,255.02,2868.98,1377.11,média,25,3.2,52.0,40.0,"SerpAPI, ScrapingBee"
3,Entretenimento,24,Retro Reel: Old Films & Movies,com.retroreel.android,Retro Reel - Old Movies. Classic Hollywood Films.,retro.reel.app@gmail.com,https://www.retroreel.app,Entretenimento,3.770115,495,45,100.000+,100000,173200,1,0,BRL,1,0,,Classificação 16 anos,27 de jul. de 2021,1762265806,3.1,,Old movies app. See classic Hollywood films! HD prime video quality streaming 🍿,https://play.google.com/store/apps/details?id=com.retroreel.android&hl=pt&gl=br,100,21,66,pequeno/indie,13403,5.2,18.58,60.37,8.92,100.31,48.15,média,25,4.16,80.0,12.0,"SerpAPI, ScrapingBee"
3,Quadrinhos,8,Dashtoon: Comics & Manga,com.dashtoon.app,Dashverse Corp,tech@dashtoon.com,https://dashtoon.com/,Quadrinhos,3.6666667,16004,4,500.000+,500000,692112,1,0,BRL,0,1,"R$ 1,59 – R$ 1.049,99 por item",Classificação 12 anos,8 de mai. de 2023,1770916991,2.6.88,,"Descubra diversos gêneros! Talento de mangá, toque de Manhwa, globalizado para o mundo.",https://play.google.com/store/apps/details?id=com.dashtoon.app&hl=pt&gl=br,84,36,66,pequeno/indie,57723,752.92,2689.02,8739.3,1667.19,14520.69,9002.83,alta,6,4.17,83.3,16.7,"SerpAPI, ScrapingBee"
3,Beleza,23,ASMR Salon: Skincare & Makeup,com.makeupsalon.asmr.skincare,GameiFun - Educational games,rspatel6994@gmail.com,https://webclient.skenix.com,Simulador,,,,10.000+,10000,20672,1,0,BRL,1,0,,Classificação Livre,2 de jul. de 2025,1759831782,1.0.11,,Relaxante jogo ASMR de cuidados com a pele e maquiagem para meninas. Divirta-se no salão de beleza!,https://play.google.com/store/apps/details?id=com.makeupsalon.asmr.skincare&hl=pt&gl=br,100,20,66,pequeno/indie,1197,0.84,2.99,9.71,1.43,16.13,7.74,baixa,0,0.0,0.0,0.0,"SerpAPI, ScrapingBee"
3,Automóveis e Veículos,13,Simulador de ferro-velho,com.appscraft.junkyardsimulator,Appscraft Games,admin@appscraft.ru,,Simulador,3.4285715,226,2,100.000+,100000,148699,1,0,BRL,1,1,"R$ 5,49 – R$ 119,99 por item",Classificação Livre,22 de set. de 2023,1775214486,3.3,,Tente construir uma fábrica de ciclo completo para reciclar carros quebrados.,https://play.google.com/store/apps/details?id=com.appscraft.junkyardsimulator&hl=pt&gl=br,100,23,66,pequeno/indie,9697,381.84,1363.71,4432.05,845.5,7364.02,4565.69,média,4,3.5,50.0,25.0,"SerpAPI, ScrapingBee"
3,Arte e Design,13,HEAVYPAINT,com.HEAVYPOLY.HEAVYPAINT3,"HEAVYPOLY, Inc.",support@heavypoly.com,http://heavypaint.com,Arte e design,3.7,131,8,10.000+,10000,21159,1,0,BRL,0,1,"R$ 16,99 – R$ 114,99 por item",Classificação Livre,24 de nov. de 2024,,Varies with device,,Pintura digital bruta com pincéis exclusivos e caos de cores. Perfeito para o ar livre!,https://play.google.com/store/apps/details?id=com.HEAVYPOLY.HEAVYPAINT3&hl=pt&gl=br,100,20,66,pequeno/indie,1444,26.42,94.35,306.64,58.5,509.49,315.88,baixa,9,3.44,44.4,22.2,"SerpAPI, ScrapingBee"
1,Negócios,4,HelloLeads - CRM de Vendas,com.appgodz.evh,Dextrasys Technologies Pvt Ltd,support@helloleads.io,https://www.helloleads.io,Negócios,4.3913045,1509,15,100.000+,100000,149249,1,0,BRL,0,0,,Classificação Livre,29 de abr. de 2016,1781776771,2.8.11,,"Acompanhe leads, clientes, acompanhamentos e gerencie o pipeline de vendas",https://play.google.com/store/apps/details?id=com.appgodz.evh&hl=pt&gl=br,100,53,66,pequeno/indie,13743,0.0,0.0,0.0,0.0,0.0,0.0,média,19,4.47,84.2,5.3,"SerpAPI, ScrapingBee"
29,Personalização · Ícones e Temas,16,Icon Packer,cn.ommiao.iconpacker,oMMiao2022,ommiao@foxmail.com,https://ommiao.github.io/IconPackerDocs/,Personalização,,,,10.000+,10000,30467,1,0,BRL,0,1,"R$ 1,09 – R$ 7,49 por item",Classificação Livre,10 de jun. de 2023,1772008826,1.21.0-release,,Crie seu pacote de ícones a qualquer hora e em qualquer lugar.,https://play.google.com/store/apps/details?id=cn.ommiao.iconpacker&hl=pt&gl=br,100,19,65,pequeno/indie,2127,3.51,12.55,40.79,7.78,67.78,42.02,média,4,5.0,100.0,0.0,"SerpAPI, Firecrawl"
29,Personalização · Launchers,17,ap15 Launcher,com.aurhe.ap15,Apseren Industries,apseren@gmail.com,,Personalização,4.52,16369,145,1.000.000+,1000000,2073613,1,0,BRL,0,1,"R$ 3,59 – R$ 35,99 por item",Classificação Livre,31 de mai. de 2015,1769614217,Varies with device,,Minimalistic Launcher,https://play.google.com/store/apps/details?id=com.aurhe.ap15&hl=pt&gl=br,75,43,65,pequeno/indie,201107,1532.27,5472.38,17785.24,3392.88,29550.86,18321.53,alta,25,4.32,80.0,12.0,"SerpAPI, Firecrawl"
29,Negócios · RH e Gestão de Equipe,15,Control RH - Controle de ponto,com.connect.rh,ConnectCorp - Sistemas,contato@connectcorp.com.br,http://www.connectcorp.com.br/,Produtividade,4.75,1021,46,10.000+,10000,16383,1,0,BRL,0,0,,Classificação Livre,17 de mai. de 2023,1783011514,1.6.5,,Serviço de controle de ponto e horas trabalhadas.,https://play.google.com/store/apps/details?id=com.connect.rh&hl=pt&gl=br,100,58,65,pequeno/indie,1452,0.0,0.0,0.0,0.0,0.0,0.0,baixa,25,3.28,52.0,36.0,"SerpAPI, Firecrawl"
23,"Busca: ""rifa""",31,JPS A SU ALCANCE,io.pixelcr.jps,Junta de Protección Social,info@jps.go.cr,http://www.jps.go.cr,Entretenimento,,,,500.000+,500000,981283,1,0,BRL,1,0,,Classificação Livre,21 de jun. de 2019,1777410656,3.8.11,,JPS AO SEU ALCANCE PARA A LOTERIA NACIONAL ATIVA,https://play.google.com/store/apps/details?id=io.pixelcr.jps&hl=pt&gl=br,92,24,65,pequeno/indie,83328,44.91,160.41,521.32,77.0,866.2,415.78,média,3,1.67,0.0,66.7,"SerpAPI, Brave Search, Firecrawl, DevSite:Firecrawl"
20,"Busca: ""wallet""",24,Kraken Wallet: Crypto & NFT,com.kraken.superwallet,"Payward, Inc.",wallet@kraken.com,https://kraken.com/wallet,Finanças,4.340909,2911,13,100.000+,100000,273393,1,0,BRL,0,0,,Classificação Livre,11 de abr. de 2024,1780490484,1.29.1 (1),,"Carteira NFT, DeFi e criptografia para negociação | Armazene Bitcoin, Ethereum, Solana",https://play.google.com/store/apps/details?id=com.kraken.superwallet&hl=pt&gl=br,100,51,65,pequeno/indie,21698,0.0,0.0,0.0,0.0,0.0,0.0,média,13,3.92,76.9,23.1,"SerpAPI, Firecrawl"
1,Jogos Casuais,10,A Little to the Left,com.SecretModeLimited.ALittletotheLeft,Secret Mode Ltd,support@maxinferno.com,https://www.maxinferno.com/,Quebra-cabeças,4.45,7544,95,1.000.000+,1000000,2297787,1,0,BRL,0,1,"R$ 34,90 por item",Classificação Livre,2 de out. de 2024,1774018229,3.6.1,,"Jogo de quebra-cabeça desafiador! Relaxe enquanto separa, empilha e arruma objetos.",https://play.google.com/store/apps/details?id=com.SecretModeLimited.ALittletotheLeft&hl=pt&gl=br,69,48,65,normal,173071,3044.27,10872.38,35335.23,6740.87,58710.84,36400.72,alta,25,3.44,60.0,36.0,"SerpAPI, ScrapingBee"
1,Jogos Arcade,7,Retro Games (Arcade),com.retro64.retrogames,Sahlaoui Mustpha,pirimipirimi@gmail.com,https://retroteam2025.github.io,Arcade,4.527174,15108,888,1.000.000+,1000000,2168641,1,0,BRL,1,1,"R$ 21,99 por item",Classificação Livre,23 de jan. de 2025,1744433478,1.2.2,,Este é um emulador para jogos retrô (arcade),https://play.google.com/store/apps/details?id=com.retro64.retrogames&hl=pt&gl=br,79,38,65,pequeno/indie,179169,1887.62,6741.49,21909.85,4179.73,36404.07,22570.52,alta,25,4.4,88.0,12.0,"SerpAPI, ScrapingBee"
1,Jogos Arcade,5,Jetpack Joyride Classic,com.halfbrick.jetpack.classic,Halfbrick Studios,jetpacksupport@halfbrick.com,http://www.halfbrick.com/our-games/jetpack-joyride/,Arcade,3.31,3231,147,1.000.000+,1000000,1092705,1,0,BRL,0,1,"R$ 4,90 – R$ 198,90 por item",Classificação Livre,17 de out. de 2023,1772404227,1.2.20,,Diversão clássica de voar alto!,https://play.google.com/store/apps/details?id=com.halfbrick.jetpack.classic&hl=pt&gl=br,92,25,65,pequeno/indie,79305,4978.04,17778.72,57780.84,11022.81,96005.08,59523.15,média,25,2.72,40.0,56.0,"SerpAPI, ScrapingBee"
3,Estilo de Vida,5,Rotina.app - Hábitos e rotinas,com.alarmrotina_app,FielDesigner,fieldesigner@gmail.com,https://rotina.app,Estilo de vida,4.338028,71,40,10.000+,10000,12512,1,0,BRL,1,1,"R$ 2,99 por item",Classificação Livre,16 de out. de 2020,,Varies with device,,"Mantenha sua rotina diária e hábitos em dia, nosso app avisa no horário certo.",https://play.google.com/store/apps/details?id=com.alarmrotina_app&hl=pt&gl=br,100,17,65,pequeno/indie,825,1.0,3.59,11.66,2.22,19.37,12.01,baixa,25,4.16,72.0,12.0,"SerpAPI, ScrapingBee"
1,Redes Sociais,10,WN Social (Worldnoor),com.ogoul.worldnoor,Posh Enterprise Inc.,info@poshenterpriseinc.com,https://wnsocial.com,Social,3.9142857,2960,13,1.000.000+,1000000,1854544,1,0,BRL,1,0,,Classificação 12 anos,8 de set. de 2020,1777000846,2.5.8,,Junte-se a uma plataforma de mídia social que respeita sua privacidade e liberdade de expressão,https://play.google.com/store/apps/details?id=com.ogoul.worldnoor&hl=pt&gl=br,77,39,65,pequeno/indie,162610,87.65,313.03,1017.33,150.25,1690.34,811.36,média,15,3.2,46.7,33.3,"SerpAPI, ScrapingBee"
1,Comunicação,2,Comunicação Infantil: Autismo,com.dmwaresolutions.meuabinha,dmmdev,dmwaresolutionsofficial@gmail.com,https://www.dmwaresolutions.com/,Comunicação,4.0,14,4,5.000+,5000,6972,1,0,BRL,1,1,"R$ 7,90 por item",Classificação Livre,21 de fev. de 2025,1765848500,2.5.5,,"Apoio no autismo infantil com comunicação alternativa, timer e fichas visuais.",https://play.google.com/store/apps/details?id=com.dmwaresolutions.meuabinha&hl=pt&gl=br,100,19,65,pequeno/indie,442,1.14,4.07,13.23,2.52,21.99,13.63,baixa,4,3.5,75.0,25.0,"SerpAPI, ScrapingBee"
29,Personalização · Launchers,21,Material Pixel Launcher Lock,dev.dworks.apps.alauncher,DWorkS,support@dworks.io,https://dworks.io,Personalização,3.81,2147,54,100.000+,100000,456392,1,0,BRL,0,1,"R$ 14,99 por item",Classificação Livre,1 de set. de 2018,1749447901,2.5.3,,"Iniciador inicial para personalizar, personalizar, mais rápido, fácil e leve",https://play.google.com/store/apps/details?id=dev.dworks.apps.alauncher&hl=pt&gl=br,100,13,64,pequeno/indie,37238,154.73,552.62,1796.03,342.63,2984.17,1850.19,média,25,3.72,64.0,24.0,"SerpAPI, Firecrawl"
29,Personalização · Papéis de Parede,10,Backdrops - Papéis de Parede,com.backdrops.wallpapers,Backdrops Dev LLC,support@backdrops.io,https://www.backdrops.io,Personalização,4.730909,82748,779,5.000.000+,5000000,6394151,1,0,BRL,1,1,"R$ 3,19 – R$ 50,99 por item",Classificação Livre,27 de out. de 2015,1784310402,6.1.2,,Seja bem-vindo ao novo aplicativo de papéis de parede favoritos.,https://play.google.com/store/apps/details?id=com.backdrops.wallpapers&hl=pt&gl=br,49,66,64,crescendo,654528,5199.57,18569.9,60352.17,11513.34,100277.46,62172.02,alta,25,4.12,76.0,16.0,"SerpAPI, Firecrawl"
29,Negócios · Nota Fiscal e Contabilidade,3,Emitir Nota Fiscal Serviço MEI,com.emitirnfse.appemitirnfse,Mundo de Códigos,allanemp@gmail.com,https://enchanting-sherbet-1c6c59.netlify.app,Negócios,2.1078432,213,142,50.000+,50000,82604,1,0,BRL,1,0,,Classificação Livre,7 de ago. de 2024,1765924417,2.0.0,,Emitir Nota Fiscal de Serviço,https://play.google.com/store/apps/details?id=com.emitirnfse.appemitirnfse&hl=pt&gl=br,100,12,64,pequeno/indie,6126,3.4,12.16,39.52,5.84,65.66,31.51,baixa,25,1.68,16.0,84.0,"SerpAPI, Firecrawl"
20,"Busca: ""wallet""",47,CoolWallet,com.coolbitx.cwsapp,CoolBitX Technology,support@coolbitx.com,http://coolwallet.io,Finanças,4.03125,3084,12,100.000+,100000,133728,1,0,BRL,0,0,,Classificação Livre,1 de dez. de 2017,1784025255,4.26.1,,Carteira Web3 descentralizada.,https://play.google.com/store/apps/details?id=com.coolbitx.cwsapp&hl=pt&gl=br,100,45,64,pequeno/indie,12238,0.0,0.0,0.0,0.0,0.0,0.0,média,12,3.33,41.7,33.3,"SerpAPI, Firecrawl"
20,"Busca: ""wallet""",30,OKX Wallet: Portal para Web3,com.okx.wallet,OKX Technology Inc.,developer.bs@okx.com,,Finanças,4.174603,2122,26,500.000+,500000,859316,1,0,BRL,0,0,,Classificação Livre,21 de mar. de 2025,1783937750,6.180.0,,"Gerencie e faça trading com BTC, ETH e outras cripto facilmente — Carteira Web3",https://play.google.com/store/apps/details?id=com.okx.wallet&hl=pt&gl=br,88,56,64,pequeno/indie,86971,0.0,0.0,0.0,0.0,0.0,0.0,média,25,3.56,56.0,28.0,"SerpAPI, Firecrawl"
20,"Busca: ""wallet""",15,"Gem Wallet: Bitcoin, USDT, BNB",com.gemwallet.android,Gem Wallet LLC,support@gemwallet.com,https://gemwallet.com,Finanças,4.2413793,3483,15,100.000+,100000,195177,1,0,BRL,0,0,,Classificação Livre,26 de jun. de 2023,1784071176,2.102,,"Carteira criptográfica segura para mais de 100 blockchains - Bitcoin, USDT",https://play.google.com/store/apps/details?id=com.gemwallet.android&hl=pt&gl=br,100,45,64,pequeno/indie,18246,0.0,0.0,0.0,0.0,0.0,0.0,média,17,4.06,76.5,23.5,"SerpAPI, Firecrawl"
17,"Busca: ""puzzle""",20,Everyday Puzzles: Mini Games,com.fanatee.keep,"Fanatee, Inc.",ep@fanatee.com,https://fanatee.com,Conhecimentos,4.6374927,79268,2087,5.000.000+,5000000,9556171,1,0,BRL,1,1,"R$ 0,90 – R$ 53,99 por item",Classificação Livre,5 de nov. de 2021,1783369024,13.4.1,,"Vários jogos de palavra em 1 app! Jogue seu favorito: Cruzadinha, Senha, Hashtag",https://play.google.com/store/apps/details?id=com.fanatee.keep&hl=pt&gl=br,49,65,64,crescendo,,,,,,,,,,,,,
9,Quadrinhos,6,Mangamo Manga & Comics,com.mangamo.app,Mangamo,contact@mangamo.com,https://www.mangamo.com,Quadrinhos,2.56,1559,67,500.000+,500000,945216,1,0,BRL,0,1,"R$ 9,99 – R$ 999,99 por item",Classificação 14 anos,10 de nov. de 2020,1772514989,1.229.4,,"Leia oficialmente títulos de mangá do Japão, incluindo Attack on Titan",https://play.google.com/store/apps/details?id=com.mangamo.app&hl=pt&gl=br,92,23,64,pequeno/indie,80112,15575.48,55626.72,180786.84,34488.57,300384.29,186238.26,média,25,1.28,8.0,92.0,"SerpAPI, ScrapingBee"
3,Esportes,13,"Onze Futebol: Notícias, Placar",com.onesports.global,Eleven11 Team,support@kscore.com,https://www.eleven11app.com/,Esportes,4.3069305,1574,84,1.000.000+,1000000,1022768,1,0,BRL,0,0,,Classificação Livre,27 de nov. de 2023,1782384902,3.0.5,,"Sem anúncios. Placar rápido, notícias, escalações, estatísticas e tabelas.",https://play.google.com/store/apps/details?id=com.onesports.global&hl=pt&gl=br,92,53,64,pequeno/indie,104442,0.0,0.0,0.0,0.0,0.0,0.0,média,25,4.64,88.0,8.0,"SerpAPI, ScrapingBee"
3,Redes Sociais,3,All Social Media In One App,com.allsocialmediaapp.fastechpointapp,Flash TechApp,agbamorovictoria@gmail.com,https://mytechmediapoint.blogspot.com/,Social,3.7,1133,22,100.000+,100000,197609,1,0,BRL,1,0,,Classificação Livre,24 de mai. de 2024,,Varies with device,,"Menos espaço, todos os aplicativos de mídia social em um aplicativo 2024, redes sociais em um só",https://play.google.com/store/apps/details?id=com.allsocialmediaapp.fastechpointapp&hl=pt&gl=br,100,12,64,pequeno/indie,15405,5.98,21.35,69.39,10.25,115.3,55.34,média,24,3.62,58.3,29.2,"SerpAPI, ScrapingBee"
1,Jogos Educacionais,13,Keiki Jogos Crianças 4 anos,gen.tech.keiki.world.learning,Benipol Limited,support@keiki.app,https://keiki.app/,Educativos,4.667513,90871,233,5.000.000+,5000000,5825409,1,0,BRL,0,1,"R$ 18,99 – R$ 379,99 por item",Classificação Livre,14 de ago. de 2020,1781797956,10.11.2,,Jogos educativos para crianças 3-5 - aprender letras! Jogos infantis 6 anos,https://play.google.com/store/apps/details?id=gen.tech.keiki.world.learning&hl=pt&gl=br,49,64,64,normal,605591,81860.53,292359.02,950166.82,181262.59,1578738.72,978818.0,alta,25,3.88,72.0,24.0,"SerpAPI, ScrapingBee"
1,Jogos Educacionais,4,3 Palavrinhas Jogos Educativos,com.ticjoy.palavrinhas,Ticjoy,3palavrinhasgames@gmail.com,http://ticjoy.com.br,Casuais,3.9,1066,466,500.000+,500000,837634,1,0,BRL,1,0,,Classificação Livre,20 de set. de 2022,1730548864,1.7.61,,Baixe o aplicativo de jogos educativos da Turminha do 3 Palavrinhas,https://play.google.com/store/apps/details?id=com.ticjoy.palavrinhas&hl=pt&gl=br,100,12,64,pequeno/indie,59971,28.94,103.37,335.96,49.62,558.2,267.94,média,25,3.52,64.0,32.0,"SerpAPI, ScrapingBee"
1,Jogos de Aventura,9,Starlit Adventures,com.rockhead.starlit,Rockhead Games,contact@rockheadgames.com,http://www.starlitadventures.com,Aventura,4.7595906,65514,14709,1.000.000+,1000000,2103156,1,0,BRL,0,1,"R$ 2,50 – R$ 129,99 por item",Classificação Livre,13 de mai. de 2015,1764249711,4.7,,"Descubra mundos fantásticos, enfrente criaturas e resolva puzzles!",https://play.google.com/store/apps/details?id=com.rockhead.starlit&hl=pt&gl=br,69,46,64,normal,173497,5097.53,18205.45,59167.7,11287.38,98309.41,60951.83,alta,25,4.88,100.0,0.0,"SerpAPI, ScrapingBee"
1,Viagens e Localização,11,Hostelworld: Hostel Travel App,com.hostelworld.app,Hostelworld.com Limited,mobilesupport@hostelworld.com,http://www.hostelworld.com,Viagem e Turismo,4.828179,78044,470,5.000.000+,5000000,9567074,1,0,BRL,0,1,"R$ 29,90 – R$ 349,90 por item",Classificação Livre,24 de mai. de 2011,1782988094,9.102.0,,O aplicativo de viagens líder mundial de viagens para mochileiros,https://play.google.com/store/apps/details?id=com.hostelworld.app&hl=pt&gl=br,49,65,64,crescendo,1197283,96288.73,343888.33,1117637.08,213210.77,1856997.0,1151338.14,alta,25,3.8,68.0,28.0,"SerpAPI, ScrapingBee"
1,Redes Sociais,1,All Social Media In One App,com.allsocialmediaapp.fastechpointapp,Flash TechApp,agbamorovictoria@gmail.com,https://mytechmediapoint.blogspot.com/,Social,3.7,1133,22,100.000+,100000,197609,1,0,BRL,1,0,,Classificação Livre,24 de mai. de 2024,,Varies with device,,"Menos espaço, todos os aplicativos de mídia social em um aplicativo 2024, redes sociais em um só",https://play.google.com/store/apps/details?id=com.allsocialmediaapp.fastechpointapp&hl=pt&gl=br,100,12,64,pequeno/indie,15405,5.98,21.35,69.39,10.25,115.3,55.34,média,24,3.62,58.3,29.2,"SerpAPI, ScrapingBee"
3,Saúde e Fitness,6,Gym Faction: Fitness Diet App,com.thegymfiction.app,bajarangisoft,contactus.thegymfaction@gmail.com,https://thegymfaction.com/,Saúde e fitness,,,,10.000+,10000,43732,1,0,BRL,1,0,,Classificação Livre,29 de jun. de 2024,,Varies with device,,"Perca gordura, ganhe massa muscular e entre em forma rapidamente com treino e dieta personalizados.",https://play.google.com/store/apps/details?id=com.thegymfiction.app&hl=pt&gl=br,100,12,64,pequeno/indie,3122,1.65,5.9,19.18,2.83,31.87,15.3,baixa,0,0.0,0.0,0.0,"SerpAPI, ScrapingBee"
1,Personalização,11,ARC Launcher® 2024 e temas 4D,apptech.arc,AppTech Launcher Studios Inc,thearclauncher@gmail.com,http://www.arclauncher.com,Personalização,4.6369786,104589,4226,1.000.000+,1000000,3978589,1,0,BRL,1,1,"R$ 16,99 por item",Classificação Livre,12 de mar. de 2018,1780712454,50.5,,"O Arc Launcher torna sua tela inicial extremamente rápida, elegante, fácil e seg",https://play.google.com/store/apps/details?id=apptech.arc&hl=pt&gl=br,49,63,64,normal,477893,3755.92,13413.99,43595.47,8316.67,72435.55,44910.04,alta,25,4.52,88.0,8.0,"SerpAPI, ScrapingBee"
1,Notícias e Revistas,3,Alternative News - other news,it.pinenuts.altrastampa,Pinenuts Android Developers,pinenutsdev@gmail.com,https://alternativenews.pinenutsdev.com/,Notícias e revistas,,,,10.000+,10000,25848,1,0,BRL,1,0,,Classificação Livre,12 de nov. de 2012,1766138450,2.2.3p,,Explore notícias de fontes alternativas fora do mainstream.,https://play.google.com/store/apps/details?id=it.pinenuts.altrastampa&hl=pt&gl=br,100,14,64,pequeno/indie,1786,0.69,2.48,8.05,1.19,13.37,6.42,baixa,1,5.0,100.0,0.0,"SerpAPI, ScrapingBee"
1,Saúde e Fitness,5,"Fitness Treino: Casa, Academia",fitness.online.app,FITNESS ONLINE LLC,info@fitnessonline.app,https://fitnessonline.app,Saúde e fitness,4.8942842,81424,5898,5.000.000+,5000000,9311919,1,0,BRL,0,1,"R$ 14,90 – R$ 139,99 por item",Classificação 14 anos,26 de jan. de 2018,1782715631,2.25.0,,App com exercícios grátis de musculação em gym e workout feminino para emagrecer,https://play.google.com/store/apps/details?id=fitness.online.app&hl=pt&gl=br,49,65,64,crescendo,1163909,52055.23,185911.55,604212.54,115265.16,1003922.38,622431.88,alta,25,4.48,88.0,8.0,"SerpAPI, ScrapingBee"
1,Saúde e Fitness,4,Gym Faction: Fitness Diet App,com.thegymfiction.app,bajarangisoft,contactus.thegymfaction@gmail.com,https://thegymfaction.com/,Saúde e fitness,,,,10.000+,10000,43732,1,0,BRL,1,0,,Classificação Livre,29 de jun. de 2024,,Varies with device,,"Perca gordura, ganhe massa muscular e entre em forma rapidamente com treino e dieta personalizados.",https://play.google.com/store/apps/details?id=com.thegymfiction.app&hl=pt&gl=br,100,12,64,pequeno/indie,3122,1.65,5.9,19.18,2.83,31.87,15.3,baixa,0,0.0,0.0,0.0,"SerpAPI, ScrapingBee"
1,Eventos,9,Santo Show - Ingressos,app.novaoito.santoshow,Youzoom Soluções Web,santoshowinfo@gmail.com,https://ingressos.santoshow.com.br,Compras,5.0,6,2,5.000+,5000,8372,1,0,BRL,0,0,,Classificação Livre,16 de jun. de 2025,1775746282,2.0.4,,Compre e acesse ingressos dos eventos Santo Show no seu celular!,https://play.google.com/store/apps/details?id=app.novaoito.santoshow&hl=pt&gl=br,100,55,64,pequeno/indie,591,0.0,0.0,0.0,0.0,0.0,0.0,baixa,2,5.0,100.0,0.0,"SerpAPI, ScrapingBee"
3,Automóveis e Veículos,5,Vehicle Maintenance Log,com.jtnrdev.vehiclemaintenance,JtnrDev,jtnrdev@gmail.com,https://vehiclemaintenancelogs.com/,Veículos,,,,50.000+,50000,57739,1,0,BRL,0,1,"R$ 26,00 por item",Classificação Livre,3 de jul. de 2025,,Varies with device,,Organize a manutenção e revisões de seus veículos e motos em um só lugar.,https://play.google.com/store/apps/details?id=com.jtnrdev.vehiclemaintenance&hl=pt&gl=br,100,12,64,pequeno/indie,4192,30.22,107.92,350.74,66.91,582.77,361.32,baixa,1,2.0,0.0,100.0,"SerpAPI, ScrapingBee"
1,Automóveis e Veículos,11,Vehicle Maintenance Log,com.jtnrdev.vehiclemaintenance,JtnrDev,jtnrdev@gmail.com,https://vehiclemaintenancelogs.com/,Veículos,,,,50.000+,50000,57739,1,0,BRL,0,1,"R$ 26,00 por item",Classificação Livre,3 de jul. de 2025,,Varies with device,,Organize a manutenção e revisões de seus veículos e motos em um só lugar.,https://play.google.com/store/apps/details?id=com.jtnrdev.vehiclemaintenance&hl=pt&gl=br,100,12,64,pequeno/indie,4192,30.22,107.92,350.74,66.91,582.77,361.32,baixa,1,2.0,0.0,100.0,"SerpAPI, ScrapingBee"
1,Automóveis e Veículos,7,CarTracker: Manutenção Carro,com.adr.cartracker,Auto AI Solutions,apps.visiting277@aleeas.com,https://cartracker-9674c.web.app,Veículos,,,,1.000+,1000,1976,1,0,BRL,1,1,"R$ 13,99 – R$ 23,99 por item",Classificação Livre,13 de jan. de 2026,1782686643,8.4.9,,"Economize na revisão com Mecânico IA, diário de abastecimento e lembretes.",https://play.google.com/store/apps/details?id=com.adr.cartracker&hl=pt&gl=br,100,55,64,pequeno/indie,137,1.19,4.24,13.77,2.63,22.89,14.19,baixa,2,4.5,100.0,0.0,"SerpAPI, ScrapingBee"
29,Personalização · Launchers,13,ARC Launcher® 2024 e temas 4D,apptech.arc,AppTech Launcher Studios Inc,thearclauncher@gmail.com,http://www.arclauncher.com,Personalização,4.6373873,104602,4226,1.000.000+,1000000,3981839,1,0,BRL,1,1,"R$ 16,99 por item",Classificação Livre,12 de mar. de 2018,1780712454,50.5,,"O Arc Launcher torna sua tela inicial extremamente rápida, elegante, fácil e seg",https://play.google.com/store/apps/details?id=apptech.arc&hl=pt&gl=br,49,62,63,normal,398585,3132.61,11187.89,36360.65,6936.49,60414.62,37457.07,alta,25,4.52,88.0,8.0,"SerpAPI, Firecrawl"
29,Negócios · Nota Fiscal e Contabilidade,22,Fatura e Recibo,com.invoiceapp,Tacktile Systems Private Limited,support@tacktilesystems.com,http://www.simpleinvoicemanager.com,Negócios,4.5625,36341,683,5.000.000+,5000000,5813735,1,0,BRL,0,1,"R$ 9,36 – R$ 69,99 por item",Classificação Livre,21 de ago. de 2014,1784122492,5.0.68,,Gerar Faturas & Estimates. Pagamentos gravar e enviar recibos,https://play.google.com/store/apps/details?id=com.invoiceapp&hl=pt&gl=br,49,59,63,normal,710966,22805.84,81449.42,264710.6,50498.64,439826.85,272692.65,alta,25,4.88,100.0,0.0,"SerpAPI, Firecrawl"
30,Arte e Design · Livros de Colorir,23,Paint By Number Coloring Book,paint.numbers.android,Go Color By Number,painthouseclub@gmail.com,https://v990b56f4.app-ads-txt.com,Entretenimento,3.85,243,7,50.000+,50000,51808,1,0,BRL,1,1,"R$ 43,99 por item",Classificação Livre,26 de jan. de 2022,,Varies with device,,Paint By Number Coloring Book & Color by Number relaxa o jogo colorido para adultos.,https://play.google.com/store/apps/details?id=paint.numbers.android&hl=pt&gl=br,100,9,63,pequeno/indie,3737,47.03,167.95,545.85,104.13,906.96,562.31,baixa,7,3.0,42.9,42.9,"SerpAPI, Firecrawl"
22,"Busca: ""carteira""",23,Carteira Digital - Cofecon,br.com.thomasgreg.carteira_digital.cofecon,Conselho Federal de Economia,cofecon@cofecon.org.br,https://www.cofecon.org.br/,Negócios,4.4950495,737,98,5.000+,5000,9538,1,0,BRL,0,0,,Classificação Livre,2 de mai. de 2024,1782325389,1.1.14,,Carteira digital do documento e captura de dados biométricos,https://play.google.com/store/apps/details?id=br.com.thomasgreg.carteira_digital.cofecon&hl=pt&gl=br,100,51,63,pequeno/indie,741,0.0,0.0,0.0,0.0,0.0,0.0,baixa,96,3.28,56.2,37.5,"SerpAPI, Brave Search, Firecrawl, DevSite:Firecrawl"
21,"Busca: ""crypto wallet""",27,ECOIN: Cripto & Bitcoin Wallet,org.ecoinwallet,Ecoin Ecosystem LTDA,support@ecoinwallet.org,https://ecoinwallet.org,Finanças,4.685185,132,44,10.000+,10000,11942,1,0,BRL,0,0,,Classificação Livre,21 de jan. de 2024,1778879181,1.8.7,,"Sua carteira cripto segura que suporta: BTC, ETH, SOL, BNB, XLM. NFT, Dapps etc.",https://play.google.com/store/apps/details?id=org.ecoinwallet&hl=pt&gl=br,100,50,63,pequeno/indie,,,,,,,,,,,,,
20,"Busca: ""wallet""",44,"Bifrost Wallet - XRP, FLR, ETH",com.bifrostwallet.app,Bifrost Software Ltd,support@bifrostwallet.com,https://bifrostwallet.com,Finanças,4.142857,980,5,100.000+,100000,173635,1,0,BRL,0,0,,Classificação Livre,9 de set. de 2021,1784126109,0.7.54,,"Carteira de criptomoedas segura para as blockchains Flare, XRP Ledger, Ethereum e UTXO.",https://play.google.com/store/apps/details?id=com.bifrostwallet.app&hl=pt&gl=br,100,43,63,pequeno/indie,16126,0.0,0.0,0.0,0.0,0.0,0.0,média,5,4.2,80.0,20.0,"SerpAPI, Firecrawl"
19,"Busca: ""carteira digital""",4,Carteira Digital - Cofecon,br.com.thomasgreg.carteira_digital.cofecon,Conselho Federal de Economia,cofecon@cofecon.org.br,https://www.cofecon.org.br/,Negócios,4.4950495,737,98,5.000+,5000,9538,1,0,BRL,0,0,,Classificação Livre,2 de mai. de 2024,1782325389,1.1.14,,Carteira digital do documento e captura de dados biométricos,https://play.google.com/store/apps/details?id=br.com.thomasgreg.carteira_digital.cofecon&hl=pt&gl=br,100,51,63,pequeno/indie,741,0.0,0.0,0.0,0.0,0.0,0.0,baixa,25,3.44,56.0,32.0,"SerpAPI, Firecrawl"
11,Personalização,18,Lançador OS - Temas e Ícones,com.asianmobile.launcheros,TextSoft.Studio,teammarketing@lutech.ltd,https://lutech.vn/app-ads.txt,Personalização,4.5706873,59198,2466,5.000.000+,5000000,9911610,1,0,BRL,1,1,"R$ 1,29 – R$ 139,99 por item",Classificação Livre,5 de dez. de 2024,1783065229,73,,"Transforme seu Android com launcher elegante, tela inicial, temas & widgets",https://play.google.com/store/apps/details?id=com.asianmobile.launcheros&hl=pt&gl=br,49,59,63,normal,1242411,37993.05,135689.47,440990.77,84127.47,732723.12,454288.34,alta,25,4.68,92.0,4.0,"SerpAPI, ScrapingBee"
1,Jogos de Palavras,13,Caça Palavras português,com.tellmewow.senior.word.search,Senior Games,silverseniorgames@gmail.com,https://tellmewow.com,Palavras,4.47286,98305,4389,5.000.000+,5000000,9767561,1,0,BRL,1,1,"R$ 3,09 – R$ 134,99 por item",Classificação Livre,26 de jun. de 2018,1773644944,4.2.6,,Jogo de busca de palavras em Português: aprenda vocabulário e construa palavras,https://play.google.com/store/apps/details?id=com.tellmewow.senior.word.search&hl=pt&gl=br,59,50,63,normal,787882,34363.71,122727.52,398864.44,76091.06,662728.61,410891.74,alta,25,4.56,88.0,8.0,"SerpAPI, ScrapingBee"
1,Jogos de Estratégia,22,Risk of war: Wartime Glory,com.sandstormi.bloodhonor,Buldogo Games,contact@buldogo.games,https://wartimeglory.buldogo.games,Tabuleiros,4.505365,79500,2585,5.000.000+,5000000,6264988,1,0,BRL,1,1,"R$ 1,39 – R$ 549,99 por item",Classificação 10 anos,17 de out. de 2013,1782907726,5.95,,Estrategia de conquista global - Jogo de guerra e batalha multiplayer - War!,https://play.google.com/store/apps/details?id=com.sandstormi.bloodhonor&hl=pt&gl=br,49,59,63,normal,653509,122861.72,438791.86,1426073.54,272050.95,2369476.04,1469075.15,alta,25,3.64,68.0,32.0,"SerpAPI, ScrapingBee"
1,Jogos de Simulação,7,RioRise－Jogo Simulador De Vida,com.roleplay.riorise,Novabits Games,support@riorise.online,https://riorise.online,RPG,4.5831137,28987,8875,5.000.000+,5000000,8529701,1,0,BRL,0,1,"R$ 10,90 – R$ 555,90 por item",Classificação 10 anos,1 de set. de 2025,1782809843,4.8.2,,Explore a cidade em um jogo de aventura e corrida de carros multiplayer!,https://play.google.com/store/apps/details?id=com.roleplay.riorise&hl=pt&gl=br,49,59,63,normal,902570,346644.73,1238016.89,4023554.88,767570.47,6685291.19,4144880.54,alta,25,4.12,76.0,20.0,"SerpAPI, ScrapingAnt"
3,Ferramentas,18,Creality Cloud Lite,com.cxsw.applite,Creality Cloud,dev@creality.com,,Ferramentas,4.037037,467,7,10.000+,10000,47612,1,0,BRL,0,0,,Classificação Livre,21 de jan. de 2024,1772537018,3.2.0,,"Impressão 3D, Impressora 3D com controle remoto, Visualizador 3D, Monitoramento remoto,",https://play.google.com/store/apps/details?id=com.cxsw.applite&hl=pt&gl=br,100,43,63,pequeno/indie,3417,0.0,0.0,0.0,0.0,0.0,0.0,baixa,7,3.86,71.4,28.6,"SerpAPI, ScrapingBee"
3,Esportes,15,TheyScored: Resultados Futebol,com.tseo.theyscored,TSEOLTD,support@theyscored.com,,Esportes,4.4210525,3075,10,1.000.000+,1000000,1060536,1,0,BRL,0,0,,Classificação Livre,22 de set. de 2023,1724798810,1.7,,Segue equipas de futebol mundiais ao minuto e apoia o Flamengo e o Palmeiras!,https://play.google.com/store/apps/details?id=com.tseo.theyscored&hl=pt&gl=br,88,23,63,pequeno/indie,90416,0.0,0.0,0.0,0.0,0.0,0.0,baixa,25,4.68,92.0,8.0,"SerpAPI, ScrapingBee"
1,Jogos em Geral,19,RioRise－Jogo Simulador De Vida,com.roleplay.riorise,Novabits Games,support@riorise.online,https://riorise.online,RPG,4.583511,28987,8872,5.000.000+,5000000,8529701,1,0,BRL,0,1,"R$ 10,90 – R$ 555,90 por item",Classificação 10 anos,1 de set. de 2025,1782809843,4.8.2,,Explore a cidade em um jogo de aventura e corrida de carros multiplayer!,https://play.google.com/store/apps/details?id=com.roleplay.riorise&hl=pt&gl=br,49,59,63,normal,902570,346644.73,1238016.89,4023554.88,767570.47,6685291.19,4144880.54,alta,25,4.12,76.0,20.0,"SerpAPI, ScrapingBee"
1,Notícias e Revistas,13,SQUID - Notícias,co.squidapp.squid,Squid App,contact@squidapp.co,http://squidapp.co,Notícias e revistas,4.684015,37080,818,5.000.000+,5000000,5589817,1,0,BRL,1,0,,Classificação Livre,1 de jul. de 2019,1776884226,3.15.4,,Todas as notícias. Todas as perspectivas. Um único aplicativo. 60 países.,https://play.google.com/store/apps/details?id=co.squidapp.squid&hl=pt&gl=br,49,59,63,normal,568603,343.25,1225.91,3984.21,588.44,6619.91,3177.56,alta,25,3.76,68.0,28.0,"SerpAPI, ScrapingBee"
1,Medicina,10,Remedio Agora,br.com.duosystem.remedioagora,PRODESP - Cia de Proc. de Dados do Estado de SP,remedioagora@sp.gov.br,http://www.saude.sp.gov.br/ses/perfil/gestor/assistencia-farmaceutica/medicamentos-dos-componentes-da-assistencia-farmaceutica/medicamentos-do-componente-especializado-da-assistencia-farmaceutica/remedio-agora,Medicina,4.483108,20633,11890,500.000+,500000,559857,1,0,BRL,0,0,,Classificação Livre,3 de ago. de 2019,1746800029,2.20,,"""Remédio Agora"", mais uma facilidade para o cidadão de São Paulo.",https://play.google.com/store/apps/details?id=br.com.duosystem.remedioagora&hl=pt&gl=br,84,27,63,pequeno/indie,46177,0.0,0.0,0.0,0.0,0.0,0.0,média,25,4.04,76.0,20.0,"SerpAPI, ScrapingBee"
3,Educação,1,Cursos Escola Educação,com.cursosee,VS3 Digital,cursos@escolaeducacao.com.br,https://cursos.escolaeducacao.com.br/,Educação,4.2,852,391,100.000+,100000,264913,1,0,BRL,0,0,,Classificação Livre,19 de ago. de 2021,1781833229,2.4.13,,Cursos Grátis com opção de CERTIFICADO VÁLIDO,https://play.google.com/store/apps/details?id=com.cursosee&hl=pt&gl=br,100,42,63,pequeno/indie,25187,0.0,0.0,0.0,0.0,0.0,0.0,média,25,4.08,72.0,16.0,"SerpAPI, ScrapingBee"
1,Educação,4,Evolua Educação,com.appavaenter.evolua,Evolua Educação,suporte@suporteinterativo.com.br,http://evoluaeducacao.com.br/,Educação,4.208,1251,459,100.000+,100000,248338,1,0,BRL,0,0,,Classificação Livre,27 de mar. de 2020,1778897434,8.0.3,,Plataforma de ensino on-line Evolua Educação,https://play.google.com/store/apps/details?id=com.appavaenter.evolua&hl=pt&gl=br,100,40,63,pequeno/indie,19606,0.0,0.0,0.0,0.0,0.0,0.0,média,25,3.52,60.0,36.0,"SerpAPI, ScrapingBee"
1,Educação,1,Cursos Escola Educação,com.cursosee,VS3 Digital,cursos@escolaeducacao.com.br,https://cursos.escolaeducacao.com.br/,Educação,4.2,852,391,100.000+,100000,264913,1,0,BRL,0,0,,Classificação Livre,19 de ago. de 2021,1781833229,2.4.13,,Cursos Grátis com opção de CERTIFICADO VÁLIDO,https://play.google.com/store/apps/details?id=com.cursosee&hl=pt&gl=br,100,42,63,pequeno/indie,25187,0.0,0.0,0.0,0.0,0.0,0.0,média,25,4.08,72.0,16.0,"SerpAPI, ScrapingBee"
1,Comunicação,3,JusTalk Kids Messenger,com.justalk.kids.android,JusTalk,kids@justalk.com,https://kids.justalk.com/,Comunicação,4.5873785,63245,1087,5.000.000+,5000000,7100860,1,0,BRL,0,1,"R$ 5,49 – R$ 449,99 por item",Classificação Livre,15 de jun. de 2018,1783091205,2.14.1,,"Chamada de texto, voz e vídeo, mensagens, bate-papo em grupo, telefone dos pais.",https://play.google.com/store/apps/details?id=com.justalk.kids.android&hl=pt&gl=br,49,60,63,normal,730425,46111.44,164683.71,535222.06,102103.9,889292.04,551361.06,alta,25,4.44,84.0,12.0,"SerpAPI, ScrapingBee"
29,Personalização · Widgets,4,Widget Lab: Coleção de widgets,io.iftech.android.box,YIFU,xzj@iftech.io,https://widgetbox.top/,Personalização,4.7014027,88058,2156,5.000.000+,5000000,8981333,1,0,BRL,1,1,"R$ 4,99 – R$ 59,90 por item",Classificação 12 anos,9 de dez. de 2021,1774421221,1.27.32,,Personalize a sua tela inicial: ícone do aplicativo; widget para casais,https://play.google.com/store/apps/details?id=io.iftech.android.box&hl=pt&gl=br,49,55,62,normal,933939,12229.94,43678.37,141954.71,27080.59,235863.21,146235.19,alta,25,4.84,96.0,0.0,"SerpAPI, Firecrawl"
21,"Busca: ""crypto wallet""",28,"Simple:  Сrypto BTC, USDC",app.simple.com,Simple Europe,hello@simple.app,https://simple.app/,Finanças,4.84,110203,166,1.000.000+,1000000,1816699,1,0,BRL,0,0,,Classificação Livre,10 de fev. de 2022,1784009695,3.28.6,,"Carteira simples. Armazene criptomoedas com segurança: Bitcoin (BTC), USDC, ETH, BNB.",https://play.google.com/store/apps/details?id=app.simple.com&hl=pt&gl=br,39,65,62,crescendo,,,,,,,,,,,,,
19,"Busca: ""carteira digital""",24,Carteira Digital Câmara,br.com.valid.camara,VALID SA,atendimento.carteiradigital@valid.com,,Ferramentas,4.6842103,19,3,500+,500,747,1,0,BRL,0,0,,Classificação Livre,6 de ago. de 2024,1779135734,4.26.1,,A identidade digital e oficial da Câmara dos Deputados,https://play.google.com/store/apps/details?id=br.com.valid.camara&hl=pt&gl=br,100,47,62,pequeno/indie,44,0.0,0.0,0.0,0.0,0.0,0.0,baixa,2,5.0,100.0,0.0,"SerpAPI, Firecrawl"
9,Ferramentas,5,Apagar dados: Data Eraser,com.cbinnovations.androideraser,cb innovations,info@cb-innovations.com,https://www.cb-innovations.com,Ferramentas,3.6923077,2657,25,500.000+,500000,543263,1,0,BRL,0,1,"R$ 26,99 – R$ 47,99 por item",Classificação Livre,3 de abr. de 2018,1751548264,1.5,,Apague dados do celular antes de vender. Exclusão segura + relatório.,https://play.google.com/store/apps/details?id=com.cbinnovations.androideraser&hl=pt&gl=br,92,13,62,pequeno/indie,44737,464.93,1660.45,5396.45,1029.48,8966.41,5559.18,média,25,3.32,52.0,36.0,"SerpAPI, ScrapingBee"
9,Ferramentas,2,Ferramentas Inteligentes,com.pcmehanik.smarttoolbox,PC Mehanik,maroltma@gmail.com,http://www.pcmehanik.com,Ferramentas,4.47,12707,440,1.000.000+,1000000,3503781,1,0,BRL,1,1,"R$ 15,99 por item",Classificação Livre,3 de jul. de 2015,1752480622,21.2,,Kit prático de ferramentas com 40 ferramentas e utilitários inteligentes.,https://play.google.com/store/apps/details?id=com.pcmehanik.smarttoolbox&hl=pt&gl=br,79,27,62,pequeno/indie,316900,1542.38,5508.5,17902.63,3415.27,29745.91,18442.47,alta,25,4.28,84.0,12.0,"SerpAPI, ScrapingBee"
9,Finanças,9,Minhas Finanças: Controle e IA,cicero.minhasfinancas,Nimtech TI,suporte@minhasfinancas.app.br,https://minhasfinancas.app.br/,Finanças,4.8284626,119758,33474,1.000.000+,1000000,3377876,1,0,BRL,1,1,"R$ 1,99 – R$ 399,90 por item",Classificação Livre,19 de jan. de 2013,1782869007,7.1.4,,Tudo fica mais fácil quando você entende pra onde vai seu dinheiro!,https://play.google.com/store/apps/details?id=cicero.minhasfinancas&hl=pt&gl=br,39,65,62,crescendo,402568,72190.76,257824.15,837928.48,159850.97,1392250.4,863195.25,alta,25,4.2,80.0,16.0,"SerpAPI, ScrapingBee"
7,Finanças,15,XTrend Lite - Seu investimento,com.rynatsa.xtrendlite,Rynat Capital (Pty) Ltd,support@xtrendlite.com,https://www.xtrendlite.com,Finanças,4.365854,5762,20,1.000.000+,1000000,1220687,1,0,BRL,0,0,,Classificação Livre,10 de set. de 2024,1781175955,1.2.1,,"Dois modos de negociação, Índices Online, Negociação de Ações e muito mais.",https://play.google.com/store/apps/details?id=com.rynatsa.xtrendlite&hl=pt&gl=br,84,55,62,pequeno/indie,125778,0.0,0.0,0.0,0.0,0.0,0.0,média,76,4.04,75.0,22.4,"SerpAPI, Brave Search, ScrapingBee, DevSite:ScrapingAnt"
7,Finanças,12,Minhas Finanças: Controle e IA,cicero.minhasfinancas,Nimtech TI,suporte@minhasfinancas.app.br,https://minhasfinancas.app.br/,Finanças,4.8283534,119759,33474,1.000.000+,1000000,3377876,1,0,BRL,1,1,"R$ 1,99 – R$ 399,90 por item",Classificação Livre,19 de jan. de 2013,1782869007,7.1.4,,Tudo fica mais fácil quando você entende pra onde vai seu dinheiro!,https://play.google.com/store/apps/details?id=cicero.minhasfinancas&hl=pt&gl=br,39,65,62,crescendo,402568,72190.76,257824.15,837928.48,159850.97,1392250.4,863195.25,alta,150,4.23,76.7,15.3,"SerpAPI, Brave Search, ScrapingBee, DevSite:ScrapingAnt"
8,Finanças,16,XTrend Lite - Seu investimento,com.rynatsa.xtrendlite,Rynat Capital (Pty) Ltd,support@xtrendlite.com,https://www.xtrendlite.com,Finanças,4.365854,5762,20,1.000.000+,1000000,1220687,1,0,BRL,0,0,,Classificação Livre,10 de set. de 2024,1781175955,1.2.1,,"Dois modos de negociação, Índices Online, Negociação de Ações e muito mais.",https://play.google.com/store/apps/details?id=com.rynatsa.xtrendlite&hl=pt&gl=br,84,55,62,pequeno/indie,125778,0.0,0.0,0.0,0.0,0.0,0.0,média,25,3.92,72.0,28.0,"SerpAPI, ScrapingBee"
8,Finanças,9,Minhas Finanças: Controle e IA,cicero.minhasfinancas,Nimtech TI,suporte@minhasfinancas.app.br,https://minhasfinancas.app.br/,Finanças,4.8283534,119758,33474,1.000.000+,1000000,3377876,1,0,BRL,1,1,"R$ 1,99 – R$ 399,90 por item",Classificação Livre,19 de jan. de 2013,1782869007,7.1.4,,Tudo fica mais fácil quando você entende pra onde vai seu dinheiro!,https://play.google.com/store/apps/details?id=cicero.minhasfinancas&hl=pt&gl=br,39,65,62,crescendo,402568,72190.76,257824.15,837928.48,159850.97,1392250.4,863195.25,alta,25,4.2,80.0,16.0,"SerpAPI, ScrapingBee"
5,Finanças,9,Minhas Finanças: Controle e IA,cicero.minhasfinancas,Nimtech TI,suporte@minhasfinancas.app.br,https://minhasfinancas.app.br/,Finanças,4.8283534,119759,33474,1.000.000+,1000000,3377876,1,0,BRL,1,1,"R$ 1,99 – R$ 399,90 por item",Classificação Livre,19 de jan. de 2013,1782869007,7.1.4,,Tudo fica mais fácil quando você entende pra onde vai seu dinheiro!,https://play.google.com/store/apps/details?id=cicero.minhasfinancas&hl=pt&gl=br,39,65,62,crescendo,402568,72190.76,257824.15,837928.48,159850.97,1392250.4,863195.25,alta,25,4.2,80.0,16.0,"SerpAPI, ScrapingBee"
3,Redes Sociais,15,Chatter Social,io.chattersocial.app,Chatter Social Inc.,support@chattersocial.io,https://support.chattersocial.io,Social,,,,10.000+,10000,32259,1,0,BRL,0,1,"R$ 5,49 – R$ 1.149,99 por item",Classificação 12 anos,19 de abr. de 2024,1757426417,2.1.3,,"Grupos de última geração, alcance instantâneo",https://play.google.com/store/apps/details?id=io.chattersocial.app&hl=pt&gl=br,100,5,62,pequeno/indie,2260,22.07,78.82,256.16,48.87,425.62,263.88,baixa,2,4.0,50.0,0.0,"SerpAPI, ScrapingBee"
3,Redes Sociais,2,Fanbase,com.fanbase,Fanbase Social Media Inc,support@fanbase.app,https://fanbase.app,Social,3.49,6905,89,1.000.000+,1000000,1114700,1,0,BRL,0,1,"R$ 5,49 – R$ 1.099,99 por item",Classificação 12 anos,3 de set. de 2021,1768860033,5.0.0,,Fanbase é uma plataforma de mídia social que permite aos usuários monetizar seu conteúdo,https://play.google.com/store/apps/details?id=com.fanbase&hl=pt&gl=br,84,22,62,pequeno/indie,95275,1291.03,4610.84,14985.22,2858.72,24898.52,15437.09,alta,25,3.64,60.0,28.0,"SerpAPI, ScrapingBee"
1,Ferramentas,2,Ferramentas Inteligentes,com.pcmehanik.smarttoolbox,PC Mehanik,maroltma@gmail.com,http://www.pcmehanik.com,Ferramentas,4.47,12707,440,1.000.000+,1000000,3503781,1,0,BRL,1,1,"R$ 15,99 por item",Classificação Livre,3 de jul. de 2015,1752480622,21.2,,Kit prático de ferramentas com 40 ferramentas e utilitários inteligentes.,https://play.google.com/store/apps/details?id=com.pcmehanik.smarttoolbox&hl=pt&gl=br,79,27,62,pequeno/indie,316900,1542.38,5508.5,17902.63,3415.27,29745.91,18442.47,alta,25,4.28,84.0,12.0,"SerpAPI, ScrapingBee"
1,Redes Sociais,7,Chatter Social,io.chattersocial.app,Chatter Social Inc.,support@chattersocial.io,https://support.chattersocial.io,Social,,,,10.000+,10000,32259,1,0,BRL,0,1,"R$ 5,49 – R$ 1.149,99 por item",Classificação 12 anos,19 de abr. de 2024,1757426417,2.1.3,,"Grupos de última geração, alcance instantâneo",https://play.google.com/store/apps/details?id=io.chattersocial.app&hl=pt&gl=br,100,5,62,pequeno/indie,2260,22.07,78.82,256.16,48.87,425.62,263.88,baixa,2,4.0,50.0,0.0,"SerpAPI, ScrapingBee"
1,Redes Sociais,2,Fanbase,com.fanbase,Fanbase Social Media Inc,support@fanbase.app,https://fanbase.app,Social,3.49,6905,89,1.000.000+,1000000,1114700,1,0,BRL,0,1,"R$ 5,49 – R$ 1.099,99 por item",Classificação 12 anos,3 de set. de 2021,1768860033,5.0.0,,Fanbase é uma plataforma de mídia social que permite aos usuários monetizar seu conteúdo,https://play.google.com/store/apps/details?id=com.fanbase&hl=pt&gl=br,84,22,62,pequeno/indie,95275,1291.03,4610.84,14985.22,2858.72,24898.52,15437.09,alta,25,3.64,60.0,28.0,"SerpAPI, ScrapingBee"
3,Finanças,11,XTrend Lite - Seu investimento,com.rynatsa.xtrendlite,Rynat Capital (Pty) Ltd,support@xtrendlite.com,https://www.xtrendlite.com,Finanças,4.365854,5762,20,1.000.000+,1000000,1220687,1,0,BRL,0,0,,Classificação Livre,10 de set. de 2024,1781175955,1.2.1,,"Dois modos de negociação, Índices Online, Negociação de Ações e muito mais.",https://play.google.com/store/apps/details?id=com.rynatsa.xtrendlite&hl=pt&gl=br,84,55,62,pequeno/indie,125778,0.0,0.0,0.0,0.0,0.0,0.0,média,25,3.92,72.0,28.0,"SerpAPI, ScrapingBee"
3,Eventos,7,Eventiza Organizador,com.eventiza.organizadores,Eventiza,contato@eventiza.com,https://eventiza.com.br/,Eventos,4.6923075,13,2,1.000+,1000,4524,1,0,BRL,0,0,,Classificação Livre,17 de set. de 2020,1777393310,3.0.5,,Gerencie eventos e acompanhe vendas em tempo real,https://play.google.com/store/apps/details?id=com.eventiza.organizadores&hl=pt&gl=br,100,46,62,pequeno/indie,306,0.0,0.0,0.0,0.0,0.0,0.0,baixa,2,3.0,50.0,50.0,"SerpAPI, ScrapingBee"
1,Música e Áudio,6,Podcast Republic - Podcast App,com.itunestoppodcastplayer.app,Podcast Republic LLC,tech@podcastrepublic.net,https://www.podcastrepublic.net/,Música e áudio,4.7759433,103518,2244,1.000.000+,1000000,3173196,1,0,BRL,1,1,"R$ 20,99 – R$ 26,99 por item",Classificação 12 anos,23 de jun. de 2012,1782561201,Varies with device,,"App de podcasts com várias funções de reprodução, organização, lista e download.",https://play.google.com/store/apps/details?id=com.itunestoppodcastplayer.app&hl=pt&gl=br,39,65,62,crescendo,377038,4080.99,14574.97,47368.67,9036.48,78704.86,48797.02,alta,25,4.44,88.0,12.0,"SerpAPI, ScrapingBee"
1,Saúde e Fitness,12,Treino,com.pacto,PACTO SOLUÇÕES TECNOLÓGICAS LTDA,vitorafonso@pactosolucoes.com.br,http://www.pacto.vc,Saúde e fitness,4.607153,107790,6757,1.000.000+,1000000,2768221,1,0,BRL,1,0,,Classificação Livre,2 de abr. de 2014,1783010025,6.19.18,,Fique mais próximo do seu professor da academia utilizando o Pacto Treino,https://play.google.com/store/apps/details?id=com.pacto&hl=pt&gl=br,39,65,62,crescendo,326752,295.88,1056.72,3434.33,507.22,5706.28,2739.01,alta,25,4.76,96.0,4.0,"SerpAPI, ScrapingBee"
1,Gastronomia,9,Prato do Dia - Receitas Fáceis,com.rncook,AlemDaConta Co.,mario@alemdaconta.co,http://www.pratododia.app,Comer e beber,4.1666665,24,12,10.000+,10000,16261,1,0,BRL,0,1,"R$ 4,90 por item",Classificação Livre,12 de dez. de 2024,,Varies with device,,"Receitas como você nunca viu, na palma da sua mão.",https://play.google.com/store/apps/details?id=com.rncook&hl=pt&gl=br,100,5,62,pequeno/indie,1091,1.48,5.29,17.21,3.28,28.59,17.72,baixa,12,4.0,75.0,25.0,"SerpAPI, ScrapingBee"
1,Educação,9,Sys Educação,com.systempro.sys176.sys176,System Sistemas de Gestão,app@systempro.com.br,https://www.systempro.com.br/,Educação,4.7843137,453,12,10.000+,10000,14783,1,0,BRL,0,0,,Classificação Livre,15 de out. de 2021,1771261439,1.0.13,,O SysEducação traz agilidade na comunicação Institucional e serviços acadêmicos,https://play.google.com/store/apps/details?id=com.systempro.sys176.sys176&hl=pt&gl=br,100,46,62,pequeno/indie,1084,0.0,0.0,0.0,0.0,0.0,0.0,baixa,12,2.92,41.7,50.0,"SerpAPI, ScrapingBee"
29,Personalização · Widgets,25,Widget de Fotos,developer.laijiajing.photowidget,ZipoApps,support.photowidget@zipoapps.com,https://zipoapps.com/photowidget,Personalização,4.760181,49168,734,1.000.000+,1000000,4653202,1,0,BRL,1,1,"R$ 5,49 – R$ 549,99 por item",Classificação Livre,7 de jun. de 2019,1737378997,1.3.2.1,,Decore a tela inicial com suas fotos favoritas!,https://play.google.com/store/apps/details?id=developer.laijiajing.photowidget&hl=pt&gl=br,69,34,61,normal,469253,36331.56,129755.57,421705.61,80448.45,700680.08,434421.65,alta,25,4.68,92.0,0.0,"SerpAPI, Firecrawl"
29,Personalização · Launchers,11,Launcher Phone: Custom OS,com.launcher.custom.phone.os,CAA Studio,caacorp.ltd@gmail.com,https://caacorpltd.com/,Personalização,,,,500.000+,500000,515605,1,0,BRL,1,0,,Classificação Livre,,,Varies with device,,Launcher Phone: Sistema Operacional Personalizado – Experimente a Arte do Vidro Líquido no Android,https://play.google.com/store/apps/details?id=com.launcher.custom.phone.os&hl=pt&gl=br,100,0,61,pequeno/indie,42343,16.43,58.69,190.73,28.17,316.91,152.12,média,0,0.0,0.0,0.0,"SerpAPI, Firecrawl"
29,Negócios · RH e Gestão de Equipe,18,RHiD,br.com.controlid.rhid,Control iD,apps@controlid.com.br,https://controlid.com.br,Negócios,4.012121,1652,560,1.000.000+,1000000,1348193,1,0,BRL,0,0,,Classificação Livre,22 de jan. de 2020,1783434659,3.1.7,,O aplicativo RHiD permite a marcação de ponto através do seu celular.,https://play.google.com/store/apps/details?id=br.com.controlid.rhid&hl=pt&gl=br,92,43,61,pequeno/indie,139614,0.0,0.0,0.0,0.0,0.0,0.0,média,25,3.0,48.0,44.0,"SerpAPI, Firecrawl"
29,Negócios · RH e Gestão de Equipe,16,Benner RH 24Horas,br.com.benner.rh24horas,Benner Sistemas SA,rhmobile@benner.com.br,https://www.benner.com.br,Produtividade,4.6,10,2,10.000+,10000,10543,1,0,BRL,0,0,,Classificação Livre,10 de dez. de 2023,1773353944,1.2.2,,Seu RH na palma da mão,https://play.google.com/store/apps/details?id=br.com.benner.rh24horas&hl=pt&gl=br,100,40,61,pequeno/indie,756,0.0,0.0,0.0,0.0,0.0,0.0,baixa,2,5.0,100.0,0.0,"SerpAPI, Firecrawl"
29,Negócios · Nota Fiscal e Contabilidade,20,Addictive Accounting,com.onethumblearning.android.addictiveaccounting,One Thumb Learning LLC,support@addictiveaccounting.com,http://www.addictiveaccounting.com,Educação,,,,100.000+,100000,110159,1,0,BRL,0,1,"R$ 24,99 por item",Classificação Livre,19 de jan. de 2021,1756255830,1.1.25,,Um livro didático interativo com um simulador de software de contabilidade,https://play.google.com/store/apps/details?id=com.onethumblearning.android.addictiveaccounting&hl=pt&gl=br,100,3,61,pequeno/indie,8308,57.55,205.55,668.02,127.44,1109.95,688.17,média,1,5.0,100.0,0.0,"SerpAPI, Firecrawl"
29,Negócios · CRM e Vendas,13,CRM360,br.com.giver.giver_lojista,Giver,atendimento.crm360@crmbonus.com,https://www.crmbonus.com.br/360,Ferramentas,4.035714,56,18,10.000+,10000,31682,1,0,BRL,0,0,,Classificação Livre,7 de mar. de 2022,1779380593,2.0.23,,App para seus vendedores resgatarem os melhores clientes e sua loja bater metas!,https://play.google.com/store/apps/details?id=br.com.giver.giver_lojista&hl=pt&gl=br,100,33,61,pequeno/indie,2217,0.0,0.0,0.0,0.0,0.0,0.0,baixa,18,2.89,44.4,50.0,"SerpAPI, Firecrawl"
23,"Busca: ""rifa""",26,Don Rifa,com.donrifa.donrifa,"Don Rifa, LLC",contact@donrifa.com,https://donrifa.com/,Estilo de vida,3.5555556,462,4,100.000+,100000,116340,1,0,BRL,1,0,,Classificação Livre,5 de fev. de 2020,,Varies with device,,"Siga seus sonhos, divirta-se e escolha o sorteio que mais gosta.",https://play.google.com/store/apps/details?id=com.donrifa.donrifa&hl=pt&gl=br,100,0,61,pequeno/indie,8801,2.56,9.15,29.74,4.39,49.41,23.72,média,4,3.75,75.0,25.0,"SerpAPI, Brave Search, Firecrawl, DevSite:Firecrawl"
23,"Busca: ""rifa""",17,Meu aplicativo de rifa,com.rauhtech.rauhapp,RAUH Technologies,administration@rauhtech.com,https://mirifaapprauh.com,Entretenimento,2.4,82,4,10.000+,10000,24512,1,0,BRL,1,1,"R$ 10,99 – R$ 1.149,99 por item",Classificação Livre,15 de set. de 2024,,Varies with device,,"Gerencie rifas facilmente: venda, reserve e marque bilhetes vencedores.",https://play.google.com/store/apps/details?id=com.rauhtech.rauhapp&hl=pt&gl=br,100,0,61,pequeno/indie,1688,17.83,63.69,207.0,39.49,343.93,213.24,baixa,4,2.0,25.0,75.0,"SerpAPI, Brave Search, Firecrawl, DevSite:Firecrawl"
9,Estilo de Vida,3,HabitNow - Rotina e Hábitos,com.habitnow,HabitNow Apps,habitnow.apps@gmail.com,,Produtividade,4.868482,91025,5200,5.000.000+,5000000,7057669,1,0,BRL,0,1,"R$ 3,79 – R$ 57,99 por item",Classificação Livre,17 de mai. de 2019,1764388903,2.5.3f,,"Planejador de hábitos, lista de tarefas e rotina diária. Tudo em apenas um app!",https://play.google.com/store/apps/details?id=com.habitnow&hl=pt&gl=br,55,46,61,normal,725777,10734.34,38336.94,124595.05,23768.9,207019.46,128352.07,alta,25,4.76,96.0,4.0,"SerpAPI, ScrapingBee"
10,Produtividade,22,Meu Agenda Diário: tarefas,com.time_management_studio.my_daily_planner,GeniusTools Labs,support.mydailyplanner@geniustoolslabs.com,https://geniustoolslabs.com/mydailyplanner,Produtividade,4.8649426,52272,850,1.000.000+,1000000,3309064,1,0,BRL,1,1,"R$ 3,89 – R$ 549,99 por item",Classificação Livre,22 de dez. de 2019,1737372431,3.1.1,,"Organizador, Notificações, Lista de tarefas, Calendário",https://play.google.com/store/apps/details?id=com.time_management_studio.my_daily_planner&hl=pt&gl=br,69,34,61,normal,328314,43780.63,156359.39,508168.03,96942.82,844340.73,523491.25,alta,25,4.84,96.0,4.0,"SerpAPI, ScrapingBee"
3,Reprodutores de Vídeo,23,NX Video Player EAC3 Supported,com.hexasoft.simpleplayer,Chartianz,help.chartianz@gmail.com,https://ipocheckar.com,Reproduzir e editar vídeos,,,,10.000+,10000,27065,1,0,BRL,1,0,,Classificação Livre,13 de mai. de 2024,,Varies with device,,"O NX Video Player é compatível com EAC3 e todos os formatos, incluindo 8K, 4K, 2K, 1080p, Full HD e muito mais.",https://play.google.com/store/apps/details?id=com.hexasoft.simpleplayer&hl=pt&gl=br,100,0,61,pequeno/indie,1876,0.73,2.6,8.45,1.25,14.04,6.74,baixa,2,1.0,0.0,100.0,"SerpAPI, ScrapingBee"
1,Jogos de Quebra-Cabeça,6,Jigsaw Master - quebra-cabeças,com.mintgames.jigsawmaster,Mint Games,support@mint-games.org,https://www.firedragongame.com,Tabuleiros,4.5395684,15721,483,5.000.000+,5000000,6219552,1,0,BRL,1,1,"R$ 33,99 – R$ 344,99 por item",Classificação Livre,12 de dez. de 2023,1778841920,1.0.20,,Visuais vibrantes. 20K+ quebra-cabeças incríveis!,https://play.google.com/store/apps/details?id=com.mintgames.jigsawmaster&hl=pt&gl=br,49,54,61,normal,540458,63672.71,227402.55,739058.29,140989.58,1227973.78,761343.74,alta,25,4.72,88.0,4.0,"SerpAPI, ScrapingBee"
3,Esportes,14,Placar.app,placar.app,DevTenho,suporte@placar.app,https://portal.placar.app/contacts/new,Esportes,4.5555553,10,1,1.000+,1000,3971,1,0,BRL,0,0,,Classificação Livre,8 de ago. de 2025,1781034927,1.0.61,,App de torneios esportivos,https://play.google.com/store/apps/details?id=placar.app&hl=pt&gl=br,100,43,61,pequeno/indie,319,0.0,0.0,0.0,0.0,0.0,0.0,baixa,1,5.0,100.0,0.0,"SerpAPI, ScrapingBee"
3,Redes Sociais,10,All social media in one app,com.allsocialmedia.apps,Mejbah_Uddin,majbauddin17@gmail.com,https://designmarked.com/,Social,2.8,168,3,10.000+,10000,43658,1,0,BRL,1,0,,Classificação Livre,24 de set. de 2023,1701697423,1.0.3,,Unindo mundos: felicidade social tudo-em-um.,https://play.google.com/store/apps/details?id=com.allsocialmedia.apps&hl=pt&gl=br,100,0,61,pequeno/indie,3117,0.91,3.24,10.53,1.56,17.5,8.4,baixa,4,2.0,0.0,50.0,"SerpAPI, ScrapingBee"
1,Jogos Casuais,4,Jogos Offline Sem Wifi: Bons,com.aemobile.offline.games.no.wifi.relaxing.fun,AE Mobile Inc,offlinegame@richdom.org,https://richdom.org/offlinegames,Casuais,,,,50.000+,50000,77233,1,0,BRL,1,0,,Classificação Livre,,,Varies with device,,"Jogos sem internet e sem wifi: Minijogos viciantes de puzzle, blocos e arcade.",https://play.google.com/store/apps/details?id=com.aemobile.offline.games.no.wifi.relaxing.fun&hl=pt&gl=br,100,0,61,pequeno/indie,4849,2.34,8.36,27.17,4.01,45.14,21.67,baixa,0,0.0,0.0,0.0,"SerpAPI, ScrapingBee"
1,Jogos de Tabuleiro,3,Damas Online: Jogue com amigos,com.miniclip.checkers,Miniclip.com,support@miniclip.com,https://www.miniclip.com/,Tabuleiros,4.556752,26330,2058,5.000.000+,5000000,5691320,1,0,BRL,1,1,"R$ 3,50 – R$ 339,90 por item",Classificação 18 anos,25 de jan. de 2023,1778247747,4.9.3,,Jogue damas online com seus amigos e outros jogadores reais,https://play.google.com/store/apps/details?id=com.miniclip.checkers&hl=pt&gl=br,49,54,61,normal,492505,52626.09,187950.32,610838.54,116529.2,1014931.73,629257.67,alta,25,3.76,64.0,28.0,"SerpAPI, ScrapingBee"
3,Paternidade,17,Mãe grávida e bebê,air.com.pk.pregnantmommynewborncare,Pink Circle,pinkcircledev@gmail.com,,Casuais,3.4444444,159,11,50.000+,50000,57019,1,0,BRL,1,0,,Classificação Livre,29 de mar. de 2022,1651301325,1.0.1,,Cuide dessa mamãe fofa e de seu bebê!,https://play.google.com/store/apps/details?id=air.com.pk.pregnantmommynewborncare&hl=pt&gl=br,100,0,61,pequeno/indie,3516,1.27,4.55,14.78,2.18,24.55,11.78,baixa,14,3.5,57.1,35.7,"SerpAPI, ScrapingBee"
3,Mapas e Navegação,24,Navegação por Voz GPS: Mapas,com.GPSvoicenavigation.mapsdirections.routefinder,Star Software Services LLC,starsoftwareservices@gmail.com,https://starsoftwareservice.com,Mapas e navegação,,,,100.000+,100000,115363,1,0,BRL,0,1,"R$ 35,99 – R$ 134,99 por item",Classificação Livre,,,Varies with device,,"Navegação GPS, Instruções de Direção e Mapas com o Aplicativo de Localização GPS",https://play.google.com/store/apps/details?id=com.GPSvoicenavigation.mapsdirections.routefinder&hl=pt&gl=br,100,0,61,pequeno/indie,8723,206.74,738.34,2399.61,457.77,3987.05,2471.97,média,0,0.0,0.0,0.0,"SerpAPI, ScrapingBee"
1,Esportes,2,Placar.app,placar.app,DevTenho,suporte@placar.app,https://portal.placar.app/contacts/new,Esportes,4.5555553,10,1,1.000+,1000,3971,1,0,BRL,0,0,,Classificação Livre,8 de ago. de 2025,1781034927,1.0.61,,App de torneios esportivos,https://play.google.com/store/apps/details?id=placar.app&hl=pt&gl=br,100,43,61,pequeno/indie,319,0.0,0.0,0.0,0.0,0.0,0.0,baixa,1,5.0,100.0,0.0,"SerpAPI, ScrapingAnt"
3,Educação,6,Learning by Qulture Rocks,io.skore.mobile.skore,UOL Edtech,apps@skore.io,https://www.skore.io/,Educação,4.18,147,38,100.000+,100000,120980,1,0,BRL,0,0,,Classificação Livre,24 de ago. de 2020,1775163395,7.00.02,,Learning by Qulture Rocks: aprendizado e desenvolvimento contínuo.,https://play.google.com/store/apps/details?id=io.skore.mobile.skore&hl=pt&gl=br,100,32,61,pequeno/indie,9173,0.0,0.0,0.0,0.0,0.0,0.0,média,25,3.44,56.0,44.0,"SerpAPI, ScrapingBee"
3,Comunicação,25,Mensagens diretas - WhatsChat,com.direct.messages.chat,Gurru Technology,support@gurrutechnology.com,http://whatschat.gurrutechnology.com/,Produtividade,,,,100.000+,100000,294734,1,0,BRL,1,1,"R$ 26,99 – R$ 109,99 por item",Classificação Livre,,,Varies with device,,Envie mensagens sem salvar contatos e receba ajuda instantânea do chatbot de IA.,https://play.google.com/store/apps/details?id=com.direct.messages.chat&hl=pt&gl=br,100,0,61,pequeno/indie,23488,786.01,2807.17,9123.3,1740.45,15158.72,9398.4,média,0,0.0,0.0,0.0,"SerpAPI, ScrapingBee"
3,Negócios,15,Business Journey,com.dice.roll.billionaire,Game Six Studio,gamesixstudio6@gmail.com,https://index.gamesix.top,Cassino,,,,1.000.000+,1000000,1045154,1,0,BRL,1,0,,Classificação Livre,,,Varies with device,,Jogue dados e torne-se milionário,https://play.google.com/store/apps/details?id=com.dice.roll.billionaire&hl=pt&gl=br,100,0,61,pequeno/indie,75682,129.77,463.45,1506.22,222.46,2502.64,1201.27,média,0,0.0,0.0,0.0,"SerpAPI, ScrapingBee"
3,Beleza,22,BeMuse - Makeup & Beauty,com.intsig.skinai,INTSIG PTE,miaoting_xu@intsig.net,,Ferramentas,,,,50.000+,50000,52020,1,0,BRL,0,1,"R$ 25,99 – R$ 209,99 por item",Classificação Livre,16 de mai. de 2025,,Varies with device,,"Maquiagem, dicas e truques de beleza",https://play.google.com/store/apps/details?id=com.intsig.skinai&hl=pt&gl=br,100,0,61,pequeno/indie,3753,122.78,438.49,1425.09,271.86,2367.83,1468.06,baixa,0,0.0,0.0,0.0,"SerpAPI, ScrapingBee"
3,Beleza,2,Skincare ASMR Makeup Games,com.pg.skincare.asmr.makeup.time.game,Pop it Games,coconutgames00@gmail.com,https://dreamdoor.trimindsstudio.com/,Casuais,,,,50.000+,50000,59001,1,0,BRL,1,0,,Classificação Livre,,,Varies with device,,Desfrute de uma experiência relaxante de cuidados de beleza com ASMR de skincare e maquiagem divertida.,https://play.google.com/store/apps/details?id=com.pg.skincare.asmr.makeup.time.game&hl=pt&gl=br,100,0,61,pequeno/indie,3646,1.76,6.29,20.43,3.02,33.94,16.29,baixa,0,0.0,0.0,0.0,"SerpAPI, ScrapingBee"
3,Arte e Design,18,Paint Canvas Art & Mandala,com.kuyu.paint,KuyuLabs,kuyu.labs.contact@gmail.com,https://kuyulabs.blogspot.com/,Arte e design,,,,5.000+,5000,8469,1,0,BRL,1,1,"R$ 5,99 – R$ 579,99 por item",Classificação Livre,27 de mar. de 2025,1779575011,1.2.77-google,,"Estúdio de arte e tela digital profissional: Desenhe com camadas, simetria e ferramentas de mandala!",https://play.google.com/store/apps/details?id=com.kuyu.paint&hl=pt&gl=br,100,40,61,pequeno/indie,544,67.87,242.39,787.77,150.28,1308.91,811.52,baixa,1,5.0,100.0,0.0,"SerpAPI, ScrapingBee"
1,Beleza,10,Skincare ASMR Makeup Games,com.pg.skincare.asmr.makeup.time.game,Pop it Games,coconutgames00@gmail.com,https://dreamdoor.trimindsstudio.com/,Casuais,,,,50.000+,50000,59001,1,0,BRL,1,0,,Classificação Livre,,,Varies with device,,Desfrute de uma experiência relaxante de cuidados de beleza com ASMR de skincare e maquiagem divertida.,https://play.google.com/store/apps/details?id=com.pg.skincare.asmr.makeup.time.game&hl=pt&gl=br,100,0,61,pequeno/indie,3646,1.76,6.29,20.43,3.02,33.94,16.29,baixa,0,0.0,0.0,0.0,"SerpAPI, ScrapingBee"
1,Beleza,9,Skin Bliss: Skincare Routines,com.getskinbliss.skinbliss,skinbliss,info@getskinbliss.com,https://getskinbliss.com,Beleza,4.5873017,9894,267,1.000.000+,1000000,2021963,1,0,BRL,0,1,"R$ 4,99 – R$ 249,90 por item",Classificação Livre,3 de ago. de 2018,1757246262,5.0.6,,"Brilhe com ciência: cosméticos, scanner de ingredientes, rastreamento e análise facial",https://play.google.com/store/apps/details?id=com.getskinbliss.skinbliss&hl=pt&gl=br,69,31,61,normal,195854,6919.1,24711.06,80310.95,15320.86,133439.73,82732.63,alta,25,4.48,88.0,12.0,"SerpAPI, ScrapingBee"
29,Personalização · Launchers,14,Total Launcher,com.ss.launcher2,Total_Apps,chyk.the.dev@gmail.com,https://total-launcher.blogspot.com/,Personalização,4.29,27320,329,1.000.000+,1000000,3054416,1,0,BRL,0,1,"R$ 8,99 – R$ 22,99 por item",Classificação Livre,27 de jan. de 2015,1783820297,4.0.7,,Imagine. Crie! A personalização definitiva para o seu Android.,https://play.google.com/store/apps/details?id=com.ss.launcher2&hl=pt&gl=br,79,49,60,pequeno/indie,329324,2230.11,7964.67,25885.18,4938.1,43009.23,26665.72,alta,25,3.84,64.0,24.0,"SerpAPI, Firecrawl"
29,Negócios · ERP para Pequenos Negócios,4,"Vendas, financeiro e estoque",br.com.vhsys,vhsys,contato@vhsys.com.br,https://vhsys.com.br,Finanças,4.214876,1520,730,100.000+,100000,238656,1,0,BRL,0,0,,Classificação Livre,26 de nov. de 2013,1769537656,4.7.18,,"Aplicativo de Gestão com Vendas, Pedidos, Ordens de Serviço e Finanças, para MEI",https://play.google.com/store/apps/details?id=br.com.vhsys&hl=pt&gl=br,100,29,60,pequeno/indie,18800,0.0,0.0,0.0,0.0,0.0,0.0,média,25,3.36,60.0,40.0,"SerpAPI, Firecrawl"
26,"Busca: ""bitcoin""",28,Bitcoin Club: Crypto Empire,com.bitcoin.club,Moondrip FZ-LLC,support@moondripgames.com,https://moondripgames.com,Simulador,3.8421052,502,12,10.000+,10000,18366,1,0,BRL,1,1,"R$ 5,50 – R$ 539,90 por item",Classificação 18 anos,12 de fev. de 2026,1779964128,1.0.2,,"Manage auction tables, trade crypto assets, and earn real Bitcoin rewards!",https://play.google.com/store/apps/details?id=com.bitcoin.club&hl=pt&gl=br,100,38,60,pequeno/indie,,,,,,,,,,,,,
20,"Busca: ""wallet""",53,ONEWallet: Cartões e Fidelidad,com.kmshack.onewallet,"Soosu Studio, Inc",onewallet@soosu.studio,https://www.onewallet.kr,Ferramentas,4.455446,40248,50,1.000.000+,1000000,3247153,1,0,BRL,1,1,"R$ 49,99 por item",Classificação Livre,6 de fev. de 2019,,Varies with device,,"Digitalize seus cartões de fidelidade, planos e cupons em um só lugar com segura",https://play.google.com/store/apps/details?id=com.kmshack.onewallet&hl=pt&gl=br,69,28,60,normal,292617,4182.05,14935.89,48541.66,9260.25,80653.83,50005.37,alta,25,4.04,72.0,16.0,"SerpAPI, Firecrawl"
9,Notícias e Revistas,9,Jornal de Notícias,com.newspaperdirect.jn.android,Noticias_Ilimitadas,apoioaocliente@noticiasilimitadas.pt,https://www.jn.pt/,Notícias e revistas,4.428571,22,1,5.000+,5000,8468,1,0,BRL,0,0,,Classificação Livre,28 de jul. de 2025,,Varies with device,,App oficial do Jornal de Notícias. Informação e confiança,https://play.google.com/store/apps/details?id=com.newspaperdirect.jn.android&hl=pt&gl=br,100,39,60,pequeno/indie,544,0.0,0.0,0.0,0.0,0.0,0.0,baixa,3,1.67,0.0,66.7,"SerpAPI, ScrapingBee"
9,Negócios,4,"Vendas, financeiro e estoque",br.com.vhsys,vhsys,contato@vhsys.com.br,https://vhsys.com.br,Finanças,4.214876,1519,730,100.000+,100000,238228,1,0,BRL,0,0,,Classificação Livre,26 de nov. de 2013,1769537656,4.7.18,,"Aplicativo de Gestão com Vendas, Pedidos, Ordens de Serviço e Finanças, para MEI",https://play.google.com/store/apps/details?id=br.com.vhsys&hl=pt&gl=br,100,30,60,pequeno/indie,18765,0.0,0.0,0.0,0.0,0.0,0.0,média,25,3.36,60.0,40.0,"SerpAPI, ScrapingBee"
1,Jogos de Estratégia,14,Iron Marines jogo rts,com.ironhidegames.android.ironmarines,Ironhide Games,support@ironmarines.com,https://www.ironhidegames.com,Estratégia,4.8,127292,3620,1.000.000+,1000000,4020535,1,0,BRL,0,1,"R$ 0,99 – R$ 579,99 por item",Classificação 14 anos,13 de set. de 2017,1774377704,1.9.20,,Jogo rts: lidere seu exército em batalhas de estratégia em tempo real!,https://play.google.com/store/apps/details?id=com.ironhidegames.android.ironmarines&hl=pt&gl=br,39,57,60,normal,342248,111350.06,397678.79,1292456.06,246560.85,2147465.45,1331428.58,alta,25,4.96,100.0,0.0,"SerpAPI, ScrapingBee"
3,Ferramentas,24,Tool-Neuron (Run OFFLINE AI),com.dark.tool_neuron,sonar2377,siddheshsonar2377@gmail.com,https://tool-neuron.vercel.app/,Ferramentas,4.3333335,124,4,10.000+,10000,10749,1,0,BRL,0,0,,Classificação Livre,12 de jan. de 2026,1778967254,3.0,,Assistente de IA offline e privado. Execute LLMs e gere imagens localmente no seu telefone.,https://play.google.com/store/apps/details?id=com.dark.tool_neuron&hl=pt&gl=br,100,70,60,pequeno/indie,702,0.0,0.0,0.0,0.0,0.0,0.0,baixa,4,4.0,75.0,25.0,"SerpAPI, ScrapingBee"
1,Redes Sociais,3,Waveful - Torne-se um Criador,app.waveful,Waveful,contact@waveful.app,https://waveful.app,Social,4.3203883,91961,97,1.000.000+,1000000,2781562,1,0,BRL,1,1,"R$ 5,49 – R$ 2.849,99 por item",Classificação 12 anos,8 de dez. de 2020,1783062576,2.0.2607030705,,Sua voz importa na Waveful.,https://play.google.com/store/apps/details?id=app.waveful&hl=pt&gl=br,69,59,60,normal,298549,4700.83,16788.68,54563.23,10408.98,90658.9,56208.52,alta,25,3.88,72.0,24.0,"SerpAPI, ScrapingBee"
1,Notícias e Revistas,15,Jornal de Notícias,com.newspaperdirect.jn.android,Noticias_Ilimitadas,apoioaocliente@noticiasilimitadas.pt,https://www.jn.pt/,Notícias e revistas,4.428571,22,1,5.000+,5000,8468,1,0,BRL,0,0,,Classificação Livre,28 de jul. de 2025,,Varies with device,,App oficial do Jornal de Notícias. Informação e confiança,https://play.google.com/store/apps/details?id=com.newspaperdirect.jn.android&hl=pt&gl=br,100,39,60,pequeno/indie,544,0.0,0.0,0.0,0.0,0.0,0.0,baixa,3,1.67,0.0,66.7,"SerpAPI, ScrapingBee"
3,Entretenimento,11,"NoFlix - TV, Filmes e Séries",com.noflixtv.inc,noflix,sidineysantoscosta09@gmail.com,http://noflix.top/app-ads.txt,Entretenimento,3.8607595,79,49,10.000+,10000,17573,1,0,BRL,1,0,,Classificação Livre,6 de abr. de 2026,1783043877,3.5,,NoFlix seu guia Completo pra Acompanhar Novidades.,https://play.google.com/store/apps/details?id=com.noflixtv.inc&hl=pt&gl=br,100,39,60,pequeno/indie,1422,0.84,3.01,9.79,1.45,16.26,7.81,média,25,3.64,60.0,24.0,"SerpAPI, ScrapingBee"
3,Quadrinhos,4,"INKR — Comics, Manga, Webtoons",com.inkr.comics,INKR Comics,help@inkr.com,http://inkr.com,Quadrinhos,3.87,9323,104,500.000+,500000,984223,1,0,BRL,1,1,"R$ 11,99 – R$ 559,99 por item",Classificação 14 anos,12 de out. de 2020,1733611845,2.13.5,,Atualizações diárias e capítulos GRATUITOS,https://play.google.com/store/apps/details?id=com.inkr.comics&hl=pt&gl=br,84,15,60,pequeno/indie,83590,6659.23,23782.98,77294.68,14745.45,128428.09,79625.42,alta,25,3.44,48.0,32.0,"SerpAPI, ScrapingBee"
3,Negócios,7,"Vendas, financeiro e estoque",br.com.vhsys,vhsys,contato@vhsys.com.br,https://vhsys.com.br,Finanças,4.214876,1519,730,100.000+,100000,238228,1,0,BRL,0,0,,Classificação Livre,26 de nov. de 2013,1769537656,4.7.18,,"Aplicativo de Gestão com Vendas, Pedidos, Ordens de Serviço e Finanças, para MEI",https://play.google.com/store/apps/details?id=br.com.vhsys&hl=pt&gl=br,100,30,60,pequeno/indie,18765,0.0,0.0,0.0,0.0,0.0,0.0,média,25,3.36,60.0,40.0,"SerpAPI, ScrapingBee"
1,Entretenimento,10,"NoFlix - TV, Filmes e Séries",com.noflixtv.inc,noflix,sidineysantoscosta09@gmail.com,http://noflix.top/app-ads.txt,Entretenimento,3.8607595,79,49,10.000+,10000,17573,1,0,BRL,1,0,,Classificação Livre,6 de abr. de 2026,1783043877,3.5,,NoFlix seu guia Completo pra Acompanhar Novidades.,https://play.google.com/store/apps/details?id=com.noflixtv.inc&hl=pt&gl=br,100,39,60,pequeno/indie,1422,0.84,3.01,9.79,1.45,16.26,7.81,média,25,3.64,60.0,24.0,"SerpAPI, ScrapingBee"
1,Quadrinhos,9,K MANGA,com.kodansha.kmanga,Kodansha Ltd.,support@kmanga.kodansha.com,https://kmanga.kodansha.com/app_info/index.html,Quadrinhos,4.35,12336,91,1.000.000+,1000000,3158463,1,0,BRL,1,1,"R$ 3,00 – R$ 75,00 por item",Classificação 16 anos,15 de jan. de 2025,1773019722,3.0.0,,Aplicativo oficial de mangá da Kodansha,https://play.google.com/store/apps/details?id=com.kodansha.kmanga&hl=pt&gl=br,69,60,60,normal,284245,4421.15,15789.82,51316.9,9789.69,85265.01,52864.3,alta,25,2.72,36.0,48.0,"SerpAPI, ScrapingBee"
1,Quadrinhos,6,"INKR — Comics, Manga, Webtoons",com.inkr.comics,INKR Comics,help@inkr.com,http://inkr.com,Quadrinhos,3.87,9323,104,500.000+,500000,984223,1,0,BRL,1,1,"R$ 11,99 – R$ 559,99 por item",Classificação 14 anos,12 de out. de 2020,1733611845,2.13.5,,Atualizações diárias e capítulos GRATUITOS,https://play.google.com/store/apps/details?id=com.inkr.comics&hl=pt&gl=br,84,15,60,pequeno/indie,83590,6659.23,23782.98,77294.68,14745.45,128428.09,79625.42,alta,25,3.44,48.0,32.0,"SerpAPI, ScrapingBee"
1,Negócios,3,"Vendas, financeiro e estoque",br.com.vhsys,vhsys,contato@vhsys.com.br,https://vhsys.com.br,Finanças,4.214876,1519,730,100.000+,100000,238228,1,0,BRL,0,0,,Classificação Livre,26 de nov. de 2013,1769537656,4.7.18,,"Aplicativo de Gestão com Vendas, Pedidos, Ordens de Serviço e Finanças, para MEI",https://play.google.com/store/apps/details?id=br.com.vhsys&hl=pt&gl=br,100,30,60,pequeno/indie,18765,0.0,0.0,0.0,0.0,0.0,0.0,média,25,3.36,60.0,40.0,"SerpAPI, ScrapingBee"
29,Personalização · Launchers,7,1 Launcher - Home Launcher,launcher.desktop,1 Bit,pointdotdog@gmail.com,https://onebit-app.web.app/,Personalização,4.1666665,18388,214,1.000.000+,1000000,3209191,1,0,BRL,1,1,"R$ 9,99 – R$ 119,99 por item",Classificação Livre,27 de mar. de 2020,1783678427,1.5.2,,"1 Launcher: torne a tela inicial organizada, rápida, personalizada e elegante",https://play.google.com/store/apps/details?id=launcher.desktop&hl=pt&gl=br,79,48,59,pequeno/indie,346838,9751.78,34827.79,113190.31,21593.23,188070.05,116603.43,alta,25,4.0,72.0,20.0,"SerpAPI, Firecrawl"
29,Personalização · Papéis de Parede,24,Resplash - Wallpapers,com.b_lam.resplash,Brandon Lam,whoisbrandonlam@gmail.com,https://b-lam.github.io,Personalização,3.940594,9732,131,1.000.000+,1000000,1952524,1,0,BRL,0,1,"R$ 6,49 – R$ 77,99 por item",Classificação 12 anos,22 de fev. de 2017,1747344102,3.4.3,,Unsplash no Android | Papéis de parede bonitos de Unsplash,https://play.google.com/store/apps/details?id=com.b_lam.resplash&hl=pt&gl=br,79,15,59,pequeno/indie,171638,2009.7,7177.51,23326.91,4450.06,38758.56,24030.3,alta,25,3.4,60.0,36.0,"SerpAPI, Firecrawl"
29,Personalização · Papéis de Parede,14,Tapet: 4K HD Wallpapers,com.sharpregion.tapet,Tapet,adrian@tapet.app,,Personalização,4.32,79120,652,1.000.000+,1000000,3944497,1,0,BRL,0,1,"R$ 3,49 – R$ 1.899,99 por item",Classificação Livre,9 de jun. de 2014,1784023765,11.000.114,,"Uma infinidade de papéis de parede em HD, gerados automaticamente. Sempre novos, nunca iguais.",https://play.google.com/store/apps/details?id=com.sharpregion.tapet&hl=pt&gl=br,65,59,59,normal,430549,6344.68,22659.58,73643.62,14048.94,122361.71,75864.26,alta,25,3.96,72.0,24.0,"SerpAPI, Firecrawl"
29,Negócios · ERP para Pequenos Negócios,12,Gestão estoque faturas vendas,com.bhairavasoft.simply,bhairavasoft private limited,bhairavasoft@gmail.com,https://www.simplystock.co,Negócios,,,,10.000+,10000,10410,1,0,BRL,0,1,"R$ 51,99 – R$ 364,99 por item",Classificação Livre,26 de out. de 2024,1784294460,2.8.9,,"Aplicativo tudo-em-um para inventário, armazém, faturamento, vendas e equipe",https://play.google.com/store/apps/details?id=com.bhairavasoft.simply&hl=pt&gl=br,100,32,59,pequeno/indie,678,74.86,267.35,868.88,165.76,1443.67,895.08,baixa,1,4.0,100.0,0.0,"SerpAPI, Firecrawl"
29,Negócios · CRM e Vendas,17,Meu CRM,com.wealthsystems.MasterCRM,TOTVS CRM,dev.totvscrm@totvs.com.br,https://www.totvs.com/crm,Negócios,4.521739,24,7,1.000+,1000,4289,1,0,BRL,0,0,,Classificação Livre,28 de jan. de 2019,1772038263,21.0.0,,O melhor CRM do Brasil.,https://play.google.com/store/apps/details?id=com.wealthsystems.MasterCRM&hl=pt&gl=br,100,35,59,pequeno/indie,289,0.0,0.0,0.0,0.0,0.0,0.0,baixa,7,3.43,57.1,42.9,"SerpAPI, Firecrawl"
26,"Busca: ""bitcoin""",25,BlueWallet Bitcoin Wallet,io.bluewallet.bluewallet,BlueWallet Services S. R. L.,bluewallet@bluewallet.io,https://bluewallet.io,Finanças,4.0576925,5065,513,1.000.000+,1000000,1150433,1,0,BRL,0,0,,Classificação Livre,26 de nov. de 2018,1780437742,8.0.0,,Uma carteira Bitcoin focada em tornar o Bitcoin acessível a todos.,https://play.google.com/store/apps/details?id=io.bluewallet.bluewallet&hl=pt&gl=br,84,42,59,pequeno/indie,,,,,,,,,,,,,
22,"Busca: ""carteira""",24,BlueWallet Bitcoin Wallet,io.bluewallet.bluewallet,BlueWallet Services S. R. L.,bluewallet@bluewallet.io,https://bluewallet.io,Finanças,4.0576925,5066,513,1.000.000+,1000000,1150433,1,0,BRL,0,0,,Classificação Livre,26 de nov. de 2018,1780437742,8.0.0,,Uma carteira Bitcoin focada em tornar o Bitcoin acessível a todos.,https://play.google.com/store/apps/details?id=io.bluewallet.bluewallet&hl=pt&gl=br,84,42,59,pequeno/indie,98486,0.0,0.0,0.0,0.0,0.0,0.0,média,150,3.55,62.7,32.0,"SerpAPI, Brave Search, Firecrawl, DevSite:Firecrawl"
20,"Busca: ""wallet""",29,BlueWallet Bitcoin Wallet,io.bluewallet.bluewallet,BlueWallet Services S. R. L.,bluewallet@bluewallet.io,https://bluewallet.io,Finanças,4.0576925,5066,513,1.000.000+,1000000,1150433,1,0,BRL,0,0,,Classificação Livre,26 de nov. de 2018,1780437742,8.0.0,,Uma carteira Bitcoin focada em tornar o Bitcoin acessível a todos.,https://play.google.com/store/apps/details?id=io.bluewallet.bluewallet&hl=pt&gl=br,84,42,59,pequeno/indie,98486,0.0,0.0,0.0,0.0,0.0,0.0,média,25,3.8,68.0,28.0,"SerpAPI, Firecrawl"
9,Paternidade,7,Gravidez,com.easymobs.pregnancy,Amila,developers.amila@gmail.com,https://amila.io,Criação de filhos,4.8963733,469689,340,5.000.000+,5000000,9878806,1,0,BRL,1,1,"R$ 7,49 – R$ 150,00 por item",Classificação Livre,4 de mai. de 2016,1782734368,1.4.66,,Gravidez semana a semana,https://play.google.com/store/apps/details?id=com.easymobs.pregnancy&hl=pt&gl=br,29,65,59,crescendo,1238111,42111.34,150397.66,488792.39,93246.55,812147.35,503531.36,alta,25,4.84,96.0,4.0,"SerpAPI, ScrapingBee"
11,Personalização,25,Tema Alpha Hybrid Launcher 4D,launcher.alpha,AppTech Launcher Studios Inc,thealphalauncher@gmail.com,https://arclauncher.com/,Personalização,4.8116593,116426,2387,5.000.000+,5000000,9009707,1,0,BRL,1,1,"R$ 3,99 – R$ 16,99 por item",Classificação Livre,17 de jun. de 2019,1781610682,15.7,,"Temas, Ocultar aplicativos, Bloqueio de aplicativos de impressão digital, Papel",https://play.google.com/store/apps/details?id=launcher.alpha&hl=pt&gl=br,29,64,59,normal,1124431,5741.98,20507.06,66647.96,12714.38,110738.15,68657.65,alta,25,4.52,84.0,4.0,"SerpAPI, ScrapingBee"
1,Jogos de Estratégia,15,World Conqueror 4-WW2 Strategy,com.easytech.wc4.android,EasyTech Games,easytechmail@gmail.com,http://www.ieasytech.com/,Estratégia,4.753482,135373,2980,5.000.000+,5000000,7242342,1,0,BRL,1,1,"R$ 4,39 – R$ 254,99 por item",Classificação 10 anos,13 de out. de 2017,1782460250,1.27.2,,Comandantes! É hora de liderar a força especial e usar a estratégia para vencer a guerra!,https://play.google.com/store/apps/details?id=com.easytech.wc4.android&hl=pt&gl=br,29,65,59,crescendo,760575,123176.15,439914.83,1429723.2,272747.2,2375540.09,1472834.86,alta,25,4.28,76.0,8.0,"SerpAPI, ScrapingBee"
3,Compras,20,Comparaê: Economize no Mercado,com.comparae.app,Comparaê Oficial,suporte@comparae.app,https://comparae.app/,Compras,4.5555553,9,4,100+,100,116,1,0,BRL,0,0,,Classificação Livre,25 de fev. de 2026,1772591410,1.0.18,,"Compare a lista completa, escaneie notas e economize com inteligência no mercado",https://play.google.com/store/apps/details?id=com.comparae.app&hl=pt&gl=br,100,35,59,pequeno/indie,5,0.0,0.0,0.0,0.0,0.0,0.0,baixa,3,5.0,100.0,0.0,"SerpAPI, ScrapingBee"
3,Bibliotecas e Demonstrações,16,BibliON: seu app de leitura,es.odilo.saopaulopl,Odilo,enterprise@odilo.us,,Livros e referências,4.016064,7496,2302,500.000+,500000,752845,1,0,BRL,0,0,,Classificação Livre,10 de nov. de 2020,1782990313,26.6.2,,"A sua biblioteca digital gratuita com livros, atividades culturais e muito mais!",https://play.google.com/store/apps/details?id=es.odilo.saopaulopl&hl=pt&gl=br,80,47,59,pequeno/indie,75676,0.0,0.0,0.0,0.0,0.0,0.0,média,25,3.72,60.0,32.0,"SerpAPI, ScrapingBee"
1,Personalização,6,Tema Alpha Hybrid Launcher 4D,launcher.alpha,AppTech Launcher Studios Inc,thealphalauncher@gmail.com,https://arclauncher.com/,Personalização,4.8116593,116422,2387,5.000.000+,5000000,9009707,1,0,BRL,1,1,"R$ 3,99 – R$ 16,99 por item",Classificação Livre,17 de jun. de 2019,1781610682,15.7,,"Temas, Ocultar aplicativos, Bloqueio de aplicativos de impressão digital, Papel",https://play.google.com/store/apps/details?id=launcher.alpha&hl=pt&gl=br,29,64,59,normal,1124431,5741.98,20507.06,66647.96,12714.38,110738.15,68657.65,alta,25,4.52,84.0,4.0,"SerpAPI, ScrapingBee"
1,Paternidade,9,Gravidez,com.easymobs.pregnancy,Amila,developers.amila@gmail.com,https://amila.io,Criação de filhos,4.8963733,469686,340,5.000.000+,5000000,9878806,1,0,BRL,1,1,"R$ 7,49 – R$ 150,00 por item",Classificação Livre,4 de mai. de 2016,1782734368,1.4.66,,Gravidez semana a semana,https://play.google.com/store/apps/details?id=com.easymobs.pregnancy&hl=pt&gl=br,29,65,59,crescendo,1238111,42111.34,150397.66,488792.39,93246.55,812147.35,503531.36,alta,25,4.84,96.0,4.0,"SerpAPI, ScrapingBee"
1,Eventos,10,LM | PASS: Ingressos e eventos,com.ticketeira,LM INGRESSOS LTDA,contato@lmingressos.com.br,https://lmpass.com.br,Eventos,5.0,10,4,10.000+,10000,15292,1,0,BRL,0,0,,Classificação Livre,7 de jun. de 2024,,Varies with device,,Baixe agora nosso app e venha dar uma olhadinha no que está te esperando!! #,https://play.google.com/store/apps/details?id=com.ticketeira&hl=pt&gl=br,100,32,59,pequeno/indie,1124,0.0,0.0,0.0,0.0,0.0,0.0,baixa,4,5.0,100.0,0.0,"SerpAPI, ScrapingBee"
29,Personalização · Papéis de Parede,19,Widgify - DIY Live Wallpaper,com.widgify.worldroid,Widgify Group,widgifyteam@outlook.com,http://onewidgetworld.com/app-ads.txt,Ferramentas,4.5885415,121523,1164,5.000.000+,5000000,7796494,1,0,BRL,0,1,"R$ 16,99 – R$ 119,99 por item",Classificação Livre,26 de abr. de 2024,1783410319,1.4.0,,Widget inicial da minha foto,https://play.google.com/store/apps/details?id=com.widgify.worldroid&hl=pt&gl=br,29,59,58,normal,966555,28035.43,100126.55,325411.29,62078.46,540683.38,335223.69,alta,25,4.2,76.0,12.0,"SerpAPI, Firecrawl"
29,Negócios · ERP para Pequenos Negócios,17,Gerenciador de Estoque,br.com.ashestore.inventorymanager,André F.,andrerrsky@gmail.com,https://andrefortunato.dev.br,Ferramentas,3.77,136,94,10.000+,10000,18287,1,0,BRL,1,1,"R$ 9,99 por item",Classificação Livre,1 de dez. de 2018,1773319841,14,,"Controle seu estoque, produtos e inventário de forma simples e offline.",https://play.google.com/store/apps/details?id=br.com.ashestore.inventorymanager&hl=pt&gl=br,100,29,58,pequeno/indie,1236,5.42,19.37,62.94,12.01,104.58,64.84,média,25,2.96,36.0,40.0,"SerpAPI, Firecrawl"
29,Negócios · Nota Fiscal e Contabilidade,17,Contabilidade,com.accounting.bookkeeping,Tacktile Systems Private Limited,support@tacktilesystems.com,http://www.tacktile.net,Negócios,4.3846154,5340,6,1.000.000+,1000000,2277586,1,0,BRL,0,1,"R$ 15,99 – R$ 184,99 por item",Classificação Livre,16 de ago. de 2019,1779972849,1.312,,"Contabilidade - Acompanhar Vendas, Compras, Estoque, Despesas, Pagamentos",https://play.google.com/store/apps/details?id=com.accounting.bookkeeping&hl=pt&gl=br,69,52,58,normal,201736,14900.3,53215.34,172949.86,32993.51,287362.85,178164.97,alta,22,4.23,81.8,9.1,"SerpAPI, Firecrawl"
10,Produtividade,20,Calendário Simples: agenda,com.komorebi.SimpleCalendar,Komorebi Inc.,support@komorebi-studio.com,https://komorebi-studio.com/,Produtividade,4.92233,89595,341,5.000.000+,5000000,5652540,1,0,BRL,1,1,"R$ 16,99 – R$ 109,99 por item",Classificação Livre,21 de jul. de 2020,1759725754,6.3.3,,Organizador de tarefas grátis. Planejamento semanal e diário. Notas e lembretes,https://play.google.com/store/apps/details?id=com.komorebi.SimpleCalendar&hl=pt&gl=br,49,42,58,normal,575285,17920.01,64000.03,208000.11,39680.02,345600.19,214272.12,alta,25,4.68,92.0,8.0,"SerpAPI, ScrapingBee"
3,Esportes,7,placarZão - jogos de hoje,com.placarzao.placarzao,GHF Apps,contato@placardefutebol.com.br,https://www.placardefutebol.com.br,Esportes,4.34,530,270,100.000+,100000,144691,1,0,BRL,0,0,,Classificação Livre,22 de out. de 2019,1668221301,2.10.0,,Resultados de futebol em tempo real (placar ao vivo) e calendário de jogos.,https://play.google.com/store/apps/details?id=com.placarzao.placarzao&hl=pt&gl=br,100,20,58,pequeno/indie,11083,0.0,0.0,0.0,0.0,0.0,0.0,baixa,25,3.8,64.0,12.0,"SerpAPI, ScrapingBee"
1,Jogos de Aventura,5,Grand Mountain Adventure 2,com.toppluva.grandmountain2,Toppluva AB,support@toppluva.com,http://www.toppluva.com,Esportes,4.3,6418,167,1.000.000+,1000000,2779766,1,0,BRL,1,1,"R$ 19,99 por item",Classificação Livre,18 de fev. de 2025,1780075976,1.07600,,Uma aventura de esqui e snowboard em mundo aberto,https://play.google.com/store/apps/details?id=com.toppluva.grandmountain2&hl=pt&gl=br,69,54,58,normal,211329,3088.04,11028.7,35843.26,6837.79,59554.96,36924.08,alta,25,4.52,88.0,12.0,"SerpAPI, ScrapingBee"
1,Esportes,4,placarZão - jogos de hoje,com.placarzao.placarzao,GHF Apps,contato@placardefutebol.com.br,https://www.placardefutebol.com.br,Esportes,4.34,530,270,100.000+,100000,144691,1,0,BRL,0,0,,Classificação Livre,22 de out. de 2019,1668221301,2.10.0,,Resultados de futebol em tempo real (placar ao vivo) e calendário de jogos.,https://play.google.com/store/apps/details?id=com.placarzao.placarzao&hl=pt&gl=br,100,20,58,pequeno/indie,11083,0.0,0.0,0.0,0.0,0.0,0.0,baixa,25,3.8,64.0,12.0,"SerpAPI, ScrapingBee"
29,Personalização · Launchers,24,Only Launcher – Tela Inicial,com.andmobi.home,One2 Labs,one2.labs@gmail.com,https://one2labs.github.io/,Ferramentas,3.0,25,3,1.000+,1000,3432,1,0,BRL,0,1,"R$ 16,99 por item",Classificação Livre,30 de ago. de 2025,1782178556,2.2.0,,"Launcher minimalista com tela limpa, gaveta inteligente e gestos.",https://play.google.com/store/apps/details?id=com.andmobi.home&hl=pt&gl=br,100,25,57,pequeno/indie,248,1.79,6.39,20.76,3.96,34.49,21.39,baixa,2,2.5,50.0,50.0,"SerpAPI, Firecrawl"
29,Negócios · ERP para Pequenos Negócios,24,Gestão de Estoque e Vendas,com.proyectoexcel.stockfacil,Proyecto Excel,proyectoexcelok@gmail.com,https://proyectoexcelok.blogspot.com/,Produtividade,,,,5.000+,5000,6771,1,0,BRL,0,1,"R$ 2,59 – R$ 52,99 por item",Classificação Livre,4 de ago. de 2025,1780103566,2.2.0,,Controle o estoque e vendas do seu negócio de forma simples.,https://play.google.com/store/apps/details?id=com.proyectoexcel.stockfacil&hl=pt&gl=br,100,27,57,pequeno/indie,428,7.92,28.29,91.95,17.54,152.77,94.72,baixa,5,5.0,100.0,0.0,"SerpAPI, Firecrawl"
29,Negócios · CRM e Vendas,5,Easy Leads CRM - Vendas,com.katans.EasyLeads,"Easy Leads CRM, Sales, Customers & Leads tracking",easyleads@katans.com,,Negócios,4.2608695,356,11,10.000+,10000,46885,1,0,BRL,0,1,"R$ 48,99 – R$ 599,99 por item",Classificação Livre,13 de jul. de 2021,1762167430,3.0.26,,"Gira clientes e leads, rastreie vendas, envie apoio e cotações, inclua tarefas.",https://play.google.com/store/apps/details?id=com.katans.EasyLeads&hl=pt&gl=br,46,0,57,gigante,3362,490.74,1752.66,5696.15,1086.65,9464.37,5867.91,baixa,14,4.57,92.9,7.1,"SerpAPI, Firecrawl"
26,"Busca: ""bitcoin""",22,WEEX - Compre Bitcoin y Cripto,com.wake.weexprd,WEEX PRO,playstore@weexglobal.com,https://www.weex.com,Finanças,4.2340426,14111,46,1.000.000+,1000000,1556011,1,0,BRL,0,0,,Classificação Livre,23 de fev. de 2022,1784282392,4.5.31,,Negocie BTC/ETH/XRP com taxa 0 | Exchange segura | Aumente seu patrimônio,https://play.google.com/store/apps/details?id=com.wake.weexprd&hl=pt&gl=br,69,48,57,normal,,,,,,,,,,,,,
23,"Busca: ""rifa""",35,Rifa App,com.afelix.rifaapp,AFÉLIX,afelix.apps@gmail.com,,Ferramentas,,,,1+,1,4,1,0,BRL,1,0,,Classificação Livre,20 de jun. de 2026,,Varies with device,,"Gerencie seus sorteios de forma profissional, em equipe e com backup na nuvem.",https://play.google.com/store/apps/details?id=com.afelix.rifaapp&hl=pt&gl=br,100,24,57,pequeno/indie,0,0.0,0.0,0.0,0.0,0.0,0.0,baixa,0,0.0,0.0,0.0,"SerpAPI, Brave Search, Firecrawl"
21,"Busca: ""crypto wallet""",15,SafePal: Crypto Wallet BTC NFT,io.safepal.wallet,SafePal Wallet,support@safepal.com,https://www.safepal.com,Finanças,4.821359,140822,752,5.000.000+,5000000,7047677,1,0,BRL,0,1,"R$ 2,69 – R$ 27,99 por item",Classificação Livre,26 de mai. de 2019,1783779316,4.11.5,,Gerencie mais de 10.000 tokens na carteira de criptomoeda mais segura e fácil de usar!,https://play.google.com/store/apps/details?id=io.safepal.wallet&hl=pt&gl=br,19,65,57,crescendo,,,,,,,,,,,,,
20,"Busca: ""wallet""",3,SafePal: Crypto Wallet BTC NFT,io.safepal.wallet,SafePal Wallet,support@safepal.com,https://www.safepal.com,Finanças,4.821359,140822,752,5.000.000+,5000000,7047677,1,0,BRL,0,1,"R$ 2,69 – R$ 27,99 por item",Classificação Livre,26 de mai. de 2019,1783779316,4.11.5,,Gerencie mais de 10.000 tokens na carteira de criptomoeda mais segura e fácil de usar!,https://play.google.com/store/apps/details?id=io.safepal.wallet&hl=pt&gl=br,19,65,57,crescendo,869642,11812.85,42188.75,137113.44,26157.02,227819.25,141247.93,alta,25,4.84,96.0,4.0,"SerpAPI, Firecrawl"
9,Paternidade,8,Pregnancy and Baby : Kiindred,app.kiindred.co,Kiindred Pty. Ltd,sabir@kiindred.co,https://kiindred.co/,Criação de filhos,,,,1.000+,1000,2184,1,0,BRL,0,1,"R$ 18,99 – R$ 359,99 por item",Classificação Livre,28 de mai. de 2021,1776827012,Build 127 v3.6.7,,Paternidade e Nascimento | Aplicativo de apoio ao bebê na Austrália,https://play.google.com/store/apps/details?id=app.kiindred.co&hl=pt&gl=br,100,25,57,pequeno/indie,127,9.3,33.23,107.99,20.6,179.43,111.25,baixa,0,0.0,0.0,0.0,"SerpAPI, ScrapingBee"
1,Jogos de Estratégia,5,Wild Castle DT Defesa de Torre,com.wildsky.wildcastle,Funovus,wild-castle-support@funovus.com,https://www.funovus.com,Estratégia,4.8906784,593162,15159,5.000.000+,5000000,9277345,1,0,BRL,1,1,"R$ 2,49 – R$ 294,99 por item",Classificação Livre,30 de jan. de 2020,1783116573,1.105.18,,"Desenvolva castelos, exércitos, heróis e sobreviva a ondas de monstros furiosos!",https://play.google.com/store/apps/details?id=com.wildsky.wildcastle&hl=pt&gl=br,19,66,57,crescendo,821234,99670.28,355965.3,1156887.22,220698.48,1922212.61,1191771.82,alta,25,5.0,100.0,0.0,"SerpAPI, ScrapingBee"
1,Jogos Esportivos,8,Biathlon Mania,com.powerplaymanager.biathlonmania,"POWERPLAY MANAGER, s.r.o.",support.android@biathlonmania.com,http://www.powerplay.studio,Esportes,4.0588236,19085,3,1.000.000+,1000000,2406279,1,0,BRL,1,1,"R$ 6,90 – R$ 1.299,90 por item",Classificação 18 anos,20 de dez. de 2016,1782309867,14.27.0,,Biathlon Mania é um jogo de esportes com elementos de RPG estrelando biatletas reais.,https://play.google.com/store/apps/details?id=com.powerplaymanager.biathlonmania&hl=pt&gl=br,69,48,57,normal,217984,5067.5,18098.21,58819.19,11220.89,97730.35,60592.82,alta,8,4.5,87.5,12.5,"SerpAPI, ScrapingBee"
3,Reprodutores de Vídeo,13,VidNest,com.vidnest.videos.app,Meoiuu50,meoiuu50@gmail.com,https://sites.google.com/view/vidnest-app,Ferramentas,,,,10.000+,10000,15451,1,0,BRL,0,1,"R$ 0,49 – R$ 51,99 por item",Classificação Livre,3 de mar. de 2026,,Varies with device,,O VidNest é um poderoso reprodutor de vídeo local com listas de reprodução e histórico.,https://play.google.com/store/apps/details?id=com.vidnest.videos.app&hl=pt&gl=br,100,24,57,pequeno/indie,1033,7.52,26.85,87.26,16.65,144.98,89.89,baixa,0,0.0,0.0,0.0,"SerpAPI, ScrapingBee"
1,Jogos de Quebra-Cabeça,11,Fantasy Jigsaw - HD Puzzle,jigsaw.puzzle.color.master.paint.classical.hd.funny,Coloring Game Studio@RabiGame,support@rabigame.com,https://jigsaw.rabigame.com,Quebra-cabeças,4.28,23179,124,1.000.000+,1000000,2439883,1,0,BRL,1,1,"R$ 4,99 – R$ 394,99 por item",Classificação Livre,30 de jun. de 2022,1782738800,2.25.9,,20000 jogos de quebra-cabeças HD. Quebra-cabeças diários para ajudá-lo a relaxar,https://play.google.com/store/apps/details?id=jigsaw.puzzle.color.master.paint.classical.hd.funny&hl=pt&gl=br,69,49,57,normal,221178,24716.14,88271.95,286883.82,54728.61,476668.51,295534.47,alta,25,4.48,84.0,8.0,"SerpAPI, ScrapingAnt"
1,Jogos de Quebra-Cabeça,8,Puzzle Crown | Quebra Cabeças,tek.games.net.jigsawpuzzle,Jigsaw Puzzles Master,info@puzzlemaster.uk,http://www.puzzlemaster.uk,Quebra-cabeças,4.7182045,156803,842,5.000.000+,5000000,7315206,1,0,BRL,1,1,"R$ 4,19 – R$ 164,99 por item",Classificação Livre,13 de nov. de 2017,1782292740,1.2.1.2,,Jogo de Quebra-Cabeça Para Adultos | Novos Puzzles Diários | Relaxante | Offline,https://play.google.com/store/apps/details?id=tek.games.net.jigsawpuzzle&hl=pt&gl=br,19,65,57,crescendo,768583,36795.7,131413.2,427092.89,81476.18,709631.26,439971.38,alta,25,4.56,92.0,8.0,"SerpAPI, ScrapingBee"
3,Fotografia,23,Y2K Camera: Vintage & CCD Cam,retro.rr.xx.camera,JingSay,oganjingsai@outlook.com,,Fotografia,4.6923075,163,3,10.000+,10000,12385,1,0,BRL,0,0,,Classificação Livre,12 de fev. de 2026,,Varies with device,,"Consiga a estética das câmeras digitais do ano 2000, instantaneamente.",https://play.google.com/store/apps/details?id=retro.rr.xx.camera&hl=pt&gl=br,100,24,57,pequeno/indie,898,0.0,0.0,0.0,0.0,0.0,0.0,baixa,3,4.0,100.0,0.0,"SerpAPI, ScrapingBee"
3,Paternidade,7,Pregnancy and Baby : Kiindred,app.kiindred.co,Kiindred Pty. Ltd,sabir@kiindred.co,https://kiindred.co/,Criação de filhos,,,,1.000+,1000,2184,1,0,BRL,0,1,"R$ 18,99 – R$ 359,99 por item",Classificação Livre,28 de mai. de 2021,1776827012,Build 127 v3.6.7,,Paternidade e Nascimento | Aplicativo de apoio ao bebê na Austrália,https://play.google.com/store/apps/details?id=app.kiindred.co&hl=pt&gl=br,100,25,57,pequeno/indie,127,9.3,33.23,107.99,20.6,179.43,111.25,baixa,0,0.0,0.0,0.0,"SerpAPI, ScrapingBee"
3,Música e Áudio,11,Podcast Player & App - Shuttle,com.simplecityapps.shuttle.podcasts,SimpleCity,support@shuttlepodcasts.app,https://shuttlepodcasts.app,Música e áudio,,,,1.000+,1000,3769,1,0,BRL,0,1,"R$ 3,69 – R$ 234,99 por item",Classificação Livre,19 de mar. de 2026,,Varies with device,,"Player de podcast e leitor RSS - offline, Android Auto, Chromecast, OPML.",https://play.google.com/store/apps/details?id=com.simplecityapps.shuttle.podcasts&hl=pt&gl=br,100,24,57,pequeno/indie,229,7.58,27.06,87.94,16.78,146.11,90.59,baixa,2,5.0,100.0,0.0,"SerpAPI, ScrapingBee"
1,Esportes,6,AlertaGol – Copa 26 Resultados,com.gol_footbal_sa,TorAlarm GmbH,support@toralarm.eu,https://toralarm.com,Esportes,4.788532,150509,19029,5.000.000+,5000000,6331045,1,0,BRL,1,0,,Classificação Livre,25 de nov. de 2017,1783081621,7.5.9,,Resultados ao vivo da Copa 2026,https://play.google.com/store/apps/details?id=com.gol_footbal_sa&hl=pt&gl=br,19,66,57,crescendo,647768,281.55,1005.54,3268.02,482.66,5429.94,2606.37,alta,25,4.84,96.0,0.0,"SerpAPI, ScrapingBee"
3,Saúde e Fitness,10,FitTrainer IA: Treino e dieta,com.fittrainer.mobile,Innova - IT,innovaitconsultoria@gmail.com,https://fittraineria.com/,Saúde e fitness,,,,1.000+,1000,1673,1,0,BRL,0,1,"R$ 9,99 – R$ 107,50 por item",Classificação Livre,26 de jan. de 2026,,Varies with device,,Treinos personalizados com IA e programas com dietas para evoluir na academia,https://play.google.com/store/apps/details?id=com.fittrainer.mobile&hl=pt&gl=br,100,24,57,pequeno/indie,95,2.13,7.59,24.68,4.71,41.01,25.42,baixa,0,0.0,0.0,0.0,"SerpAPI, ScrapingBee"
1,Paternidade,7,Pregnancy and Baby : Kiindred,app.kiindred.co,Kiindred Pty. Ltd,sabir@kiindred.co,https://kiindred.co/,Criação de filhos,,,,1.000+,1000,2184,1,0,BRL,0,1,"R$ 18,99 – R$ 359,99 por item",Classificação Livre,28 de mai. de 2021,1776827012,Build 127 v3.6.7,,Paternidade e Nascimento | Aplicativo de apoio ao bebê na Austrália,https://play.google.com/store/apps/details?id=app.kiindred.co&hl=pt&gl=br,100,25,57,pequeno/indie,127,9.3,33.23,107.99,20.6,179.43,111.25,baixa,0,0.0,0.0,0.0,"SerpAPI, ScrapingBee"
1,Música e Áudio,13,Podcast Player & App - Shuttle,com.simplecityapps.shuttle.podcasts,SimpleCity,support@shuttlepodcasts.app,https://shuttlepodcasts.app,Música e áudio,,,,1.000+,1000,3769,1,0,BRL,0,1,"R$ 3,69 – R$ 234,99 por item",Classificação Livre,19 de mar. de 2026,,Varies with device,,"Player de podcast e leitor RSS - offline, Android Auto, Chromecast, OPML.",https://play.google.com/store/apps/details?id=com.simplecityapps.shuttle.podcasts&hl=pt&gl=br,100,24,57,pequeno/indie,229,7.58,27.06,87.94,16.78,146.11,90.59,baixa,2,5.0,100.0,0.0,"SerpAPI, ScrapingBee"
1,Saúde e Fitness,8,Hevy - Treino de Academia Gym,com.hevy,Hevy Gym Workout Tracker,hello@hevyapp.com,https://www.hevyapp.com,Saúde e fitness,4.9424376,236112,4253,5.000.000+,5000000,7338545,1,0,BRL,0,1,"R$ 12,90 – R$ 279,00 por item",Classificação 12 anos,29 de jun. de 2019,1783021659,Varies with device,,Diario de Treino de Academia & Registro de Treinos em Casa | Workout e Fitness,https://play.google.com/store/apps/details?id=com.hevy&hl=pt&gl=br,19,65,57,crescendo,907235,76467.35,273097.68,887567.47,169320.56,1474727.49,914331.05,alta,25,4.88,96.0,0.0,"SerpAPI, ScrapingBee"
1,Encontros,6,Mequeres - Namoro e encontros,com.mequeres,Mequeres,android@mequeres.com,https://www.mequeres.com,Encontros,4.413322,99189,30602,5.000.000+,5000000,8378623,1,0,BRL,1,1,"R$ 2,49 – R$ 709,99 por item",Classificação 18 anos,4 de dez. de 2017,1761077034,4.4.0,,"Site de namoro para solteiros. Converse, faça amizades e marque encontros",https://play.google.com/store/apps/details?id=com.mequeres&hl=pt&gl=br,49,37,57,normal,789532,170856.55,610201.96,1983156.36,378325.21,3295090.56,2042956.15,alta,25,4.08,80.0,20.0,"SerpAPI, ScrapingBee"
1,Android Wear,5,StarWatchfaces - Wear OS Shop,com.starwatchfaces.watchfaces,StarWatchfaces,wearos@starwatchfaces.com,https://starwatchfaces.com,Personalização,,,,10.000+,10000,14908,1,0,BRL,0,1,"R$ 2,59 – R$ 1.099,99 por item",Classificação Livre,12 de nov. de 2023,1775540864,2.1.0,,"Mostradores de relógio premium para Wear OS. O pacote vitalício, adquirido uma única vez, desbloqueia todos eles!",https://play.google.com/store/apps/details?id=com.starwatchfaces.watchfaces&hl=pt&gl=br,100,24,57,pequeno/indie,994,13.11,46.82,152.18,29.03,252.85,156.77,média,0,0.0,0.0,0.0,"SerpAPI, ScrapingBee"
29,Personalização · Launchers,16,MultiLauncher ‧ Tela inicial,app.mlauncher,CodeWorks Creative Hub,wayne6324@gmail.com,https://mlauncher.5646316.xyz,Personalização,4.8,52,4,10.000+,10000,11657,1,0,BRL,0,0,,Classificação Livre,21 de abr. de 2025,,Varies with device,,"MultiLauncher ‧ Tela inicial, clima e iniciador de interface minimalista",https://play.google.com/store/apps/details?id=app.mlauncher&hl=pt&gl=br,100,22,56,pequeno/indie,842,0.0,0.0,0.0,0.0,0.0,0.0,baixa,3,4.67,100.0,0.0,"SerpAPI, Firecrawl"
20,"Busca: ""wallet""",46,Vita Wallet,com.vita_wallet,Vita Solutions SpA,soporte@vitawallet.io,https://vitawallet.io/,Finanças,4.0526314,3904,15,100.000+,100000,179454,1,0,BRL,0,0,,Classificação Livre,16 de out. de 2019,,Varies with device,,Carteira para enviar e receber pagamentos internacionais.,https://play.google.com/store/apps/details?id=com.vita_wallet&hl=pt&gl=br,100,14,56,pequeno/indie,13914,0.0,0.0,0.0,0.0,0.0,0.0,baixa,5,3.0,40.0,40.0,"SerpAPI, Firecrawl"
9,Quadrinhos,10,IZNEO lecture BD et Manga HD,fr.airweb.izneo,ONO - IZNEO,support@izneo.com,https://www.izneo.com/,Quadrinhos,2.488889,5513,26,1.000.000+,1000000,1684900,1,0,BRL,0,1,"R$ 0,30 – R$ 5.200,00 por item",Classificação 14 anos,23 de abr. de 2012,1760606218,9.9.5,,"Leitura digital e familiar de histórias em quadrinhos, quadrinhos e mangás online ou em ebook!",https://play.google.com/store/apps/details?id=fr.airweb.izneo&hl=pt&gl=br,69,14,56,normal,147034,74.72,266.87,867.32,165.46,1441.08,893.47,alta,25,2.64,40.0,52.0,"SerpAPI, ScrapingBee"
1,Jogos de Trivia,7,Erudite - Trívia & Quiz Jogos,com.erudite.trivia.brain.quiz.mind.game,Mioris LTD,support@erudite.games,https://erudite.games/,Conhecimentos,4.8243804,181843,827,5.000.000+,5000000,5503871,1,0,BRL,1,1,"R$ 1,49 – R$ 199,99 por item",Classificação Livre,29 de nov. de 2021,1781875728,3.26.1,,Jogo de perguntas e respostas sobre conhecimentos gerais que treine seu cérebro!,https://play.google.com/store/apps/details?id=com.erudite.trivia.brain.quiz.mind.game&hl=pt&gl=br,19,64,56,normal,570642,39634.98,141553.52,460048.93,87763.18,764388.99,473921.17,alta,25,3.96,68.0,24.0,"SerpAPI, ScrapingBee"
1,Jogos de RPG,7,AnimA ARPG (Action RPG 2021),com.ExiliumGames.Anima,Redeev,support@animathegame.com,https://www.animathegame.com/,RPG,4.402615,121649,6906,1.000.000+,1000000,4958337,1,0,BRL,1,1,"R$ 3,09 – R$ 184,99 por item",Classificação 12 anos,1 de nov. de 2019,1765184269,3.1.8,,RPG de ação com estilo clássico e ambiente medieval escuro,https://play.google.com/store/apps/details?id=com.ExiliumGames.Anima&hl=pt&gl=br,39,41,56,normal,387545,32934.37,117622.77,382273.99,72926.11,635162.93,393801.02,alta,25,3.96,76.0,20.0,"SerpAPI, ScrapingBee"
3,Redes Sociais,4,Elomento - Rede social,com.elomento,Elomentoredesocial,suporte@elomento.com,https://www.elomento.com/,Social,4.714286,23,18,500+,500,730,1,0,BRL,0,0,,Classificação 12 anos,24 de fev. de 2026,,Varies with device,,"Uma rede social feita para interagir, não para competir",https://play.google.com/store/apps/details?id=com.elomento&hl=pt&gl=br,100,21,56,pequeno/indie,43,0.0,0.0,0.0,0.0,0.0,0.0,baixa,18,4.67,88.9,5.6,"SerpAPI, ScrapingBee"
1,Jogos Casuais,6,MegaJogos: Cartas e Tabuleiro,air.br.com.megajogos.mobile,MegaJogos,suporte@megajogos.com.br,https://www.megajogos.com.br,Cartas,4.668256,150764,33315,5.000.000+,5000000,8506985,1,0,BRL,1,1,"R$ 0,89 – R$ 579,99 por item",Classificação Livre,27 de set. de 2012,1781818891,148.1.6,,"Truco, Cacheta, Buraco e os melhores jogos em um único app. Baixe grátis agora!",https://play.google.com/store/apps/details?id=air.br.com.megajogos.mobile&hl=pt&gl=br,19,64,56,normal,900056,178208.92,636460.43,2068496.4,394605.47,3436886.32,2130869.52,alta,25,2.88,44.0,48.0,"SerpAPI, ScrapingBee"
1,Jogos de Tabuleiro,9,MegaJogos: Cartas e Tabuleiro,air.br.com.megajogos.mobile,MegaJogos,suporte@megajogos.com.br,https://www.megajogos.com.br,Cartas,4.668256,150764,33315,5.000.000+,5000000,8506985,1,0,BRL,1,1,"R$ 0,89 – R$ 579,99 por item",Classificação Livre,27 de set. de 2012,1781818891,148.1.6,,"Truco, Cacheta, Buraco e os melhores jogos em um único app. Baixe grátis agora!",https://play.google.com/store/apps/details?id=air.br.com.megajogos.mobile&hl=pt&gl=br,19,64,56,normal,900056,178208.92,636460.43,2068496.4,394605.47,3436886.32,2130869.52,alta,25,2.88,44.0,48.0,"SerpAPI, ScrapingBee"
1,Redes Sociais,5,Elomento - Rede social,com.elomento,Elomentoredesocial,suporte@elomento.com,https://www.elomento.com/,Social,4.714286,23,18,500+,500,730,1,0,BRL,0,0,,Classificação 12 anos,24 de fev. de 2026,,Varies with device,,"Uma rede social feita para interagir, não para competir",https://play.google.com/store/apps/details?id=com.elomento&hl=pt&gl=br,100,21,56,pequeno/indie,43,0.0,0.0,0.0,0.0,0.0,0.0,baixa,18,4.67,88.9,5.6,"SerpAPI, ScrapingBee"
3,Finanças,12,Financee - gestão financeira,br.com.grunkle.financee,Danillo Alves de Oliveira,danillo.alves.o@gmail.com,http://danillo.dev,Finanças,4.64,25,16,1.000+,1000,3701,1,0,BRL,0,0,,Classificação Livre,24 de out. de 2024,1747258748,1.1.0,,gestão financeira pessoal,https://play.google.com/store/apps/details?id=br.com.grunkle.financee&hl=pt&gl=br,100,21,56,pequeno/indie,247,0.0,0.0,0.0,0.0,0.0,0.0,baixa,16,4.62,87.5,0.0,"SerpAPI, ScrapingBee"
1,Paternidade,11,Rastreador de gravidez e bebê,com.zoobagames.android.hamilelik,Firehawk,support.babytracker@firehawk.ai,https://firehawk.ai/babytracker,Criação de filhos,4.06,15796,33,1.000.000+,1000000,2674499,1,0,BRL,1,1,"R$ 5,49 – R$ 549,99 por item",Classificação Livre,4 de jan. de 2013,1777888560,355.0.9,,Rastreador de gravidez e bebê: informações sobre a gravidez semana a semana,https://play.google.com/store/apps/details?id=com.zoobagames.android.hamilelik&hl=pt&gl=br,69,43,56,normal,238759,25659.17,91639.89,297829.63,56816.73,494855.39,306810.34,alta,25,3.84,72.0,28.0,"SerpAPI, ScrapingBee"
3,Eventos,6,Event - Locação para eventos,event.alphacode.com.br,Alphacode,event.gerenciamento@gmail.com,https://event.alphacode.com.br,Estilo de vida,4.8,10,8,1.000+,1000,1011,1,0,BRL,0,0,,Classificação Livre,5 de mai. de 2025,,Varies with device,,A sua plataforma de busca e anúncio de imóveis para eventos!,https://play.google.com/store/apps/details?id=event.alphacode.com.br&hl=pt&gl=br,100,20,56,pequeno/indie,61,0.0,0.0,0.0,0.0,0.0,0.0,baixa,8,4.75,87.5,0.0,"SerpAPI, ScrapingBee"
1,Medicina,3,Lembrete de Medicamentos,eu.smartpatient.mytherapy,MyTherapy,support@mytherapyapp.com,https://www.mytherapyapp.com,Medicina,4.811594,233530,12142,5.000.000+,5000000,9565847,1,0,BRL,1,1,"R$ 9,99 – R$ 259,99 por item",Classificação Livre,14 de abr. de 2015,1781274970,3.272.0,,Alarme de remédio e pílula: tome medicamentos na hora certa,https://play.google.com/store/apps/details?id=eu.smartpatient.mytherapy&hl=pt&gl=br,19,64,56,normal,1197123,69232.4,247258.58,803590.38,153300.32,1335196.33,827821.72,alta,25,4.96,100.0,0.0,"SerpAPI, ScrapingBee"
1,Saúde e Fitness,10,Gym WP - Treinos para Academia,com.lealApps.pedro.gymWorkoutPlan,Leal Apps LTDA,contact@gymwp.app,https://gymwp.app/,Saúde e fitness,4.7206125,138819,19128,5.000.000+,5000000,9759164,1,0,BRL,1,1,"R$ 3,99 – R$ 499,99 por item",Classificação Livre,11 de nov. de 2016,1781001319,10.24.4,,Acompanhe seus treinos de musculação com exercícios e planos personalizados.,https://play.google.com/store/apps/details?id=com.lealApps.pedro.gymWorkoutPlan&hl=pt&gl=br,19,63,56,normal,1222435,179000.89,639288.88,2077688.87,396359.11,3452159.97,2140339.18,alta,25,4.04,72.0,24.0,"SerpAPI, ScrapingBee"
1,Gastronomia,4,Restaurante Recanto Divisa,com.wabiz.delivery.recantodivisa,WABiz - Aplicativos para Delivery,comercial@wabiz.com.br,,Comer e beber,4.882353,17,4,1.000+,1000,4321,1,0,BRL,0,0,,Classificação 10 anos,8 de jun. de 2020,,Varies with device,,Faça seu pedido pelo aplicativo do Restaurante Recanto Divisa!,https://play.google.com/store/apps/details?id=com.wabiz.delivery.recantodivisa&hl=pt&gl=br,100,20,56,pequeno/indie,291,0.0,0.0,0.0,0.0,0.0,0.0,baixa,4,5.0,100.0,0.0,"SerpAPI, ScrapingBee"
1,Quadrinhos,8,IZNEO lecture BD et Manga HD,fr.airweb.izneo,ONO - IZNEO,support@izneo.com,https://www.izneo.com/,Quadrinhos,2.488889,5513,26,1.000.000+,1000000,1684900,1,0,BRL,0,1,"R$ 0,30 – R$ 5.200,00 por item",Classificação 14 anos,23 de abr. de 2012,1760606218,9.9.5,,"Leitura digital e familiar de histórias em quadrinhos, quadrinhos e mangás online ou em ebook!",https://play.google.com/store/apps/details?id=fr.airweb.izneo&hl=pt&gl=br,69,14,56,normal,147034,74.72,266.87,867.32,165.46,1441.08,893.47,alta,25,2.64,40.0,52.0,"SerpAPI, ScrapingBee"
1,Automóveis e Veículos,1,Drivvo - Gestão de veículos,br.com.ctncardoso.ctncar,Drivvo,support@drivvo.com,https://www.drivvo.com,Veículos,4.8343143,113829,16839,5.000.000+,5000000,5197982,1,0,BRL,1,1,"R$ 2,00 – R$ 2.099,90 por item",Classificação Livre,24 de jun. de 2012,1779887744,9.4,,Gerencie todos os tipos de veículos e equipamentos em um só lugar,https://play.google.com/store/apps/details?id=br.com.ctncardoso.ctncar&hl=pt&gl=br,19,62,56,normal,526941,7349.61,26248.62,85308.0,16274.14,141742.52,87880.36,alta,25,4.04,72.0,16.0,"SerpAPI, ScrapingBee"
29,Negócios · RH e Gestão de Equipe,19,GestãoDS,com.gestaods.myapp,Gestão DS,luismiguel.correa@gestaods.com.br,https://www.gestaods.com.br,Medicina,4.3125,96,23,5.000+,5000,5892,1,0,BRL,0,0,,Classificação Livre,7 de fev. de 2024,1782841226,1.10.10,,"Gestão descomplicada para agendas médicas, fichas de pacientes e prontuários.",https://play.google.com/store/apps/details?id=com.gestaods.myapp&hl=pt&gl=br,100,48,55,pequeno/indie,443,0.0,0.0,0.0,0.0,0.0,0.0,baixa,23,2.61,34.8,56.5,"SerpAPI, Firecrawl"
26,"Busca: ""bitcoin""",24,Bitcoin Blast - Earn Bitcoin!,app.getloaded.bitcoinblast,Bling,support@blingfi.com,https://www.blingfi.com,Quebra-cabeças,4.504593,198157,6584,5.000.000+,5000000,9649185,1,0,BRL,1,0,,Classificação Livre,16 de mai. de 2019,1784220657,3.6.1,,Ganhe Bitcoin e divirta-se jogando este viciante jogo de quebra-cabeça!,https://play.google.com/store/apps/details?id=app.getloaded.bitcoinblast&hl=pt&gl=br,19,59,55,normal,,,,,,,,,,,,,
15,Produtividade,10,Planner Pro - Daily Calendar,com.appxy.planner,TinyWork Apps,planner.a@appxy.com,https://apps.beesoft.io/PlannerProAndroid/HomePage,Produtividade,4.13,15013,296,1.000.000+,1000000,3611975,1,0,BRL,1,1,"R$ 14,99 – R$ 519,99 por item",Classificação Livre,18 de jun. de 2014,1776747498,8.1.7,,"Planner Pro - cronograma diário, gestor de tarefas e organizador pessoal",https://play.google.com/store/apps/details?id=com.appxy.planner&hl=pt&gl=br,69,42,55,normal,327163,58500.71,208931.09,679026.06,129537.28,1128227.91,699501.3,alta,25,4.2,80.0,8.0,"SerpAPI, ScrapingBee"
1,Jogos de Palavras,5,Caça palavras: Jogo de palavra,com.rvappstudios.word.search.puzzle.game,RV AppStudios,app_support@rvappstudios.com,http://www.rvappstudios.com,Palavras,4.064516,8195,448,1.000.000+,1000000,4272300,1,0,BRL,1,1,"R$ 4,99 – R$ 274,99 por item",Classificação Livre,19 de ago. de 2019,1777467947,1.9.5,,"Caça-palavras relaxantes para jogar, modos divertidos para experimentar!",https://play.google.com/store/apps/details?id=com.rvappstudios.word.search.puzzle.game&hl=pt&gl=br,69,41,55,normal,331575,28914.76,103266.98,335617.7,64025.53,557641.72,345737.86,alta,25,4.24,76.0,12.0,"SerpAPI, ScrapingBee"
1,Jogos de Cartas,5,Solitaire Collection,solitaire.collection.klondike.spider.freecell.tripeaks.pyramid.cardgame,Solitaire Card Studio,myfuncookie@gmail.com,https://www.solitairecardstudio.com,Cartas,4.6807513,159891,2924,5.000.000+,5000000,7206893,1,0,BRL,1,1,"R$ 4,99 – R$ 86,99 por item",Classificação Livre,19 de mar. de 2022,1764852643,1.0.35,,"Solitaire Collection: Klondike, Spider, FreeCell, Pirâmide e Tripeaks!",https://play.google.com/store/apps/details?id=solitaire.collection.klondike.spider.freecell.tripeaks.pyramid.cardgame&hl=pt&gl=br,29,47,55,normal,630566,13355.31,47697.54,155017.0,29572.47,257566.71,159691.36,alta,25,4.4,80.0,8.0,"SerpAPI, ScrapingBee"
1,Jogos de Tabuleiro,1,Board Games,cat.minkusoft.jocstauler,minkusoft,info@minkusoft.com,http://minkusoft.com,Tabuleiros,4.5111113,34891,69,5.000.000+,5000000,5269767,1,0,BRL,1,0,,Classificação Livre,20 de out. de 2011,1745852418,3.5.13,,Com JOGOS DE TABULEIRO você pode se divertir com jogos de todos os tempos como na sua infância,https://play.google.com/store/apps/details?id=cat.minkusoft.jocstauler&hl=pt&gl=br,49,28,55,normal,454379,355.49,1269.62,4126.25,609.42,6855.92,3290.84,alta,25,4.64,92.0,4.0,"SerpAPI, ScrapingBee"
1,Ferramentas,9,"Ancleaner, limpador Android",appinventor.ai_mmfrutos7878.Ancleaner,Senforein Software,android@senforeinsoft.com,http://senforeinsoft.com,Ferramentas,4.5038834,135424,6695,5.000.000+,5000000,8713169,1,0,BRL,1,0,,Classificação Livre,8 de ago. de 2014,1780996960,0.232,,"Ancleaner, Android Cleaner, é um limpador de celular completo e seguro.",https://play.google.com/store/apps/details?id=appinventor.ai_mmfrutos7878.Ancleaner&hl=pt&gl=br,19,57,55,normal,1085750,720.99,2574.97,8368.64,1235.98,13904.82,6674.31,alta,25,4.52,92.0,8.0,"SerpAPI, ScrapingBee"
1,Encontros,1,Inner Circle - Encontros,com.theinnercircle,Circle Imperium B.V.,android@theinnercircle.co,https://www.theinnercircle.co,Encontros,4.4036126,114491,13183,5.000.000+,5000000,9582278,1,0,BRL,0,1,"R$ 0,59 – R$ 579,90 por item",Classificação 18 anos,4 de jun. de 2015,1781615441,5.30.5,,O app de relacionamento para conhecer e encontrar com pessoas que valem a pena.,https://play.google.com/store/apps/details?id=com.theinnercircle&hl=pt&gl=br,19,58,55,normal,1090248,292389.89,1044249.6,3393811.2,647434.75,5638947.85,3496147.66,alta,25,1.84,20.0,80.0,"SerpAPI, ScrapingBee"
1,Android Wear,8,Simple Watchface AKM Wear OS,com.akchimwf.simpledigital,Akchim Watchfaces,akchimwf@gmail.com,,Personalização,4.111111,209,0,50.000+,50000,58775,1,0,BRL,0,0,,Classificação Livre,21 de dez. de 2023,1753620240,Varies with device,,"Minimalista, rigoroso, digital.",https://play.google.com/store/apps/details?id=com.akchimwf.simpledigital&hl=pt&gl=br,100,11,55,pequeno/indie,4272,0.0,0.0,0.0,0.0,0.0,0.0,baixa,0,0.0,0.0,0.0,"SerpAPI, ScrapingBee"
29,Personalização · Launchers,10,hyperion launcher,projekt.launcher,prjkt.io,sales@prjkt.io,https://prjkt.io,Personalização,4.069307,16945,430,1.000.000+,1000000,2375905,1,0,BRL,0,1,"R$ 9,99 por item",Classificação Livre,15 de out. de 2018,1773340067,2.1.22,,"Proporcionando uma experiência de lançador consolidado, bonita e cheia de recursos!",https://play.google.com/store/apps/details?id=projekt.launcher&hl=pt&gl=br,69,37,54,normal,210881,811.08,2896.72,9414.33,1795.97,15642.28,9698.21,alta,25,3.88,68.0,16.0,"SerpAPI, Firecrawl"
23,"Busca: ""rifa""",21,Talonário de Rifas,com.davdevco.virtualrafflebook,Softdav CO,davdevco@gmail.com,https://davdevcol.netlify.app,Ferramentas,,,,5.000+,5000,5606,1,0,BRL,1,1,"R$ 14,99 por item",Classificação Livre,16 de jul. de 2025,,Varies with device,,"Controle suas rifas no Brasil: números, vendas, pagamentos e sorteio em um só ap",https://play.google.com/store/apps/details?id=com.davdevco.virtualrafflebook&hl=pt&gl=br,100,12,54,pequeno/indie,350,1.59,5.68,18.47,3.52,30.69,19.03,baixa,0,0.0,0.0,0.0,"SerpAPI, Brave Search, Firecrawl, DevSite:ScrapingAnt"
23,"Busca: ""rifa""",20,TalonarioRifas Sorteio Digital,com.talonario.rifas,Wilmar Mejia,supernomo2015@gmail.com,https://talonariorifa.web.app,Ferramentas,4.0,128,2,5.000+,5000,7853,1,0,BRL,0,0,,Classificação Livre,3 de jun. de 2025,1776643876,1.2.0,,"Crie rifas, venda bilhetes e gerencie vendedores. App #1 para sorteios",https://play.google.com/store/apps/details?id=com.talonario.rifas&hl=pt&gl=br,100,44,54,pequeno/indie,502,0.0,0.0,0.0,0.0,0.0,0.0,baixa,2,2.5,50.0,50.0,"SerpAPI, Brave Search, Firecrawl, DevSite:Firecrawl"
23,"Busca: ""rifa""",11,Rifa da Hora PRO,com.rifadahora.pro,APLICATIVOS DA HORA,alvesvaldeles@gmail.com,,Ferramentas,4.4545455,12,6,1.000+,1000,1698,1,0,BRL,0,0,,Classificação Livre,23 de fev. de 2026,,Varies with device,,Crie e gerencie rifas com facilidade.,https://play.google.com/store/apps/details?id=com.rifadahora.pro&hl=pt&gl=br,100,14,54,pequeno/indie,97,0.0,0.0,0.0,0.0,0.0,0.0,baixa,6,4.17,83.3,16.7,"SerpAPI, Brave Search, Firecrawl"
21,"Busca: ""crypto wallet""",5,Midas Kripto: Bitcoin Al Sat,com.getmidas.crypto,Midas Finansal Teknolojiler,bilgi@midaskripto.com,https://www.midaskripto.com/,Finanças,,,,500.000+,500000,578322,1,0,BRL,0,0,,Classificação Livre,23 de jun. de 2026,1784124674,3.5.1,,"Compre e venda criptomoedas como Bitcoin (BTC), ETH e invista em corretoras de criptomoedas.",https://play.google.com/store/apps/details?id=com.getmidas.crypto&hl=pt&gl=br,92,55,54,pequeno/indie,,,,,,,,,,,,,
9,Bibliotecas e Demonstrações,5,Minha Biblioteca,com.vgm.mylibrary,Julien Keith,mylibraryappli@gmail.com,https://discord.gg/Nk8BB8C,Produtividade,4.8642745,74028,3409,1.000.000+,1000000,4224606,1,0,BRL,0,0,,Classificação Livre,3 de jun. de 2016,1782159578,2.2.0.1,,Catalogue sua biblioteca!,https://play.google.com/store/apps/details?id=com.vgm.mylibrary&hl=pt&gl=br,79,65,54,pequeno/indie,508897,0.0,0.0,0.0,0.0,0.0,0.0,média,25,4.96,100.0,0.0,"SerpAPI, ScrapingBee"
1,Jogos de Trivia,12,Quiz - Conhecimentos Gerais,com.creactive.quemquersermilionario.millonario.lite,WalkMe Mobile Solutions,info@walkme.pt,http://www.walkme.pt,Conhecimentos,4.473054,140117,1916,5.000.000+,5000000,7856515,1,0,BRL,1,1,"R$ 4,59 – R$ 509,99 por item",Classificação Livre,30 de set. de 2013,1779110883,8.3.4,,Um jogo perfeito que irá aumentar a tua cultura geral e fazer-te ganhar milhões!,https://play.google.com/store/apps/details?id=com.creactive.quemquersermilionario.millonario.lite&hl=pt&gl=br,19,55,54,normal,627417,100121.49,357576.75,1162124.42,221697.58,1930914.42,1197166.94,alta,25,3.8,64.0,20.0,"SerpAPI, ScrapingBee"
1,Jogos Musicais,5,Deemo,com.rayark.pluto,RAYARK,service@rayark.com,http://www.rayark.com/g/deemo/,Música,4.808157,556928,9057,5.000.000+,5000000,8650480,1,0,BRL,1,1,"R$ 4,90 – R$ 299,90 por item",Classificação Livre,26 de dez. de 2013,1770955321,5.0.11,,Never left without saying goodbye,https://play.google.com/store/apps/details?id=com.rayark.pluto&hl=pt&gl=br,19,53,54,normal,763286,72485.53,258876.88,841349.88,160503.67,1397935.18,866719.81,alta,25,4.76,96.0,4.0,"SerpAPI, ScrapingBee"
1,Jogos de Cassino,3,Viva Slots Vegas: Casino Slots,com.RocketGames.ClassicSlots,"Viva Slots Classic Slot Machine Games, LLC",support@vivaslots.com,https://www.vivaslots.com,Cassino,4.4135666,213613,1957,5.000.000+,5000000,8190094,1,0,BRL,1,1,"R$ 3,09 – R$ 1.249,99 por item",Classificação 18 anos,16 de jul. de 2015,1778098936,4.3.01,,"Caça-níqueis clássicas, online ou offline, na segurança de sua casa!",https://play.google.com/store/apps/details?id=com.RocketGames.ClassicSlots&hl=pt&gl=br,19,54,54,normal,655313,35878.44,128137.27,416446.14,79445.11,691941.28,429003.59,alta,25,4.48,84.0,12.0,"SerpAPI, ScrapingBee"
3,Notícias e Revistas,7,Jornais e Revistas,jornais.revistas.portugal,APPS4NewWorld,apps4newworld@gmail.com,https://dev627157.topdeveloper.info,Notícias e revistas,,,,1.000+,1000,3048,1,0,BRL,1,0,,Classificação Livre,10 de jul. de 2023,1765873735,2025.3.0,,"Jornais e Revistas Portuguesas, imprensa, esportes, economia, moda, cinema.",https://play.google.com/store/apps/details?id=jornais.revistas.portugal&hl=pt&gl=br,100,14,54,pequeno/indie,182,0.07,0.25,0.82,0.12,1.37,0.66,baixa,8,4.25,87.5,0.0,"SerpAPI, ScrapingBee"
1,Notícias e Revistas,14,Jornais e Revistas,jornais.revistas.portugal,APPS4NewWorld,apps4newworld@gmail.com,https://dev627157.topdeveloper.info,Notícias e revistas,,,,1.000+,1000,3048,1,0,BRL,1,0,,Classificação Livre,10 de jul. de 2023,1765873735,2025.3.0,,"Jornais e Revistas Portuguesas, imprensa, esportes, economia, moda, cinema.",https://play.google.com/store/apps/details?id=jornais.revistas.portugal&hl=pt&gl=br,100,14,54,pequeno/indie,182,0.07,0.25,0.82,0.12,1.37,0.66,baixa,8,4.25,87.5,0.0,"SerpAPI, ScrapingBee"
1,Mapas e Navegação,14,Avenza Maps: Mapas Offline,com.Avenza,Avenza Systems Inc.,support@avenza.com,https://store.avenza.com/,Mapas e navegação,4.5880775,111142,6506,5.000.000+,5000000,7926652,1,0,BRL,0,1,"R$ 2,49 – R$ 1.499,90 por item",Classificação Livre,19 de set. de 2013,1777673958,5.6,,"Mapas para caminhadas, trilhas, offroading e rastreamento por GPS offline",https://play.google.com/store/apps/details?id=com.Avenza&hl=pt&gl=br,19,54,54,normal,819536,9885.18,35304.23,114738.75,21888.62,190642.84,118198.56,alta,25,3.0,48.0,48.0,"SerpAPI, ScrapingBee"
3,Educação,8,Cursos Certificados e Estágio,hawkscode.easyshiksha,HawksCode,info@easyshiksha.com,https://easyshiksha.com,Educação,3.9655173,8955,4,100.000+,100000,266149,1,0,BRL,0,0,,Classificação Livre,17 de jul. de 2015,1782914237,7.9.2,,Descubra o aprendizado on-line: cursos e estágios com certificados,https://play.google.com/store/apps/details?id=hawkscode.easyshiksha&hl=pt&gl=br,100,47,54,pequeno/indie,25311,0.0,0.0,0.0,0.0,0.0,0.0,média,15,3.87,66.7,26.7,"SerpAPI, ScrapingBee"
1,Bibliotecas e Demonstrações,5,Minha Biblioteca,com.vgm.mylibrary,Julien Keith,mylibraryappli@gmail.com,https://discord.gg/Nk8BB8C,Produtividade,4.8642745,74027,3409,1.000.000+,1000000,4224606,1,0,BRL,0,0,,Classificação Livre,3 de jun. de 2016,1782159578,2.2.0.1,,Catalogue sua biblioteca!,https://play.google.com/store/apps/details?id=com.vgm.mylibrary&hl=pt&gl=br,79,65,54,pequeno/indie,508897,0.0,0.0,0.0,0.0,0.0,0.0,média,25,4.96,100.0,0.0,"SerpAPI, ScrapingBee"
1,Saúde e Fitness,2,Growth - Dieta e Treino,br.com.dietaetreino,Growth Supplements,appdietaetreino@gmail.com,https://www.gsuplementos.com.br/,Saúde e fitness,4.7586045,43176,16677,1.000.000+,1000000,3029583,1,0,BRL,0,0,,Classificação Livre,30 de mar. de 2020,1782738213,7.5.11,,Controle sua dieta e treino com o app da Growth!,https://play.google.com/store/apps/details?id=br.com.dietaetreino&hl=pt&gl=br,79,65,54,pequeno/indie,359169,0.0,0.0,0.0,0.0,0.0,0.0,média,25,4.68,88.0,4.0,"SerpAPI, ScrapingBee"
1,Encontros,7,Namoro e bate-papo - Liketoo,com.liketoo,Red Panda App,support@liketoo.app,https://liketoo.app,Encontros,4.177778,11075,498,1.000.000+,1000000,4779924,1,0,BRL,1,1,"R$ 7,49 – R$ 279,99 por item",Classificação 18 anos,5 de dez. de 2024,1772543400,1.0.9,,Conheça e saia com solteiros perto de você. Flerte e ame.,https://play.google.com/store/apps/details?id=com.liketoo&hl=pt&gl=br,69,37,54,normal,438769,53493.71,191048.95,620909.08,118450.35,1031664.33,639631.88,alta,25,3.88,68.0,24.0,"SerpAPI, ScrapingBee"
3,Android Wear,8,Field Watch 2 Wear OS 5+,com.watchfacestudio.fw2,OQ Watchfaces,osmanqadir78@gmail.com,,Personalização,,,,1.000+,1000,3164,0,5.99,BRL,0,0,,Classificação Livre,20 de mai. de 2023,1766555690,Varies with device,,Um watchface de campo para wear os com fundo preto e personalizações de cores,https://play.google.com/store/apps/details?id=com.watchfacestudio.fw2&hl=pt&gl=br,100,15,54,pequeno/indie,189,111.44,398.0,1293.5,246.76,2149.2,1332.5,baixa,0,0.0,0.0,0.0,"SerpAPI, ScrapingBee"
1,Android Wear,3,Field Watch 2 Wear OS 5+,com.watchfacestudio.fw2,OQ Watchfaces,osmanqadir78@gmail.com,,Personalização,,,,1.000+,1000,3164,0,5.99,BRL,0,0,,Classificação Livre,20 de mai. de 2023,1766555690,Varies with device,,Um watchface de campo para wear os com fundo preto e personalizações de cores,https://play.google.com/store/apps/details?id=com.watchfacestudio.fw2&hl=pt&gl=br,100,15,54,pequeno/indie,189,111.44,398.0,1293.5,246.76,2149.2,1332.5,baixa,0,0.0,0.0,0.0,"SerpAPI, ScrapingBee"
29,Personalização · Launchers,19,Olauncher. Minimal AF Launcher,app.olauncher,Digital Minimalism,thetanuj1@gmail.com,https://twitter.com/tanujnotes/,Personalização,4.9193954,77265,1877,1.000.000+,1000000,2416075,1,0,BRL,0,0,,Classificação Livre,17 de jul. de 2020,1782901972,v6.7.1,,Launcher minimalista para reduzir o tempo que você passa na frente da tela. Papéis de parede diários. Sem anúncios.,https://play.google.com/store/apps/details?id=app.olauncher&hl=pt&gl=br,79,64,53,pequeno/indie,283301,0.0,0.0,0.0,0.0,0.0,0.0,média,25,4.84,96.0,4.0,"SerpAPI, Firecrawl"
22,"Busca: ""carteira""",10,Carteira D'CENT Crypto,com.kr.iotrust.dcent.wallet,"IoTrust Co., Ltd",contact@iotrust.kr,https://dcentwallet.com/,Finanças,3.78125,1800,24,100.000+,100000,393368,1,0,BRL,0,0,,Classificação Livre,16 de out. de 2018,1782873481,9.2.0,,Gerencie o portfólio de criptomoedas e use vários serviços de blockchain,https://play.google.com/store/apps/details?id=com.kr.iotrust.dcent.wallet&hl=pt&gl=br,100,43,53,pequeno/indie,38210,0.0,0.0,0.0,0.0,0.0,0.0,média,27,3.59,63.0,33.3,"SerpAPI, Brave Search, Firecrawl, DevSite:Firecrawl"
20,"Busca: ""wallet""",21,Carteira D'CENT Crypto,com.kr.iotrust.dcent.wallet,"IoTrust Co., Ltd",contact@iotrust.kr,https://dcentwallet.com/,Finanças,3.78125,1800,24,100.000+,100000,393368,1,0,BRL,0,0,,Classificação Livre,16 de out. de 2018,1782873481,9.2.0,,Gerencie o portfólio de criptomoedas e use vários serviços de blockchain,https://play.google.com/store/apps/details?id=com.kr.iotrust.dcent.wallet&hl=pt&gl=br,100,43,53,pequeno/indie,38210,0.0,0.0,0.0,0.0,0.0,0.0,média,25,3.48,60.0,36.0,"SerpAPI, Firecrawl"
9,Finanças,7,Paraná Banco – Investimentos,br.paranabanco.app,Parana Banco S/A,investimentos@paranabanco.com.br,https://www.paranabancoinvestimentos.com.br/,Finanças,3.6,425,236,100.000+,100000,101336,1,0,BRL,0,0,,Classificação Livre,27 de jun. de 2017,1782328193,3.204.0,,Baixe o app e conte com uma curadoria em Renda Fixa e Fundos de Investimento.,https://play.google.com/store/apps/details?id=br.paranabanco.app&hl=pt&gl=br,100,41,53,pequeno/indie,9127,0.0,0.0,0.0,0.0,0.0,0.0,média,25,2.64,40.0,56.0,"SerpAPI, ScrapingBee"
7,Finanças,8,Paraná Banco – Investimentos,br.paranabanco.app,Parana Banco S/A,investimentos@paranabanco.com.br,https://www.paranabancoinvestimentos.com.br/,Finanças,3.6,425,236,100.000+,100000,101336,1,0,BRL,0,0,,Classificação Livre,27 de jun. de 2017,1782328193,3.204.0,,Baixe o app e conte com uma curadoria em Renda Fixa e Fundos de Investimento.,https://play.google.com/store/apps/details?id=br.paranabanco.app&hl=pt&gl=br,100,41,53,pequeno/indie,9127,0.0,0.0,0.0,0.0,0.0,0.0,média,150,3.01,49.3,47.3,"SerpAPI, Brave Search, ScrapingBee, DevSite:ScrapingAnt"
8,Finanças,7,Paraná Banco – Investimentos,br.paranabanco.app,Parana Banco S/A,investimentos@paranabanco.com.br,https://www.paranabancoinvestimentos.com.br/,Finanças,3.6,425,236,100.000+,100000,101336,1,0,BRL,0,0,,Classificação Livre,27 de jun. de 2017,1782328193,3.204.0,,Baixe o app e conte com uma curadoria em Renda Fixa e Fundos de Investimento.,https://play.google.com/store/apps/details?id=br.paranabanco.app&hl=pt&gl=br,100,41,53,pequeno/indie,9127,0.0,0.0,0.0,0.0,0.0,0.0,média,25,2.64,40.0,56.0,"SerpAPI, ScrapingBee"
5,Finanças,7,Paraná Banco – Investimentos,br.paranabanco.app,Parana Banco S/A,investimentos@paranabanco.com.br,https://www.paranabancoinvestimentos.com.br/,Finanças,3.6,425,236,100.000+,100000,101336,1,0,BRL,0,0,,Classificação Livre,27 de jun. de 2017,1782328193,3.204.0,,Baixe o app e conte com uma curadoria em Renda Fixa e Fundos de Investimento.,https://play.google.com/store/apps/details?id=br.paranabanco.app&hl=pt&gl=br,100,41,53,pequeno/indie,9127,0.0,0.0,0.0,0.0,0.0,0.0,média,25,2.64,40.0,56.0,"SerpAPI, ScrapingBee"
3,Medicina,10,Manual Conciso de Medicina,com.rermedapps.concisemedicinepro,RER MedApps,contact@rermedapps.com,https://rermedapps.com,Medicina,3.8,116,3,10.000+,10000,16338,1,0,BRL,1,1,"R$ 4,99 – R$ 264,99 por item",Classificação Livre,6 de set. de 2025,,Varies with device,,950+ Resumos de Doenças Baseados em Evidências | Guia Clínico para Médicos,https://play.google.com/store/apps/details?id=com.rermedapps.concisemedicinepro&hl=pt&gl=br,100,8,53,pequeno/indie,1096,41.47,148.1,481.32,91.82,799.72,495.83,baixa,4,3.75,75.0,25.0,"SerpAPI, ScrapingBee"
1,Compras,13,Torra: Comprar Roupas,br.com.app.torra,Lojas Torra,lojastorratorra@gmail.com,https://www.lojastorra.com.br/,Compras,4.8757935,21960,4969,1.000.000+,1000000,3981478,1,0,BRL,0,0,,Classificação Livre,26 de set. de 2019,1781108092,13.0.24,,"Roupas, calçados, jeans, cama, mesa e banho para comprar online e economizar",https://play.google.com/store/apps/details?id=br.com.app.torra&hl=pt&gl=br,79,63,53,pequeno/indie,478257,0.0,0.0,0.0,0.0,0.0,0.0,média,25,4.44,84.0,12.0,"SerpAPI, ScrapingBee"
3,Finanças,25,Paraná Banco – Investimentos,br.paranabanco.app,Parana Banco S/A,investimentos@paranabanco.com.br,https://www.paranabancoinvestimentos.com.br/,Finanças,3.6,425,236,100.000+,100000,101336,1,0,BRL,0,0,,Classificação Livre,27 de jun. de 2017,1782328193,3.204.0,,Baixe o app e conte com uma curadoria em Renda Fixa e Fundos de Investimento.,https://play.google.com/store/apps/details?id=br.paranabanco.app&hl=pt&gl=br,100,41,53,pequeno/indie,9127,0.0,0.0,0.0,0.0,0.0,0.0,média,25,2.64,40.0,56.0,"SerpAPI, ScrapingBee"
1,Finanças,6,Paraná Banco – Investimentos,br.paranabanco.app,Parana Banco S/A,investimentos@paranabanco.com.br,https://www.paranabancoinvestimentos.com.br/,Finanças,3.6,425,236,100.000+,100000,101336,1,0,BRL,0,0,,Classificação Livre,27 de jun. de 2017,1782328193,3.204.0,,Baixe o app e conte com uma curadoria em Renda Fixa e Fundos de Investimento.,https://play.google.com/store/apps/details?id=br.paranabanco.app&hl=pt&gl=br,100,41,53,pequeno/indie,9127,0.0,0.0,0.0,0.0,0.0,0.0,média,25,2.64,40.0,56.0,"SerpAPI, ScrapingBee"
29,Personalização · Launchers,23,"GO Launcher S – 3D Theme, Wall",com.gau.go.launcherex.s,go live llc,launchersgo@gmail.com,http://golauncher.goforandroid.com,Personalização,4.674286,165845,4489,5.000.000+,5000000,8737730,1,0,BRL,1,1,"R$ 3,79 – R$ 354,99 por item",Classificação Livre,28 de set. de 2018,1756462793,1.21,,GO Launcher S-💎Customize your phone with free themes & HD wallpapers!,https://play.google.com/store/apps/details?id=com.gau.go.launcherex.s&hl=pt&gl=br,29,37,52,normal,907460,45519.62,162570.08,528352.76,100793.45,877878.44,544284.63,alta,25,4.52,84.0,8.0,"SerpAPI, Firecrawl"
29,Negócios · RH e Gestão de Equipe,21,RH Mobile,com.sysnovare.rhmobile,Sysnovare Innovative Solutions S.A.,geral@sysnovare.pt,http://www.sysnovare.pt,Negócios,3.625,63,2,10.000+,10000,26605,1,0,BRL,0,0,,Classificação Livre,14 de fev. de 2018,1784132911,26.5.8,,A solução de Capital Humano Sysnovare RH Suite na palma da mão.,https://play.google.com/store/apps/details?id=com.sysnovare.rhmobile&hl=pt&gl=br,100,39,52,pequeno/indie,2210,0.0,0.0,0.0,0.0,0.0,0.0,baixa,25,2.28,28.0,72.0,"SerpAPI, Firecrawl"
29,Negócios · RH e Gestão de Equipe,3,Ponto Soft,com.psmobile,Insoft4 Informática,comercial@insoft4.com,https://www.pontosoft.com.br/mobile,Produtividade,3.85,127,51,10.000+,10000,41542,1,0,BRL,0,0,,Classificação Livre,14 de abr. de 2020,1782136628,4.21.1,,"Ferramenta destinada à marcação ponto, confirmação do local via Geolocalização.",https://play.google.com/store/apps/details?id=com.psmobile&hl=pt&gl=br,100,38,52,pequeno/indie,3548,0.0,0.0,0.0,0.0,0.0,0.0,baixa,25,3.8,68.0,28.0,"SerpAPI, Firecrawl"
26,"Busca: ""bitcoin""",12,Kraken: Cripto e Bitcoin BTC,com.kraken.invest.app,"Payward, Inc.",mobile-retail@kraken.com,https://www.kraken.com,Finanças,4.19,53128,486,5.000.000+,5000000,8634497,1,0,BRL,0,1,"R$ 28,99 – R$ 284,99 por item",Classificação Livre,30 de dez. de 2020,1784041617,3.72.3,,"Exchange criptomoedas: Ethereum, Uniswap, Litecoin, Cardano, DOGE. Compra cripto",https://play.google.com/store/apps/details?id=com.kraken.invest.app&hl=pt&gl=br,49,49,52,normal,,,,,,,,,,,,,
9,Personalização,2,"GO Launcher S – 3D Theme, Wall",com.gau.go.launcherex.s,go live llc,launchersgo@gmail.com,http://golauncher.goforandroid.com,Personalização,4.674286,165689,4489,5.000.000+,5000000,8719998,1,0,BRL,1,1,"R$ 3,79 – R$ 354,99 por item",Classificação Livre,28 de set. de 2018,1756462793,1.21,,GO Launcher S-💎Customize your phone with free themes & HD wallpapers!,https://play.google.com/store/apps/details?id=com.gau.go.launcherex.s&hl=pt&gl=br,29,38,52,normal,905534,45423.0,162225.01,527231.27,100579.5,876015.04,543129.33,alta,25,4.44,80.0,8.0,"SerpAPI, ScrapingBee"
9,Paternidade,9,Pregnant Mother Simulator Game,com.pregnant.mom.games,InfinityGames Studio,infinitygamestudio91@gmail.com,https://infinitygamestudio.co/,Estratégia,4.072022,58398,4229,5.000.000+,5000000,8553746,1,0,BRL,1,1,"R$ 5,49 – R$ 52,99 por item",Classificação Livre,22 de jun. de 2020,1773816797,6.4,,Simulador de mães com jogos de gestantes. Aproveite a vida de mãe,https://play.google.com/store/apps/details?id=com.pregnant.mom.games&hl=pt&gl=br,59,40,52,normal,685782,23668.27,84529.53,274720.96,52408.31,456459.44,283004.85,alta,25,3.52,64.0,36.0,"SerpAPI, ScrapingBee"
9,Mapas e Navegação,7,GPS Brasil – Navegador Offline,com.ndrive.oimapas,"NDRIVE, NAVIGATION SYSTEMS, S.A.",support@ndrive.com,https://ndrive.com,Mapas e navegação,4.522625,142793,72536,1.000.000+,1000000,4222746,1,0,BRL,1,1,"R$ 2,82 – R$ 239,99 por item",Classificação Livre,12 de jun. de 2013,1745913859,2.50.03,,"GPS que funciona sem internet, com trânsito e alerta de radar de velocidade.",https://play.google.com/store/apps/details?id=com.ndrive.oimapas&hl=pt&gl=br,39,28,52,normal,423885,14449.47,51605.24,167717.03,31995.25,278668.29,172774.34,alta,25,4.44,84.0,8.0,"SerpAPI, ScrapingBee"
11,Personalização,3,"GO Launcher S – 3D Theme, Wall",com.gau.go.launcherex.s,go live llc,launchersgo@gmail.com,http://golauncher.goforandroid.com,Personalização,4.674286,165691,4489,5.000.000+,5000000,8719998,1,0,BRL,1,1,"R$ 3,79 – R$ 354,99 por item",Classificação Livre,28 de set. de 2018,1756462793,1.21,,GO Launcher S-💎Customize your phone with free themes & HD wallpapers!,https://play.google.com/store/apps/details?id=com.gau.go.launcherex.s&hl=pt&gl=br,29,38,52,normal,905534,45423.0,162225.01,527231.27,100579.5,876015.04,543129.33,alta,25,4.44,80.0,8.0,"SerpAPI, ScrapingBee"
1,Jogos Musicais,8,Cytus II,com.rayark.cytus2,RAYARK,service@rayark.com,https://www.rayark.com/g/cytus2/,Música,4.3439155,136757,2632,1.000.000+,1000000,4023056,0,9.9,BRL,0,1,"R$ 15,99 – R$ 369,99 por item",Classificação 12 anos,7 de mar. de 2018,1781857075,5.2.16,,Você consegue me ouvir?,https://play.google.com/store/apps/details?id=com.rayark.cytus2&hl=pt&gl=br,39,58,52,normal,373607,87218.23,311493.68,1012354.47,193126.08,1682065.89,1042880.85,alta,25,3.8,68.0,20.0,"SerpAPI, ScrapingBee"
1,Jogos Musicais,6,Sonolus,com.FosFenes.Sonolus,Macau FosFenes Technology,support@sonolus.com,https://sonolus.com,Música,3.990099,5534,114,1.000.000+,1000000,2257576,1,0,BRL,1,1,"R$ 16,99 – R$ 169,99 por item",Classificação Livre,14 de jul. de 2025,1779475067,1.1.2,,Nova era dos Jogos De Ritmo,https://play.google.com/store/apps/details?id=com.FosFenes.Sonolus&hl=pt&gl=br,69,67,52,crescendo,169896,10944.03,39085.83,127028.94,24233.21,211063.46,130859.35,alta,25,3.84,68.0,24.0,"SerpAPI, ScrapingBee"
1,Jogos Educacionais,6,Ler e Contar,com.bergman.lerecontar,Apps Bergman,contato@appsbergman.com,http://appsbergman.com/,Educativos,4.3079743,19540,5816,5.000.000+,5000000,8900493,1,0,BRL,1,1,"R$ 39,99 por item",Classificação Livre,26 de set. de 2014,1773154258,7.0.5,,"Aprender o alfabeto completo e ilustrado, contar até 100,  formas, cores e mais",https://play.google.com/store/apps/details?id=com.bergman.lerecontar&hl=pt&gl=br,49,49,52,normal,714887,18304.02,65371.48,212457.32,40530.32,353006.01,218863.72,alta,25,4.16,80.0,20.0,"SerpAPI, ScrapingBee"
1,Jogos Educacionais,2,Silabando,com.appsbergman.silabando,Apps Bergman,contato@appsbergman.com,http://appsbergman.com/,Educativos,4.357675,7723,2856,5.000.000+,5000000,5159889,1,0,BRL,1,1,"R$ 27,99 por item",Classificação Livre,29 de out. de 2016,1773155740,2.9,,Aprender as sílabas simples e complexas de um jeito fácil e divertido!,https://play.google.com/store/apps/details?id=com.appsbergman.silabando&hl=pt&gl=br,49,47,52,normal,404057,7358.72,26281.13,85413.66,16294.3,141918.08,87989.21,alta,25,4.44,84.0,12.0,"SerpAPI, ScrapingBee"
1,Jogos de Ação,4,Brutal Street 2,com.bpgames.bs2.and,Black Pearl Games Ltd.,cs@blackpearlgame.com,http://www.brutalstreet2.com,Ação,4.3930635,38184,1927,1.000.000+,1000000,2080343,1,0,BRL,1,1,"R$ 3,19 – R$ 319,99 por item",Classificação 16 anos,26 de set. de 2017,1752893376,1.3.5,,O jogo de ação gângster offline mais hardcore!,https://play.google.com/store/apps/details?id=com.bpgames.bs2.and&hl=pt&gl=br,69,29,52,normal,155930,11284.2,40300.72,130977.34,24986.45,217623.88,134926.81,alta,25,3.8,68.0,28.0,"SerpAPI, ScrapingBee"
1,Personalização,4,"GO Launcher S – 3D Theme, Wall",com.gau.go.launcherex.s,go live llc,launchersgo@gmail.com,http://golauncher.goforandroid.com,Personalização,4.674286,165688,4489,5.000.000+,5000000,8719998,1,0,BRL,1,1,"R$ 3,79 – R$ 354,99 por item",Classificação Livre,28 de set. de 2018,1756462793,1.21,,GO Launcher S-💎Customize your phone with free themes & HD wallpapers!,https://play.google.com/store/apps/details?id=com.gau.go.launcherex.s&hl=pt&gl=br,29,38,52,normal,905534,45423.0,162225.01,527231.27,100579.5,876015.04,543129.33,alta,25,4.44,80.0,8.0,"SerpAPI, ScrapingBee"
1,Mapas e Navegação,6,GPS Brasil – Navegador Offline,com.ndrive.oimapas,"NDRIVE, NAVIGATION SYSTEMS, S.A.",support@ndrive.com,https://ndrive.com,Mapas e navegação,4.522625,142793,72536,1.000.000+,1000000,4222746,1,0,BRL,1,1,"R$ 2,82 – R$ 239,99 por item",Classificação Livre,12 de jun. de 2013,1745913859,2.50.03,,"GPS que funciona sem internet, com trânsito e alerta de radar de velocidade.",https://play.google.com/store/apps/details?id=com.ndrive.oimapas&hl=pt&gl=br,39,28,52,normal,423885,14449.47,51605.24,167717.03,31995.25,278668.29,172774.34,alta,25,4.44,84.0,8.0,"SerpAPI, ScrapingBee"
3,Comunicação,2,Katlen Martins Call and Chat,com.vitalapps.katlenmartins.videocall.chat,Vital apps,cof.eve007@gmail.com,https://vital-apps.blogspot.com,Entretenimento,3.642857,14,5,10.000+,10000,11311,1,0,BRL,1,0,,Classificação Livre,11 de fev. de 2026,,Varies with device,,Surpreenda seus entes queridos com uma chamada de vídeo especial e um bate-papo com Katlen Martins.,https://play.google.com/store/apps/details?id=com.vitalapps.katlenmartins.videocall.chat&hl=pt&gl=br,100,4,52,pequeno/indie,741,0.22,0.77,2.5,0.37,4.16,2.0,baixa,5,3.6,60.0,40.0,"SerpAPI, ScrapingBee"
3,Livros e Referências,20,ReadingBuddy: Read Aloud Books,com.imagiration.readingteacher,ImagiRation LLC,imagiration@gmail.com,http://imagiration.com/,Educação,3.8461537,492,2,100.000+,100000,219935,1,0,BRL,0,0,,Classificação Livre,3 de jul. de 2023,1778531810,2.0.5,,Biblioteca de livros ilustrados e professor de leitura nº 1 para crianças e bebês,https://play.google.com/store/apps/details?id=com.imagiration.readingteacher&hl=pt&gl=br,100,38,52,pequeno/indie,17247,0.0,0.0,0.0,0.0,0.0,0.0,média,4,4.5,75.0,0.0,"SerpAPI, ScrapingBee"
1,Negócios,6,Venda Fácil - Controle Vendas,com.defapps.VendaFacil,Def Aplicativos,defaplicativos@gmail.com,,Negócios,3.6470587,19,17,1.000+,1000,2459,1,0,BRL,1,1,"R$ 24,99 – R$ 149,99 por item",Classificação Livre,20 de out. de 2025,,Varies with device,,Controle Total das Suas Vendas. Gerencie todas as suas vendas em um só lugar,https://play.google.com/store/apps/details?id=com.defapps.VendaFacil&hl=pt&gl=br,100,5,52,pequeno/indie,144,6.79,24.24,78.78,15.03,130.9,81.16,baixa,19,3.79,63.2,5.3,"SerpAPI, ScrapingBee"
29,Personalização · Papéis de Parede,15,LumaWalls: Papéis de Parede 4K,com.wallscape.mobile,Valemko Studio,hello@valemko.app,https://lumawalls.com/,Personalização,,,,5.000+,5000,8497,1,0,BRL,0,1,"R$ 9,99 – R$ 104,99 por item",Classificação Livre,30 de dez. de 2025,,Varies with device,,"Papéis de parede 4K e HD, live wallpapers, favoritos, Pro e rotação automática.",https://play.google.com/store/apps/details?id=com.wallscape.mobile&hl=pt&gl=br,100,0,51,pequeno/indie,546,8.71,31.09,101.05,19.28,167.9,104.1,baixa,1,1.0,0.0,100.0,"SerpAPI, Firecrawl"
29,Negócios · ERP para Pequenos Negócios,16,Estoque e Vendas - SoftList,app.softlist.sales,Martins Softwares,support@martinssoftwares.com,,Negócios,,,,10+,10,14,1,0,BRL,0,1,"R$ 29,90 – R$ 299,90 por item",Classificação Livre,,,Varies with device,,"Controle suas vendas, pedidos e estoque.",https://play.google.com/store/apps/details?id=app.softlist.sales&hl=pt&gl=br,100,0,51,pequeno/indie,0,0.04,0.16,0.52,0.1,0.86,0.53,baixa,0,0.0,0.0,0.0,"SerpAPI, Firecrawl"
29,Negócios · ERP para Pequenos Negócios,7,Vendas Estoque Clientes Pedido,br.com.robertodepelegrin.vendabem,App Koop Vendas - Gestão para sua empresa,contato@koopvendas.com.br,http://www.koopvendas.com.br,Finanças,3.8484848,2030,1506,100.000+,100000,297221,1,0,BRL,0,0,,Classificação Livre,21 de abr. de 2018,1774949716,1.0.168,,"Vendas, Pedidos, Controle de estoque, Clientes, Produtos, Financeiro",https://play.google.com/store/apps/details?id=br.com.robertodepelegrin.vendabem&hl=pt&gl=br,100,35,51,pequeno/indie,23697,0.0,0.0,0.0,0.0,0.0,0.0,média,25,3.84,68.0,16.0,"SerpAPI, Firecrawl"
29,Negócios · CRM e Vendas,8,Vendas Estoque Clientes Pedido,br.com.robertodepelegrin.vendabem,App Koop Vendas - Gestão para sua empresa,contato@koopvendas.com.br,http://www.koopvendas.com.br,Finanças,3.8484848,2030,1506,100.000+,100000,297221,1,0,BRL,0,0,,Classificação Livre,21 de abr. de 2018,1774949716,1.0.168,,"Vendas, Pedidos, Controle de estoque, Clientes, Produtos, Financeiro",https://play.google.com/store/apps/details?id=br.com.robertodepelegrin.vendabem&hl=pt&gl=br,100,35,51,pequeno/indie,23697,0.0,0.0,0.0,0.0,0.0,0.0,média,25,3.84,68.0,16.0,"SerpAPI, Firecrawl"
26,"Busca: ""bitcoin""",46,Foxbit Exchange,br.com.foxbit.foxbitandroid,Foxbit,atendimento@foxbit.com.br,http://www.foxbit.com.br,Finanças,3.8727272,12867,6403,500.000+,500000,632323,1,0,BRL,0,0,,Classificação Livre,28 de jan. de 2019,1784134285,3.45.1,,Tudo o que você precisa para investir em ativos digitais.,https://play.google.com/store/apps/details?id=br.com.foxbit.foxbitandroid&hl=pt&gl=br,84,48,51,pequeno/indie,,,,,,,,,,,,,
26,"Busca: ""bitcoin""",40,Kraken Pro: Investir em Cripto,com.kraken.trade,"Payward, Inc.",mobile-pro@kraken.com,https://www.kraken.com,Finanças,4.79,50270,172,1.000.000+,1000000,3193035,1,0,BRL,0,0,,Classificação Livre,24 de out. de 2019,1783686623,5.63.0,,Ganhe recompensas de stake em suas criptos com poucos cliques,https://play.google.com/store/apps/details?id=com.kraken.trade&hl=pt&gl=br,69,65,51,crescendo,,,,,,,,,,,,,
26,"Busca: ""bitcoin""",39,"Bridge Wallet: Bitcoin, cripto",com.mtpelerin.bridge,Mt Pelerin Group SA,hello@mtpelerin.com,https://www.mtpelerin.com/bridge-wallet,Finanças,3.2857144,1552,3,100.000+,100000,140552,1,0,BRL,0,0,,Classificação Livre,7 de abr. de 2020,1782675128,1.69,,"Compre, troque e venda criptomoedas",https://play.google.com/store/apps/details?id=com.mtpelerin.bridge&hl=pt&gl=br,100,33,51,pequeno/indie,,,,,,,,,,,,,
23,"Busca: ""rifa""",10,Rifa Plus - Rifa Online,com.eliaslimoeiro.rifaplus,sysdevsolutions,elias.silva.limoeiro81@gmail.com,http://sysdevsolutions.com.br/,Ferramentas,,,,500+,500,960,1,0,BRL,0,1,"R$ 1,99 – R$ 24,99 por item",Classificação Livre,18 de fev. de 2026,,Varies with device,,"Crie e participe de rifas de forma fácil. Pague via PIX, sorteie e ganhe!",https://play.google.com/store/apps/details?id=com.eliaslimoeiro.rifaplus&hl=pt&gl=br,100,0,51,pequeno/indie,52,0.2,0.7,2.28,0.44,3.8,2.35,baixa,1,5.0,100.0,0.0,"SerpAPI, Brave Search, Firecrawl, DevSite:Firecrawl"
22,"Busca: ""carteira""",29,Carteira Crypto,com.b20robots.carteiracrypto,B20 Conteúdo Digital,rp@b20.com.br,https://b20robots.com.br/,Ferramentas,,,,10+,10,25,1,0,BRL,1,0,,Classificação Livre,5 de set. de 2025,,Varies with device,,Acompanhe rentabilidade e histórico de seus investimentos em criptomoedas.,https://play.google.com/store/apps/details?id=com.b20robots.carteiracrypto&hl=pt&gl=br,100,0,51,pequeno/indie,0,0.0,0.0,0.0,0.0,0.01,0.0,baixa,0,0.0,0.0,0.0,"SerpAPI, Brave Search, Firecrawl, DevSite:Firecrawl"
22,"Busca: ""carteira""",27,Carteira Inteligente,br.com.grcodelabs.carteira_inteligente,GR Code Labs,ggrrmm@gmail.com,https://b659c6671.app-ads-txt.com,Finanças,,,,100+,100,321,1,0,BRL,1,1,"R$ 9,99 – R$ 79,99 por item",Classificação Livre,22 de dez. de 2025,,Varies with device,,"Controle contas fixas, vencimentos e pagamentos do mês sem planilha.",https://play.google.com/store/apps/details?id=br.com.grcodelabs.carteira_inteligente&hl=pt&gl=br,100,0,51,pequeno/indie,16,0.43,1.54,5.02,0.96,8.33,5.17,baixa,2,5.0,100.0,0.0,"SerpAPI, Brave Search, Firecrawl, DevSite:ScrapingAnt"
22,"Busca: ""carteira""",18,IronWallet: carteira cripto,com.wallet.crypto.btc.eth,INWAY AKTIENGESELLSCHAFT,support@ironwallet.io,https://ironwallet.io/,Finanças,4.428571,2702,9,1.000.000+,1000000,2083079,1,0,BRL,0,0,,Classificação Livre,3 de jul. de 2023,1784203983,1.11.1,,Gerencie criptomoeda e sua carteira de Bitcoin com segurança e praticidade,https://play.google.com/store/apps/details?id=com.wallet.crypto.btc.eth&hl=pt&gl=br,77,55,51,pequeno/indie,220440,0.0,0.0,0.0,0.0,0.0,0.0,média,15,4.87,100.0,0.0,"SerpAPI, Brave Search, Firecrawl, DevSite:Firecrawl"
22,"Busca: ""carteira""",17,Wallet Cards: Carteira Digital,com.acsystems.walletcards,ACSystms,contato@acsystems.com.br,,Ferramentas,,,,100+,100,142,1,0,BRL,0,1,"R$ 25,99 por item",Classificação Livre,26 de abr. de 2026,,Varies with device,,Digitalize cartões com OCR. Offline. Privacidade real.,https://play.google.com/store/apps/details?id=com.acsystems.walletcards&hl=pt&gl=br,100,0,51,pequeno/indie,6,0.05,0.17,0.55,0.11,0.92,0.57,baixa,0,0.0,0.0,0.0,"SerpAPI, Brave Search, Firecrawl"
20,"Busca: ""wallet""",42,"Bridge Wallet: Bitcoin, cripto",com.mtpelerin.bridge,Mt Pelerin Group SA,hello@mtpelerin.com,https://www.mtpelerin.com/bridge-wallet,Finanças,3.2857144,1552,3,100.000+,100000,140552,1,0,BRL,0,0,,Classificação Livre,7 de abr. de 2020,1782675128,1.69,,"Compre, troque e venda criptomoedas",https://play.google.com/store/apps/details?id=com.mtpelerin.bridge&hl=pt&gl=br,100,33,51,pequeno/indie,12899,0.0,0.0,0.0,0.0,0.0,0.0,média,9,2.67,44.4,55.6,"SerpAPI, Firecrawl"
20,"Busca: ""wallet""",34,IronWallet: carteira cripto,com.wallet.crypto.btc.eth,INWAY AKTIENGESELLSCHAFT,support@ironwallet.io,https://ironwallet.io/,Finanças,4.428571,2702,9,1.000.000+,1000000,2083079,1,0,BRL,0,0,,Classificação Livre,3 de jul. de 2023,1784203983,1.11.1,,Gerencie criptomoeda e sua carteira de Bitcoin com segurança e praticidade,https://play.google.com/store/apps/details?id=com.wallet.crypto.btc.eth&hl=pt&gl=br,77,55,51,pequeno/indie,220440,0.0,0.0,0.0,0.0,0.0,0.0,média,15,4.87,100.0,0.0,"SerpAPI, Firecrawl"
9,Ferramentas,6,Omni Tools – All in One Tools,com.tss.omnitools,Total Soft Solutions,tssdigisol@gmail.com,https://tssdigisol.github.io/omnitools,Ferramentas,,,,1.000+,1000,3228,1,0,BRL,0,1,"R$ 26,99 por item",Classificação Livre,18 de mai. de 2025,,Varies with device,,"61 ferramentas gratuitas: scanner, calculadora, PDF, pacote de finanças e saúde. 100% offline.",https://play.google.com/store/apps/details?id=com.tss.omnitools&hl=pt&gl=br,100,0,51,pequeno/indie,193,1.45,5.18,16.84,3.21,27.99,17.35,baixa,0,0.0,0.0,0.0,"SerpAPI, ScrapingBee"
13,Produtividade,16,DailyNote - Notas e Planejador,com.robertostabbin.note,Roberto Stabbin,stabbinroberto@gmail.com,https://myappanalytics-a8e36.web.app/app-ads.txt,Produtividade,,,,10.000+,10000,19478,1,0,BRL,1,1,"R$ 4,99 – R$ 44,99 por item",Classificação 14 anos,12 de mai. de 2026,,Varies with device,,"Notas simples, bloco de notas para tarefas, planejadores e diário com cores.",https://play.google.com/store/apps/details?id=com.robertostabbin.note&hl=pt&gl=br,100,0,51,pequeno/indie,1322,16.71,59.68,193.96,37.0,322.27,199.8,baixa,0,0.0,0.0,0.0,"SerpAPI, ScrapingBee"
9,Bibliotecas e Demonstrações,6,Biblioteca dos Clássicos,br.com.uniinovacoes.bibliotecadosclassicos,Uni Inovacoes LTDA,adm@uniinovacoes.com.br,,Livros e referências,,,,50+,50,89,1,0,BRL,0,1,"R$ 34,99 – R$ 419,99 por item",Classificação Livre,11 de set. de 2025,,Varies with device,,Acervo de grandes obras da literatura nacional e internacional,https://play.google.com/store/apps/details?id=br.com.uniinovacoes.bibliotecadosclassicos&hl=pt&gl=br,100,0,51,pequeno/indie,3,0.25,0.89,2.9,0.55,4.82,2.99,baixa,0,0.0,0.0,0.0,"SerpAPI, ScrapingBee"
9,Bibliotecas e Demonstrações,4,Biblioteca LDM,com.gonsoltradingcompanyllc.bibliotecaldm,Gonsolcompany,contact@gonsoltradingcompany.com,https://gonsolcompany.com,Entretenimento,,,,1.000+,1000,2463,1,0,BRL,0,1,"R$ 14,99 – R$ 149,99 por item",Classificação Livre,1 de dez. de 2024,,Varies with device,,"Você pode encontrar Bíblias, hinários e outros livros",https://play.google.com/store/apps/details?id=com.gonsoltradingcompanyllc.bibliotecaldm&hl=pt&gl=br,100,0,51,pequeno/indie,145,3.32,11.85,38.51,7.35,63.99,39.67,baixa,0,0.0,0.0,0.0,"SerpAPI, ScrapingBee"
1,Família,5,Jogos de tabuleiro família,com.pescapps.boardgameskids,pescAPPs,support@pescapps.com,http://www.pescapps.com/,Tabuleiros,4.1028037,5849,502,1.000.000+,1000000,2305052,1,0,BRL,1,1,"R$ 6,49 por item",Classificação Livre,4 de mai. de 2017,1760357589,3.1,,4 jogos de tabuleiro clássicos para toda a família. Diversão garantida!,https://play.google.com/store/apps/details?id=com.pescapps.boardgameskids&hl=pt&gl=br,69,23,51,normal,173645,621.13,2218.32,7209.54,1375.36,11978.93,7426.94,alta,25,3.96,68.0,16.0,"SerpAPI, ScrapingBee"
3,Reprodutores de Vídeo,6,Just (Video) Player,com.brouken.player,Marcel Dopita,m@rcel.cz,https://github.com/moneytoo/Player,Reproduzir e editar vídeos,3.97,3222,53,1.000.000+,1000000,1078861,1,0,BRL,0,0,,Classificação Livre,11 de nov. de 2020,1780127372,0.212,,Reprodutor de vídeo de código aberto sem atraso de Bluetooth e suporte para vários codecs,https://play.google.com/store/apps/details?id=com.brouken.player&hl=pt&gl=br,92,42,51,pequeno/indie,92058,0.0,0.0,0.0,0.0,0.0,0.0,média,25,4.04,72.0,20.0,"SerpAPI, ScrapingBee"
3,Redes Sociais,9,SocialBu: Social Media Manager,com.socialbu.app,SocialBu,support@socialbu.com,https://socialbu.com,Social,,,,10.000+,10000,13163,1,0,BRL,0,1,"R$ 109,99 – R$ 1.899,99 por item",Classificação Livre,4 de fev. de 2021,,Varies with device,,Uma ferramenta de programação e automação de mídia social tudo-em-um,https://play.google.com/store/apps/details?id=com.socialbu.app&hl=pt&gl=br,100,0,51,pequeno/indie,871,16.98,60.64,197.07,37.6,327.44,203.01,baixa,0,0.0,0.0,0.0,"SerpAPI, ScrapingBee"
3,Redes Sociais,8,Sprout Social - Social Media,com.sproutsocial.android,Sprout Social,support@sproutsocial.com,http://sproutsocial.com,Negócios,2.2258065,1356,20,100.000+,100000,336520,1,0,BRL,0,0,,Classificação 12 anos,20 de dez. de 2011,1782915568,2026.13.0-PLAYSTORE,,O aplicativo companheiro perfeito para Sprout social. Gerenciar sua mídia social em qualquer lugar.,https://play.google.com/store/apps/details?id=com.sproutsocial.android&hl=pt&gl=br,100,34,51,pequeno/indie,32414,0.0,0.0,0.0,0.0,0.0,0.0,média,19,2.53,36.8,63.2,"SerpAPI, ScrapingBee"
3,Compras,13,India Online Shopping,com.sk.india.online.shopping,Shibly Khan,lognotechnologies@gmail.com,https://lognotechnologies.com/,Compras,,,,1.000+,1000,1463,1,0,BRL,1,0,,Classificação Livre,15 de set. de 2024,,Varies with device,,Aplicativo de compras on-line da Índia: a maneira avançada de fazer compras on-line na Índia.,https://play.google.com/store/apps/details?id=com.sk.india.online.shopping&hl=pt&gl=br,100,0,51,pequeno/indie,82,0.03,0.11,0.37,0.06,0.62,0.3,baixa,0,0.0,0.0,0.0,"SerpAPI, ScrapingBee"
3,Produtividade,18,DailyNote - Notas e Planejador,com.robertostabbin.note,Roberto Stabbin,stabbinroberto@gmail.com,https://myappanalytics-a8e36.web.app/app-ads.txt,Produtividade,,,,10.000+,10000,19478,1,0,BRL,1,1,"R$ 4,99 – R$ 44,99 por item",Classificação 14 anos,12 de mai. de 2026,,Varies with device,,"Notas simples, bloco de notas para tarefas, planejadores e diário com cores.",https://play.google.com/store/apps/details?id=com.robertostabbin.note&hl=pt&gl=br,100,0,51,pequeno/indie,1322,16.71,59.68,193.96,37.0,322.27,199.8,baixa,0,0.0,0.0,0.0,"SerpAPI, ScrapingBee"
3,Paternidade,5,Mammactive. Embarazo y parto,es.smartdream.mammactive,Mammactive SL,admin@mammactive.com,https://mammactive.com,Saúde e fitness,,,,10.000+,10000,16302,1,0,BRL,0,1,"R$ 27,99 – R$ 649,99 por item",Classificação Livre,18 de mai. de 2021,,Varies with device,,Treinamento consciente na gravidez e no parto com fisioterapeuta e parteira,https://play.google.com/store/apps/details?id=es.smartdream.mammactive&hl=pt&gl=br,100,0,51,pequeno/indie,1094,140.21,500.76,1627.47,310.47,2704.1,1676.54,baixa,0,0.0,0.0,0.0,"SerpAPI, ScrapingBee"
1,Clima,5,Previsão do Tempo Preciso Info,weather.forecast.radar.channel.platinum,1 Bit,pointdotdog@gmail.com,https://onebit-app.web.app/,Clima,,,,500+,500,955,0,28.99,BRL,0,0,,Classificação Livre,6 de jul. de 2023,1736503071,1.22.0,,"Previsão do tempo precisa, radar meteo rastreia todas as informações meteo",https://play.google.com/store/apps/details?id=weather.forecast.radar.channel.platinum&hl=pt&gl=br,100,0,51,pequeno/indie,52,107.14,382.64,1243.57,237.23,2066.24,1281.07,baixa,2,5.0,100.0,0.0,"SerpAPI, ScrapingBee"
1,Reprodutores de Vídeo,13,Just (Video) Player,com.brouken.player,Marcel Dopita,m@rcel.cz,https://github.com/moneytoo/Player,Reproduzir e editar vídeos,3.97,3222,53,1.000.000+,1000000,1078861,1,0,BRL,0,0,,Classificação Livre,11 de nov. de 2020,1780127372,0.212,,Reprodutor de vídeo de código aberto sem atraso de Bluetooth e suporte para vários codecs,https://play.google.com/store/apps/details?id=com.brouken.player&hl=pt&gl=br,92,42,51,pequeno/indie,92058,0.0,0.0,0.0,0.0,0.0,0.0,média,25,4.04,72.0,20.0,"SerpAPI, ScrapingBee"
1,Viagens e Localização,13,Quero Passagem: Ônibus e Hotel,br.com.queropassagem,Quero Passagem Lta,saconibus@queropassagem.com.br,http://www.queropassagem.com.br,Viagem e Turismo,4.664016,45355,6630,1.000.000+,1000000,2944590,1,0,BRL,0,0,,Classificação Livre,28 de mar. de 2018,1781033185,3.3.36,,Compare e compre passagens de ônibus baratas e reserve hotéis em todo o Brasil,https://play.google.com/store/apps/details?id=br.com.queropassagem&hl=pt&gl=br,69,63,51,normal,348613,0.0,0.0,0.0,0.0,0.0,0.0,média,25,2.84,44.0,52.0,"SerpAPI, ScrapingBee"
3,Estilo de Vida,9,Rastreador de Hábitos: Rotina,com.sickappdevelopersgmbh.simplehabittracker,Sick App Developers GmbH,simplehabittracker@sickappdevelopers.com,https://sickappdevelopers.com,Produtividade,,,,100+,100,189,1,0,BRL,0,1,"R$ 9,99 – R$ 74,99 por item",Classificação Livre,26 de mai. de 2026,,Varies with device,,Rastreador de hábitos focado. Crie hábitos atômicos e metas diárias.,https://play.google.com/store/apps/details?id=com.sickappdevelopersgmbh.simplehabittracker&hl=pt&gl=br,100,0,51,pequeno/indie,9,0.18,0.66,2.13,0.41,3.54,2.2,baixa,0,0.0,0.0,0.0,"SerpAPI, ScrapingBee"
1,Ferramentas,7,Deep Tools,com.deepblue.si.deeptools,Deep Blue d.o.o.,hello@deepblue.si,http://www.deeptools.app,Ferramentas,,,,1.000+,1000,3780,1,0,BRL,0,1,"R$ 14,99 – R$ 229,99 por item",Classificação Livre,4 de set. de 2023,,Varies with device,,Planeje com inteligência. Mergulhe com mais segurança.,https://play.google.com/store/apps/details?id=com.deepblue.si.deeptools&hl=pt&gl=br,100,0,51,pequeno/indie,229,7.8,27.86,90.54,17.27,150.43,93.27,baixa,0,0.0,0.0,0.0,"SerpAPI, ScrapingBee"
1,Ferramentas,5,Omni Tools – All in One Tools,com.tss.omnitools,Total Soft Solutions,tssdigisol@gmail.com,https://tssdigisol.github.io/omnitools,Ferramentas,,,,1.000+,1000,3228,1,0,BRL,0,1,"R$ 26,99 por item",Classificação Livre,18 de mai. de 2025,,Varies with device,,"61 ferramentas gratuitas: scanner, calculadora, PDF, pacote de finanças e saúde. 100% offline.",https://play.google.com/store/apps/details?id=com.tss.omnitools&hl=pt&gl=br,100,0,51,pequeno/indie,193,1.45,5.18,16.84,3.21,27.99,17.35,baixa,0,0.0,0.0,0.0,"SerpAPI, ScrapingBee"
3,Bibliotecas e Demonstrações,1,Biblioteca LDM,com.gonsoltradingcompanyllc.bibliotecaldm,Gonsolcompany,contact@gonsoltradingcompany.com,https://gonsolcompany.com,Entretenimento,,,,1.000+,1000,2463,1,0,BRL,0,1,"R$ 14,99 – R$ 149,99 por item",Classificação Livre,1 de dez. de 2024,,Varies with device,,"Você pode encontrar Bíblias, hinários e outros livros",https://play.google.com/store/apps/details?id=com.gonsoltradingcompanyllc.bibliotecaldm&hl=pt&gl=br,100,0,51,pequeno/indie,145,3.32,11.85,38.51,7.35,63.99,39.67,baixa,0,0.0,0.0,0.0,"SerpAPI, ScrapingBee"
1,Esportes,7,Placar,com.codeisland.placar,Code Island Cabo Verde,codeisland1460@gmail.com,https://placar.cv/,Esportes,,,,100+,100,480,1,0,BRL,1,0,,Classificação Livre,18 de abr. de 2026,,Varies with device,,"Acompanhe resultados, jogos e classificação do futebol cabo-verdiano",https://play.google.com/store/apps/details?id=com.codeisland.placar&hl=pt&gl=br,100,0,51,pequeno/indie,24,0.01,0.03,0.11,0.02,0.19,0.09,baixa,4,5.0,100.0,0.0,"SerpAPI, ScrapingBee"
3,Eventos,11,GuestList – Event Planner,com.guestlist.event,Asset-Box,guestlist@asset-box.com,https://www.asset-box.com/,Eventos,,,,500+,500,546,1,0,BRL,0,1,"R$ 20,99 – R$ 104,99 por item",Classificação Livre,31 de dez. de 2025,,Varies with device,,Gerenciar convidados e confirmações de presença,https://play.google.com/store/apps/details?id=com.guestlist.event&hl=pt&gl=br,100,0,51,pequeno/indie,28,0.5,1.78,5.8,1.11,9.63,5.97,baixa,0,0.0,0.0,0.0,"SerpAPI, ScrapingBee"
3,Educação,11,Estudar & Aprender,com.duhnnae.studyar,duhnnae,info@duhnnae.com,https://duhnnae.com,Educação,,,,5.000+,5000,8976,1,0,BRL,1,1,"R$ 9,49 – R$ 47,99 por item",Classificação Livre,1 de out. de 2025,,Varies with device,,Aprenda qualquer matéria - Explore o conhecimento em várias áreas,https://play.google.com/store/apps/details?id=com.duhnnae.studyar&hl=pt&gl=br,100,0,51,pequeno/indie,579,4.84,17.28,56.17,10.72,93.33,57.86,baixa,2,3.0,50.0,50.0,"SerpAPI, ScrapingBee"
1,Bibliotecas e Demonstrações,2,Biblioteca LDM,com.gonsoltradingcompanyllc.bibliotecaldm,Gonsolcompany,contact@gonsoltradingcompany.com,https://gonsolcompany.com,Entretenimento,,,,1.000+,1000,2463,1,0,BRL,0,1,"R$ 14,99 – R$ 149,99 por item",Classificação Livre,1 de dez. de 2024,,Varies with device,,"Você pode encontrar Bíblias, hinários e outros livros",https://play.google.com/store/apps/details?id=com.gonsoltradingcompanyllc.bibliotecaldm&hl=pt&gl=br,100,0,51,pequeno/indie,145,3.32,11.85,38.51,7.35,63.99,39.67,baixa,0,0.0,0.0,0.0,"SerpAPI, ScrapingBee"
3,Negócios,12,My Business Idea - Negócios,com.mybusinessidea,Tg apps,support@tgapps.dev,https://tgapps.dev,Finanças,,,,500+,500,826,1,0,BRL,1,1,"R$ 7,99 – R$ 56,99 por item",Classificação Livre,19 de fev. de 2026,,Varies with device,,Gere ideias de negócios e startups e transforme-as em planos de ação claros.,https://play.google.com/store/apps/details?id=com.mybusinessidea&hl=pt&gl=br,100,0,51,pequeno/indie,44,0.88,3.14,10.2,1.95,16.95,10.51,baixa,0,0.0,0.0,0.0,"SerpAPI, ScrapingBee"
1,Finanças,11,Avenue - Investir em Dólar,us.avenue,avenue.us,customer@avenue.us,https://avenue.us,Finanças,4.85,34578,5102,1.000.000+,1000000,2150121,1,0,BRL,0,0,,Classificação 18 anos,6 de ago. de 2019,1783027503,6.13.1,,Investimentos em dólar e conta corrente internacional - uma empresa Itaú,https://play.google.com/store/apps/details?id=us.avenue&hl=pt&gl=br,69,65,51,crescendo,250679,0.0,0.0,0.0,0.0,0.0,0.0,média,25,4.44,88.0,12.0,"SerpAPI, ScrapingBee"
1,Educação,7,Estudar & Aprender,com.duhnnae.studyar,duhnnae,info@duhnnae.com,https://duhnnae.com,Educação,,,,5.000+,5000,8976,1,0,BRL,1,1,"R$ 9,49 – R$ 47,99 por item",Classificação Livre,1 de out. de 2025,,Varies with device,,Aprenda qualquer matéria - Explore o conhecimento em várias áreas,https://play.google.com/store/apps/details?id=com.duhnnae.studyar&hl=pt&gl=br,100,0,51,pequeno/indie,579,4.84,17.28,56.17,10.72,93.33,57.86,baixa,2,3.0,50.0,50.0,"SerpAPI, ScrapingBee"
1,Beleza,5,Skincare ASMR Beauty Time,com.pd.skincare.relaxing.asmr.makeup.makeover.games,Petdragon Inc,bestone.gamez4@gmail.com,https://jde31086a.app-ads-txt.com/,Simulador,,,,,,,0,,,1,0,,Classificação Livre,,,Varies with device,,"Relaxe com uma experiência ASMR satisfatória de cuidados com a pele, maquiagem e transformação da pele.",https://play.google.com/store/apps/details?id=com.pd.skincare.relaxing.asmr.makeup.makeover.games&hl=pt&gl=br,100,0,51,pequeno/indie,,0.0,0.0,0.0,0.0,0.0,,baixa,0,0.0,0.0,0.0,"SerpAPI, ScrapingBee"
29,Negócios · RH e Gestão de Equipe,24,Ponto REP,com.pontomais.pontomaishappy,VR Benefícios (Pontomais),app@pontomais.com.br,https://pontomais.com.br,Produtividade,3.4019608,279,99,100.000+,100000,151715,1,0,BRL,0,0,,Classificação Livre,11 de jan. de 2021,1783950457,2.2.0,,Registro de ponto online em um único dispositivo!,https://play.google.com/store/apps/details?id=com.pontomais.pontomaishappy&hl=pt&gl=br,100,31,50,pequeno/indie,13983,0.0,0.0,0.0,0.0,0.0,0.0,média,25,2.0,16.0,68.0,"SerpAPI, Firecrawl"
29,Negócios · Nota Fiscal e Contabilidade,10,Emitte - Emitir Notas Fiscais,br.com.emitte,Emitte Lab,suporte@emitte.com.br,https://emitte.com.br,Negócios,3.39,1004,750,100.000+,100000,338929,1,0,BRL,0,0,,Classificação Livre,9 de jul. de 2019,1781712114,1.4.0,,Emita notas fiscais e gerencie suas vendas com o melhor app para MEI e PMEs.,https://play.google.com/store/apps/details?id=br.com.emitte&hl=pt&gl=br,100,31,50,pequeno/indie,32659,0.0,0.0,0.0,0.0,0.0,0.0,média,25,2.08,24.0,68.0,"SerpAPI, Firecrawl"
29,Negócios · Nota Fiscal e Contabilidade,8,Meu MEI Digital,br.gov.memp.portaldoempreendedor,Serviços e Informações do Brasil,ascom.memp@memp.gov.br,https://www.gov.br/memp/pt-br,Ferramentas,3.23,237,149,100.000+,100000,166276,1,0,BRL,0,0,,Classificação Livre,8 de dez. de 2025,1783340309,1.0.1,,App para o cidadão trabalhador que deseja se tornar um MEI e os já formalizados,https://play.google.com/store/apps/details?id=br.gov.memp.portaldoempreendedor&hl=pt&gl=br,100,30,50,pequeno/indie,15405,0.0,0.0,0.0,0.0,0.0,0.0,média,25,2.6,40.0,60.0,"SerpAPI, Firecrawl"
29,Negócios · CRM e Vendas,19,Salesmate - Sales CRM,com.rapidops.salesmate,RapidOps Inc.,support@salesmate.io,https://www.salesmate.io/,Negócios,,,,10.000+,10000,25452,1,0,BRL,0,0,,Classificação Livre,10 de mai. de 2016,1782308354,16.8.2,,O Salesmate é um software de CRM completo para equipes de vendas,https://play.google.com/store/apps/details?id=com.rapidops.salesmate&hl=pt&gl=br,100,29,50,pequeno/indie,2109,0.0,0.0,0.0,0.0,0.0,0.0,baixa,2,3.0,50.0,50.0,"SerpAPI, Firecrawl"
29,Negócios · CRM e Vendas,14,OnePageCRM - Simple CRM System,com.onepagecrm,OnePageCRM,support@onepagecrm.com,http://www.onepagecrm.com,Negócios,,,,10.000+,10000,40740,1,0,BRL,0,0,,Classificação Livre,30 de abr. de 2014,1784118772,5.4.0,,CRM de vendas simples com funcionalidade de lista de tarefas projetada para pequenas empresas,https://play.google.com/store/apps/details?id=com.onepagecrm&hl=pt&gl=br,100,31,50,pequeno/indie,3475,0.0,0.0,0.0,0.0,0.0,0.0,baixa,0,0.0,0.0,0.0,"SerpAPI, Firecrawl"
26,"Busca: ""bitcoin""",27,Edge Bitcoin & Crypto Wallet,co.edgesecure.app,Edge (formerly Airbitz),support@edge.app,https://edge.app,Finanças,3.6534653,6155,121,500.000+,500000,848288,1,0,BRL,0,0,,Classificação Livre,14 de fev. de 2018,1784123108,4.49.1,,"Private, secure & easy to use. Buy, sell, send & receive Bitcoin & other crypto.",https://play.google.com/store/apps/details?id=co.edgesecure.app&hl=pt&gl=br,84,46,50,pequeno/indie,,,,,,,,,,,,,
26,"Busca: ""bitcoin""",7,MB | Mercado Bitcoin: criptos,br.com.mercadobitcoin.android,MERCADO BITCOIN SERVICOS DIGITAIS LTDA,atendimento@mercadobitcoin.com.br,http://www.mercadobitcoin.com.br,Finanças,4.5040073,85013,20860,1.000.000+,1000000,3949837,1,0,BRL,0,0,,Classificação Livre,11 de set. de 2018,1783696488,2.120.0,,"Compre bitcoin e negocie criptomoedas, renda fixa digital e dólar digital",https://play.google.com/store/apps/details?id=br.com.mercadobitcoin.android&hl=pt&gl=br,69,59,50,normal,,,,,,,,,,,,,
20,"Busca: ""wallet""",38,Muun: Bitcoin Lightning Wallet,io.muun.apollo,muun,support@muun.com,https://muun.com,Finanças,3.81,3103,106,500.000+,500000,674854,1,0,BRL,0,0,,Classificação Livre,25 de abr. de 2017,1776865026,55.8,,Carteira autocuidada para bitcoin e relâmpagos.,https://play.google.com/store/apps/details?id=io.muun.apollo&hl=pt&gl=br,92,38,50,pequeno/indie,56210,0.0,0.0,0.0,0.0,0.0,0.0,média,25,4.36,84.0,12.0,"SerpAPI, Firecrawl"
20,"Busca: ""wallet""",31,Smart Wallet,com.smartblockchain.wallet,YamaD LLC,info@smartwallet.com,https://smartwallet.com,Finanças,3.8709676,4502,16,500.000+,500000,922184,1,0,BRL,0,0,,Classificação Livre,20 de jul. de 2023,1777281852,2.6.1,,"Carteira Inteligente, sua companheira confiável no mundo das criptomoedas!",https://play.google.com/store/apps/details?id=com.smartblockchain.wallet&hl=pt&gl=br,92,39,50,pequeno/indie,78061,0.0,0.0,0.0,0.0,0.0,0.0,média,25,3.04,44.0,40.0,"SerpAPI, Firecrawl"
20,"Busca: ""wallet""",17,App cripto Ledger Wallet™,com.ledger.live,Ledger,support@ledger.com,https://www.ledger.com,Finanças,4.53,35578,217,1.000.000+,1000000,2352028,1,0,BRL,0,0,,Classificação Livre,27 de jan. de 2019,1784130127,4.10.1,,"App de carteira cripto completo: compre, aumente e gerencie ativos, NFTs e DeFi.",https://play.google.com/store/apps/details?id=com.ledger.live&hl=pt&gl=br,69,59,50,normal,275429,0.0,0.0,0.0,0.0,0.0,0.0,média,25,4.36,84.0,16.0,"SerpAPI, Firecrawl"
20,"Busca: ""wallet""",11,Carteira cripto Guarda Bitcoin,com.crypto.multiwallet,GUARDA,support@guarda.com,https://guarda.com,Finanças,3.84,6104,70,500.000+,500000,743792,1,0,BRL,0,0,,Classificação Livre,22 de nov. de 2018,1784282642,3.1.17,,"Compre, venda e troque criptomoedas. Bitcoin, Dogecoin, Ripple, Solana",https://play.google.com/store/apps/details?id=com.crypto.multiwallet&hl=pt&gl=br,84,47,50,pequeno/indie,62266,0.0,0.0,0.0,0.0,0.0,0.0,média,25,2.64,40.0,52.0,"SerpAPI, Firecrawl"
9,Livros e Referências,10,Livros Em Portugues,com.appgame.free.books.read.free.books,App Game Development Solutions,hello@gameapp.solutions,https://gameapp.solutions,Livros e referências,4.719512,133895,4515,5.000.000+,5000000,7969092,1,0,BRL,1,0,,Classificação Livre,15 de jul. de 2020,1756145614,1.3,,Leia e baixe livros em português gratuitamente,https://play.google.com/store/apps/details?id=com.appgame.free.books.read.free.books&hl=pt&gl=br,19,38,50,normal,824127,358.21,1279.31,4157.76,614.07,6908.27,3315.97,alta,25,4.76,96.0,4.0,"SerpAPI, ScrapingBee"
1,Jogos Esportivos,9,Estrelas do Basquete,com.pikpok.bbl.play,PIKPOK,support@pikpok.com,http://www.pikpok.com,Esportes,4.4741144,169377,5739,5.000.000+,5000000,6377942,1,0,BRL,1,1,"R$ 3,19 – R$ 319,99 por item",Classificação Livre,22 de out. de 2014,1763580856,2.10.5,,O poder para criar o time supremo de basquete... está em suas mãos.,https://play.google.com/store/apps/details?id=com.pikpok.bbl.play&hl=pt&gl=br,19,40,50,normal,504430,36546.34,130522.66,424198.64,80924.05,704822.35,436989.86,alta,25,3.68,64.0,28.0,"SerpAPI, ScrapingBee"
1,Jogos de Aventura,3,RPG MMO 3D AdventureQuest,com.battleon.aq3d,Artix Entertainment LLC,Help@AQ3D.com,http://www.AQ3D.com,RPG,4.1238832,86910,8820,5.000.000+,5000000,5663700,1,0,BRL,1,1,"R$ 5,49 – R$ 274,99 por item",Classificação 12 anos,19 de out. de 2016,1775682940,1.159.1,,"Batalha! Um jogo de RPG multiplayer 3D exclusivo, agora com PvP.",https://play.google.com/store/apps/details?id=com.battleon.aq3d&hl=pt&gl=br,49,42,50,normal,445457,77828.62,277959.35,903367.87,172334.79,1500980.46,930607.89,alta,25,3.6,60.0,28.0,"SerpAPI, ScrapingBee"
1,Viagens e Localização,7,ViajaNet: voos e hotéis,br.com.ioasys.viajanet,Decolar,suporte.app@viajanet.com.br,https://www.viajanet.com.br/?utm_source=google&utm_medium=appstore&utm_campaign=marketing,Viagem e Turismo,4.8713355,18836,4310,1.000.000+,1000000,3241777,1,0,BRL,0,0,,Classificação Livre,7 de jul. de 2016,1783097413,4.63.2,,"Viajar nas férias é com Viajanet! Pacotes, voos e hotéis com os melhores preços.",https://play.google.com/store/apps/details?id=br.com.ioasys.viajanet&hl=pt&gl=br,65,65,50,crescendo,321320,0.0,0.0,0.0,0.0,0.0,0.0,média,25,4.88,100.0,0.0,"SerpAPI, ScrapingAnt"
1,Gastronomia,5,Liv Up – Comida Saudável,br.com.livup.ecommerce,Liv Up,troqueumaideia@livup.com.br,http://www.livup.com.br,Comer e beber,4.668821,6210,2029,1.000.000+,1000000,2257004,1,0,BRL,0,0,,Classificação 10 anos,20 de ago. de 2018,1782844809,53.0.3,,"Uma alimentação prática, gostosa e saudável, na palma da sua mão!",https://play.google.com/store/apps/details?id=br.com.livup.ecommerce&hl=pt&gl=br,69,62,50,normal,263768,0.0,0.0,0.0,0.0,0.0,0.0,média,25,4.36,84.0,16.0,"SerpAPI, ScrapingBee"
1,Livros e Referências,7,Livros Em Portugues,com.appgame.free.books.read.free.books,App Game Development Solutions,hello@gameapp.solutions,https://gameapp.solutions,Livros e referências,4.719512,133890,4515,5.000.000+,5000000,7969092,1,0,BRL,1,0,,Classificação Livre,15 de jul. de 2020,1756145614,1.3,,Leia e baixe livros em português gratuitamente,https://play.google.com/store/apps/details?id=com.appgame.free.books.read.free.books&hl=pt&gl=br,19,38,50,normal,824127,358.21,1279.31,4157.76,614.07,6908.27,3315.97,alta,25,4.76,96.0,4.0,"SerpAPI, ScrapingBee"
29,Negócios · RH e Gestão de Equipe,4,Portal RH,com.outserv.flutter.rm,Outserv Tecnologia,suporte@outserv.com.br,https://outserv.com.br/,Personalização,4.2222223,9,3,1.000+,1000,2494,1,0,BRL,0,0,,Classificação Livre,28 de nov. de 2024,1762280314,1.0.4,,Facilite a gestão com o Portal RH da Outserv!,https://play.google.com/store/apps/details?id=com.outserv.flutter.rm&hl=pt&gl=br,100,25,49,pequeno/indie,147,0.0,0.0,0.0,0.0,0.0,0.0,baixa,3,2.67,33.3,66.7,"SerpAPI, Firecrawl"
29,Negócios · Nota Fiscal e Contabilidade,19,Sua Nota Tem Valor,br.gov.ce.sefaz.suanotatemvalor.app,Governo do Estado do Ceará,suanotatemvalor@sefaz.ce.gov.br,https://suanotatemvalor.sefaz.ce.gov.br/app/,Finanças,3.2564104,1551,908,500.000+,500000,559208,1,0,BRL,0,0,,Classificação Livre,6 de jul. de 2020,1783017308,2.7.3,,Sua Nota Tem Valor é um modelo de fidelização do contribuinte.,https://play.google.com/store/apps/details?id=br.gov.ce.sefaz.suanotatemvalor.app&hl=pt&gl=br,92,33,49,pequeno/indie,55345,0.0,0.0,0.0,0.0,0.0,0.0,média,25,2.08,12.0,68.0,"SerpAPI, Firecrawl"
29,Negócios · CRM e Vendas,21,HubSpot,com.hubspot.android,HubSpot,hellomobile@hubspot.com,https://www.hubspot.com/,Negócios,4.47,13216,153,1.000.000+,1000000,2508407,1,0,BRL,0,0,,Classificação Livre,9 de mai. de 2017,1784131374,4.28.1,,O CRM com tecnologia de IA,https://play.google.com/store/apps/details?id=com.hubspot.android&hl=pt&gl=br,69,58,49,normal,267879,0.0,0.0,0.0,0.0,0.0,0.0,média,25,3.32,52.0,36.0,"SerpAPI, Firecrawl"
20,"Busca: ""wallet""",14,My Wallet • Crypto & Web3,org.mytonwallet.app,MyTonWallet,mytonwallethelp@gmail.com,https://mytonwallet.io,Finanças,4.6831684,36982,44,5.000.000+,5000000,7484945,1,0,BRL,0,0,,Classificação Livre,15 de nov. de 2023,1783697706,26.7.1,,Tudo o que você precisa para aproveitar as criptomoedas.,https://play.google.com/store/apps/details?id=org.mytonwallet.app&hl=pt&gl=br,59,65,49,crescendo,926181,0.0,0.0,0.0,0.0,0.0,0.0,média,25,3.72,68.0,32.0,"SerpAPI, Firecrawl"
11,Personalização,24,Live Launcher Lite-3Dwallpaper,com.launcher.light.theme3d,LiveLauncher,livelauncher02@gmail.com,https://launcher-light.web.app,Personalização,3.72549,9878,255,1.000.000+,1000000,3992888,1,0,BRL,1,0,,Classificação Livre,21 de jul. de 2023,1781782723,3.9.1,,O Live Launcher Lite deixa seu telefone sempre fresco e colorido!,https://play.google.com/store/apps/details?id=com.launcher.light.theme3d&hl=pt&gl=br,79,46,49,pequeno/indie,436085,258.55,923.41,3001.08,443.24,4986.41,2393.48,alta,25,3.48,60.0,36.0,"SerpAPI, ScrapingBee"
9,Livros e Referências,9,ARHEVE: Books Library,com.arheve.arheve,ARHEVE,info@arheve.org,https://arheve.org,Livros e referências,,,,100.000+,100000,229551,1,0,BRL,0,0,,Classificação Livre,25 de jul. de 2021,1777578132,1.4.20260430,,70000 livros em diferentes idiomas sem anúncios,https://play.google.com/store/apps/details?id=com.arheve.arheve&hl=pt&gl=br,100,26,49,pequeno/indie,18044,0.0,0.0,0.0,0.0,0.0,0.0,média,4,4.0,75.0,25.0,"SerpAPI, ScrapingBee"
1,Jogos Esportivos,11,Voleibol 2026,com.simplicity.vb_challenge,Simplicity Games,info@simplicitygames.pl,https://simplicitygames.pl/,Esportes,4.356701,53039,1947,5.000.000+,5000000,6676879,1,0,BRL,1,1,"R$ 2,49 – R$ 40,99 por item",Classificação Livre,25 de abr. de 2019,1761922796,1.0.73,,Vôlei como nunca visto antes! Volleyball Challenge - jogo de volei 2026!,https://play.google.com/store/apps/details?id=com.simplicity.vb_challenge&hl=pt&gl=br,49,38,49,normal,529201,5472.3,19543.93,63517.79,12117.24,105537.25,65433.09,alta,25,4.48,84.0,8.0,"SerpAPI, ScrapingBee"
3,Notícias e Revistas,11,Notícias Digital,logicasoftware.co.mz.publications,LÓGICA SOFTWARE,suporte@snoticias.co.mz,https://www.jornalnoticias.co.mz/,Notícias e revistas,,,,10.000+,10000,43121,1,0,BRL,0,0,,Classificação Livre,30 de set. de 2015,1776161239,5.5.0,,Noticias Digital - Aplicativo da Sociedade do Notícias,https://play.google.com/store/apps/details?id=logicasoftware.co.mz.publications&hl=pt&gl=br,100,24,49,pequeno/indie,3076,0.0,0.0,0.0,0.0,0.0,0.0,baixa,25,2.8,44.0,56.0,"SerpAPI, ScrapingBee"
1,Esportes,10,Placar UOL: Futebol e notícias,br.com.golmobile.placaruol,UOL Inc.,apps-conteudo-google@uolinc.com,https://aplicativos.uol.com.br,Esportes,4.237385,141010,52487,1.000.000+,1000000,4032660,1,0,BRL,1,1,"R$ 1,99 – R$ 19,90 por item",Classificação Livre,8 de dez. de 2010,1781292325,8.2.1,,"Siga seu time, receba alerta de jogos e resultados e leia reportagens e opiniões",https://play.google.com/store/apps/details?id=br.com.golmobile.placaruol&hl=pt&gl=br,39,48,49,normal,440637,2303.7,8227.49,26739.35,5101.05,44428.46,27545.65,alta,25,2.84,44.0,56.0,"SerpAPI, ScrapingBee"
1,Personalização,10,Live Launcher Lite-3Dwallpaper,com.launcher.light.theme3d,LiveLauncher,livelauncher02@gmail.com,https://launcher-light.web.app,Personalização,3.72549,9878,255,1.000.000+,1000000,3992888,1,0,BRL,1,0,,Classificação Livre,21 de jul. de 2023,1781782723,3.9.1,,O Live Launcher Lite deixa seu telefone sempre fresco e colorido!,https://play.google.com/store/apps/details?id=com.launcher.light.theme3d&hl=pt&gl=br,79,46,49,pequeno/indie,436085,258.55,923.41,3001.08,443.24,4986.41,2393.48,alta,25,3.48,60.0,36.0,"SerpAPI, ScrapingBee"
3,Finanças,23,Mundo Invest,com.mundoinvestapp.app,Mundo Invest App,contato@mundoinvest.com.br,https://www.mundoinvest.com.br,Finanças,3.5789473,38,15,10.000+,10000,27173,1,0,BRL,0,0,,Classificação Livre,26 de ago. de 2024,1779889627,1.68,,"Organize sua vida financeira por completo, de gastos do dia até investimentos.",https://play.google.com/store/apps/details?id=com.mundoinvestapp.app&hl=pt&gl=br,100,25,49,pequeno/indie,1884,0.0,0.0,0.0,0.0,0.0,0.0,baixa,13,3.69,61.5,23.1,"SerpAPI, ScrapingBee"
3,Livros e Referências,6,ARHEVE: Books Library,com.arheve.arheve,ARHEVE,info@arheve.org,https://arheve.org,Livros e referências,,,,100.000+,100000,229551,1,0,BRL,0,0,,Classificação Livre,25 de jul. de 2021,1777578132,1.4.20260430,,70000 livros em diferentes idiomas sem anúncios,https://play.google.com/store/apps/details?id=com.arheve.arheve&hl=pt&gl=br,100,26,49,pequeno/indie,18044,0.0,0.0,0.0,0.0,0.0,0.0,média,4,4.0,75.0,25.0,"SerpAPI, ScrapingBee"
2,Livros e Referências,8,ARHEVE: Books Library,com.arheve.arheve,ARHEVE,info@arheve.org,https://arheve.org,Livros e referências,,,,100.000+,100000,229551,1,0,BRL,0,0,,Classificação Livre,25 de jul. de 2021,1777578132,1.4.20260430,,70000 livros em diferentes idiomas sem anúncios,https://play.google.com/store/apps/details?id=com.arheve.arheve&hl=pt&gl=br,100,26,49,pequeno/indie,18044,0.0,0.0,0.0,0.0,0.0,0.0,média,4,4.0,75.0,25.0,"SerpAPI, ScrapingBee"
29,Negócios · Nota Fiscal e Contabilidade,7,Nota Fiscal Fácil - NFF,br.gov.rs.procergs.nff,PROCERGS,nff@sefaz.rs.gov.br,,Produtividade,2.7326732,940,718,500.000+,500000,986719,1,0,BRL,0,0,,Classificação Livre,23 de jul. de 2020,1783448350,1.8.95,,O NFF simplifica o processo de emissão de documentos fiscais eletrônicos (DFE),https://play.google.com/store/apps/details?id=br.gov.rs.procergs.nff&hl=pt&gl=br,88,33,48,pequeno/indie,100576,0.0,0.0,0.0,0.0,0.0,0.0,média,25,2.24,24.0,64.0,"SerpAPI, Firecrawl"
23,"Busca: ""rifa""",29,Official NY Lottery,air.com.eprize.nylottery.app.NYLotteryApp,Official New York Lottery,info@gaming.ny.gov,http://nylottery.ny.gov,Entretenimento,,,,1.000.000+,1000000,1353241,1,0,BRL,0,0,,Classificação Livre,,1784137759,4.3.7,,Melhore sua experiência na Loteria de NY,https://play.google.com/store/apps/details?id=air.com.eprize.nylottery.app.NYLotteryApp&hl=pt&gl=br,92,31,48,pequeno/indie,140163,0.0,0.0,0.0,0.0,0.0,0.0,média,0,0.0,0.0,0.0,"SerpAPI, Brave Search, Firecrawl, DevSite:Firecrawl"
3,Redes Sociais,5,Werfie: Social Media with AI,com.ogoul.werfieapp,Posh Enterprise Inc.,info@ogoul.com,https://werfie.com,Social,3.1666667,463,8,100.000+,100000,300090,1,0,BRL,0,0,,Classificação 12 anos,9 de dez. de 2021,1772449748,6.0.0,,"Explore vídeos virais, tendências e converse com a IA em tempo real.",https://play.google.com/store/apps/details?id=com.ogoul.werfieapp&hl=pt&gl=br,100,21,48,pequeno/indie,23938,0.0,0.0,0.0,0.0,0.0,0.0,média,8,3.0,37.5,37.5,"SerpAPI, ScrapingBee"
1,Redes Sociais,4,Werfie: Social Media with AI,com.ogoul.werfieapp,Posh Enterprise Inc.,info@ogoul.com,https://werfie.com,Social,3.1666667,463,8,100.000+,100000,300090,1,0,BRL,0,0,,Classificação 12 anos,9 de dez. de 2021,1772449748,6.0.0,,"Explore vídeos virais, tendências e converse com a IA em tempo real.",https://play.google.com/store/apps/details?id=com.ogoul.werfieapp&hl=pt&gl=br,100,21,48,pequeno/indie,23938,0.0,0.0,0.0,0.0,0.0,0.0,média,8,3.0,37.5,37.5,"SerpAPI, ScrapingBee"
1,Fotografia,6,Kapi Cam - Y2K & CCD Camera,com.sensemobile.action,Sensevideo,kapiaction@gmail.com,https://kapi-action-int.shyuhuankj.com/,Fotografia,4.5096617,54768,1612,10.000.000+,10000000,14293249,1,0,BRL,0,1,"R$ 5,99 – R$ 364,99 por item",Classificação Livre,23 de jan. de 2024,1782480554,4.28.1,,「Kapi」是一款让您能拍摄DV、CCD、胶片的应用。您可以用它来记录生活中的美好时刻，享受复古风格的画面质感和氛围感。,https://play.google.com/store/apps/details?id=com.sensemobile.action&hl=pt&gl=br,59,71,48,crescendo,1821642,143099.12,511068.3,1660971.98,316862.35,2759768.82,1711056.67,alta,25,3.2,48.0,40.0,"SerpAPI, ScrapingBee"
1,Beleza,7,Skincare ASMR: Makeover Game,com.skincare.makeup.makeover.asmr.game,CAT Studio,catsgamestudio@gmail.com,https://catgamestudio.web.app/,Simulador,2.2857144,726,17,1.000.000+,1000000,2213003,1,0,BRL,1,1,"R$ 12,99 por item",Classificação Livre,9 de abr. de 2026,1782981517,0.0.7,,"Relaxe com ASMR de cuidados com a pele, maquiagem e transformação em minijogos satisfatórios.",https://play.google.com/store/apps/details?id=com.skincare.makeup.makeover.asmr.game&hl=pt&gl=br,87,33,48,pequeno/indie,199654,1917.17,6847.04,22252.87,4245.16,36974.0,22923.88,média,18,1.67,16.7,83.3,"SerpAPI, ScrapingBee"
14,Produtividade,4,Calendário: Agenda Digital,calendar.agenda.calendarplanner.agendaplanner,Dairy App & Notes & Audio Editor & Voice Recorder,betterapp88@gmail.com,https://www.betterapptech.com/,Produtividade,4.805492,50543,2682,10.000.000+,10000000,11201208,1,0,BRL,1,1,"R$ 5,99 – R$ 154,99 por item",Classificação Livre,17 de fev. de 2023,1782989327,Varies with device,,"Organize-se com calendário digital, agenda pessoal com alarme. Tudo em um agenda",https://play.google.com/store/apps/details?id=calendar.agenda.calendarplanner.agendaplanner&hl=pt&gl=br,59,65,47,crescendo,1411915,84750.84,302681.56,983715.06,187662.57,1634480.41,1013377.85,alta,25,4.92,96.0,0.0,"SerpAPI, ScrapingBee"
9,Produtividade,4,Calendário: Agenda Digital,calendar.agenda.calendarplanner.agendaplanner,Dairy App & Notes & Audio Editor & Voice Recorder,betterapp88@gmail.com,https://www.betterapptech.com/,Produtividade,4.805492,50543,2682,10.000.000+,10000000,11201208,1,0,BRL,1,1,"R$ 5,99 – R$ 154,99 por item",Classificação Livre,17 de fev. de 2023,1782989327,Varies with device,,"Organize-se com calendário digital, agenda pessoal com alarme. Tudo em um agenda",https://play.google.com/store/apps/details?id=calendar.agenda.calendarplanner.agendaplanner&hl=pt&gl=br,59,65,47,crescendo,1411915,84750.84,302681.56,983715.06,187662.57,1634480.41,1013377.85,alta,25,4.92,96.0,0.0,"SerpAPI, ScrapingBee"
9,Mapas e Navegação,4,Navegação GPS por Voz-Direções,com.voice.navigation.driving.voicegps.map.directions,Droid-Developer,droiddeveloper4us@gmail.com,http://www.droid-developer.com,Mapas e navegação,4.7481637,69230,3297,10.000.000+,10000000,13219701,1,0,BRL,1,1,"R$ 10,99 – R$ 85,99 por item",Classificação Livre,18 de ago. de 2022,1782384935,1.10.7,,"GPS de voz com mapa em tempo real. Encontre localização, navegação, planeje rota",https://play.google.com/store/apps/details?id=com.voice.navigation.driving.voicegps.map.directions&hl=pt&gl=br,59,65,47,crescendo,1678903,35592.02,127114.37,413121.71,78810.91,686417.61,425578.92,alta,25,4.84,96.0,0.0,"SerpAPI, ScrapingBee"
9,Bibliotecas e Demonstrações,3,Bibliotecas USP,br.usp.bibliotecas_usp,Universidade de São Paulo,atendimento@abcd.usp.br,http://www.app.usp.br,Educação,3.81,198,52,50.000+,50000,81978,1,0,BRL,0,0,,Classificação Livre,12 de fev. de 2015,1761328553,2.6.28,,Faça pesquisas na Agência de Bibliotecas e Coleções Digitais (ABCD) da USP.,https://play.google.com/store/apps/details?id=br.usp.bibliotecas_usp&hl=pt&gl=br,100,19,47,pequeno/indie,6077,0.0,0.0,0.0,0.0,0.0,0.0,baixa,25,2.72,40.0,56.0,"SerpAPI, ScrapingBee"
10,Produtividade,4,Calendário: Agenda Digital,calendar.agenda.calendarplanner.agendaplanner,Dairy App & Notes & Audio Editor & Voice Recorder,betterapp88@gmail.com,https://www.betterapptech.com/,Produtividade,4.805492,50543,2682,10.000.000+,10000000,11201208,1,0,BRL,1,1,"R$ 5,99 – R$ 154,99 por item",Classificação Livre,17 de fev. de 2023,1782989327,Varies with device,,"Organize-se com calendário digital, agenda pessoal com alarme. Tudo em um agenda",https://play.google.com/store/apps/details?id=calendar.agenda.calendarplanner.agendaplanner&hl=pt&gl=br,59,65,47,crescendo,1411915,84750.84,302681.56,983715.06,187662.57,1634480.41,1013377.85,alta,25,4.92,96.0,0.0,"SerpAPI, ScrapingBee"
1,Mapas e Navegação,3,Navegação GPS por Voz-Direções,com.voice.navigation.driving.voicegps.map.directions,Droid-Developer,droiddeveloper4us@gmail.com,http://www.droid-developer.com,Mapas e navegação,4.7481637,69229,3297,10.000.000+,10000000,13219701,1,0,BRL,1,1,"R$ 10,99 – R$ 85,99 por item",Classificação Livre,18 de ago. de 2022,1782384935,1.10.7,,"GPS de voz com mapa em tempo real. Encontre localização, navegação, planeje rota",https://play.google.com/store/apps/details?id=com.voice.navigation.driving.voicegps.map.directions&hl=pt&gl=br,59,65,47,crescendo,1678903,35592.02,127114.37,413121.71,78810.91,686417.61,425578.92,alta,25,4.84,96.0,0.0,"SerpAPI, ScrapingBee"
3,Educação,9,Meus Cursos Online,br.com.iped.meuscursos.novo,Cursos Sie,parcerias@iped.com.br,http://www.iped.com.br,Educação,3.6,182,91,50.000+,50000,63438,1,0,BRL,0,0,,Classificação Livre,20 de mar. de 2019,1760403227,3.9.1,,Mais de 1000 opções de Cursos com animações e também 100% em vídeo aulas.,https://play.google.com/store/apps/details?id=br.com.iped.meuscursos.novo&hl=pt&gl=br,100,17,47,pequeno/indie,4632,0.0,0.0,0.0,0.0,0.0,0.0,baixa,25,2.8,40.0,52.0,"SerpAPI, ScrapingBee"
1,Bibliotecas e Demonstrações,8,Bibliotecas USP,br.usp.bibliotecas_usp,Universidade de São Paulo,atendimento@abcd.usp.br,http://www.app.usp.br,Educação,3.81,198,52,50.000+,50000,81978,1,0,BRL,0,0,,Classificação Livre,12 de fev. de 2015,1761328553,2.6.28,,Faça pesquisas na Agência de Bibliotecas e Coleções Digitais (ABCD) da USP.,https://play.google.com/store/apps/details?id=br.usp.bibliotecas_usp&hl=pt&gl=br,100,19,47,pequeno/indie,6077,0.0,0.0,0.0,0.0,0.0,0.0,baixa,25,2.72,40.0,56.0,"SerpAPI, ScrapingBee"
3,Beleza,7,Care to Beauty: Tudo em Beleza,com.caretobeauty.app,Care to Beauty,developers@caretobeauty.com,https://www.caretobeauty.com,Compras,,,,50.000+,50000,76507,1,0,BRL,0,0,,Classificação Livre,4 de jul. de 2024,1756318105,19.0.0.0,,"Compre sua maquiagem, beleza e cuidados de pele com entrega em todo o mundo.",https://play.google.com/store/apps/details?id=com.caretobeauty.app&hl=pt&gl=br,100,16,47,pequeno/indie,5649,0.0,0.0,0.0,0.0,0.0,0.0,baixa,8,4.5,87.5,12.5,"SerpAPI, ScrapingBee"
29,Negócios · RH e Gestão de Equipe,22,Ponto Multiusuário,com.gelt.rppontolitetablet,GELT Tecnologia,mobile@gelt.com.br,https://registroponto.com.br/,Produtividade,4.0,13,3,5.000+,5000,5411,1,0,BRL,0,0,,Classificação Livre,31 de jan. de 2022,1761655135,3.4.0,,Maior comodidade e segurança no registro de ponto para equipes.,https://play.google.com/store/apps/details?id=com.gelt.rppontolitetablet&hl=pt&gl=br,100,13,46,pequeno/indie,337,0.0,0.0,0.0,0.0,0.0,0.0,baixa,3,1.0,0.0,100.0,"SerpAPI, Firecrawl"
26,"Busca: ""bitcoin""",8,CoinEx: Compre BTC & Cripto,com.coinex.trade.play,ViaBTC,support@coinex.com,https://www.coinex.com/,Finanças,4.623794,51919,645,5.000.000+,5000000,5162231,1,0,BRL,0,0,,Classificação Livre,27 de dez. de 2019,1783783665,4.17.0,,"Uma exchange de criptomoedas com mais de 1000 ativos, negocie ETH, SOL, WEMIX",https://play.google.com/store/apps/details?id=com.coinex.trade.play&hl=pt&gl=br,49,65,46,crescendo,,,,,,,,,,,,,
20,"Busca: ""wallet""",22,S-Wallet,com.sincere.swallet,SWallet OU,support@s-wallet.ai,https://s-wallet.ai,Finanças,3.9285715,1843,8,100.000+,100000,164223,1,0,BRL,0,0,,Classificação Livre,11 de abr. de 2022,1682093037,2.6.0,,S-Wallet é uma carteira de criptomoedas de nova geração.,https://play.google.com/store/apps/details?id=com.sincere.swallet&hl=pt&gl=br,100,13,46,pequeno/indie,12670,0.0,0.0,0.0,0.0,0.0,0.0,baixa,9,3.78,55.6,22.2,"SerpAPI, Firecrawl"
9,Finanças,6,BTG Pactual Investimentos,com.btg.pactual.digital.mobile,Banco BTG Pactual S.A.,atendimentoinvestimentos@btgpactual.com,https://www.btgpactualdigital.com,Finanças,4.6199365,83039,21741,5.000.000+,5000000,9665735,1,0,BRL,0,0,,Classificação Livre,7 de jun. de 2016,1781824998,9.6.120,,Invista com o BTG Pactual Investimentos em renda fixa e variável,https://play.google.com/store/apps/details?id=com.btg.pactual.digital.mobile&hl=pt&gl=br,49,64,46,normal,1210199,0.0,0.0,0.0,0.0,0.0,0.0,média,25,3.08,48.0,48.0,"SerpAPI, ScrapingBee"
9,Negócios,2,"PagVendas: Tap, Vendas, Gestão",br.com.uol.ps.pagvendas.gp,PagBank,atendimentopagvendas@uolinc.com,https://pagseguro.uol.com.br/para-seu-negocio/vendas/,Finanças,4.7340183,43810,9647,5.000.000+,5000000,5104476,1,0,BRL,0,0,,Classificação Livre,11 de jul. de 2019,1782149828,2.74.1,,"Venda com Tap On, Pix, crédito e débito e faça a gestão do seu negócio!",https://play.google.com/store/apps/details?id=br.com.uol.ps.pagvendas.gp&hl=pt&gl=br,49,65,46,crescendo,620423,0.0,0.0,0.0,0.0,0.0,0.0,média,25,3.84,72.0,28.0,"SerpAPI, ScrapingBee"
7,Finanças,6,BTG Pactual Investimentos,com.btg.pactual.digital.mobile,Banco BTG Pactual S.A.,atendimentoinvestimentos@btgpactual.com,https://www.btgpactualdigital.com,Finanças,4.6199365,83039,21741,5.000.000+,5000000,9665735,1,0,BRL,0,0,,Classificação Livre,7 de jun. de 2016,1781824998,9.6.120,,Invista com o BTG Pactual Investimentos em renda fixa e variável,https://play.google.com/store/apps/details?id=com.btg.pactual.digital.mobile&hl=pt&gl=br,49,64,46,normal,1210199,0.0,0.0,0.0,0.0,0.0,0.0,média,150,3.03,48.0,46.0,"SerpAPI, Brave Search, ScrapingBee, DevSite:Scrape.do"
8,Finanças,6,BTG Pactual Investimentos,com.btg.pactual.digital.mobile,Banco BTG Pactual S.A.,atendimentoinvestimentos@btgpactual.com,https://www.btgpactualdigital.com,Finanças,4.6199365,83039,21741,5.000.000+,5000000,9665735,1,0,BRL,0,0,,Classificação Livre,7 de jun. de 2016,1781824998,9.6.120,,Invista com o BTG Pactual Investimentos em renda fixa e variável,https://play.google.com/store/apps/details?id=com.btg.pactual.digital.mobile&hl=pt&gl=br,49,64,46,normal,1210199,0.0,0.0,0.0,0.0,0.0,0.0,média,25,3.08,48.0,48.0,"SerpAPI, ScrapingBee"
5,Finanças,6,BTG Pactual Investimentos,com.btg.pactual.digital.mobile,Banco BTG Pactual S.A.,atendimentoinvestimentos@btgpactual.com,https://www.btgpactualdigital.com,Finanças,4.6199365,83039,21741,5.000.000+,5000000,9665735,1,0,BRL,0,0,,Classificação Livre,7 de jun. de 2016,1781824998,9.6.120,,Invista com o BTG Pactual Investimentos em renda fixa e variável,https://play.google.com/store/apps/details?id=com.btg.pactual.digital.mobile&hl=pt&gl=br,49,64,46,normal,1210199,0.0,0.0,0.0,0.0,0.0,0.0,média,25,3.08,48.0,48.0,"SerpAPI, ScrapingBee"
1,Jogos de Trivia,11,Word Trivia - curiosidades,trivia.quiz.trivia.star.millionaire.word.question.offine.game.free,Magic Word Games,mengjunyou2019@gmail.com,http://magicword.online/,Palavras,4.826558,51406,1355,10.000.000+,10000000,11988353,1,0,BRL,1,1,"R$ 4,59 – R$ 46,99 por item",Classificação Livre,11 de mar. de 2021,1779362215,4.0,,Quer testar sua inteligência? Experimente este jogo de trivia grátis!,https://play.google.com/store/apps/details?id=trivia.quiz.trivia.star.millionaire.word.question.offine.game.free&hl=pt&gl=br,59,62,46,normal,1073693,20046.5,71594.63,232682.53,44388.67,386610.98,239698.81,alta,25,4.68,92.0,8.0,"SerpAPI, ScrapingBee"
1,Viagens e Localização,1,"CVC: Voos, hotéis e ingressos",com.cvc.minhacvc,CVC Brasil,mobile@cvc.com.br,http://www.cvc.com.br,Viagem e Turismo,4.816843,22233,5095,5.000.000+,5000000,6445089,1,0,BRL,0,0,,Classificação Livre,7 de nov. de 2017,1782832397,6.9.0,,"Turismo que cabe no bolso! Com pacotes de viagens CVC, incluso passagem e hotel",https://play.google.com/store/apps/details?id=com.cvc.minhacvc&hl=pt&gl=br,49,65,46,crescendo,791984,0.0,0.0,0.0,0.0,0.0,0.0,média,25,3.52,60.0,36.0,"SerpAPI, ScrapingBee"
1,Compras,14,"Nike App: Roupas, Tênis e mais",br.com.gruposbf.nike,FISIA COMERCIO DE PRODUTOS ESPORTIVOS S/A,teamappnike@gruposbf.com.br,https://www.nike.com.br/,Compras,4.7748346,67545,10363,5.000.000+,5000000,8312017,1,0,BRL,0,0,,Classificação Livre,22 de set. de 2023,1782758386,2.35.0,,"Comprar tênis, roupas de academia, acessórios, camisas de time, camisa do Brasil",https://play.google.com/store/apps/details?id=br.com.gruposbf.nike&hl=pt&gl=br,49,65,46,crescendo,1033517,0.0,0.0,0.0,0.0,0.0,0.0,média,25,4.16,80.0,20.0,"SerpAPI, ScrapingBee"
1,Casa e Decoração,5,Viva Real Imóveis,com.project.vivareal,OLX Brasil,suporte-vivareal@olxbr.com,http://www.vivareal.com.br,Casa e decoração,4.746597,81188,17650,5.000.000+,5000000,5918640,1,0,BRL,0,0,,Classificação Livre,27 de ago. de 2013,1782931101,6.718.5,,"Buscando por Alugar Casa, Apartamento ou Imóveis a venda? Encontre aqui!",https://play.google.com/store/apps/details?id=com.project.vivareal&hl=pt&gl=br,49,65,46,crescendo,724402,0.0,0.0,0.0,0.0,0.0,0.0,média,25,3.12,48.0,44.0,"SerpAPI, ScrapingBee"
1,Finanças,7,BTG Pactual Investimentos,com.btg.pactual.digital.mobile,Banco BTG Pactual S.A.,atendimentoinvestimentos@btgpactual.com,https://www.btgpactualdigital.com,Finanças,4.619844,83037,21740,5.000.000+,5000000,9665735,1,0,BRL,0,0,,Classificação Livre,7 de jun. de 2016,1781824998,9.6.120,,Invista com o BTG Pactual Investimentos em renda fixa e variável,https://play.google.com/store/apps/details?id=com.btg.pactual.digital.mobile&hl=pt&gl=br,49,64,46,normal,1210199,0.0,0.0,0.0,0.0,0.0,0.0,média,25,3.08,48.0,48.0,"SerpAPI, ScrapingBee"
1,Eventos,4,EVENTIM Brasil,br.com.eventim.mobile.app.Android,Eventim BR,mobile@eventim.com.br,http://www.eventim.com.br,Entretenimento,2.509091,2805,1664,1.000.000+,1000000,1980968,1,0,BRL,0,0,,Classificação Livre,22 de dez. de 2016,1782398672,6.8.0,,O aplicativo EVENTIM.App dá acesso a mais de 100.000 eventos todos os anos.,https://play.google.com/store/apps/details?id=br.com.eventim.mobile.app.Android&hl=pt&gl=br,77,35,46,pequeno/indie,209115,0.0,0.0,0.0,0.0,0.0,0.0,média,25,1.56,12.0,84.0,"SerpAPI, ScrapingBee"
1,Entretenimento,7,Looke,br.com.encripta.looke,LOOKE,contato@looke.com.br,http://www.looke.com.br,Entretenimento,3.9556074,8986,2756,1.000.000+,1000000,3041607,1,0,BRL,0,1,"R$ 16,90 – R$ 149,90 por item",Classificação 12 anos,30 de jan. de 2015,1778769805,6.15.14,,Plataforma de streaming de filmes e séries,https://play.google.com/store/apps/details?id=br.com.encripta.looke&hl=pt&gl=br,69,43,46,normal,273230,8773.16,31332.73,101831.37,19426.29,169196.74,104901.98,alta,25,2.92,44.0,44.0,"SerpAPI, ScrapingBee"
1,Negócios,1,"PagVendas: Tap, Vendas, Gestão",br.com.uol.ps.pagvendas.gp,PagBank,atendimentopagvendas@uolinc.com,https://pagseguro.uol.com.br/para-seu-negocio/vendas/,Finanças,4.7340183,43810,9647,5.000.000+,5000000,5104476,1,0,BRL,0,0,,Classificação Livre,11 de jul. de 2019,1782149828,2.74.1,,"Venda com Tap On, Pix, crédito e débito e faça a gestão do seu negócio!",https://play.google.com/store/apps/details?id=br.com.uol.ps.pagvendas.gp&hl=pt&gl=br,49,65,46,crescendo,620423,0.0,0.0,0.0,0.0,0.0,0.0,média,25,3.84,72.0,28.0,"SerpAPI, ScrapingBee"
29,Negócios · CRM e Vendas,4,Bitrix24 CRM And Projects,com.bitrix24.android,Bitrix Inc,android@bitrixsoft.com,https://www.bitrix24.com,Negócios,4.8483605,59274,746,5.000.000+,5000000,7108659,1,0,BRL,0,0,,Classificação Livre,3 de dez. de 2012,1781040871,5.20.1 (4002),,"Bitrix24 is a free project management, CRM and collaboration platform.",https://play.google.com/store/apps/details?id=com.bitrix24.android&hl=pt&gl=br,49,62,45,normal,731265,0.0,0.0,0.0,0.0,0.0,0.0,média,25,3.84,72.0,28.0,"SerpAPI, Firecrawl"
22,"Busca: ""carteira""",25,Wallet Cards | Digital Wallet,io.walletcards.android,DOSA Apps,support.walletcards@dosaapps.com,https://dosaapps.com/walletcards,Viagem e Turismo,3.64,6845,48,1.000.000+,1000000,3510362,1,0,BRL,1,1,"R$ 5,49 – R$ 549,99 por item",Classificação Livre,14 de jan. de 2021,1776349682,2.5.15,,Gerencie seus cartões digitais com o aplicativo Wallet Cards compatível com iPhone Passbook,https://play.google.com/store/apps/details?id=io.walletcards.android&hl=pt&gl=br,69,39,45,normal,317524,34081.23,121718.69,395585.74,75465.59,657280.91,407514.17,alta,53,2.09,24.5,67.9,"SerpAPI, Brave Search, Firecrawl, DevSite:Firecrawl"
20,"Busca: ""wallet""",52,Wallet Cards | Digital Wallet,io.walletcards.android,DOSA Apps,support.walletcards@dosaapps.com,https://dosaapps.com/walletcards,Viagem e Turismo,3.64,6845,48,1.000.000+,1000000,3510362,1,0,BRL,1,1,"R$ 5,49 – R$ 549,99 por item",Classificação Livre,14 de jan. de 2021,1776349682,2.5.15,,Gerencie seus cartões digitais com o aplicativo Wallet Cards compatível com iPhone Passbook,https://play.google.com/store/apps/details?id=io.walletcards.android&hl=pt&gl=br,69,39,45,normal,317524,34081.23,121718.69,395585.74,75465.59,657280.91,407514.17,alta,25,2.24,28.0,64.0,"SerpAPI, Firecrawl"
3,Compras,2,Mercado Diferente | Orgânicos,br.com.mercadodiferente.diferente,mercadodiferente,ajuda@mercadodiferente.com.br,https://www.mercadodiferente.com.br/,Comer e beber,3.94,748,263,100.000+,100000,137310,1,0,BRL,0,0,,Classificação Livre,14 de dez. de 2022,1727515529,3.68.0,,Receba alimentos 100% orgânicos e saudáveis na sua casa! Acessível e prático!,https://play.google.com/store/apps/details?id=br.com.mercadodiferente.diferente&hl=pt&gl=br,100,11,45,pequeno/indie,10487,0.0,0.0,0.0,0.0,0.0,0.0,baixa,25,2.48,36.0,60.0,"SerpAPI, ScrapingBee"
1,Jogos de Aventura,11,Typoman Remastered,com.BrainseedFactory.Typoman,Supercharge Mobile,studio@brainseed-factory.com,https://www.superchargemobile.app/,Aventura,3.89,9139,589,1.000.000+,1000000,2264518,1,0,BRL,1,1,"R$ 14,99 – R$ 104,99 por item",Classificação Livre,27 de jun. de 2022,1776434063,2.1.4,,Aventura Mundial Premiada,https://play.google.com/store/apps/details?id=com.BrainseedFactory.Typoman&hl=pt&gl=br,69,41,45,normal,170444,6463.93,23085.47,75027.76,14312.99,124661.52,77290.14,alta,25,3.44,60.0,36.0,"SerpAPI, ScrapingBee"
1,Música e Áudio,12,Podcast Studio,com.spreaker.android.studio,"Spreaker, Inc",support.android@spreaker.com,https://www.spreaker.com,Música e áudio,4.4636364,61482,3814,5.000.000+,5000000,5652925,1,0,BRL,0,0,,Classificação Livre,29 de set. de 2014,1783074450,1.34.4,,Com tudo para os seus podcasts,https://play.google.com/store/apps/details?id=com.spreaker.android.studio&hl=pt&gl=br,49,59,45,normal,627628,0.0,0.0,0.0,0.0,0.0,0.0,média,25,4.6,88.0,0.0,"SerpAPI, ScrapingBee"
3,Educação,17,Cursos Grátis iPED,br.com.iped,Cursos Sie,parcerias@iped.com.br,https://www.iped.com.br,Educação,3.5231788,4610,1761,500.000+,500000,601656,1,0,BRL,0,0,,Classificação Livre,26 de set. de 2014,1764897307,3.10.0,,Mais de 1000 opções de Cursos com animações e também 100% em vídeo aulas.,https://play.google.com/store/apps/details?id=br.com.iped&hl=pt&gl=br,92,18,45,pequeno/indie,49813,0.0,0.0,0.0,0.0,0.0,0.0,baixa,25,2.96,48.0,48.0,"SerpAPI, ScrapingBee"
1,Educação,10,Cursos Grátis iPED,br.com.iped,Cursos Sie,parcerias@iped.com.br,https://www.iped.com.br,Educação,3.5231788,4610,1761,500.000+,500000,601656,1,0,BRL,0,0,,Classificação Livre,26 de set. de 2014,1764897307,3.10.0,,Mais de 1000 opções de Cursos com animações e também 100% em vídeo aulas.,https://play.google.com/store/apps/details?id=br.com.iped&hl=pt&gl=br,92,18,45,pequeno/indie,49813,0.0,0.0,0.0,0.0,0.0,0.0,baixa,25,2.96,48.0,48.0,"SerpAPI, ScrapingBee"
29,Personalização · Ícones e Temas,17,Lançador OS - Temas e Ícones,com.asianmobile.launcheros,TextSoft.Studio,teammarketing@lutech.ltd,https://lutech.vn/app-ads.txt,Personalização,4.615287,61208,2572,10.000.000+,10000000,10185930,1,0,BRL,1,1,"R$ 1,29 – R$ 139,99 por item",Classificação Livre,5 de dez. de 2024,1783440715,73,,"Transforme seu Android com launcher elegante, tela inicial, temas & widgets",https://play.google.com/store/apps/details?id=com.asianmobile.launcheros&hl=pt&gl=br,49,65,44,crescendo,1278391,39093.32,139619.0,453761.75,86563.78,753942.6,467444.41,alta,25,4.48,88.0,12.0,"SerpAPI, Firecrawl"
29,Personalização · Launchers,20,Lançador OS - Temas e Ícones,com.asianmobile.launcheros,TextSoft.Studio,teammarketing@lutech.ltd,https://lutech.vn/app-ads.txt,Personalização,4.615287,61208,2572,10.000.000+,10000000,10185930,1,0,BRL,1,1,"R$ 1,29 – R$ 139,99 por item",Classificação Livre,5 de dez. de 2024,1783440715,73,,"Transforme seu Android com launcher elegante, tela inicial, temas & widgets",https://play.google.com/store/apps/details?id=com.asianmobile.launcheros&hl=pt&gl=br,49,65,44,crescendo,1278391,39093.32,139619.0,453761.75,86563.78,753942.6,467444.41,alta,25,4.48,88.0,12.0,"SerpAPI, Firecrawl"
29,Negócios · RH e Gestão de Equipe,9,RHBrasil PONTO,com.cingo.rhbrasilponto,RHBrasil Recursos Humanos,suporte@rhbrasil.com.br,https://www.rhbrasil.com.br/,Produtividade,4.06383,47,14,10.000+,10000,15704,1,0,BRL,0,0,,Classificação Livre,1 de dez. de 2022,1724863643,2.0.0,,Aplicativo para registro do ponto com geolocalização,https://play.google.com/store/apps/details?id=com.cingo.rhbrasilponto&hl=pt&gl=br,100,6,44,pequeno/indie,1051,0.0,0.0,0.0,0.0,0.0,0.0,baixa,13,3.38,61.5,38.5,"SerpAPI, Firecrawl"
29,Negócios · RH e Gestão de Equipe,1,Ponto RH,com.hkpontorh,Grupo HK,suporte@grupohk.com.br,https://grupohk.com.br,Produtividade,4.105263,19,4,10.000+,10000,16906,1,0,BRL,0,0,,Classificação Livre,27 de out. de 2020,,Varies with device,,Aplicativo voltado ao gerenciamento de fotos usadas na aplicação HKPonto,https://play.google.com/store/apps/details?id=com.hkpontorh&hl=pt&gl=br,100,5,44,pequeno/indie,1137,0.0,0.0,0.0,0.0,0.0,0.0,baixa,4,4.0,75.0,25.0,"SerpAPI, Firecrawl"
22,"Busca: ""carteira""",26,CAU | Carteira Digital,br.org.br.caucarteiradigital,Conselho de Arquitetura e Urbanismo do Brasil,carteiradigital@caubr.gov.br,https://cau.idproof.com.br/,Produtividade,2.45,110,65,10.000+,10000,28506,1,0,BRL,0,0,,Classificação Livre,11 de fev. de 2025,1761093728,2.5.6,,Carteira Digital para profissionais do Conselho de Arquitetura e Urbanismo,https://play.google.com/store/apps/details?id=br.org.br.caucarteiradigital&hl=pt&gl=br,100,6,44,pequeno/indie,1982,0.0,0.0,0.0,0.0,0.0,0.0,baixa,62,1.87,21.0,77.4,"SerpAPI, Brave Search, Firecrawl, DevSite:Firecrawl"
21,"Busca: ""crypto wallet""",22,Crypto.com: Onchain Wallet,com.defi.wallet,Crypto.com Onchain Wallet,contact@crypto.com,https://www.crypto.com,Finanças,4.5757575,48893,388,5.000.000+,5000000,5163973,1,0,BRL,0,0,,Classificação Livre,11 de mai. de 2020,1782727978,2.50.4,,Negocie e aposte com segurança milhares de criptomoedas e explore o DeFi com uma carteira de autocustódia.,https://play.google.com/store/apps/details?id=com.defi.wallet&hl=pt&gl=br,49,58,44,normal,,,,,,,,,,,,,
20,"Busca: ""wallet""",9,Crypto.com: Onchain Wallet,com.defi.wallet,Crypto.com Onchain Wallet,contact@crypto.com,https://www.crypto.com,Finanças,4.5757575,48893,388,5.000.000+,5000000,5163973,1,0,BRL,0,0,,Classificação Livre,11 de mai. de 2020,1782727978,2.50.4,,Negocie e aposte com segurança milhares de criptomoedas e explore o DeFi com uma carteira de autocustódia.,https://play.google.com/store/apps/details?id=com.defi.wallet&hl=pt&gl=br,49,58,44,normal,627997,0.0,0.0,0.0,0.0,0.0,0.0,média,25,3.52,60.0,36.0,"SerpAPI, Firecrawl"
9,Mapas e Navegação,8,Navegação GPS: Mapa Terrestre,com.gps.liveearthtracker.map.routefinder.navigation,Prometheus Interactive LLC,support.livenavigation@useprometheus.app,https://useprometheus.app/livenavigation,Viagem e Turismo,4.13,9851,175,5.000.000+,5000000,8933922,1,0,BRL,1,1,"R$ 5,49 – R$ 549,99 por item",Classificação Livre,30 de out. de 2017,1747647017,2.1.0,,"Fique no caminho certo com Mapas em Tempo Real, Navegação por Voz e Trânsito!",https://play.google.com/store/apps/details?id=com.gps.liveearthtracker.map.routefinder.navigation&hl=pt&gl=br,49,15,44,normal,844348,65333.69,233334.59,758337.42,144667.45,1260006.79,781204.21,alta,25,3.08,52.0,44.0,"SerpAPI, ScrapingBee"
1,Jogos Educacionais,15,Vogais para crianças 3 a 5,com.ilugon.vocales.para.ninos,ilugon,info@ilugon.com,http://www.ilugon.com,Educativos,3.75,6720,39,1.000.000+,1000000,2668995,1,0,BRL,0,1,"R$ 14,99 por item",Classificação Livre,22 de out. de 2020,1771190908,2.4.0,,"Jogos para aprender vogais e vocabulário para crianças de 3, 4 e 5 anos",https://play.google.com/store/apps/details?id=com.ilugon.vocales.para.ninos&hl=pt&gl=br,69,35,44,normal,202507,1869.92,6678.28,21704.42,4140.54,36062.73,22358.89,alta,25,3.0,44.0,44.0,"SerpAPI, ScrapingBee"
1,Medicina,1,Lembrete de Remedios e Pilula,com.medisafe.android.client,Medisafe®,support@medisafe.com,https://www.medisafeapp.com/,Saúde e fitness,4.193929,248892,16558,5.000.000+,5000000,6282716,1,0,BRL,1,1,"R$ 15,99 – R$ 279,99 por item",Classificação Livre,9 de out. de 2012,1781027874,9.51.0,,💊⏰ Não se esqueça de tomar seu remedios e medicamentos com lembretes Medisafe!,https://play.google.com/store/apps/details?id=com.medisafe.android.client&hl=pt&gl=br,19,47,44,normal,701011,60478.17,215993.45,701978.72,133915.94,1166364.65,723146.08,alta,25,4.12,76.0,20.0,"SerpAPI, ScrapingBee"
1,Mapas e Navegação,10,Navegação GPS: Mapa Terrestre,com.gps.liveearthtracker.map.routefinder.navigation,Prometheus Interactive LLC,support.livenavigation@useprometheus.app,https://useprometheus.app/livenavigation,Viagem e Turismo,4.13,9847,175,5.000.000+,5000000,8933922,1,0,BRL,1,1,"R$ 5,49 – R$ 549,99 por item",Classificação Livre,30 de out. de 2017,1747647017,2.1.0,,"Fique no caminho certo com Mapas em Tempo Real, Navegação por Voz e Trânsito!",https://play.google.com/store/apps/details?id=com.gps.liveearthtracker.map.routefinder.navigation&hl=pt&gl=br,49,15,44,normal,844348,65333.69,233334.59,758337.42,144667.45,1260006.79,781204.21,alta,25,3.08,52.0,44.0,"SerpAPI, ScrapingBee"
1,Encontros,12,Namoro e Encontros - Meetville,com.meetville.dating,Loveland Inc.,support@meetville.com,http://meetville.com,Encontros,4.0692306,50958,7429,5.000.000+,5000000,9490208,1,0,BRL,0,1,"R$ 9,49 – R$ 739,99 por item",Classificação 14 anos,17 de dez. de 2014,1661761316,7.2.2,,Mais melhor online app para conhecer e relacionamentos com solteiros pessoas!,https://play.google.com/store/apps/details?id=com.meetville.dating&hl=pt&gl=br,49,18,44,normal,899413,203845.48,728019.57,2366063.59,451372.13,3931305.65,2437409.5,alta,25,4.16,80.0,20.0,"SerpAPI, ScrapingBee"
1,Automóveis e Veículos,2,Infocar - Scanner OBD2,mureung.obdproject,"Infocar Co., Ltd.",tech@infocarmobility.com,http://infocarmobility.com,Veículos,4.602122,26588,1808,10.000.000+,10000000,10469732,1,0,BRL,1,1,"R$ 17,99 – R$ 1.099,99 por item",Classificação Livre,20 de set. de 2018,1781758348,2.29.5,,"Diagnosticar, limpar códigos, ver dados ao vivo e gerenciar carro com OBD2",https://play.google.com/store/apps/details?id=mureung.obdproject&hl=pt&gl=br,49,64,44,normal,1315659,22806.01,81450.03,264712.59,50499.02,439830.16,272694.7,alta,25,3.48,60.0,32.0,"SerpAPI, ScrapingBee"
29,Negócios · RH e Gestão de Equipe,20,RHGestor,br.com.rhgestor.RHgestor,RHGestor,contato@rhgestor.com.br,https://rhgestor.com.br,Negócios,2.871287,127,56,50.000+,50000,80337,1,0,BRL,0,0,,Classificação Livre,25 de jul. de 2023,1735008983,1.2,,Recrute. Desenvolva. Avalie.,https://play.google.com/store/apps/details?id=br.com.rhgestor.RHgestor&hl=pt&gl=br,100,0,43,pequeno/indie,5948,0.0,0.0,0.0,0.0,0.0,0.0,baixa,25,1.72,16.0,84.0,"SerpAPI, Firecrawl"
29,Negócios · RH e Gestão de Equipe,17,Asseponto - APP,com.assecont.AssepontoMobile,Assecont Tecnologia Ltda Epp,comercial@assecont.com.br,https://www.assecont.com.br,Negócios,2.62,670,343,50.000+,50000,95079,1,0,BRL,0,0,,Classificação Livre,1 de abr. de 2019,1741272726,2.5.0,,Registro de ponto e consultas de jornada de trabalho.,https://play.google.com/store/apps/details?id=com.assecont.AssepontoMobile&hl=pt&gl=br,100,1,43,pequeno/indie,7110,0.0,0.0,0.0,0.0,0.0,0.0,baixa,25,2.2,20.0,68.0,"SerpAPI, Firecrawl"
29,Negócios · Nota Fiscal e Contabilidade,23,Nota do Milhão,br.gov.sp.prefeitura.nfe.twa,Prodam SP,mobile.prodam@gmail.com.br,http://notadomilhao.prefeitura.sp.gov.br/,Negócios,3.36,50,29,50.000+,50000,51516,1,0,BRL,0,0,,Classificação Livre,24 de nov. de 2023,1754073154,1.0.0.3,,Aplicativo de consulta e emissão de Notas Fiscais para Smartphones,https://play.google.com/store/apps/details?id=br.gov.sp.prefeitura.nfe.twa&hl=pt&gl=br,100,0,43,pequeno/indie,3715,0.0,0.0,0.0,0.0,0.0,0.0,baixa,25,2.64,40.0,60.0,"SerpAPI, Firecrawl"
29,Negócios · Nota Fiscal e Contabilidade,21,NFSe Cidadão,br.gov.nfsemobiletomador,Serviços e Informações do Brasil,aplicativos@rfb.gov.br,https://www.gov.br/receitafederal/pt-br,Finanças,3.2150538,93,49,50.000+,50000,54546,1,0,BRL,0,0,,Classificação Livre,27 de nov. de 2022,,Varies with device,,Permite consulta de NFS-e emitidas para o cidadão por prestadores de serviços.,https://play.google.com/store/apps/details?id=br.gov.nfsemobiletomador&hl=pt&gl=br,100,0,43,pequeno/indie,3947,0.0,0.0,0.0,0.0,0.0,0.0,baixa,25,3.04,48.0,52.0,"SerpAPI, Firecrawl"
26,"Busca: ""bitcoin""",4,Carteira DeFi Bitcoin e Cripto,com.bitcoin.mwallet,Bitcoin.com Developer,wallet@bitcoin.com,https://www.bitcoin.com,Finanças,4.5238094,86441,366,10.000.000+,10000000,14432118,1,0,BRL,1,0,,Classificação Livre,19 de jun. de 2017,1783676337,9.29.3,,"Compre, venda, troque, invista e ganhe criptomoeda. BTC, BCH, ETH e muito mais!",https://play.google.com/store/apps/details?id=com.bitcoin.mwallet&hl=pt&gl=br,49,59,43,normal,,,,,,,,,,,,,
23,"Busca: ""rifa""",15,Rifa Digital,com.anonymous.RifaDigitalMobile,M&M NEGÓCIOS DIGITAIS,contato@rifa.digital,https://rifa.digital,Ferramentas,3.16,495,273,100.000+,100000,403247,1,0,BRL,0,0,,Classificação 10 anos,26 de out. de 2022,,Varies with device,,Saia da Rifa de Papel e crie sua Rifa Digital em poucos clicks,https://play.google.com/store/apps/details?id=com.anonymous.RifaDigitalMobile&hl=pt&gl=br,100,0,43,pequeno/indie,32685,0.0,0.0,0.0,0.0,0.0,0.0,baixa,150,2.65,36.7,56.0,"SerpAPI, Brave Search, Firecrawl, DevSite:Firecrawl"
23,"Busca: ""rifa""",5,Rifa 321: Crie sua rifa online,com.rifa321.twa,NL SOLUÇÕES DIGITAIS,contato@rifa321.com,https://rifa321.com/,Negócios,2.82,168,113,100.000+,100000,218302,1,0,BRL,0,0,,Classificação 10 anos,26 de nov. de 2022,1756441754,4,,Use o aplicativo rifa 321 para criar a sua rifa online.,https://play.google.com/store/apps/details?id=com.rifa321.twa&hl=pt&gl=br,100,2,43,pequeno/indie,17112,0.0,0.0,0.0,0.0,0.0,0.0,baixa,113,2.91,46.9,47.8,"SerpAPI, Brave Search, Firecrawl, DevSite:Firecrawl"
22,"Busca: ""carteira""",30,Carteira Advisor,br.com.carteira.investimentos,Carteira Advisor,contato@carteiradeinvestimentos.com,http://carteiradeinvestimentos.com,Finanças,3.8514853,304,109,10.000+,10000,15804,1,0,BRL,0,0,,Classificação Livre,14 de jan. de 2022,1784237173,1.0,,Consolidação de Carteiras para Gestores e Consultores,https://play.google.com/store/apps/details?id=br.com.carteira.investimentos&hl=pt&gl=br,100,41,43,pequeno/indie,1270,0.0,0.0,0.0,0.0,0.0,0.0,baixa,105,2.94,43.8,45.7,"SerpAPI, Brave Search, Firecrawl, DevSite:Firecrawl"
21,"Busca: ""crypto wallet""",11,Carteira DeFi Bitcoin e Cripto,com.bitcoin.mwallet,Bitcoin.com Developer,wallet@bitcoin.com,https://www.bitcoin.com,Finanças,4.5590553,86443,366,10.000.000+,10000000,14432118,1,0,BRL,1,0,,Classificação Livre,19 de jun. de 2017,1783676337,9.29.3,,"Compre, venda, troque, invista e ganhe criptomoeda. BTC, BCH, ETH e muito mais!",https://play.google.com/store/apps/details?id=com.bitcoin.mwallet&hl=pt&gl=br,49,59,43,normal,,,,,,,,,,,,,
21,"Busca: ""crypto wallet""",7,Gram Wallet,io.gramwallet.app,MyTonWallet,support@gramwallet.io,https://gramwallet.io,Finanças,,,,10.000+,10000,20091,1,0,BRL,0,0,,Classificação Livre,19 de mai. de 2026,,Varies with device,,Carteira criptográfica nativa para usuários do TON e do Telegram.,https://play.google.com/store/apps/details?id=io.gramwallet.app&hl=pt&gl=br,100,0,43,pequeno/indie,,,,,,,,,,,,,
20,"Busca: ""wallet""",49,walllet.com: Wallet on Web3,com.walllet.app,PrimeUp,support@walllet.com,https://walllet.com,Finanças,,,,100.000+,100000,133646,1,0,BRL,0,0,,Classificação Livre,25 de ago. de 2025,,Varies with device,,"Carteira Web3 segura com tecnologia de IA: envie, receba, troque, armazene e faça muito mais.",https://play.google.com/store/apps/details?id=com.walllet.app&hl=pt&gl=br,100,0,43,pequeno/indie,10191,0.0,0.0,0.0,0.0,0.0,0.0,baixa,0,0.0,0.0,0.0,"SerpAPI, Firecrawl"
7,Finanças,19,Exnova - Investimentos,com.exnova,Digital Smart LLC: Trade & Invest,support@exnova.com,https://exnova.com,Finanças,4.444586,21446,5656,5.000.000+,5000000,7893829,1,0,BRL,0,0,,Classificação Livre,24 de mai. de 2022,1777878162,8.66.1,,"Exnova: plataforma on-line Invista em: Ações, ETFs, Moedas",https://play.google.com/store/apps/details?id=com.exnova&hl=pt&gl=br,49,53,43,normal,741805,0.0,0.0,0.0,0.0,0.0,0.0,média,150,4.23,80.7,18.0,"SerpAPI, Brave Search, ScrapingBee, DevSite:ScrapingAnt"
8,Finanças,17,Exnova - Investimentos,com.exnova,Digital Smart LLC: Trade & Invest,support@exnova.com,https://exnova.com,Finanças,4.444586,21446,5656,5.000.000+,5000000,7893829,1,0,BRL,0,0,,Classificação Livre,24 de mai. de 2022,1777878162,8.66.1,,"Exnova: plataforma on-line Invista em: Ações, ETFs, Moedas",https://play.google.com/store/apps/details?id=com.exnova&hl=pt&gl=br,49,53,43,normal,741805,0.0,0.0,0.0,0.0,0.0,0.0,média,25,4.36,84.0,16.0,"SerpAPI, ScrapingBee"
1,Família,4,Happy Daycare: jogo de criança,com.playtoddlers.happydaycarestories.free,SUBARA,support@subara.com,https://subara.com,Educativos,4.4331846,58015,3329,10.000.000+,10000000,25668410,1,0,BRL,1,1,"R$ 16,99 – R$ 26,99 por item",Classificação Livre,13 de out. de 2016,1782186731,1.5.6,,"Jogos seguros para crianças 3-7. Cuide de bebês, creche e brinque de babá",https://play.google.com/store/apps/details?id=com.playtoddlers.happydaycarestories.free&hl=pt&gl=br,49,59,43,normal,2594456,41759.63,149141.52,484709.95,92467.74,805364.22,499325.82,alta,25,4.12,76.0,16.0,"SerpAPI, ScrapingBee"
1,Jogos de Simulação,2,Simulador de navio: barco,ship.simulator.river.climb,Azur Interactive Games Limited,vectorblitz@yandex.ru,https://azurgames.com/,Simulador,4.630662,40990,927,10.000.000+,10000000,19309877,1,0,BRL,1,1,"R$ 5,49 – R$ 65,99 por item",Classificação Livre,2 de ago. de 2023,1776867136,0.7.6,,Comece a dirigir e construa uma usina nuclear. Desenvolva engenharia na água!,https://play.google.com/store/apps/details?id=ship.simulator.river.climb&hl=pt&gl=br,49,59,43,normal,1766796,40817.35,145776.26,473772.86,90381.28,787191.82,488058.93,alta,25,4.88,96.0,0.0,"SerpAPI, ScrapingBee"
1,Jogos Musicais,12,Piano Tiles 2™ - Jogo de Piano,com.kooapps.pianotiles2gp,Kooapps Games | Fun Arcade and Casual Action Games,support@kooapps.com,https://kooapps.com,Música,4.4957056,72712,2846,10.000.000+,10000000,13621178,1,0,BRL,1,1,"R$ 1,69 – R$ 1.649,99 por item",Classificação Livre,6 de out. de 2023,1782466399,1.10.1,,O Piano Tiles voltou. Jogue jogos divertidos de música e ritmo em festas.,https://play.google.com/store/apps/details?id=com.kooapps.pianotiles2gp&hl=pt&gl=br,49,59,43,normal,1338539,32540.23,116215.12,377699.15,72053.38,627561.66,389088.23,alta,25,3.04,48.0,52.0,"SerpAPI, ScrapingBee"
1,Jogos Educacionais,12,LogicLike Jogos educativos 2-8,com.logicappkids,Massiana - Educational Games,office@logiclike.com,https://logiclike.com,Educativos,4.5585685,79866,1364,10.000.000+,10000000,14553275,1,0,BRL,0,1,"R$ 11,99 – R$ 1.099,99 por item",Classificação Livre,16 de jun. de 2021,1782719348,2.127.0,,"Jogos para crianças: lógica, aprendizado e pré-escolar divertido",https://play.google.com/store/apps/details?id=com.logicappkids&hl=pt&gl=br,49,59,43,normal,1577843,39946.52,142666.14,463664.96,88453.01,770397.16,477646.24,alta,25,3.36,56.0,40.0,"SerpAPI, ScrapingBee"
1,Jogos de Cartas,9,ZingPlay - Jogos de Cartas,com.zps.br,VNG ZingPlay Game Studios,zingplaybrasil@gmail.com,http://play.zing.vn,Cartas,3.4442954,20564,10541,1.000.000+,1000000,4230854,1,0,BRL,0,1,"R$ 2,99 – R$ 579,99 por item",Classificação Livre,14 de out. de 2019,1766721659,2025.08.26,,ZingPlay - o mundo dos jogos de cartas: Truco - Buraco - Tranca - Cacheta.,https://play.google.com/store/apps/details?id=com.zps.br&hl=pt&gl=br,79,22,43,pequeno/indie,328206,42431.14,151539.77,492504.27,93954.66,818314.78,507355.16,alta,25,1.76,12.0,80.0,"SerpAPI, ScrapingBee"
3,Medicina,2,Meu Remédio,health.doctor.pill.my_medicine,made easy,madeeasy.apps@outlook.com,,Medicina,,,,10.000+,10000,45912,1,0,BRL,0,0,,Classificação Livre,19 de ago. de 2023,,Varies with device,,Meu kit de informações sobre saúde e medicamentos,https://play.google.com/store/apps/details?id=health.doctor.pill.my_medicine&hl=pt&gl=br,100,0,43,pequeno/indie,3288,0.0,0.0,0.0,0.0,0.0,0.0,baixa,2,5.0,100.0,0.0,"SerpAPI, ScrapingAnt"
1,Redes Sociais,9,status - sims but social media,link.socialai.app,WishRoll,support@statusai.com,https://www.statusai.com/,Estilo de vida,3.783318,416965,35519,1.000.000+,1000000,2471567,1,0,BRL,0,1,"R$ 4,19 – R$ 1.099,99 por item",Classificação Livre,28 de jan. de 2025,1782488606,1.9.45,,Construa a vida dos seus sonhos nas redes sociais com o Status!,https://play.google.com/store/apps/details?id=link.socialai.app&hl=pt&gl=br,39,61,43,normal,263754,3883.03,13867.98,45070.94,8598.15,74887.09,46430.0,alta,25,2.96,44.0,40.0,"SerpAPI, ScrapingBee"
3,Finanças,22,Banco Rendimento,br.com.rendimento.ib,Banco Rendimento S/A,mobile.engenharia@rendimento.com.br,https://www.rendimento.com.br/atendimento/fale-conosco/,Finanças,3.22,178,62,10.000+,10000,49280,1,0,BRL,0,0,,Classificação Livre,24 de mai. de 2021,,Varies with device,,Efetue suas transações e outros serviços de forma rápida e segura,https://play.google.com/store/apps/details?id=br.com.rendimento.ib&hl=pt&gl=br,100,0,43,pequeno/indie,3544,0.0,0.0,0.0,0.0,0.0,0.0,baixa,25,3.16,48.0,44.0,"SerpAPI, ScrapingBee"
3,Eventos,16,Viral Agenda - Eventos,com.viralagenda.viralagenda,Somewhere Nice - Viral Agenda,viral@viralagenda.com,https://www.viralagenda.com,Eventos,3.0,296,3,50.000+,50000,79957,1,0,BRL,0,0,,Classificação Livre,16 de set. de 2016,1699207145,1.1,,"O que se passa na tua cidade em Portugal? Cultura, lazer, educação e bem-estar",https://play.google.com/store/apps/details?id=com.viralagenda.viralagenda&hl=pt&gl=br,100,0,43,pequeno/indie,5919,0.0,0.0,0.0,0.0,0.0,0.0,baixa,25,3.16,52.0,40.0,"SerpAPI, ScrapingBee"
3,Comunicação,16,Chatter,ai.connectplex.chatter,Pegasus InfoCorp,support@chatterapp.ai,https://chatterapp.ai,Entretenimento,,,,10.000+,10000,27122,1,0,BRL,0,0,,Classificação Livre,8 de dez. de 2023,,Varies with device,,Converse com personagens de IA. Crie e compartilhe bots de IA com amigos.,https://play.google.com/store/apps/details?id=ai.connectplex.chatter&hl=pt&gl=br,100,0,43,pequeno/indie,1880,0.0,0.0,0.0,0.0,0.0,0.0,baixa,1,1.0,0.0,100.0,"SerpAPI, ScrapingBee"
1,Gastronomia,3,Delivery Much: Pedir Comida,br.com.deliverymuch.gastro,Delivery Much,app@deliverymuch.com.br,https://www.deliverymuch.com.br,Comer e beber,4.759016,121226,29697,1.000.000+,1000000,4585443,1,0,BRL,0,0,,Classificação Livre,7 de nov. de 2014,1781637608,4.95.3,,"Peça delivery de comida com cupons, promoção, entrega rápida e economize tempo!",https://play.google.com/store/apps/details?id=br.com.deliverymuch.gastro&hl=pt&gl=br,39,64,43,normal,554518,0.0,0.0,0.0,0.0,0.0,0.0,média,25,4.68,92.0,4.0,"SerpAPI, ScrapingBee"
1,Eventos,6,Central dos Eventos Produtor,br.com.centraldoseventos.produtor,Central dos Eventos,contato@centraldoseventos.com.br,https://centraldoseventos.com.br,Eventos,1.7142857,49,39,10.000+,10000,21122,1,0,BRL,0,0,,Classificação Livre,15 de mar. de 2023,1728495196,1.40.0,,Uma plataforma inteligente preparada para otimizar as vendas de ingressos,https://play.google.com/store/apps/details?id=br.com.centraldoseventos.produtor&hl=pt&gl=br,100,0,43,pequeno/indie,1441,0.0,0.0,0.0,0.0,0.0,0.0,baixa,25,1.32,8.0,92.0,"SerpAPI, ScrapingBee"
1,Comunicação,8,PicTalk AAC,org.pictalk.www.twa,Pictalk Speech Made Easy,alex@pictalk.org,,Comunicação,,,,50.000+,50000,53543,1,0,BRL,0,0,,Classificação Livre,26 de fev. de 2022,,Varies with device,,Aplicativo AAC gratuito para autistas e outras deficiências,https://play.google.com/store/apps/details?id=org.pictalk.www.twa&hl=pt&gl=br,100,0,43,pequeno/indie,3870,0.0,0.0,0.0,0.0,0.0,0.0,baixa,3,3.67,66.7,33.3,"SerpAPI, ScrapingBee"
1,Arte e Design,3,Caderno de Desenho - Pinturas,com.raed.drawing,Cards,support.sketchlite@cardsapp.com,https://cardsapp.com/sketchlite,Arte e design,4.6475096,89583,6528,10.000.000+,10000000,13654017,1,0,BRL,1,1,"R$ 5,49 – R$ 549,99 por item",Classificação Livre,30 de nov. de 2021,1779090628,2.5.9,,Crie arte digital!,https://play.google.com/store/apps/details?id=com.raed.drawing&hl=pt&gl=br,49,61,43,normal,1447160,155618.31,555779.67,1806283.92,344583.39,3001210.21,1860750.33,alta,25,4.44,84.0,8.0,"SerpAPI, ScrapingBee"
29,Personalização · Ícones e Temas,21,ThemePro - temas & wallpapers,com.themekit.lite.widgets.themes,ThemeKit,ThemeKit.Studio@gmail.com,https://site.themekit.live,Personalização,4.6426888,313372,2347,10.000.000+,10000000,24984986,1,0,BRL,1,1,"R$ 1,59 – R$ 84,99 por item",Classificação Livre,7 de mar. de 2024,1782467768,8.4,,"Personalize o telefone com temas estéticos,ícones,widgets 3D e papéis de parede",https://play.google.com/store/apps/details?id=com.themekit.lite.widgets.themes&hl=pt&gl=br,29,76,42,crescendo,3264272,62012.57,221473.47,719788.76,137313.55,1195956.71,741493.16,alta,25,4.76,96.0,4.0,"SerpAPI, Firecrawl"
11,Personalização,16,ThemePro - temas & wallpapers,com.themekit.lite.widgets.themes,ThemeKit,ThemeKit.Studio@gmail.com,https://site.themekit.live,Personalização,4.6325555,308814,2320,10.000.000+,10000000,24698645,1,0,BRL,1,1,"R$ 1,59 – R$ 84,99 por item",Classificação Livre,7 de mar. de 2024,1782467768,8.4,,"Personalize o telefone com temas estéticos,ícones,widgets 3D e papéis de parede",https://play.google.com/store/apps/details?id=com.themekit.lite.widgets.themes&hl=pt&gl=br,29,77,42,crescendo,3225230,61270.87,218824.53,711179.73,135671.21,1181652.47,732624.53,alta,25,4.56,88.0,12.0,"SerpAPI, ScrapingBee"
1,Família,11,Jogos para crianças pequenas,com.bimiboo.playandlearn,Bimi Boo Kids Learning Games for Toddlers FZ-LLC,info@bimiboo.net,https://www.bimiboo.net/,Educativos,4.571429,64532,1401,10.000.000+,10000000,14568480,1,0,BRL,0,1,"R$ 3,99 – R$ 35,99 por item",Classificação Livre,25 de mar. de 2016,1781271016,1.127,,30 jogos educacionais para crianças pequenas e em em idade de jardim de infância,https://play.google.com/store/apps/details?id=com.bimiboo.playandlearn&hl=pt&gl=br,49,58,42,normal,1579565,21395.57,76412.75,248341.45,47375.91,412628.87,255829.9,alta,25,4.0,72.0,24.0,"SerpAPI, ScrapingBee"
1,Jogos de Corrida,4,Chaos Road: Corrida e Combate,com.Zeeppo.ChaosRoad,Supercharge Mobile,contact@superchargemobile.app,https://www.superchargemobile.app/,Ação,4.514223,98635,1424,10.000.000+,10000000,45214727,1,0,BRL,1,1,"R$ 1,79 – R$ 264,99 por item",Classificação Livre,21 de abr. de 2020,1780073222,5.18.6,,Destrua inimigos no melhor jogo arcade de CORRIDA DE CARRO 3D e tiro!,https://play.google.com/store/apps/details?id=com.Zeeppo.ChaosRoad&hl=pt&gl=br,49,56,42,normal,4293222,393174.84,1404195.87,4563636.58,870601.44,7582657.71,4701247.78,alta,25,4.52,80.0,4.0,"SerpAPI, ScrapingBee"
1,Jogos de Quebra-Cabeça,14,Jigsawcard Solitaire Puzzle,com.oakever.jigsawcard,Oakever Games,support@oakevergames.com,https://oakevergames.com/,Quebra-cabeças,4.7976327,315781,566,10.000.000+,10000000,11552284,1,0,BRL,1,0,,Classificação Livre,14 de nov. de 2025,1783000837,1.5.9,,Deslize e combine cartões para vencer desafios em HD.,https://play.google.com/store/apps/details?id=com.oakever.jigsawcard&hl=pt&gl=br,19,89,42,crescendo,1239480,1212.16,4329.16,14069.77,2078.0,23377.46,11221.18,alta,25,4.72,96.0,4.0,"SerpAPI, ScrapingBee"
1,Encontros,11,Namoro e bate-papo - Lovector,com.dating.lovector,Red Panda App,support@lovectorapp.com,https://lovectorapp.com,Encontros,3.9481866,12225,699,5.000.000+,5000000,6104614,1,0,BRL,1,1,"R$ 7,49 – R$ 279,99 por item",Classificação 14 anos,17 de jul. de 2024,1772543959,1.0.13,,"Encontre o amor verdadeiro, relacionamentos e conexões reais. Comece hoje mesmo!",https://play.google.com/store/apps/details?id=com.dating.lovector&hl=pt&gl=br,49,49,42,normal,566853,69109.43,246819.39,802163.02,153028.02,1332824.71,826351.32,alta,25,3.36,56.0,36.0,"SerpAPI, ScrapingBee"
1,Arte e Design,8,Sketchar desenho pintura em RA,ktech.sketchar,Sketchar Inc,support@sketchar.io,https://sketchar.io,Arte e design,3.8720539,76592,1008,5.000.000+,5000000,6932236,1,0,BRL,0,1,"R$ 5,99 – R$ 4.149,99 por item",Classificação Livre,10 de mai. de 2017,1781778301,10.8.1-play,,"Aprenda a desenhar mais rápido, esboce, pinte e relaxe com coloração.",https://play.google.com/store/apps/details?id=ktech.sketchar&hl=pt&gl=br,49,48,42,normal,777037,11971.66,42755.91,138956.71,26508.67,230881.92,143146.79,alta,25,2.36,28.0,68.0,"SerpAPI, ScrapingBee"
1,Família,9,Playhome: Jogos de casa,skidos.house.learning.game,"Skidos Learning Games for 4,5,6,7,8,9,10 Year Olds",support@skidos.com,https://skidos.com,RPG,2.51,1309,119,1.000.000+,1000000,3060820,1,0,BRL,0,1,"R$ 13,99 – R$ 329,99 por item",Classificação Livre,3 de fev. de 2023,1767858595,2.8,,Jogos de casa: explore uma casa divertida e domine a matemática.,https://play.google.com/store/apps/details?id=skidos.house.learning.game&hl=pt&gl=br,77,18,41,pequeno/indie,233784,49536.94,176917.65,574982.36,109688.94,955355.31,592320.29,média,25,2.64,40.0,56.0,"SerpAPI, ScrapingBee"
1,Jogos de Simulação,14,Train Simulator - Ferrovias 2D,train.railroad.climb.simulator,Azur Interactive Games Limited,support@azurgames.com,https://azurgames.com/,Simulador,4.5583334,99131,2532,10.000.000+,10000000,39719672,1,0,BRL,1,1,"R$ 7,49 – R$ 81,99 por item",Classificação Livre,29 de set. de 2021,1776867295,0.7.6,,"Transporte, explore e faça melhorias! Divirta-se com esta simulação realista",https://play.google.com/store/apps/details?id=train.railroad.climb.simulator&hl=pt&gl=br,49,53,41,normal,3750557,107440.22,383715.08,1247074.02,237903.35,2072061.45,1284678.1,alta,25,4.4,88.0,12.0,"SerpAPI, ScrapingBee"
1,Jogos Musicais,4,Friday Night Funkin',me.funkin.fnf,The Funkin' Crew Inc.,support@funkin.me,https://funkin.me/,Música,4.796726,425420,30328,10.000.000+,10000000,23013978,1,0,BRL,1,0,,Classificação 12 anos,10 de jul. de 2025,1775467720,0.8.5,,O jogo de ritmo mais legal dessa porcaria de Play Store (respeitosamente),https://play.google.com/store/apps/details?id=me.funkin.fnf&hl=pt&gl=br,19,82,41,crescendo,2122110,2305.94,8235.49,26765.33,3953.03,44471.62,21346.38,alta,25,4.88,96.0,0.0,"SerpAPI, ScrapingBee"
1,Jogos Educacionais,8,Infantis jogo educativo 4 anos,com.eruditoplus.funny.food5.kids.toddlers.learning.games,Wow Kids,support@eruditoplus.com,http://eruditoplus.com,Educativos,4.5153375,40514,757,10.000.000+,10000000,24077617,1,0,BRL,1,1,"R$ 15,99 – R$ 19,99 por item",Classificação Livre,23 de ago. de 2022,1776944488,1.2.5,,Jogo educativo para crianças de 4 6 anos! jogo das frutas e vegetais infantil,https://play.google.com/store/apps/details?id=com.eruditoplus.funny.food5.kids.toddlers.learning.games&hl=pt&gl=br,49,53,41,normal,2224605,27070.03,96678.68,314205.71,59940.78,522064.87,323680.22,alta,25,4.48,88.0,12.0,"SerpAPI, ScrapingBee"
1,Jogos de Tabuleiro,14,Jogo de Damas,com.gamma.checkers,Gamma Play,gammaplay.com@gmail.com,http://www.gammaplay.com/,Tabuleiros,4.7586207,41886,1773,10.000.000+,10000000,15379153,1,0,BRL,1,1,"R$ 2,49 – R$ 9,99 por item",Classificação Livre,23 de jun. de 2019,1760531215,1.98,,Seu novo e desafiador jogo de damas. Baixe agora mesmo!,https://play.google.com/store/apps/details?id=com.gamma.checkers&hl=pt&gl=br,59,43,41,normal,1392933,4944.82,17660.08,57395.25,10949.25,95364.41,59125.93,alta,25,4.44,84.0,12.0,"SerpAPI, ScrapingBee"
1,Compras,8,"Marketplace: Buy, Sell, Tradet",com.app.offerit,MarketPlace,info@tradet.co,https://tradet.co,Compras,3.5247524,6942,717,1.000.000+,1000000,2747008,1,0,BRL,1,1,"R$ 18,99 – R$ 299,99 por item",Classificação Livre,18 de ago. de 2018,1771671860,4.3.11,,Buy and sell with Tradet Marketplace & find great deals and turn items into cash,https://play.google.com/store/apps/details?id=com.app.offerit&hl=pt&gl=br,69,25,41,normal,245551,15177.0,54203.59,176161.65,33606.22,292699.36,181473.6,alta,25,3.0,48.0,48.0,"SerpAPI, ScrapingBee"
1,Android Wear,4,Bubble Cloud Wear OS Launcher,dyna.logix.bookmarkbubbles,DYNA Logix,bcwhelp@gmail.com,http://bubble.dynalogix.eu,Personalização,3.61,9764,73,1.000.000+,1000000,2527681,1,0,BRL,1,1,"R$ 2,00 – R$ 20,00 por item",Classificação Livre,5 de out. de 2014,1697453804,Varies with device,,Tile Launcher ou Watch Face: melhorar a experiência do Wear OS,https://play.google.com/store/apps/details?id=dyna.logix.bookmarkbubbles&hl=pt&gl=br,79,15,41,pequeno/indie,225032,751.67,2684.52,8724.7,1664.41,14496.43,8987.79,alta,25,3.8,72.0,24.0,"SerpAPI, ScrapingBee"
29,Negócios · Nota Fiscal e Contabilidade,2,MEI Livre,com.openmei.meilivre,Open MEI,suporte@openmei.com.br,https://meilivre.com.br/,Finanças,3.7777777,9,5,1.000+,1000,2616,1,0,BRL,0,0,,Classificação Livre,5 de dez. de 2024,1780341269,1.3.10,,Contador online para seu MEI!,https://play.google.com/store/apps/details?id=com.openmei.meilivre&hl=pt&gl=br,100,31,40,pequeno/indie,154,0.0,0.0,0.0,0.0,0.0,0.0,baixa,5,3.6,60.0,40.0,"SerpAPI, Firecrawl"
29,Negócios · CRM e Vendas,7,Nuax CRM – Gestão de Clientes,br.com.mycontrol,LY SISTEM,guiandobairros@gmail.com,,Ferramentas,3.5,232,151,10.000+,10000,10449,1,0,BRL,0,0,,Classificação Livre,2 de mai. de 2020,1783027207,9.3.12,,Chega de planilhas! Gerencie seus clientes com rapidez e inteligência.,https://play.google.com/store/apps/details?id=br.com.mycontrol&hl=pt&gl=br,100,30,40,pequeno/indie,817,0.0,0.0,0.0,0.0,0.0,0.0,baixa,25,2.88,44.0,52.0,"SerpAPI, Firecrawl"
20,"Busca: ""wallet""",56,Jeton Wallet,com.jeton.wallet,Jeton Wallet,mobile@jeton.com,https://jeton.com/,Finanças,2.6,6275,34,500.000+,500000,690378,1,0,BRL,0,0,,Classificação Livre,27 de dez. de 2018,1725473228,3.7.3,,A Jeton é uma carteira eletrônica internacional para transferências de dinheiro e compras globais.,https://play.google.com/store/apps/details?id=com.jeton.wallet&hl=pt&gl=br,84,5,40,pequeno/indie,57571,0.0,0.0,0.0,0.0,0.0,0.0,média,25,2.04,16.0,64.0,"SerpAPI, Firecrawl"
9,Bibliotecas e Demonstrações,7,Biblioteca Digital RMB-Córdoba,es.odilo.cordoba,Odilo,enterprise@odilo.us,http://www.odilo.es,Livros e referências,,,,1.000+,1000,2774,1,0,BRL,0,0,,Classificação Livre,5 de jun. de 2020,1782315554,26.6.2,,Plataforma de empréstimo digital da Rede Municipal de Bibliotecas de Córdoba,https://play.google.com/store/apps/details?id=es.odilo.cordoba&hl=pt&gl=br,100,31,40,pequeno/indie,197,0.0,0.0,0.0,0.0,0.0,0.0,baixa,0,0.0,0.0,0.0,"SerpAPI, ScrapingBee"
1,Jogos de Palavras,12,Caça-Palavras - jogo de puzzle,word.search.wordsearch.wordgames.kids.adults.free.puzzle.games,Brainit Games,zhongjunwei365@gmail.com,http://seaworldgame.online,Palavras,4.511737,28783,940,10.000.000+,10000000,11372765,1,0,BRL,1,1,"R$ 5,49 – R$ 104,99 por item",Classificação Livre,24 de dez. de 2019,1764314381,3.4,,"Treine o cérebro, aprenda palavras! Para todas as idades, jogue todo dia.",https://play.google.com/store/apps/details?id=word.search.wordsearch.wordgames.kids.adults.free.puzzle.games&hl=pt&gl=br,59,40,40,normal,1016126,25690.13,91750.46,298188.99,56885.28,495452.47,307180.53,alta,25,4.48,88.0,12.0,"SerpAPI, ScrapingBee"
1,Jogos Esportivos,2,Tennis World Open 2026 - Tenis,eu.inlogic.tennis.open.tournament2019,INLOGIC SPORTS - football tennis golf soccer,tennis.support@inlogic.sk,https://www.inlogic.sk,Esportes,4.739827,94894,2597,10.000.000+,10000000,19834305,1,0,BRL,1,1,"R$ 4,59 – R$ 359,99 por item",Classificação Livre,20 de fev. de 2019,1765799164,1.3.6,,Descobre o mundo dos jogos de tenis. Aproveita este incrível jogo de tenis clash,https://play.google.com/store/apps/details?id=eu.inlogic.tennis.open.tournament2019&hl=pt&gl=br,49,48,40,normal,1816938,148319.64,529713.0,1721567.24,328422.06,2860450.18,1773479.11,alta,25,4.56,88.0,8.0,"SerpAPI, ScrapingBee"
1,Jogos de Quebra-Cabeça,10,Jigsaw Puzzle - Daily Puzzles,com.criticalhitsoftware.jigsawpuzzle,Critical Hit Software,support@mobilityware.com,http://www.mobilityware.com,Quebra-cabeças,3.99,55163,203,5.000.000+,5000000,7359445,1,0,BRL,1,1,"R$ 2,50 – R$ 559,99 por item",Classificação Livre,13 de jun. de 2013,1776185345,2026.2.0.106395,,Enigmas grátis! Novo jigsaw adicionado todas as semanas e grátis para jogar!,https://play.google.com/store/apps/details?id=com.criticalhitsoftware.jigsawpuzzle&hl=pt&gl=br,49,42,40,normal,585945,83521.44,298290.86,969445.3,184940.33,1610770.66,998677.81,alta,25,4.08,72.0,20.0,"SerpAPI, ScrapingBee"
1,Bibliotecas e Demonstrações,4,Biblioteca Digital RMB-Córdoba,es.odilo.cordoba,Odilo,enterprise@odilo.us,http://www.odilo.es,Livros e referências,,,,1.000+,1000,2774,1,0,BRL,0,0,,Classificação Livre,5 de jun. de 2020,1782315554,26.6.2,,Plataforma de empréstimo digital da Rede Municipal de Bibliotecas de Córdoba,https://play.google.com/store/apps/details?id=es.odilo.cordoba&hl=pt&gl=br,100,31,40,pequeno/indie,197,0.0,0.0,0.0,0.0,0.0,0.0,baixa,0,0.0,0.0,0.0,"SerpAPI, ScrapingBee"
29,Personalização · Widgets,18,WidgetKit: Widgets e Temas,com.widgetkit.widget.theme.wallpaper.icon.sceen.scape,ThemeKit,ThemeKit.Studio@gmail.com,https://site.themekit.live,Personalização,4.7360806,390485,2517,10.000.000+,10000000,30884225,1,0,BRL,1,1,"R$ 1,69 – R$ 98,99 por item",Classificação 12 anos,25 de jun. de 2023,1782467861,14.0,,Transforme o seu telefone em arte com widgets e temas exclusivos no WidgetKit!,https://play.google.com/store/apps/details?id=com.widgetkit.widget.theme.wallpaper.icon.sceen.scape&hl=pt&gl=br,29,64,39,normal,4072533,89526.66,319738.08,1039148.75,198237.61,1726585.62,1070483.09,alta,25,4.6,88.0,8.0,"SerpAPI, Firecrawl"
29,Personalização · Widgets,7,Themely - Ícones & Widgets,com.icons.widgets.control.center.pink.black.themely,Animoji Phone X & Emoji Maker Develop Team,kikathemepack@gmail.com,https://themely-b656c.web.app/,Personalização,4.800955,237012,14743,10.000.000+,10000000,11699496,1,0,BRL,1,1,"R$ 5,49 – R$ 224,99 por item",Classificação 12 anos,30 de mai. de 2025,1784198081,1.0.0.690,,10000+ Temas Estéticos & Widgets da Themely. Personalize Seu Celular Facilmente!,https://play.google.com/store/apps/details?id=com.icons.widgets.control.center.pink.black.themely&hl=pt&gl=br,29,65,39,crescendo,1477644,73096.38,261058.48,848440.07,161856.26,1409715.81,874023.8,alta,25,4.92,100.0,0.0,"SerpAPI, Firecrawl"
29,Personalização · Ícones e Temas,7,WidgetKit: Widgets e Temas,com.widgetkit.widget.theme.wallpaper.icon.sceen.scape,ThemeKit,ThemeKit.Studio@gmail.com,https://site.themekit.live,Personalização,4.7360806,390485,2517,10.000.000+,10000000,30884225,1,0,BRL,1,1,"R$ 1,69 – R$ 98,99 por item",Classificação 12 anos,25 de jun. de 2023,1782467861,14.0,,Transforme o seu telefone em arte com widgets e temas exclusivos no WidgetKit!,https://play.google.com/store/apps/details?id=com.widgetkit.widget.theme.wallpaper.icon.sceen.scape&hl=pt&gl=br,29,64,39,normal,4072533,89526.66,319738.08,1039148.75,198237.61,1726585.62,1070483.09,alta,25,4.6,88.0,8.0,"SerpAPI, Firecrawl"
29,Personalização · Ícones e Temas,5,Themely - Ícones & Widgets,com.icons.widgets.control.center.pink.black.themely,Animoji Phone X & Emoji Maker Develop Team,kikathemepack@gmail.com,https://themely-b656c.web.app/,Personalização,4.800955,237012,14743,10.000.000+,10000000,11699496,1,0,BRL,1,1,"R$ 5,49 – R$ 224,99 por item",Classificação 12 anos,30 de mai. de 2025,1784198081,1.0.0.690,,10000+ Temas Estéticos & Widgets da Themely. Personalize Seu Celular Facilmente!,https://play.google.com/store/apps/details?id=com.icons.widgets.control.center.pink.black.themely&hl=pt&gl=br,29,65,39,crescendo,1477644,73096.38,261058.48,848440.07,161856.26,1409715.81,874023.8,alta,25,4.92,100.0,0.0,"SerpAPI, Firecrawl"
29,Negócios · RH e Gestão de Equipe,6,Gestão RH,pt.gestaorh.ponto,"Difermatica, Lda",geral@difermatica.pt,https://gestaorh.pt/,Produtividade,,,,500+,500,512,1,0,BRL,0,0,,Classificação Livre,12 de jan. de 2026,,Varies with device,,"Ponto, férias, SAT, despesas, requisições e mais. Tudo no telemóvel.",https://play.google.com/store/apps/details?id=pt.gestaorh.ponto&hl=pt&gl=br,100,24,39,pequeno/indie,26,0.0,0.0,0.0,0.0,0.0,0.0,baixa,6,4.67,83.3,0.0,"SerpAPI, Firecrawl"
29,Negócios · Nota Fiscal e Contabilidade,1,"MaisMei: Guias DAS, CNPJ e MEI",com.supermei.supermei,MaisMei,contato@maismei.com.br,https://www.maismei.com.br,Negócios,4.81025,156369,9535,5.000.000+,5000000,5570388,1,0,BRL,0,0,,Classificação Livre,27 de nov. de 2018,1783777726,3.43.0,,"Acompanhe suas Guias DAS, DASN, recibos e muito mais no SuperApp do MEI",https://play.google.com/store/apps/details?id=com.supermei.supermei&hl=pt&gl=br,19,65,39,crescendo,679841,0.0,0.0,0.0,0.0,0.0,0.0,média,25,4.48,88.0,12.0,"SerpAPI, Firecrawl"
26,"Busca: ""bitcoin""",41,"Phemex: Compre Bitcoin, Cripto",com.phemex.app,Leading Magic Limited,it@phemex.com,https://phemex.com,Finanças,4.28,15848,236,1.000.000+,1000000,2050607,1,0,BRL,0,0,,Classificação 10 anos,19 de fev. de 2020,1783580618,5.21.0,,"Negocie criptomoedas à vista e em futuros. Compre BTC, ETH e mais com facilidade",https://play.google.com/store/apps/details?id=com.phemex.app&hl=pt&gl=br,69,48,39,normal,,,,,,,,,,,,,
26,"Busca: ""bitcoin""",38,Bitcoin Wallet Crypto Ethereum,io.atomicwallet,Atomic Wallet,support@atomicwallet.io,https://atomicwallet.io,Finanças,4.0567374,71857,684,1.000.000+,1000000,2568705,1,0,BRL,0,0,,Classificação Livre,30 de jan. de 2019,1784116767,1.44.0,,Carteira criptográfica atômica para Bitcoin Ethereum Binance Solana Tron XRP NFT MONERO,https://play.google.com/store/apps/details?id=io.atomicwallet&hl=pt&gl=br,69,49,39,normal,,,,,,,,,,,,,
23,"Busca: ""rifa""",37,Rifa Fresh,ae.rifafresh,Libromi,ceo@entero.ae,https://codiac.in/,Compras,,,,0+,,,1,0,BRL,0,0,,Classificação Livre,9 de jul. de 2026,,Varies with device,,"Compre frutas, verduras e outros produtos frescos e receba-os em casa.",https://play.google.com/store/apps/details?id=ae.rifafresh&hl=pt&gl=br,100,24,39,pequeno/indie,,0.0,0.0,0.0,0.0,0.0,,baixa,0,0.0,0.0,0.0,"SerpAPI, Brave Search, Firecrawl, DevSite:Firecrawl"
20,"Busca: ""wallet""",28,Coinomi: Carteira Criptomoedas,com.coinomi.wallet,Coinomi,support@coinomi.com,https://www.Coinomi.com,Finanças,4.1823897,43408,992,1.000.000+,1000000,3363731,1,0,BRL,0,0,,Classificação Livre,2 de nov. de 2014,1781799685,1.67.3,,"Gerencie Bitcoin, Ethereum e mais de 1.770 altcoins e tokens com segurança.",https://play.google.com/store/apps/details?id=com.coinomi.wallet&hl=pt&gl=br,69,47,39,normal,364365,0.0,0.0,0.0,0.0,0.0,0.0,média,25,4.2,80.0,20.0,"SerpAPI, Firecrawl"
20,"Busca: ""wallet""",4,Bitcoin Wallet Crypto Ethereum,io.atomicwallet,Atomic Wallet,support@atomicwallet.io,https://atomicwallet.io,Finanças,4.0567374,71855,684,1.000.000+,1000000,2568705,1,0,BRL,0,0,,Classificação Livre,30 de jan. de 2019,1784116767,1.44.0,,Carteira criptográfica atômica para Bitcoin Ethereum Binance Solana Tron XRP NFT MONERO,https://play.google.com/store/apps/details?id=io.atomicwallet&hl=pt&gl=br,69,49,39,normal,274637,0.0,0.0,0.0,0.0,0.0,0.0,média,25,3.04,48.0,44.0,"SerpAPI, Firecrawl"
14,Produtividade,6,Lista de tarefas - Lembretes,todolist.scheduleplanner.dailyplanner.todo.reminders,Dairy App & Notes & Audio Editor & Voice Recorder,betterapp88@gmail.com,https://www.betterapptech.com/,Produtividade,4.8601294,691590,27333,10.000.000+,10000000,43423441,1,0,BRL,1,1,"R$ 4,99 – R$ 279,99 por item",Classificação Livre,14 de dez. de 2020,1782986170,Varies with device,,"Lista de tarefas é planejador de programação, organizador de tarefas, lembretes.",https://play.google.com/store/apps/details?id=todolist.scheduleplanner.dailyplanner.todo.reminders&hl=pt&gl=br,29,65,39,crescendo,5810836,612336.79,2186917.1,7107480.57,1355888.6,11809352.33,7321798.44,alta,25,4.72,96.0,4.0,"SerpAPI, ScrapingBee"
9,Compras,6,KaBuM! Comprar Online,br.com.kabum.webviewapp,KaBuM!,apps@kabum.com.br,https://www.kabum.com.br,Compras,4.8271933,218345,23015,5.000.000+,5000000,7319924,1,0,BRL,0,0,,Classificação 14 anos,20 de abr. de 2018,1783078487,3.57.2,,"Comprar PS5, promoção e desconto no app",https://play.google.com/store/apps/details?id=br.com.kabum.webviewapp&hl=pt&gl=br,19,65,39,crescendo,904826,0.0,0.0,0.0,0.0,0.0,0.0,média,25,3.96,68.0,20.0,"SerpAPI, ScrapingBee"
9,Produtividade,6,Lista de tarefas - Lembretes,todolist.scheduleplanner.dailyplanner.todo.reminders,Dairy App & Notes & Audio Editor & Voice Recorder,betterapp88@gmail.com,https://www.betterapptech.com/,Produtividade,4.8601294,691590,27333,10.000.000+,10000000,43423441,1,0,BRL,1,1,"R$ 4,99 – R$ 279,99 por item",Classificação Livre,14 de dez. de 2020,1782986170,Varies with device,,"Lista de tarefas é planejador de programação, organizador de tarefas, lembretes.",https://play.google.com/store/apps/details?id=todolist.scheduleplanner.dailyplanner.todo.reminders&hl=pt&gl=br,29,65,39,crescendo,5810836,612336.79,2186917.1,7107480.57,1355888.6,11809352.33,7321798.44,alta,25,4.72,96.0,4.0,"SerpAPI, ScrapingBee"
9,Personalização,1,Themely - Ícones & Widgets,com.icons.widgets.control.center.pink.black.themely,Animoji Phone X & Emoji Maker Develop Team,kikathemepack@gmail.com,https://themely-b656c.web.app/,Personalização,4.8011622,228042,14114,10.000.000+,10000000,11155752,1,0,BRL,1,1,"R$ 5,49 – R$ 224,99 por item",Classificação 12 anos,30 de mai. de 2025,1783075938,1.0.0.675,,10000+ Temas Estéticos & Widgets da Themely. Personalize Seu Celular Facilmente!,https://play.google.com/store/apps/details?id=com.icons.widgets.control.center.pink.black.themely&hl=pt&gl=br,29,65,39,crescendo,1405925,69548.6,248387.86,807260.55,154000.47,1341294.45,831602.56,alta,25,4.88,96.0,0.0,"SerpAPI, ScrapingBee"
9,Estilo de Vida,5,Loop - Acompanhador de Hábitos,org.isoron.uhabits,Álinson S Xavier,dev@loophabits.org,,Produtividade,4.821727,62705,1557,5.000.000+,5000000,7625799,1,0,BRL,0,0,,Classificação Livre,22 de fev. de 2016,1757890566,2.3.1,,Forme bons hábitos e acompanhe seu progresso ao passar do tempo (sem anúncios),https://play.google.com/store/apps/details?id=org.isoron.uhabits&hl=pt&gl=br,45,40,39,normal,787021,0.0,0.0,0.0,0.0,0.0,0.0,média,25,4.8,96.0,0.0,"SerpAPI, ScrapingBee"
9,Bibliotecas e Demonstrações,2,Android Demo,com.trustly.androidtestapplication,Trustly Group AB,android.development@trustly.com,https://www.trustly.net/,Finanças,,,,100+,100,315,1,0,BRL,0,0,,Classificação Livre,8 de jan. de 2026,,Varies with device,,Demonstração do comerciante,https://play.google.com/store/apps/details?id=com.trustly.androidtestapplication&hl=pt&gl=br,100,24,39,pequeno/indie,15,0.0,0.0,0.0,0.0,0.0,0.0,baixa,0,0.0,0.0,0.0,"SerpAPI, ScrapingBee"
11,Personalização,17,"Themie: Papel de Parede, Temas",com.widget.icon.theme,SebastianBona,jonemanagebona@gmail.com,https://sebastianbona.dev/,Personalização,4.7912254,140063,2291,10.000.000+,10000000,12661030,1,0,BRL,1,1,"R$ 4,99 – R$ 109,99 por item",Classificação Livre,19 de out. de 2025,1782957740,30.0,,"Themie - Personalize o seu ecrã inicial com temas, papéis de parede e widgets",https://play.google.com/store/apps/details?id=com.widget.icon.theme&hl=pt&gl=br,29,65,39,crescendo,1604818,40138.21,143350.76,465889.97,88877.47,774094.11,479938.35,alta,25,4.76,96.0,4.0,"SerpAPI, ScrapingBee"
11,Personalização,1,Themely - Ícones & Widgets,com.icons.widgets.control.center.pink.black.themely,Animoji Phone X & Emoji Maker Develop Team,kikathemepack@gmail.com,https://themely-b656c.web.app/,Personalização,4.800919,228088,14113,10.000.000+,10000000,11155752,1,0,BRL,1,1,"R$ 5,49 – R$ 224,99 por item",Classificação 12 anos,30 de mai. de 2025,1783075938,1.0.0.675,,10000+ Temas Estéticos & Widgets da Themely. Personalize Seu Celular Facilmente!,https://play.google.com/store/apps/details?id=com.icons.widgets.control.center.pink.black.themely&hl=pt&gl=br,29,65,39,crescendo,1405925,69548.6,248387.86,807260.55,154000.47,1341294.45,831602.56,alta,25,4.88,96.0,0.0,"SerpAPI, ScrapingBee"
10,Produtividade,6,Lista de tarefas - Lembretes,todolist.scheduleplanner.dailyplanner.todo.reminders,Dairy App & Notes & Audio Editor & Voice Recorder,betterapp88@gmail.com,https://www.betterapptech.com/,Produtividade,4.860143,691597,27333,10.000.000+,10000000,43423441,1,0,BRL,1,1,"R$ 4,99 – R$ 279,99 por item",Classificação Livre,14 de dez. de 2020,1782986170,Varies with device,,"Lista de tarefas é planejador de programação, organizador de tarefas, lembretes.",https://play.google.com/store/apps/details?id=todolist.scheduleplanner.dailyplanner.todo.reminders&hl=pt&gl=br,29,65,39,crescendo,5810836,612336.79,2186917.1,7107480.57,1355888.6,11809352.33,7321798.44,alta,25,4.72,96.0,4.0,"SerpAPI, ScrapingBee"
3,Ferramentas,23,Building Tools,co.tools,Building Tools,developers@buildingtools.co,https://buildingtools.co/,Ferramentas,,,,10.000+,10000,19149,1,0,BRL,0,0,,Classificação Livre,12 de jan. de 2023,1777014234,1.46,,Tools™ ajuda a prevenir erros dispendiosos e maximizar a eficiência,https://play.google.com/store/apps/details?id=co.tools&hl=pt&gl=br,100,25,39,pequeno/indie,1298,0.0,0.0,0.0,0.0,0.0,0.0,baixa,0,0.0,0.0,0.0,"SerpAPI, ScrapingBee"
3,Compras,21,Oferteiros - Comparar Mercados,com.hubcloud.oferteiros,Simões e Kunzler - Aplicativos,contato@oferteiros.com,http://oferteiros.com,Compras,,,,500+,500,515,1,0,BRL,0,0,,Classificação Livre,13 de nov. de 2025,,Varies with device,,"Compare ofertas de supermercados em segundos, Economize tempo e dinheiro agora!",https://play.google.com/store/apps/details?id=com.hubcloud.oferteiros&hl=pt&gl=br,100,24,39,pequeno/indie,26,0.0,0.0,0.0,0.0,0.0,0.0,baixa,2,5.0,100.0,0.0,"SerpAPI, ScrapingBee"
1,Jogos de Ação,6,BlazBlue RR- jogo de ação,com.actgames.bbrr.sgp,91Act,globalservice_en@91act.com,https://91act.com/,Ação,3.8474576,52486,3336,1.000.000+,1000000,2956018,1,0,BRL,0,1,"R$ 3,39 – R$ 339,99 por item",Classificação 10 anos,1 de abr. de 2016,1686645459,1.42,,"Licenciado Oficialmente, um ótimo jogo de luta para dispositivo móvel.",https://play.google.com/store/apps/details?id=com.actgames.bbrr.sgp&hl=pt&gl=br,69,18,39,normal,225399,17163.7,61298.92,199221.5,38005.33,331014.19,205228.8,alta,25,3.6,64.0,28.0,"SerpAPI, ScrapingBee"
1,Clima,6,Tempo Brasil,com.bvl.weatherapp,Saevio,saevioapps@gmail.com,https://www.saevioapps.com,Clima,4.7057943,323988,4746,10.000.000+,10000000,19987990,1,0,BRL,1,0,,Classificação Livre,10 de set. de 2016,1783153754,256,,Previsão do tempo animada e precisa,https://play.google.com/store/apps/details?id=com.bvl.weatherapp&hl=pt&gl=br,29,66,39,crescendo,2154874,936.62,3345.05,10871.43,1605.63,18063.3,8670.38,alta,25,4.16,80.0,16.0,"SerpAPI, ScrapingBee"
1,Reprodutores de Vídeo,7,Reprodutor de Vídeo Universal,uplayer.video.player,UPlayer,arunnanthalath@gmail.com,http://www.olangattu.com,Reproduzir e editar vídeos,4.757706,457223,13660,10.000.000+,10000000,29116489,1,0,BRL,1,1,"R$ 4,99 – R$ 26,99 por item",Classificação Livre,27 de fev. de 2018,1782740795,Varies with device,,O melhor reprodutor de vídeo HD com todos os recursos avançados que você precisa,https://play.google.com/store/apps/details?id=uplayer.video.player&hl=pt&gl=br,29,65,39,crescendo,3829593,28476.14,101700.51,330526.67,63054.32,549182.77,340493.32,alta,25,5.0,100.0,0.0,"SerpAPI, ScrapingBee"
3,Estilo de Vida,11,"Vailo — Habits, Goals, Notes",com.trackory.rondi.app,Logunov Evgeni,logunov.design@gmail.com,,Estilo de vida,,,,10+,10,38,1,0,BRL,0,0,,Classificação Livre,11 de mar. de 2026,,Varies with device,,Registrador de hábitos e anotações para metas e tarefas diárias.,https://play.google.com/store/apps/details?id=com.trackory.rondi.app&hl=pt&gl=br,100,24,39,pequeno/indie,1,0.0,0.0,0.0,0.0,0.0,0.0,baixa,1,5.0,100.0,0.0,"SerpAPI, ScrapingBee"
1,Compras,7,KaBuM! Comprar Online,br.com.kabum.webviewapp,KaBuM!,apps@kabum.com.br,https://www.kabum.com.br,Compras,4.827122,218336,23014,5.000.000+,5000000,7319924,1,0,BRL,0,0,,Classificação 14 anos,20 de abr. de 2018,1783078487,3.57.2,,"Comprar PS5, promoção e desconto no app",https://play.google.com/store/apps/details?id=br.com.kabum.webviewapp&hl=pt&gl=br,19,65,39,crescendo,904826,0.0,0.0,0.0,0.0,0.0,0.0,média,25,3.96,68.0,20.0,"SerpAPI, ScrapingBee"
1,Produtividade,11,Lista de tarefas - Lembretes,todolist.scheduleplanner.dailyplanner.todo.reminders,Dairy App & Notes & Audio Editor & Voice Recorder,betterapp88@gmail.com,https://www.betterapptech.com/,Produtividade,4.8601294,691581,27333,10.000.000+,10000000,43423441,1,0,BRL,1,1,"R$ 4,99 – R$ 279,99 por item",Classificação Livre,14 de dez. de 2020,1782986170,Varies with device,,"Lista de tarefas é planejador de programação, organizador de tarefas, lembretes.",https://play.google.com/store/apps/details?id=todolist.scheduleplanner.dailyplanner.todo.reminders&hl=pt&gl=br,29,65,39,crescendo,5810836,612336.79,2186917.1,7107480.57,1355888.6,11809352.33,7321798.44,alta,25,4.72,96.0,4.0,"SerpAPI, ScrapingBee"
1,Fotografia,18,Photo Editor Pro - Square Pic,com.photo.editor.square.pic.splash,Video Maker & Video Editor Pro Studio,wongbruce0816@gmail.com,,Fotografia,4.8097014,11206,1001,5.000.000+,5000000,6246548,1,0,BRL,0,0,,Classificação Livre,28 de out. de 2021,1714458443,1.7,,"Square Pic é um poderoso aplicativo de edição de fotos. Com fundo desfocado, sem layout de corte",https://play.google.com/store/apps/details?id=com.photo.editor.square.pic.splash&hl=pt&gl=br,55,32,39,normal,638722,0.0,0.0,0.0,0.0,0.0,0.0,média,25,5.0,100.0,0.0,"SerpAPI, ScrapingBee"
1,Fotografia,5,ProCCD - Digital Film Camera,com.cerdillac.proccd,cerdillac,cerdillaczhang@outlook.com,https://www.tribiecommunity.com,Fotografia,4.8194337,181835,5943,10.000.000+,10000000,20718336,1,0,BRL,1,1,"R$ 1,39 – R$ 124,99 por item",Classificação 12 anos,8 de jul. de 2022,1781708800,4.8.0,,"Fx de filme analógico vintage, filtros de polaroid e câmera antiga.",https://play.google.com/store/apps/details?id=com.cerdillac.proccd&hl=pt&gl=br,29,64,39,normal,2684596,73625.1,262946.78,854577.05,163027.01,1419912.64,880345.83,alta,25,4.96,100.0,0.0,"SerpAPI, ScrapingBee"
1,Fotografia,2,OldRoll - Vintage Film Camera,com.accordion.analogcam,accordion,flyelephant01@gmail.com,https://www.apptechmelodyst.com,Fotografia,4.6434426,210651,5250,10.000.000+,10000000,38938093,1,0,BRL,1,1,"R$ 2,39 – R$ 519,99 por item",Classificação 12 anos,28 de ago. de 2020,1781268167,6.5.0,,"Retro analog filtros & vhs dazz efeitos, polaroid fotografia,8mm editor de foto,",https://play.google.com/store/apps/details?id=com.accordion.analogcam&hl=pt&gl=br,29,64,39,normal,5186279,577118.86,2061138.77,6698701.01,1277906.04,11130149.37,6900692.61,alta,25,4.68,92.0,4.0,"SerpAPI, ScrapingBee"
1,Estilo de Vida,4,Loop - Acompanhador de Hábitos,org.isoron.uhabits,Álinson S Xavier,dev@loophabits.org,,Produtividade,4.821727,62705,1557,5.000.000+,5000000,7625799,1,0,BRL,0,0,,Classificação Livre,22 de fev. de 2016,1757890566,2.3.1,,Forme bons hábitos e acompanhe seu progresso ao passar do tempo (sem anúncios),https://play.google.com/store/apps/details?id=org.isoron.uhabits&hl=pt&gl=br,45,40,39,normal,787021,0.0,0.0,0.0,0.0,0.0,0.0,média,25,4.8,96.0,0.0,"SerpAPI, ScrapingBee"
1,Bibliotecas e Demonstrações,1,Android Demo,com.trustly.androidtestapplication,Trustly Group AB,android.development@trustly.com,https://www.trustly.net/,Finanças,,,,100+,100,315,1,0,BRL,0,0,,Classificação Livre,8 de jan. de 2026,,Varies with device,,Demonstração do comerciante,https://play.google.com/store/apps/details?id=com.trustly.androidtestapplication&hl=pt&gl=br,100,24,39,pequeno/indie,15,0.0,0.0,0.0,0.0,0.0,0.0,baixa,0,0.0,0.0,0.0,"SerpAPI, ScrapingBee"
1,Casa e Decoração,7,ZAP Imóveis | Compra e Aluguel,br.com.zap.imoveis,OLX Brasil,suporte-zap@olxbr.com,http://www.zapimoveis.com.br,Casa e decoração,4.7753086,111483,17514,5.000.000+,5000000,8312471,1,0,BRL,0,0,,Classificação Livre,13 de jun. de 2013,1782931109,6.718.5,,"Alugar Casa, apartamento ou Imóveis a venda? Encontre no app  ZAP Imóveis!!",https://play.google.com/store/apps/details?id=br.com.zap.imoveis&hl=pt&gl=br,19,65,39,crescendo,1033576,0.0,0.0,0.0,0.0,0.0,0.0,média,25,3.4,52.0,32.0,"SerpAPI, ScrapingBee"
1,Casa e Decoração,4,"Projeto de casa por IA, DecAI™",ai.interior.design.home.renovation.app,Smart AI DEV,summerdaysc@outlook.com,https://decai.ai/,Arte e design,4.788696,214700,1738,10.000.000+,10000000,12848819,1,0,BRL,1,1,"R$ 10,99 – R$ 679,99 por item",Classificação Livre,22 de mai. de 2024,1782816133,1.5.0,,Decoração e design de casa poderosos para projetar a casa dos sonhos.,https://play.google.com/store/apps/details?id=ai.interior.design.home.renovation.app&hl=pt&gl=br,29,65,39,crescendo,1629705,239532.6,855473.57,2780289.1,530393.61,4619557.28,2864125.51,alta,25,4.48,88.0,12.0,"SerpAPI, ScrapingBee"
1,Quadrinhos,10,"Manta - Manga, Manhwa, Novels",net.manta.comic,RIDI Corporation,help@manta.net,https://manta.net,Quadrinhos,3.504762,62317,338,5.000.000+,5000000,8724356,1,0,BRL,0,1,"R$ 1,89 – R$ 1.299,99 por item",Classificação 10 anos,9 de dez. de 2020,1781857095,26.6.464,,"Leia mangás, webcomics, webtoons e webnovels oficiais",https://play.google.com/store/apps/details?id=net.manta.comic&hl=pt&gl=br,49,38,39,normal,988371,14257.94,50921.2,165493.9,31571.14,274974.48,170484.18,alta,25,2.6,28.0,56.0,"SerpAPI, ScrapingBee"
1,Beleza,2,Skincare ASMR: Relaxing Games,com.mp.care.relaxing.asmr.makeover.games,Mini Play,feedback.miniplay1@gmail.com,https://theminiplay.com/,Simulador,4.646489,122175,808,10.000.000+,10000000,22975378,1,0,BRL,1,1,"R$ 10,99 por item",Classificação Livre,18 de abr. de 2025,1781081664,1.1.3,,Experimente maquiagem ASMR satisfatória com cuidados com a pele em jogos relaxantes de transformação de salão,https://play.google.com/store/apps/details?id=com.mp.care.relaxing.asmr.makeover.games&hl=pt&gl=br,29,63,39,normal,2542073,21968.88,78460.28,254995.89,48645.37,423685.49,262685.0,alta,25,4.44,88.0,12.0,"SerpAPI, ScrapingBee"
29,Personalização · Widgets,2,Widgeet-Color Widgets(Widget),art.widgeet.android,Hello Widget,sy535425@gmail.com,https://widgeet.art,Personalização,4.754513,141777,3092,10.000.000+,10000000,12481961,1,0,BRL,1,1,"R$ 7,99 – R$ 39,99 por item",Classificação Livre,10 de jan. de 2023,1780422096,1.1.3.7,,Personalize sua tela Android com widgets. Muitos estilos te aguardam!,https://play.google.com/store/apps/details?id=art.widgeet.android&hl=pt&gl=br,29,62,38,normal,1317584,14261.29,50933.18,165532.84,31578.57,275039.17,170524.29,alta,25,4.52,84.0,4.0,"SerpAPI, Firecrawl"
29,Negócios · Nota Fiscal e Contabilidade,6,NFSe Mobile,br.gov.nfsemobileemissor,Serviços e Informações do Brasil,aplicativos@rfb.gov.br,https://www.gov.br/receitafederal/pt-br,Finanças,2.5263157,4174,2973,1.000.000+,1000000,1603510,1,0,BRL,0,0,,Classificação Livre,27 de nov. de 2022,,Varies with device,,"Permite a emissão de NFS-e, on-line e off-line, e consulta às NFS-e emitidas.",https://play.google.com/store/apps/details?id=br.gov.nfsemobileemissor&hl=pt&gl=br,77,4,38,pequeno/indie,139586,0.0,0.0,0.0,0.0,0.0,0.0,baixa,25,1.52,12.0,88.0,"SerpAPI, Firecrawl"
26,"Busca: ""bitcoin""",16,Exodus: Wallet Cripto Bitcoin,exodusmovement.exodus,"Exodus Movement, Inc.",support@exodus.com,https://exodus.com/mobile,Finanças,4.634391,132081,2057,5.000.000+,5000000,6196407,1,0,BRL,0,0,,Classificação Livre,6 de jun. de 2019,1782131566,26.6.24,,"Faça staking, mantenha ou troque BTC, ETH, SOL & centenas mais e guarde seus NFT",https://play.google.com/store/apps/details?id=exodusmovement.exodus&hl=pt&gl=br,19,63,38,normal,,,,,,,,,,,,,
21,"Busca: ""crypto wallet""",9,Exodus: Wallet Cripto Bitcoin,exodusmovement.exodus,"Exodus Movement, Inc.",support@exodus.com,https://exodus.com/mobile,Finanças,4.634391,132074,2057,5.000.000+,5000000,6196407,1,0,BRL,0,0,,Classificação Livre,6 de jun. de 2019,1782131566,26.6.24,,"Faça staking, mantenha ou troque BTC, ETH, SOL & centenas mais e guarde seus NFT",https://play.google.com/store/apps/details?id=exodusmovement.exodus&hl=pt&gl=br,19,63,38,normal,,,,,,,,,,,,,
9,Finanças,10,Safra: investimentos e conta,br.livetouch.safra.net,Banco Safra SA.,contatos@safra.com.br,http://www.safranet.com.br,Finanças,4.075416,10374,5499,1.000.000+,1000000,3873848,1,0,BRL,0,0,,Classificação Livre,25 de mai. de 2015,1779375981,5.21.4,,"Conta completa com investimentos, cartões e benefícios exclusivos em um só app.",https://play.google.com/store/apps/details?id=br.livetouch.safra.net&hl=pt&gl=br,69,44,38,normal,352060,0.0,0.0,0.0,0.0,0.0,0.0,média,25,2.44,32.0,60.0,"SerpAPI, ScrapingBee"
7,Finanças,17,Safra: investimentos e conta,br.livetouch.safra.net,Banco Safra SA.,contatos@safra.com.br,http://www.safranet.com.br,Finanças,4.075416,10374,5499,1.000.000+,1000000,3873848,1,0,BRL,0,0,,Classificação Livre,25 de mai. de 2015,1779375981,5.21.4,,"Conta completa com investimentos, cartões e benefícios exclusivos em um só app.",https://play.google.com/store/apps/details?id=br.livetouch.safra.net&hl=pt&gl=br,69,44,38,normal,352060,0.0,0.0,0.0,0.0,0.0,0.0,média,150,3.01,48.0,48.0,"SerpAPI, Brave Search, ScrapingBee, DevSite:ScrapingAnt"
8,Finanças,10,Safra: investimentos e conta,br.livetouch.safra.net,Banco Safra SA.,contatos@safra.com.br,http://www.safranet.com.br,Finanças,4.075416,10374,5499,1.000.000+,1000000,3873848,1,0,BRL,0,0,,Classificação Livre,25 de mai. de 2015,1779375981,5.21.4,,"Conta completa com investimentos, cartões e benefícios exclusivos em um só app.",https://play.google.com/store/apps/details?id=br.livetouch.safra.net&hl=pt&gl=br,69,44,38,normal,352060,0.0,0.0,0.0,0.0,0.0,0.0,média,25,2.44,32.0,60.0,"SerpAPI, ScrapingBee"
5,Finanças,10,Safra: investimentos e conta,br.livetouch.safra.net,Banco Safra SA.,contatos@safra.com.br,http://www.safranet.com.br,Finanças,4.075416,10374,5499,1.000.000+,1000000,3873848,1,0,BRL,0,0,,Classificação Livre,25 de mai. de 2015,1779375981,5.21.4,,"Conta completa com investimentos, cartões e benefícios exclusivos em um só app.",https://play.google.com/store/apps/details?id=br.livetouch.safra.net&hl=pt&gl=br,69,44,38,normal,352060,0.0,0.0,0.0,0.0,0.0,0.0,média,25,2.44,32.0,60.0,"SerpAPI, ScrapingBee"
1,Jogos de Palavras,8,Jogo da Forca: Forca Jogo,hang.man.word.guessing.games,Kerun Games,kerun_service40@outlook.com,http://kerungames.com,Palavras,4.787531,297109,12700,10.000.000+,10000000,33506118,1,0,BRL,1,1,"R$ 4,99 – R$ 24,99 por item",Classificação Livre,17 de dez. de 2021,1780048923,1.5201,,"Jogo da Forca, salve o homem de fósforo com seu rico vocabulário português!",https://play.google.com/store/apps/details?id=hang.man.word.guessing.games&hl=pt&gl=br,29,62,38,normal,3140692,35654.75,127338.39,413849.77,78949.8,687627.31,426328.93,alta,25,4.6,92.0,8.0,"SerpAPI, ScrapingBee"
1,Jogos de Trivia,15,TRIVIA Master -Jogo de palavra,trivia.master.question.quiz.answer.crack.star.millionaire.free.knowledge,Topy Games,joygamellc@gmail.com,http://joygame.site,Conhecimentos,4.600529,113233,1625,10.000.000+,10000000,44335197,1,0,BRL,1,1,"R$ 10,99 por item",Classificação Livre,25 de jun. de 2021,1779362832,3.4,,Trivia Master: 50.000+ quizzes para treinar seu cérebro e se divertir!,https://play.google.com/store/apps/details?id=trivia.master.question.quiz.answer.crack.star.millionaire.free.knowledge&hl=pt&gl=br,29,62,38,normal,4206173,36350.21,129822.19,421922.12,80489.76,701039.83,434644.7,alta,25,4.68,92.0,8.0,"SerpAPI, ScrapingBee"
1,Jogos de Simulação,15,Spaceflight Simulator,com.StefMorojna.SpaceflightSimulator,Team Curiosity ✦,games.morojna@gmail.com,https://discord.gg/v8u5Y9C,Simulador,4.841597,586257,23045,10.000.000+,10000000,44260861,1,0,BRL,0,1,"R$ 2,99 – R$ 58,99 por item",Classificação Livre,30 de nov. de 2017,1778320009,1.6.00.22,,Ciência de foguetes simplificada!,https://play.google.com/store/apps/details?id=com.StefMorojna.SpaceflightSimulator&hl=pt&gl=br,29,61,38,normal,4198819,80154.79,286267.1,930368.07,177485.6,1545842.32,958422.24,alta,25,4.68,92.0,4.0,"SerpAPI, ScrapingBee"
1,Clima,2,Climatempo - Clima e Previsão,com.mobimidia.climaTempo,Climatempo Meteorologia,mobileclimatempo@gmail.com,https://www.climatempo.com.br,Clima,4.7475142,270211,41933,10.000.000+,10000000,13483889,1,0,BRL,1,1,"R$ 3,99 – R$ 9,99 por item",Classificação Livre,4 de fev. de 2011,1777988391,7.0.88,,"Previsão do tempo e clima em tempo real. Alertas para hoje, amanhã e 15 dias.",https://play.google.com/store/apps/details?id=com.mobimidia.climaTempo&hl=pt&gl=br,29,60,38,normal,1428320,4706.07,16807.41,54624.08,10420.59,90760.01,56271.21,alta,25,3.56,60.0,36.0,"SerpAPI, ScrapingBee"
1,Fotografia,8,Câmera HD para Android: Câm 4K,photo.hd.video.beauty.camera,iMediaStar,tingstudio.dev@gmail.com,https://tingstudio.s3.amazonaws.com/index.html,Fotografia,4.804167,105035,2185,10.000.000+,10000000,20091293,1,0,BRL,1,1,"R$ 15,99 – R$ 52,99 por item",Classificação Livre,6 de ago. de 2020,1781087205,3.8.2,,"Câmera HD, câmera selfie, câmera 4K gratuita com recursos completos",https://play.google.com/store/apps/details?id=photo.hd.video.beauty.camera&hl=pt&gl=br,25,63,38,normal,2599807,39700.52,141787.58,460809.63,87908.3,765652.93,474704.82,alta,25,4.48,88.0,12.0,"SerpAPI, ScrapingBee"
1,Finanças,5,Safra: investimentos e conta,br.livetouch.safra.net,Banco Safra SA.,contatos@safra.com.br,http://www.safranet.com.br,Finanças,4.075416,10374,5499,1.000.000+,1000000,3873848,1,0,BRL,0,0,,Classificação Livre,25 de mai. de 2015,1779375981,5.21.4,,"Conta completa com investimentos, cartões e benefícios exclusivos em um só app.",https://play.google.com/store/apps/details?id=br.livetouch.safra.net&hl=pt&gl=br,69,44,38,normal,352060,0.0,0.0,0.0,0.0,0.0,0.0,média,25,2.44,32.0,60.0,"SerpAPI, ScrapingBee"
1,Entretenimento,8,"Watch: Filmes, Séries e TV",br.tv.watch.watchbrasil,Watch TV Entretenimentos LTDA,ouvidoria@watch.tv.br,https://play.watch.tv.br,Entretenimento,2.9525065,3770,2448,1.000.000+,1000000,1723527,1,0,BRL,0,0,,Classificação 16 anos,30 de nov. de 2017,,Varies with device,,"Nova versão do app: mais rápida, estável e com navegação fluida.",https://play.google.com/store/apps/details?id=br.tv.watch.watchbrasil&hl=pt&gl=br,77,4,38,pequeno/indie,150574,0.0,0.0,0.0,0.0,0.0,0.0,baixa,25,2.56,40.0,56.0,"SerpAPI, ScrapingBee"
29,Personalização · Ícones e Temas,9,Trocador de ícone,any.icon,Any Studio,catharinekit@gmail.com,,Personalização,4.5208335,79439,1459,10.000.000+,10000000,14968883,1,0,BRL,1,0,,Classificação Livre,9 de abr. de 2021,1754471155,1.8.8,,Personalize o ícone do seu aplicativo,https://play.google.com/store/apps/details?id=any.icon&hl=pt&gl=br,55,29,37,normal,1593094,692.44,2472.99,8037.23,1187.04,13354.16,6410.0,alta,25,4.84,96.0,4.0,"SerpAPI, Firecrawl"
29,Personalização · Launchers,8,Nova Launcher Prime,com.teslacoilsw.launcher.prime,Instabridge Sweden AB,support@novalauncher.com,http://novalauncher.com,Personalização,4.2358747,368427,9216,5.000.000+,5000000,6837826,0,154.99,BRL,0,0,,Classificação Livre,23 de fev. de 2012,1693936314,Varies with device,,Sua tela inicial do jeito que você gosta,https://play.google.com/store/apps/details?id=com.teslacoilsw.launcher.prime&hl=pt&gl=br,19,18,37,normal,638305,6231592.55,22255687.69,72330984.98,13798526.37,120180713.51,74512042.37,alta,25,3.44,52.0,36.0,"SerpAPI, Firecrawl"
29,Personalização · Launchers,4,Niagara Launcher Tela Inicial,bitpit.launcher,Mellowdrop Studio,support@niagaralauncher.com,https://niagaralauncher.com,Personalização,4.829436,207142,3220,10.000.000+,10000000,15510815,1,0,BRL,0,1,"R$ 1,79 – R$ 79,99 por item",Classificação Livre,30 de jan. de 2021,1784292832,1.16.15,,Um Launcher produtivo minimalista. Amigável para uso de uma mão. Zero anúncios.,https://play.google.com/store/apps/details?id=bitpit.launcher&hl=pt&gl=br,19,66,37,crescendo,1653406,18740.87,66931.7,217528.01,41497.65,361431.16,224087.32,alta,25,4.6,88.0,4.0,"SerpAPI, Firecrawl"
29,Personalização · Papéis de Parede,17,"4K Wallpapers, Auto Changer",hd.uhd.wallpapers.best.quality,HD Pro Walls,hd.pro.walls@gmail.com,https://mrdroidstudiosuhd.xyz,Personalização,4.4251966,191215,1952,10.000.000+,10000000,26666021,1,0,BRL,1,1,"R$ 2,99 – R$ 29,99 por item",Classificação 10 anos,30 de jul. de 2018,1783191683,6.0.2,,Trocador de papel de parede automático | DUPLO Papéis de parede | Papéis de parede TODO DIA,https://play.google.com/store/apps/details?id=hd.uhd.wallpapers.best.quality&hl=pt&gl=br,29,58,37,normal,3176229,24290.42,86751.49,281942.34,53785.92,468458.04,290443.99,alta,25,4.76,96.0,4.0,"SerpAPI, Firecrawl"
26,"Busca: ""bitcoin""",37,CoinMarketCap: Criptomoedas,com.coinmarketcap.android,CoinMarketCap.com,accounts@coinmarketcap.com,https://coinmarketcap.com,Finanças,4.842241,535055,3301,10.000.000+,10000000,20108847,1,0,BRL,1,1,"R$ 63,99 – R$ 1.199,99 por item",Classificação Livre,15 de abr. de 2019,1784289434,5.17.0,,"Carteira de Criptomoedas, Valor do Bitcoin e Notícias do mercado de Criptomoedas",https://play.google.com/store/apps/details?id=com.coinmarketcap.android&hl=pt&gl=br,19,66,37,crescendo,,,,,,,,,,,,,
23,"Busca: ""rifa""",33,Copa do Mundo da FIFA 2026™,com.fifa.tournament,FIFA,fta-help@fifa.org,https://fifamobile.short.gy/helpAndroidFTA,Esportes,4.067961,9016,142,5.000.000+,5000000,7964017,1,0,BRL,0,0,,Classificação Livre,12 de nov. de 2024,1784299897,3.3.0,,Copa do Mundo da FIFA 2026™ — seu companheiro oficial para cada jogo e cidade,https://play.google.com/store/apps/details?id=com.fifa.tournament&hl=pt&gl=br,49,59,37,normal,748707,0.0,0.0,0.0,0.0,0.0,0.0,média,150,2.71,40.0,57.3,"SerpAPI, Brave Search, Firecrawl, DevSite:Firecrawl"
22,"Busca: ""carteira""",15,Sweat Wallet-Carteira que paga,com.sweatwallet,The Sweat Foundation,support@sweateconomy.com,https://swe.at/,Finanças,4.6905136,916906,4178,10.000.000+,10000000,22820499,1,0,BRL,0,1,"R$ 54,99 – R$ 549,99 por item",Classificação Livre,30 de jul. de 2022,1784123200,166.0,,"Caminhe, ganhe cripto, cresça com Grow Jars e troque em várias blockchains.",https://play.google.com/store/apps/details?id=com.sweatwallet&hl=pt&gl=br,19,65,37,crescendo,2969629,795429.68,2840820.29,9232665.95,1761308.58,15340429.57,9511066.34,alta,150,3.93,71.3,22.7,"SerpAPI, Brave Search, Firecrawl, DevSite:Firecrawl"
21,"Busca: ""crypto wallet""",25,CoinMarketCap: Criptomoedas,com.coinmarketcap.android,CoinMarketCap.com,accounts@coinmarketcap.com,https://coinmarketcap.com,Finanças,4.842292,535019,3301,10.000.000+,10000000,20102548,1,0,BRL,1,1,"R$ 63,99 – R$ 1.199,99 por item",Classificação Livre,15 de abr. de 2019,1784289434,5.17.0,,"Carteira de Criptomoedas, Valor do Bitcoin e Notícias do mercado de Criptomoedas",https://play.google.com/store/apps/details?id=com.coinmarketcap.android&hl=pt&gl=br,19,66,37,crescendo,,,,,,,,,,,,,
21,"Busca: ""crypto wallet""",20,Sweat Wallet-Carteira que paga,com.sweatwallet,The Sweat Foundation,support@sweateconomy.com,https://swe.at/,Finanças,4.6905136,916906,4178,10.000.000+,10000000,22820499,1,0,BRL,0,1,"R$ 54,99 – R$ 549,99 por item",Classificação Livre,30 de jul. de 2022,1784123200,166.0,,"Caminhe, ganhe cripto, cresça com Grow Jars e troque em várias blockchains.",https://play.google.com/store/apps/details?id=com.sweatwallet&hl=pt&gl=br,19,65,37,crescendo,,,,,,,,,,,,,
20,"Busca: ""wallet""",18,Sweat Wallet-Carteira que paga,com.sweatwallet,The Sweat Foundation,support@sweateconomy.com,https://swe.at/,Finanças,4.6905136,916897,4178,10.000.000+,10000000,22820499,1,0,BRL,0,1,"R$ 54,99 – R$ 549,99 por item",Classificação Livre,30 de jul. de 2022,1784123200,166.0,,"Caminhe, ganhe cripto, cresça com Grow Jars e troque em várias blockchains.",https://play.google.com/store/apps/details?id=com.sweatwallet&hl=pt&gl=br,19,65,37,crescendo,2969629,795429.68,2840820.29,9232665.95,1761308.58,15340429.57,9511066.34,alta,25,4.12,76.0,16.0,"SerpAPI, Firecrawl"
20,"Busca: ""wallet""",5,Wallet - Finanças Pessoais,com.droid4you.application.wallet,BudgetBakers,support@budgetbakers.com,http://www.budgetbakers.com,Finanças,4.6854687,381500,3514,10.000.000+,10000000,13038037,1,0,BRL,0,1,"R$ 1,79 – R$ 464,99 por item",Classificação Livre,21 de abr. de 2011,1783951209,9.3.2,,Organizador financeiro tudo em um. Controle as despesas e o orçamento.,https://play.google.com/store/apps/details?id=com.droid4you.application.wallet&hl=pt&gl=br,19,65,37,crescendo,1654798,341991.9,1221399.65,3969548.87,757267.78,6595558.12,4089246.04,alta,25,3.72,64.0,24.0,"SerpAPI, Firecrawl"
17,"Busca: ""puzzle""",5,Jogos de quebra-cabeças HD,jigsaw.puzzle.free.games,Guru Puzzle Game,jigsaw@fungame.studio,https://jigsaw.gurugame.ai/,Quebra-cabeças,4.8789935,323137,5382,10.000.000+,10000000,40007061,1,0,BRL,1,1,"R$ 7,29 – R$ 704,89 por item",Classificação Livre,24 de abr. de 2020,1783307233,10.4.0-26070145,,Jogo relaxante de quebra-cabeça grátis para adultos: Coleções diárias em HD,https://play.google.com/store/apps/details?id=jigsaw.puzzle.free.games&hl=pt&gl=br,19,65,37,crescendo,,,,,,,,,,,,,
14,Produtividade,19,Easy Notes - Bloco de Notas,easynotes.notes.notepad.notebook.privatenotes.note,"Gulooloo Tech Co., Ltd.",easynotes@guloolootech.com,https://guloolootech.com/,Produtividade,4.878227,415980,29944,10.000.000+,10000000,34492082,1,0,BRL,1,1,"R$ 1,67 – R$ 124,99 por item",Classificação Livre,29 de out. de 2020,1782467514,1.3.52.0612,,Escreva memorandos e organize cadernos no bloco de notas com o Good Notes app,https://play.google.com/store/apps/details?id=easynotes.notes.notepad.notebook.privatenotes.note&hl=pt&gl=br,19,65,37,crescendo,4570128,216957.18,774847.09,2518253.03,480405.19,4184174.27,2594188.05,alta,25,4.96,100.0,0.0,"SerpAPI, ScrapingBee"
14,Produtividade,17,TickTick:To do list e tarefas,com.ticktick.task,TickTick Limited,support@ticktick.com,https://ticktick.com,Produtividade,4.7790947,161043,3762,10.000.000+,10000000,10951773,1,0,BRL,0,1,"R$ 2,50 – R$ 88,99 por item",Classificação Livre,19 de jun. de 2013,1782905255,Varies with device,,Seu Parceiro de Produtividade Tudo-em-Um,https://play.google.com/store/apps/details?id=com.ticktick.task&hl=pt&gl=br,19,65,37,crescendo,1379060,46146.76,164809.86,535632.06,102182.12,889973.26,551783.42,alta,25,4.8,96.0,0.0,"SerpAPI, ScrapingBee"
14,Produtividade,11,"Notion: notas, tarefas e IA",notion.id,"Notion Labs, Inc.",team@makenotion.com,http://www.notion.so/mobile,Produtividade,4.810261,372295,8315,10.000.000+,10000000,41043103,1,0,BRL,0,1,"R$ 65,99 – R$ 1.299,99 por item",Classificação Livre,5 de jun. de 2018,1782917620,0.6.3974,,"Crie documentos, anote, acompanhe projetos e gerencie tarefas",https://play.google.com/store/apps/details?id=notion.id&hl=pt&gl=br,19,65,37,crescendo,5479039,222157.53,793419.75,2578614.19,491920.24,4284466.65,2656369.32,alta,25,4.24,80.0,16.0,"SerpAPI, ScrapingBee"
14,Produtividade,2,Todoist: To do list–Calendário,com.todoist,Doist Inc.,support@todoist.com,http://todoist.com,Produtividade,4.8518367,301332,8914,10.000.000+,10000000,48968462,1,0,BRL,0,1,"R$ 2,55 – R$ 769,99 por item",Classificação Livre,18 de nov. de 2012,1782993167,Varies with device,,"Organize tarefas, registre ideias com a voz e mantenha o alinhamento da equipe.",https://play.google.com/store/apps/details?id=com.todoist&hl=pt&gl=br,19,65,37,crescendo,6586595,1861085.51,6646733.98,21601885.44,4120975.07,35892363.5,22253265.37,alta,25,3.68,64.0,32.0,"SerpAPI, ScrapingBee"
9,Produtividade,8,Easy Notes - Bloco de Notas,easynotes.notes.notepad.notebook.privatenotes.note,"Gulooloo Tech Co., Ltd.",easynotes@guloolootech.com,https://guloolootech.com/,Produtividade,4.878227,415980,29944,10.000.000+,10000000,34492082,1,0,BRL,1,1,"R$ 1,67 – R$ 124,99 por item",Classificação Livre,29 de out. de 2020,1782467514,1.3.52.0612,,Escreva memorandos e organize cadernos no bloco de notas com o Good Notes app,https://play.google.com/store/apps/details?id=easynotes.notes.notepad.notebook.privatenotes.note&hl=pt&gl=br,19,65,37,crescendo,4570128,216957.18,774847.09,2518253.03,480405.19,4184174.27,2594188.05,alta,25,4.96,100.0,0.0,"SerpAPI, ScrapingBee"
9,Produtividade,3,Todoist: To do list–Calendário,com.todoist,Doist Inc.,support@todoist.com,http://todoist.com,Produtividade,4.8518977,301332,8914,10.000.000+,10000000,48968462,1,0,BRL,0,1,"R$ 2,55 – R$ 769,99 por item",Classificação Livre,18 de nov. de 2012,1782993167,Varies with device,,"Organize tarefas, registre ideias com a voz e mantenha o alinhamento da equipe.",https://play.google.com/store/apps/details?id=com.todoist&hl=pt&gl=br,19,65,37,crescendo,6586595,1861085.51,6646733.98,21601885.44,4120975.07,35892363.5,22253265.37,alta,25,3.68,64.0,32.0,"SerpAPI, ScrapingBee"
9,Paternidade,6,Gravidez semana a semana: amma,ru.mobiledimension.kbr,PERIOD TRACKER & PREGNANCY AND BABY CALENDAR,help@amma.family,https://amma.family,Criação de filhos,4.7446475,429850,7524,10.000.000+,10000000,24566788,1,0,BRL,1,1,"R$ 0,49 – R$ 304,99 por item",Classificação Livre,25 de mai. de 2015,1782857828,3.85.1.3,,Acompanhar a Gestação: Contador de Contrações e Saltos no Crescimento do Bebê,https://play.google.com/store/apps/details?id=ru.mobiledimension.kbr&hl=pt&gl=br,19,65,37,crescendo,3207258,209592.51,748544.67,2432770.19,464097.7,4042141.24,2506127.57,alta,25,4.12,80.0,20.0,"SerpAPI, ScrapingBee"
9,Paternidade,1,Minha gravidez e meu bebê hoje,com.babycenter.pregnancytracker,BabyCenter,customerservice@babycenter.com,http://www.babycenter.com,Criação de filhos,4.8946123,1536660,163533,10.000.000+,10000000,35176755,1,0,BRL,1,0,,Classificação Livre,11 de mar. de 2011,1782850707,6.10.0,,Acompanhe a gravidez e o crescimento do bebê com o aplicativo do BabyCenter!,https://play.google.com/store/apps/details?id=com.babycenter.pregnancytracker&hl=pt&gl=br,19,65,37,crescendo,4664809,3097.66,11063.06,35954.95,5310.27,59740.54,28675.46,alta,25,4.76,96.0,4.0,"SerpAPI, ScrapingBee"
9,Estilo de Vida,7,Me+ Agenda de Rotina Diária,daily.planner.routine.habits,ENERJOY PTE. LTD.,meplus_android@support.enerjoy.life,https://www.enerjoy.life/,Saúde e fitness,4.8068414,853667,20901,10.000.000+,10000000,23147263,1,0,BRL,0,1,"R$ 38,99 – R$ 344,99 por item",Classificação Livre,9 de ago. de 2023,1782891603,2.0.6,,Viva saudável com coaching diário para a rotina perfeita.,https://play.google.com/store/apps/details?id=daily.planner.routine.habits&hl=pt&gl=br,19,65,37,crescendo,3014037,334179.06,1193496.65,3878864.12,739967.92,6444881.92,3995826.79,alta,25,4.52,84.0,8.0,"SerpAPI, ScrapingBee"
9,Finanças,2,Yahoo Finanças,com.yahoo.mobile.client.android.finance,Yahoo,finance.support@yahooinc.com,https://mobile.yahoo.com/finance,Finanças,4.7952757,241522,1200,10.000.000+,10000000,25031864,1,0,BRL,1,0,,Classificação Livre,10 de nov. de 2014,1782513164,26.12.1,,"Siga suas ações favoritas, índices, e criptomoedas.",https://play.google.com/store/apps/details?id=com.yahoo.mobile.client.android.finance&hl=pt&gl=br,19,65,37,crescendo,3270666,4541.2,16218.58,52710.38,7784.92,87580.33,42038.56,alta,25,4.76,92.0,4.0,"SerpAPI, ScrapingBee"
11,Personalização,12,Niagara Launcher Tela Inicial,bitpit.launcher,Mellowdrop Studio,support@niagaralauncher.com,https://niagaralauncher.com,Personalização,4.8356547,204426,3192,10.000.000+,10000000,15366648,1,0,BRL,0,1,"R$ 1,79 – R$ 79,99 por item",Classificação Livre,30 de jan. de 2021,1783086512,1.16.11,,Um Launcher produtivo minimalista. Amigável para uso de uma mão. Zero anúncios.,https://play.google.com/store/apps/details?id=bitpit.launcher&hl=pt&gl=br,19,66,37,crescendo,1637352,18558.92,66281.84,215415.98,41094.74,357921.94,221911.6,alta,25,4.04,80.0,20.0,"SerpAPI, ScrapingBee"
10,Produtividade,21,TickTick:To do list e tarefas,com.ticktick.task,TickTick Limited,support@ticktick.com,https://ticktick.com,Produtividade,4.7790947,161043,3762,10.000.000+,10000000,10951773,1,0,BRL,0,1,"R$ 2,50 – R$ 88,99 por item",Classificação Livre,19 de jun. de 2013,1782905255,Varies with device,,Seu Parceiro de Produtividade Tudo-em-Um,https://play.google.com/store/apps/details?id=com.ticktick.task&hl=pt&gl=br,19,65,37,crescendo,1379060,46146.76,164809.86,535632.06,102182.12,889973.26,551783.42,alta,25,4.8,96.0,0.0,"SerpAPI, ScrapingBee"
10,Produtividade,12,"Notion: notas, tarefas e IA",notion.id,"Notion Labs, Inc.",team@makenotion.com,http://www.notion.so/mobile,Produtividade,4.810228,372295,8315,10.000.000+,10000000,41043103,1,0,BRL,0,1,"R$ 65,99 – R$ 1.299,99 por item",Classificação Livre,5 de jun. de 2018,1782917620,0.6.3974,,"Crie documentos, anote, acompanhe projetos e gerencie tarefas",https://play.google.com/store/apps/details?id=notion.id&hl=pt&gl=br,19,65,37,crescendo,5479039,222157.53,793419.75,2578614.19,491920.24,4284466.65,2656369.32,alta,25,4.24,80.0,16.0,"SerpAPI, ScrapingBee"
10,Produtividade,8,Easy Notes - Bloco de Notas,easynotes.notes.notepad.notebook.privatenotes.note,"Gulooloo Tech Co., Ltd.",easynotes@guloolootech.com,https://guloolootech.com/,Produtividade,4.878227,415980,29944,10.000.000+,10000000,34492082,1,0,BRL,1,1,"R$ 1,67 – R$ 124,99 por item",Classificação Livre,29 de out. de 2020,1782467514,1.3.52.0612,,Escreva memorandos e organize cadernos no bloco de notas com o Good Notes app,https://play.google.com/store/apps/details?id=easynotes.notes.notepad.notebook.privatenotes.note&hl=pt&gl=br,19,65,37,crescendo,4570128,216957.18,774847.09,2518253.03,480405.19,4184174.27,2594188.05,alta,25,4.96,100.0,0.0,"SerpAPI, ScrapingBee"
10,Produtividade,3,Todoist: To do list–Calendário,com.todoist,Doist Inc.,support@todoist.com,http://todoist.com,Produtividade,4.8518367,301330,8914,10.000.000+,10000000,48968462,1,0,BRL,0,1,"R$ 2,55 – R$ 769,99 por item",Classificação Livre,18 de nov. de 2012,1782993167,Varies with device,,"Organize tarefas, registre ideias com a voz e mantenha o alinhamento da equipe.",https://play.google.com/store/apps/details?id=com.todoist&hl=pt&gl=br,19,65,37,crescendo,6586595,1861085.51,6646733.98,21601885.44,4120975.07,35892363.5,22253265.37,alta,25,3.68,64.0,32.0,"SerpAPI, ScrapingBee"
9,Negócios,10,Trinta - Gestão do seu negócio,com.treintaapp,Treinta,hola@treinta.co,http://www.treinta.co/,Finanças,4.609475,103320,7749,10.000.000+,10000000,11159413,1,0,BRL,0,1,"R$ 5,49 – R$ 899,10 por item",Classificação Livre,9 de out. de 2021,1782430179,2.70.9,,"Gerencie vendas, estoque e finanças sem complicação. Fácil e rápido.",https://play.google.com/store/apps/details?id=com.treintaapp&hl=pt&gl=br,19,65,37,crescendo,1406408,563276.63,2011702.24,6538032.28,1247255.39,10863192.1,6735179.1,alta,25,2.4,36.0,64.0,"SerpAPI, ScrapingBee"
9,Livros e Referências,8,Moon+ Reader,com.flyersoft.moonreader,Moon+,seanyword@gmail.com,http://www.moondownload.com,Livros e referências,4.4945416,269638,8651,10.000.000+,10000000,28099662,1,0,BRL,1,1,"R$ 4,99 por item",Classificação Livre,7 de ago. de 2010,1779507999,10.6,,o teu leitor de livros electrónicos digital enriquecido,https://play.google.com/store/apps/details?id=com.flyersoft.moonreader&hl=pt&gl=br,29,56,37,normal,2795551,7764.12,27729.0,90119.26,17191.98,149736.62,92836.71,alta,25,4.2,76.0,16.0,"SerpAPI, ScrapingBee"
7,Finanças,2,Yahoo Finanças,com.yahoo.mobile.client.android.finance,Yahoo,finance.support@yahooinc.com,https://mobile.yahoo.com/finance,Finanças,4.7952757,241521,1200,10.000.000+,10000000,25031864,1,0,BRL,1,0,,Classificação Livre,10 de nov. de 2014,1782513164,26.12.1,,"Siga suas ações favoritas, índices, e criptomoedas.",https://play.google.com/store/apps/details?id=com.yahoo.mobile.client.android.finance&hl=pt&gl=br,19,65,37,crescendo,3270666,4541.2,16218.58,52710.38,7784.92,87580.33,42038.56,alta,150,4.63,90.0,6.7,"SerpAPI, Brave Search, ScrapingBee, DevSite:Scrape.do"
8,Finanças,2,Yahoo Finanças,com.yahoo.mobile.client.android.finance,Yahoo,finance.support@yahooinc.com,https://mobile.yahoo.com/finance,Finanças,4.7952757,241521,1200,10.000.000+,10000000,25031864,1,0,BRL,1,0,,Classificação Livre,10 de nov. de 2014,1782513164,26.12.1,,"Siga suas ações favoritas, índices, e criptomoedas.",https://play.google.com/store/apps/details?id=com.yahoo.mobile.client.android.finance&hl=pt&gl=br,19,65,37,crescendo,3270666,4541.2,16218.58,52710.38,7784.92,87580.33,42038.56,alta,25,4.76,92.0,4.0,"SerpAPI, ScrapingBee"
6,Finanças,2,Yahoo Finanças,com.yahoo.mobile.client.android.finance,Yahoo,finance.support@yahooinc.com,https://mobile.yahoo.com/finance,Finanças,4.7952757,241521,1200,10.000.000+,10000000,25031864,1,0,BRL,1,0,,Classificação Livre,10 de nov. de 2014,1782513164,26.12.1,,"Siga suas ações favoritas, índices, e criptomoedas.",https://play.google.com/store/apps/details?id=com.yahoo.mobile.client.android.finance&hl=pt&gl=br,19,65,37,crescendo,3270666,4541.2,16218.58,52710.38,7784.92,87580.33,42038.56,alta,50,4.68,90.0,6.0,"SerpAPI, ScrapingBee"
5,Finanças,2,Yahoo Finanças,com.yahoo.mobile.client.android.finance,Yahoo,finance.support@yahooinc.com,https://mobile.yahoo.com/finance,Finanças,4.7952757,241521,1200,10.000.000+,10000000,25031864,1,0,BRL,1,0,,Classificação Livre,10 de nov. de 2014,1782513164,26.12.1,,"Siga suas ações favoritas, índices, e criptomoedas.",https://play.google.com/store/apps/details?id=com.yahoo.mobile.client.android.finance&hl=pt&gl=br,19,65,37,crescendo,3270666,4541.2,16218.58,52710.38,7784.92,87580.33,42038.56,alta,25,4.76,92.0,4.0,"SerpAPI, ScrapingBee"
1,Jogos de Estratégia,24,Top Heroes,com.greenmushroom.boomblitz.gp,RiverGame,support_th@rivergame.net,https://www.topheroes.com/,Estratégia,4.7533917,208828,1993,10.000.000+,10000000,14599698,1,0,BRL,0,1,"R$ 4,90 – R$ 499,90 por item",Classificação Livre,17 de fev. de 2024,1782795154,1.110.9,,《Top Heroes》é um jogo de exploração com múltiplos personagens,https://play.google.com/store/apps/details?id=com.greenmushroom.boomblitz.gp&hl=pt&gl=br,19,65,37,crescendo,1583102,492276.57,1758130.59,5713924.42,1090040.97,9493905.19,5886221.22,alta,25,4.48,88.0,12.0,"SerpAPI, ScrapingBee"
1,Jogos de Simulação,16,City Island 5 - Building Sim,com.sparklingsociety.cityisland5,Sparkling Society - Build Town City Building Games,android-cityisland5@sparklingsociety.net,http://www.sparklingsociety.net,Simulador,4.6986165,475691,11239,10.000.000+,10000000,23767291,1,0,BRL,1,1,"R$ 3,29 – R$ 339,99 por item",Classificação 18 anos,16 de dez. de 2018,1782723351,5.8.0,,Simulação Grátis de Construção de Cidade. Aumente sua cidade para várias ilhas!,https://play.google.com/store/apps/details?id=com.sparklingsociety.cityisland5&hl=pt&gl=br,19,65,37,crescendo,2633617,309446.26,1105165.21,3591786.94,685202.43,5967892.14,3700093.13,alta,25,4.6,88.0,0.0,"SerpAPI, ScrapingBee"
1,Jogos de Corrida,5,Race Max Pro - Jogos de Carros,game.revani.racemaxpro,Revani,info@revani.game,https://revani.game,Corrida,4.7986255,679404,19173,10.000.000+,10000000,49521743,1,0,BRL,1,1,"R$ 0,90 – R$ 294,90 por item",Classificação 18 anos,20 de nov. de 2023,1782473421,2.13.16,,"Supercars, drift & drag race! Customize seu carro e domine cada circuito.",https://play.google.com/store/apps/details?id=game.revani.racemaxpro&hl=pt&gl=br,19,65,37,crescendo,5664574,574457.71,2051634.67,6667812.68,1272013.5,11078827.22,6868872.88,alta,25,4.84,96.0,4.0,"SerpAPI, ScrapingBee"
1,Jogos de Quebra-Cabeça,5,Jogo de Quebra-cabeça Dificil,com.veraxen.jigsaw,Veraxen Ltd.,jigsaw.android@veraxen.com,https://veraxen.com,Quebra-cabeças,4.75,131633,3648,10.000.000+,10000000,20834850,1,0,BRL,1,1,"R$ 4,99 – R$ 529,99 por item",Classificação 12 anos,7 de mai. de 2021,1782227555,3.24.1,,Jogo de quebra-cabeças para adultos. Quebra-cabeças diários. - Jigsaw puzzle,https://play.google.com/store/apps/details?id=com.veraxen.jigsaw&hl=pt&gl=br,19,65,37,crescendo,2295309,342630.96,1223682.02,3976966.55,758682.85,6607882.89,4096887.39,alta,25,4.6,88.0,8.0,"SerpAPI, ScrapingBee"
1,Jogos de Quebra-Cabeça,2,Jogos de quebra-cabeças HD,jigsaw.puzzle.free.games,Guru Puzzle Game,jigsaw@fungame.studio,https://jigsaw.gurugame.ai/,Quebra-cabeças,4.878118,322305,5379,10.000.000+,10000000,39813640,1,0,BRL,1,1,"R$ 7,29 – R$ 704,89 por item",Classificação Livre,24 de abr. de 2020,1782291954,10.3.1-26062447,,Jogo relaxante de quebra-cabeça grátis para adultos: Coleções diárias em HD,https://play.google.com/store/apps/details?id=jigsaw.puzzle.free.games&hl=pt&gl=br,19,65,37,crescendo,4511775,895110.36,3196822.72,10389673.84,1982030.09,17262842.69,10702962.47,alta,25,4.68,92.0,8.0,"SerpAPI, ScrapingBee"
1,Jogos Casuais,20,"No Humanity, Jogo mais difícil",com.sweatychair.lastofhumanity,SweatyChair Studio,chicka@sweatychair.com,https://www.sweatychair.com/no-humanity/,Arcade,4.7281995,191993,3088,10.000.000+,10000000,11289211,1,0,BRL,1,1,"R$ 6,99 – R$ 464,99 por item",Classificação 18 anos,29 de jan. de 2015,1782455181,8.6.5,,Odiamos os nossos jogadores e adoramos ver-te lutar e sofrer...,https://play.google.com/store/apps/details?id=com.sweatychair.lastofhumanity&hl=pt&gl=br,19,65,37,crescendo,1209987,194931.56,696184.15,2262598.48,431634.17,3759394.39,2330824.52,alta,25,3.96,72.0,28.0,"SerpAPI, ScrapingBee"
1,Jogos Casuais,17,Porca Parafuso Madeira Puzzle,com.fc.nut.screw.bolt.washer.fastener.puzzle,FALCON GAMES,support.screw@falcongames.com,https://falcongames.com/,Quebra-cabeças,4.7078714,216484,4522,10.000.000+,10000000,46951578,1,0,BRL,1,1,"R$ 4,99 – R$ 519,99 por item",Classificação Livre,4 de jan. de 2024,1782897074,1.217,,"Sem tédio, resolva enigmas de porcas e parafusos no jogo de madeira emocionante!",https://play.google.com/store/apps/details?id=com.fc.nut.screw.bolt.washer.fastener.puzzle&hl=pt&gl=br,19,65,37,crescendo,5358391,785017.35,2803633.41,9111808.58,1738252.71,15139620.4,9386564.65,alta,25,3.88,72.0,28.0,"SerpAPI, ScrapingBee"
1,Jogos de Cassino,1,Lotsa Slots: 777 Slots Cassino,com.diamondlife.slots.vegas.free,SpinX Games Limited,LotsaSlots-cs@spinxgames.com,https://spinxgames.com/,Cassino,4.728427,1264196,10749,10.000.000+,10000000,31909935,1,0,BRL,1,1,"R$ 5,99 – R$ 2.399,99 por item",Classificação 18 anos,22 de out. de 2017,1782805893,Varies with device,,Gire os 777 Slots e Roleta no jogo de aposta e ganhe Mega Jackpot no cassino!,https://play.google.com/store/apps/details?id=com.diamondlife.slots.vegas.free&hl=pt&gl=br,19,65,37,crescendo,3581700,223750.06,799107.35,2597098.89,495446.56,4315179.7,2675411.41,alta,25,4.68,92.0,4.0,"SerpAPI, ScrapingBee"
1,Jogos de Cartas,8,Skip-Bo™: Solitaire Card Game,com.mattel163.skipbo,Mattel163 Limited,skip-bo@mattel163.com,https://www.mattel163.com/,Cartas,4.702381,386745,176,10.000.000+,10000000,12014174,1,0,BRL,1,1,"R$ 6,90 – R$ 999,90 por item",Classificação Livre,23 de out. de 2021,1782812623,1.12.9050,,Cartas de paciência com um toque diferente,https://play.google.com/store/apps/details?id=com.mattel163.skipbo&hl=pt&gl=br,19,65,37,crescendo,1291333,442022.32,1578651.14,5130616.2,978763.71,8524716.14,5285324.01,alta,25,4.12,80.0,16.0,"SerpAPI, ScrapingBee"
1,Jogos de Tabuleiro,13,Xadrez Online e Offline,com.splendapps.checkmate,Splend Apps,support@splendapps.com,https://splendapps.com/,Tabuleiros,4.8632674,443745,4105,10.000.000+,10000000,25391922,1,0,BRL,1,1,"R$ 17,99 por item",Classificação Livre,4 de set. de 2024,1782803649,2.8.23,,A melhor experiência de xadrez. Para iniciantes e grandes mestres!,https://play.google.com/store/apps/details?id=com.splendapps.checkmate&hl=pt&gl=br,19,65,37,crescendo,2821821,37770.96,134896.28,438412.92,83635.69,728439.92,451632.75,alta,25,4.68,92.0,4.0,"SerpAPI, ScrapingBee"
1,Jogos de Tabuleiro,4,Board World - All in one game,com.boardworld,GAME OFFLINE HAY,offlinegamehay@gmail.com,http://vnplay.mobi,Tabuleiros,4.3825665,21882,872,10.000.000+,10000000,24425807,1,0,BRL,1,1,"R$ 9,99 por item",Classificação 10 anos,18 de jul. de 2022,1782876903,1.58,,"Todos os seus jogos favoritos estão aqui. Jogue, relaxe e aproveite a diversão!",https://play.google.com/store/apps/details?id=com.boardworld&hl=pt&gl=br,59,59,37,normal,2463490,19305.01,68946.45,224075.97,42746.8,372310.84,230832.72,alta,25,4.0,72.0,20.0,"SerpAPI, ScrapingBee"
1,Jogos em Geral,15,Sky: Filhos da Luz,com.tgc.sky.android,thatgamecompany inc,support@thatgamecompany.mail.helpshift.com,http://thatskygame.com/,RPG,4.7056646,1157753,48149,10.000.000+,10000000,41101077,1,0,BRL,0,1,"R$ 6,90 – R$ 299,90 por item",Classificação Livre,6 de abr. de 2020,1782503241,0.33.8 (399977),,Sky é uma aventura social para ser explorada com seus entes queridos.,https://play.google.com/store/apps/details?id=com.tgc.sky.android&hl=pt&gl=br,19,65,37,crescendo,4664044,969597.43,3462847.98,11254255.93,2146965.75,18699379.08,11593615.03,alta,25,4.52,88.0,8.0,"SerpAPI, ScrapingBee"
1,Viagens e Localização,2,"KAYAK: Voos, Hotéis e Carros",com.kayak.android,KAYAK.com,android@kayak.com,https://www.kayak.com,Viagem e Turismo,4.84054,415239,4746,10.000.000+,10000000,32794543,1,0,BRL,1,0,,Classificação Livre,,1782743947,258.3,,"Compare e reserve voos, hotéis e aluguel de carros com a app de viagens da KAYAK",https://play.google.com/store/apps/details?id=com.kayak.android&hl=pt&gl=br,19,65,37,crescendo,4335719,2879.13,10282.59,33418.43,4935.64,55526.01,26652.48,alta,25,4.04,76.0,24.0,"SerpAPI, ScrapingBee"
1,Produtividade,2,Todoist: To do list–Calendário,com.todoist,Doist Inc.,support@todoist.com,http://todoist.com,Produtividade,4.8518367,301330,8914,10.000.000+,10000000,48968462,1,0,BRL,0,1,"R$ 2,55 – R$ 769,99 por item",Classificação Livre,18 de nov. de 2012,1782993167,Varies with device,,"Organize tarefas, registre ideias com a voz e mantenha o alinhamento da equipe.",https://play.google.com/store/apps/details?id=com.todoist&hl=pt&gl=br,19,65,37,crescendo,6586595,1861085.51,6646733.98,21601885.44,4120975.07,35892363.5,22253265.37,alta,25,3.68,64.0,32.0,"SerpAPI, ScrapingBee"
1,Personalização,5,Niagara Launcher Tela Inicial,bitpit.launcher,Mellowdrop Studio,support@niagaralauncher.com,https://niagaralauncher.com,Personalização,4.8355403,204420,3192,10.000.000+,10000000,15366648,1,0,BRL,0,1,"R$ 1,79 – R$ 79,99 por item",Classificação Livre,30 de jan. de 2021,1783086512,1.16.11,,Um Launcher produtivo minimalista. Amigável para uso de uma mão. Zero anúncios.,https://play.google.com/store/apps/details?id=bitpit.launcher&hl=pt&gl=br,19,66,37,crescendo,1637352,18558.92,66281.84,215415.98,41094.74,357921.94,221911.6,alta,25,4.04,80.0,20.0,"SerpAPI, ScrapingBee"
1,Paternidade,2,Minha gravidez e meu bebê hoje,com.babycenter.pregnancytracker,BabyCenter,customerservice@babycenter.com,http://www.babycenter.com,Criação de filhos,4.8946123,1536660,163533,10.000.000+,10000000,35176755,1,0,BRL,1,0,,Classificação Livre,11 de mar. de 2011,1782850707,6.10.0,,Acompanhe a gravidez e o crescimento do bebê com o aplicativo do BabyCenter!,https://play.google.com/store/apps/details?id=com.babycenter.pregnancytracker&hl=pt&gl=br,19,65,37,crescendo,4664809,3097.66,11063.06,35954.95,5310.27,59740.54,28675.46,alta,25,4.76,96.0,4.0,"SerpAPI, ScrapingBee"
1,Estilo de Vida,8,Me+ Agenda de Rotina Diária,daily.planner.routine.habits,ENERJOY PTE. LTD.,meplus_android@support.enerjoy.life,https://www.enerjoy.life/,Saúde e fitness,4.8068414,853655,20901,10.000.000+,10000000,23147263,1,0,BRL,0,1,"R$ 38,99 – R$ 344,99 por item",Classificação Livre,9 de ago. de 2023,1782891603,2.0.6,,Viva saudável com coaching diário para a rotina perfeita.,https://play.google.com/store/apps/details?id=daily.planner.routine.habits&hl=pt&gl=br,19,65,37,crescendo,3014037,334179.06,1193496.65,3878864.12,739967.92,6444881.92,3995826.79,alta,25,4.52,84.0,8.0,"SerpAPI, ScrapingBee"
1,Casa e Decoração,3,Home IA - Design Interior IA,interior.home.design.ai,HubX,info@homeinterior.ai,https://homeinterior.ai/,Estilo de vida,4.672136,982319,4803,10.000.000+,10000000,18120627,1,0,BRL,0,1,"R$ 24,99 – R$ 409,99 por item",Classificação Livre,3 de abr. de 2024,1782998764,1.8.3,,"Decorar casa com Home AI: design de interiores, planeje quartos e redecore casas",https://play.google.com/store/apps/details?id=interior.home.design.ai&hl=pt&gl=br,19,65,37,crescendo,2334079,214985.11,767803.97,2495362.89,476038.46,4146141.42,2570607.68,alta,25,4.12,76.0,20.0,"SerpAPI, ScrapingBee"
1,Casa e Decoração,1,Decoração de interior de casa,com.icandesignapp.all,Room Planner Ltd,support@icandesignapp.com,http://icandesignapp.com,Casa e decoração,4.6065884,237581,12701,10.000.000+,10000000,34577531,1,0,BRL,0,1,"R$ 7,49 – R$ 1.499,99 por item",Classificação Livre,17 de dez. de 2016,1783001228,2632,,"Criador de planta baixa, design de interiores, decoração de casas e casa 3D",https://play.google.com/store/apps/details?id=com.icandesignapp.all&hl=pt&gl=br,19,65,37,crescendo,4581940,69849.15,249461.25,810749.07,154665.98,1347090.77,835196.28,alta,25,4.12,76.0,20.0,"SerpAPI, ScrapingBee"
1,Saúde e Fitness,7,Desafio 30 Dias Fitness,com.popularapp.thirtydayfitnesschallenge,Leap Fitness Group,support@leap.app,https://leap.app,Saúde e fitness,4.869329,550078,24436,10.000.000+,10000000,49065577,1,0,BRL,1,1,"R$ 40,99 – R$ 329,99 por item",Classificação Livre,19 de mai. de 2016,1782300322,2.1.1,,"Aceite o desafio: 30 Dias para melhorar sua saúde e boa forma, em casa.",https://play.google.com/store/apps/details?id=com.popularapp.thirtydayfitnesschallenge&hl=pt&gl=br,19,65,37,crescendo,6600215,712994.88,2546410.29,8275833.43,1578774.38,13750615.54,8525381.64,alta,25,4.84,96.0,4.0,"SerpAPI, ScrapingBee"
1,Finanças,8,Yahoo Finanças,com.yahoo.mobile.client.android.finance,Yahoo,finance.support@yahooinc.com,https://mobile.yahoo.com/finance,Finanças,4.7952757,241521,1200,10.000.000+,10000000,25031864,1,0,BRL,1,0,,Classificação Livre,10 de nov. de 2014,1782513164,26.12.1,,"Siga suas ações favoritas, índices, e criptomoedas.",https://play.google.com/store/apps/details?id=com.yahoo.mobile.client.android.finance&hl=pt&gl=br,19,65,37,crescendo,3270666,4541.2,16218.58,52710.38,7784.92,87580.33,42038.56,alta,25,4.76,92.0,4.0,"SerpAPI, ScrapingBee"
1,Educação,2,Cursa - Cursos online,com.ionicframework.cursosdegraca,Cursa Educação,contato@cursa.app,https://cursa.app,Educação,4.8771276,264262,29553,10.000.000+,10000000,10919695,1,0,BRL,1,0,,Classificação Livre,31 de jan. de 2017,1782860152,2.9.6,,+ de 5.000 Cursos Gratuitos com Certificados e Exercícios totalmente grátis,https://play.google.com/store/apps/details?id=com.ionicframework.cursosdegraca&hl=pt&gl=br,19,65,37,crescendo,1374837,912.96,3260.56,10596.83,1565.07,17607.05,8451.38,alta,25,4.88,100.0,0.0,"SerpAPI, ScrapingBee"
1,Livros e Referências,3,Skeelo: Audiobooks & Ebooks,br.com.gold360.skeelo,Skeelo,contato@skeelo.com,https://ajuda.skeelo.com/hc/pt-br/requests/new,Livros e referências,4.740345,201058,40648,10.000.000+,10000000,13640066,1,0,BRL,0,1,"R$ 0,30 – R$ 5.200,00 por item",Classificação Livre,30 de mai. de 2019,1782851085,Varies with device,,Leia ebooks ou ouça audiobooks incríveis,https://play.google.com/store/apps/details?id=br.com.gold360.skeelo&hl=pt&gl=br,19,65,37,crescendo,1734737,1346.88,4810.28,15633.42,2982.38,25975.53,16104.83,alta,25,3.88,64.0,20.0,"SerpAPI, ScrapingBee"
1,Automóveis e Veículos,10,Car Scanner ELM OBD2,com.ovz.carscanner,CAR SCANNER LLC,admin@carscanner.info,https://www.carscanner.info,Veículos,4.779351,344190,8987,10.000.000+,10000000,26908770,1,0,BRL,1,1,"R$ 6,99 – R$ 29,99 por item",Classificação Livre,23 de jan. de 2018,1782134205,2.1.46,,O melhor diagnóstico de carro com a mais ampla variedade de recursos e painel!,https://play.google.com/store/apps/details?id=com.ovz.carscanner&hl=pt&gl=br,19,65,37,crescendo,3527056,29960.8,107002.86,347759.3,66341.77,577815.45,358245.58,alta,25,4.76,96.0,4.0,"SerpAPI, ScrapingBee"
2,Livros e Referências,9,Moon+ Reader,com.flyersoft.moonreader,Moon+,seanyword@gmail.com,http://www.moondownload.com,Livros e referências,4.4945416,269638,8651,10.000.000+,10000000,28099662,1,0,BRL,1,1,"R$ 4,99 por item",Classificação Livre,7 de ago. de 2010,1779507999,10.6,,o teu leitor de livros electrónicos digital enriquecido,https://play.google.com/store/apps/details?id=com.flyersoft.moonreader&hl=pt&gl=br,29,56,37,normal,2795551,7764.12,27729.0,90119.26,17191.98,149736.62,92836.71,alta,25,4.2,76.0,16.0,"SerpAPI, ScrapingBee"
29,Negócios · Nota Fiscal e Contabilidade,24,Conta MEI Digital,com.openmei.contameidigital,Open MEI,suporte@openmei.com.br,https://contameidigital.com.br/,Finanças,,,,100+,100,222,1,0,BRL,0,0,,Classificação Livre,20 de jun. de 2024,,Varies with device,,Contador online para seu MEI!,https://play.google.com/store/apps/details?id=com.openmei.contameidigital&hl=pt&gl=br,100,12,36,pequeno/indie,10,0.0,0.0,0.0,0.0,0.0,0.0,baixa,1,1.0,0.0,100.0,"SerpAPI, Firecrawl"
29,Negócios · Nota Fiscal e Contabilidade,4,MEI Pronto,com.openmei.meipronto,Open MEI,suporte@openmei.com.br,https://meipronto.com.br,Finanças,,,,1.000+,1000,2349,1,0,BRL,0,0,,Classificação Livre,20 de jun. de 2024,,Varies with device,,Contador online para seu MEI!,https://play.google.com/store/apps/details?id=com.openmei.meipronto&hl=pt&gl=br,100,12,36,pequeno/indie,137,0.0,0.0,0.0,0.0,0.0,0.0,baixa,0,0.0,0.0,0.0,"SerpAPI, Firecrawl"
23,"Busca: ""rifa""",22,Rifa web: Criar rifa fácil,com.aaservicosdigitais.rifaweb,A&A SERVIÇOS DIGITAIS,suporte@rifaweb.app,https://www.rifaweb.digital/,Ferramentas,3.6486487,37,23,10.000+,10000,17818,1,0,BRL,0,0,,Classificação Livre,17 de jan. de 2023,1759291189,1.0.1,,Aplicativo completo para criação de rifas - Baixe agora,https://play.google.com/store/apps/details?id=com.aaservicosdigitais.rifaweb&hl=pt&gl=br,100,12,36,pequeno/indie,1202,0.0,0.0,0.0,0.0,0.0,0.0,baixa,23,3.17,52.2,43.5,"SerpAPI, Brave Search, Firecrawl, DevSite:Firecrawl"
14,Produtividade,3,Any.do - Tarefas + Calendário,com.anydo,Any.do To-do list & Calendar,customers@any.do,https://www.any.do,Produtividade,4.733822,504635,7429,10.000.000+,10000000,32576120,1,0,BRL,0,1,"R$ 2,50 – R$ 484,99 por item",Classificação Livre,10 de nov. de 2011,1780298438,Varies with device,,"Organize sua vida com uma lista de tarefas, calendário e planejador diário",https://play.google.com/store/apps/details?id=com.anydo&hl=pt&gl=br,19,63,36,normal,3587995,639737.69,2284777.47,7425526.77,1416562.03,12337798.32,7649434.96,alta,25,3.72,68.0,32.0,"SerpAPI, ScrapingBee"
9,Compras,9,Buscapé: Promoção e cashback,br.com.buscape.MainPack,Banco Pan S.A,app@buscape.com.br,http://www.buscape.com.br/celular,Compras,4.615162,162387,48918,10.000.000+,10000000,31834743,1,0,BRL,1,0,,Classificação 10 anos,23 de dez. de 2010,1779223847,5.77.8,,"Seleção Buscapé rumo ao hexa! Ofertas de eletrônicos, eletrodomésticos, móveis",https://play.google.com/store/apps/details?id=br.com.buscape.MainPack&hl=pt&gl=br,19,62,36,normal,3502837,2326.05,8307.33,26998.82,3987.52,44859.58,21532.6,alta,25,4.6,88.0,8.0,"SerpAPI, ScrapingBee"
9,Produtividade,1,Any.do - Tarefas + Calendário,com.anydo,Any.do To-do list & Calendar,customers@any.do,https://www.any.do,Produtividade,4.733822,504635,7429,10.000.000+,10000000,32576120,1,0,BRL,0,1,"R$ 2,50 – R$ 484,99 por item",Classificação Livre,10 de nov. de 2011,1780298438,Varies with device,,"Organize sua vida com uma lista de tarefas, calendário e planejador diário",https://play.google.com/store/apps/details?id=com.anydo&hl=pt&gl=br,19,63,36,normal,3587995,639737.69,2284777.47,7425526.77,1416562.03,12337798.32,7649434.96,alta,25,3.72,68.0,32.0,"SerpAPI, ScrapingBee"
10,Produtividade,17,"Notas, Bloco de Notas - Notein",notes.notepad.checklist.calendar.todolist.notebook,Simple Design Ltd.,support@simpledesign.ltd,https://simpledesign.ltd/,Produtividade,4.926037,444246,13825,10.000.000+,10000000,30095190,1,0,BRL,1,1,"R$ 23,99 – R$ 184,99 por item",Classificação Livre,8 de abr. de 2022,1779283669,1.4.1.98,,🔥Bloco de notas simples. Faça anotações e listas de tarefas com lembretes.,https://play.google.com/store/apps/details?id=notes.notepad.checklist.calendar.todolist.notebook&hl=pt&gl=br,19,62,36,normal,3303352,256278.79,915281.41,2974664.58,567474.47,4942519.62,3064362.16,alta,25,4.72,92.0,4.0,"SerpAPI, ScrapingBee"
10,Produtividade,1,Any.do - Tarefas + Calendário,com.anydo,Any.do To-do list & Calendar,customers@any.do,https://www.any.do,Produtividade,4.733822,504638,7429,10.000.000+,10000000,32576120,1,0,BRL,0,1,"R$ 2,50 – R$ 484,99 por item",Classificação Livre,10 de nov. de 2011,1780298438,Varies with device,,"Organize sua vida com uma lista de tarefas, calendário e planejador diário",https://play.google.com/store/apps/details?id=com.anydo&hl=pt&gl=br,19,63,36,normal,3587995,639737.69,2284777.47,7425526.77,1416562.03,12337798.32,7649434.96,alta,25,3.72,68.0,32.0,"SerpAPI, ScrapingBee"
9,Livros e Referências,4,eReader Prestigio: Leitor,com.prestigio.ereader,Prestigio development team,ereader@prestigio.com,https://prestigio.com/,Livros e referências,4.8154383,552184,14116,10.000.000+,10000000,30997383,1,0,BRL,1,1,"R$ 3,39 – R$ 334,99 por item",Classificação Livre,29 de fev. de 2012,1778851601,Varies with device,,drm epub pdf mobi fb2 html rtf txt book reader - free ebook ereader by Prestigio,https://play.google.com/store/apps/details?id=com.prestigio.ereader&hl=pt&gl=br,19,61,36,normal,3406754,223966.26,799879.49,2599608.33,495925.28,4319349.23,2677996.52,alta,25,4.56,92.0,8.0,"SerpAPI, ScrapingBee"
1,Família,8,Bebi - Jogos para Crianças,com.happytools.learning.kids.games,Bebi Family: preschool learning games for kids,support@bebi.family,http://bebi.family/,Educativos,4.637621,242159,15523,10.000.000+,10000000,36717406,1,0,BRL,0,1,"R$ 3,19 – R$ 649,99 por item",Classificação Livre,17 de jul. de 2019,1779348140,10.09.67,,Aprenda jogando mais de 500 jogos divertidos e educativos <b>sem anúncios</b>.,https://play.google.com/store/apps/details?id=com.happytools.learning.kids.games&hl=pt&gl=br,19,62,36,normal,3455348,764659.59,2730927.1,8875513.07,1693174.8,14747006.34,9143143.93,alta,25,4.6,92.0,4.0,"SerpAPI, ScrapingBee"
1,Jogos de Simulação,18,Idle Guy: Rico vida simulação,com.heatherglade.idleguy,Heatherglade Publishing,support@heatherglade.com,https://heatherglade.com,Simulador,4.751543,421238,26779,10.000.000+,10000000,28637990,1,0,BRL,1,1,"R$ 2,69 – R$ 529,99 por item",Classificação 10 anos,,1780489980,1.12.2.552,,Simulação ocioso vida! Interativa milionário gestão história! Tornar milionário!,https://play.google.com/store/apps/details?id=com.heatherglade.idleguy&hl=pt&gl=br,19,63,36,normal,3199347,581216.7,2075773.91,6746265.22,1286979.83,11209179.14,6949691.07,alta,25,4.28,84.0,16.0,"SerpAPI, ScrapingBee"
1,Jogos de Simulação,10,TheoTown: Simulador de Cidades,info.flowersoft.theotown.theotown,blueflower,info@theotown.com,https://theotown.com/,Simulador,4.861239,796139,26944,10.000.000+,10000000,28749234,1,0,BRL,1,1,"R$ 3,29 – R$ 389,99 por item",Classificação Livre,11 de abr. de 2015,1779095234,1.12.74a,,"Sem limites. Construa, destrua e reconstrua a cidade do seu jeito.",https://play.google.com/store/apps/details?id=info.flowersoft.theotown.theotown&hl=pt&gl=br,19,61,36,normal,2676931,327166.22,1168450.79,3797465.08,724439.49,6309634.28,3911973.26,alta,25,4.8,96.0,4.0,"SerpAPI, ScrapingBee"
1,Jogos de RPG,9,Diablo Immortal,com.blizzard.diablo.immortal,"Blizzard Entertainment, Inc.",support@blizzard.com,https://battle.net/support/help/games/immortal,RPG,4.846767,2052034,45076,10.000.000+,10000000,23282844,1,0,BRL,0,1,"R$ 1,90 – R$ 1.099,90 por item",Classificação 18 anos,31 de mai. de 2022,1781045741,5.0.0,,Mate demônios. Salve Santuário. Sinta a ação do MMORPG na ponta dos dedos.,https://play.google.com/store/apps/details?id=com.blizzard.diablo.immortal&hl=pt&gl=br,19,63,36,normal,2577600,108286.92,386739.01,1256901.79,239778.19,2088390.67,1294802.22,alta,25,4.44,84.0,8.0,"SerpAPI, ScrapingBee"
1,Jogos de RPG,6,Grim Soul: Dark Survival RPG,fantasy.survival.game.rpg,Brickworks Games Ltd,support@grimsoulgame.com,http://grimsoulgame.com/,RPG,4.687936,770339,38763,10.000.000+,10000000,26610343,1,0,BRL,1,1,"R$ 1,19 – R$ 719,99 por item",Classificação 12 anos,16 de fev. de 2018,1781102006,8.2.6,,Jogo dos criadores de Last day on earth: sobrevivência RPG hardcore de verdade,https://play.google.com/store/apps/details?id=fantasy.survival.game.rpg&hl=pt&gl=br,19,63,36,normal,2963302,1455165.89,5197021.04,16890318.37,3222153.04,28063913.61,17399626.44,alta,25,4.64,84.0,0.0,"SerpAPI, ScrapingBee"
1,Jogos de Corrida,13,Static Shift Racing,com.timbojimbo.ssr,Timbo Jimbo,hello@timbojimbo.com,https://support.center.timbojimbo.com/,Corrida,4.683028,110594,5162,10.000.000+,10000000,13524534,1,0,BRL,0,1,"R$ 7,49 – R$ 479,99 por item",Classificação 10 anos,17 de jan. de 2023,1779954243,117.1.0,,Enfrente jogadores reais em um mundo aberto feito para as corridas!,https://play.google.com/store/apps/details?id=com.timbojimbo.ssr&hl=pt&gl=br,19,62,36,normal,1217897,201145.83,718377.95,2334728.33,445394.33,3879240.91,2405129.37,alta,25,4.68,96.0,4.0,"SerpAPI, ScrapingBee"
1,Jogos Educacionais,7,Smart kids play & learn,com.kidsiq.quickgameapp,Amandeep Singh wavy,wavyinformatics@gmail.com,https://wavyinformatics.com,Educativos,,,,5.000+,5000,7113,1,0,BRL,0,0,,Classificação Livre,11 de mar. de 2024,1725026417,1.0.0,,"Play, learn, grow: colorful games for kids!",https://play.google.com/store/apps/details?id=com.kidsiq.quickgameapp&hl=pt&gl=br,100,12,36,pequeno/indie,384,0.0,0.0,0.0,0.0,0.0,0.0,baixa,0,0.0,0.0,0.0,"SerpAPI, ScrapingBee"
1,Jogos de Cassino,11,Jackpot Master™ Slots - Casino,com.jmsgame.jackpotmastercasino,Zeroo Gravity Games,gamesupport@zeroogravity.com,http://zeroogravitygames.com/,Cassino,4.6784453,465753,830,10.000.000+,10000000,11209378,1,0,BRL,1,1,"R$ 4,99 – R$ 2.949,99 por item",Classificação 18 anos,22 de jul. de 2021,1780655023,2.0.84,,Experimente os jogos de caça-níqueis de Las Vegas com jackpots enormes e infinitos!,https://play.google.com/store/apps/details?id=com.jmsgame.jackpotmastercasino&hl=pt&gl=br,19,63,36,normal,1201043,74729.96,266892.72,867401.35,165473.49,1441220.71,893556.84,alta,25,4.44,84.0,12.0,"SerpAPI, ScrapingBee"
1,Jogos de Tabuleiro,2,Damas - Online & Offline,com.gamovation.quickcheckers,GamoVation,info@gamovation.com,https://www.gamovation.com,Tabuleiros,4.6009693,262663,7847,10.000.000+,10000000,45130156,1,0,BRL,1,1,"R$ 4,09 – R$ 409,99 por item",Classificação Livre,6 de abr. de 2020,1779281434,2.9.3,,O melhor jogo de dama online (8x8) multiplayer disponível gratuitamente.,https://play.google.com/store/apps/details?id=com.gamovation.quickcheckers&hl=pt&gl=br,19,62,36,normal,4284849,606244.46,2165158.78,7036766.05,1342398.45,11691857.43,7248951.61,alta,25,2.68,40.0,56.0,"SerpAPI, ScrapingBee"
3,Notícias e Revistas,18,World Newspapers: Notícias,com.smtechq.worldnewspapers,All World News,all.world.news.apps@gmail.com,https://world-newspapers.net/,Notícias e revistas,,,,10.000+,10000,11494,1,0,BRL,0,0,,Classificação Livre,11 de mar. de 2025,,Varies with device,,"Leia jornais do mundo todo. Notícias globais rápidas, grátis e em um só app.",https://play.google.com/store/apps/details?id=com.smtechq.worldnewspapers&hl=pt&gl=br,100,12,36,pequeno/indie,754,0.0,0.0,0.0,0.0,0.0,0.0,baixa,1,2.0,0.0,100.0,"SerpAPI, ScrapingBee"
1,Jogos em Geral,5,Magic Rampage,com.asanteegames.magicrampage,Asantee Games,support@asanteegames.com,https://magicrampage.com/,RPG,4.76479,758003,106824,10.000.000+,10000000,44891921,1,0,BRL,1,1,"R$ 3,90 – R$ 35,90 por item",Classificação 12 anos,4 de mar. de 2015,1780923419,7.8.2,,Aventura Incrível de RPG e Plataforma!,https://play.google.com/store/apps/details?id=com.asanteegames.magicrampage&hl=pt&gl=br,19,63,36,normal,5113518,150128.07,536171.67,1742557.91,332426.43,2895326.99,1795102.74,alta,25,4.68,96.0,4.0,"SerpAPI, ScrapingBee"
1,Jogos em Geral,4,Into the Dead 2,com.pikpok.dr2.play,PIKPOK,support@pikpok.com,http://www.pikpok.com,Ação,4.686305,713582,26295,10.000.000+,10000000,45481590,1,0,BRL,1,1,"R$ 0,99 – R$ 537,00 por item",Classificação 14 anos,11 de out. de 2017,1780354052,1.85.0,,"Num mundo dominado por zumbis, até onde você irá para sobreviver?",https://play.google.com/store/apps/details?id=com.pikpok.dr2.play&hl=pt&gl=br,19,63,36,normal,4319648,792509.96,2830392.72,9198776.34,1754843.49,15284120.69,9476154.83,alta,25,4.28,84.0,16.0,"SerpAPI, ScrapingBee"
1,Clima,14,Clima & Widget - Weawow,com.weawow,Weawow,support@weawow.com,https://weawow.com/,Clima,4.896696,744461,11167,10.000.000+,10000000,10037639,1,0,BRL,0,1,"R$ 7,00 – R$ 200,00 por item",Classificação Livre,1 de mai. de 2017,1780286314,7.1.7,,Sem anúncios. App de clima bonita e altamente personalizável,https://play.google.com/store/apps/details?id=com.weawow&hl=pt&gl=br,19,63,36,normal,1049113,45985.0,164232.15,533754.49,101823.93,886853.61,549849.24,alta,25,4.96,100.0,0.0,"SerpAPI, ScrapingBee"
1,Clima,12,Tempo Brasil Clima XL PRO,com.exovoid.weather.app,Exovoid Sàrl,support@exovoid.ch,http://www.exovoid.ch,Clima,4.620715,505454,21974,10.000.000+,10000000,30502519,1,0,BRL,1,1,"R$ 25,75 por item",Classificação Livre,15 de ago. de 2014,1778409932,Varies with device,,"Previsões do tempo, belas animações",https://play.google.com/store/apps/details?id=com.exovoid.weather.app&hl=pt&gl=br,19,61,36,normal,3350021,35233.61,125834.34,408961.6,78017.29,679505.42,421293.36,alta,25,4.92,96.0,0.0,"SerpAPI, ScrapingBee"
1,Produtividade,1,Any.do - Tarefas + Calendário,com.anydo,Any.do To-do list & Calendar,customers@any.do,https://www.any.do,Produtividade,4.733822,504635,7429,10.000.000+,10000000,32576120,1,0,BRL,0,1,"R$ 2,50 – R$ 484,99 por item",Classificação Livre,10 de nov. de 2011,1780298438,Varies with device,,"Organize sua vida com uma lista de tarefas, calendário e planejador diário",https://play.google.com/store/apps/details?id=com.anydo&hl=pt&gl=br,19,63,36,normal,3587995,639737.69,2284777.47,7425526.77,1416562.03,12337798.32,7649434.96,alta,25,3.72,68.0,32.0,"SerpAPI, ScrapingBee"
1,Música e Áudio,14,Podcast Addict - Podcast/Radio,com.bambuna.podcastaddict,Xavier Guillemane - Podcast & Radio Addict,support@podcastaddict.com,https://podcastaddict.com,Música e áudio,4.695107,594417,13651,10.000.000+,10000000,13140474,1,0,BRL,1,1,"R$ 5,49 – R$ 589,99 por item",Classificação 14 anos,10 de jan. de 2012,1781915992,Varies with device,,"Gerencie seus Podcasts, Audiobooks, feeds RSS e Rádios em um único app",https://play.google.com/store/apps/details?id=com.bambuna.podcastaddict&hl=pt&gl=br,19,64,36,normal,1668389,211479.88,755285.3,2454677.23,468276.89,4078540.63,2528695.19,alta,25,4.52,92.0,4.0,"SerpAPI, ScrapingBee"
1,Música e Áudio,9,Musicolet Reprodutor de música,in.krosbits.musicolet,Krosbits,musicolet@krosbits.in,http://krosbits.in/musicolet,Música e áudio,4.6771445,236819,10505,10.000.000+,10000000,20234184,1,0,BRL,0,1,"R$ 20,90 – R$ 359,20 por item",Classificação Livre,24 de jun. de 2016,1779175137,Varies with device,,Várias filas • Equalizadores separados • Crie letras sincronizadas • E mais…,https://play.google.com/store/apps/details?id=in.krosbits.musicolet&hl=pt&gl=br,19,61,36,normal,2182599,159699.17,570354.19,1853651.12,353619.6,3079912.63,1909545.83,alta,25,4.52,88.0,12.0,"SerpAPI, ScrapingBee"
1,Mapas e Navegação,8,OsmAnd — Mapas e GPS Offline,net.osmand,OsmAnd,support@osmand.net,https://osmand.net,Viagem e Turismo,4.747768,243881,1166,10.000.000+,10000000,15019529,1,0,BRL,0,1,"R$ 6,63 – R$ 249,99 por item",Classificação Livre,16 de ago. de 2010,1778506071,5.3.10,,A navegação nas caminhadas não é um problema. Descarregue o mapa e coloque notas,https://play.google.com/store/apps/details?id=net.osmand&hl=pt&gl=br,19,61,36,normal,1598727,78976.08,282057.41,916686.59,174875.6,1523110.03,944328.22,alta,25,4.28,84.0,16.0,"SerpAPI, ScrapingBee"
1,Bibliotecas e Demonstrações,12,eReader Prestigio: Leitor,com.prestigio.ereader,Prestigio development team,ereader@prestigio.com,https://prestigio.com/,Livros e referências,4.8154383,552181,14116,10.000.000+,10000000,30997383,1,0,BRL,1,1,"R$ 3,39 – R$ 334,99 por item",Classificação Livre,29 de fev. de 2012,1778851601,Varies with device,,drm epub pdf mobi fb2 html rtf txt book reader - free ebook ereader by Prestigio,https://play.google.com/store/apps/details?id=com.prestigio.ereader&hl=pt&gl=br,19,61,36,normal,3406754,223966.26,799879.49,2599608.33,495925.28,4319349.23,2677996.52,alta,25,4.56,92.0,8.0,"SerpAPI, ScrapingBee"
1,Casa e Decoração,8,Home Design 3D: Criar Casa,fr.anuman.HomeDesign3D,Anuman,support@homedesign3d.net,https://en.homedesign3d.net/,Casa e decoração,4.4028435,46659,3228,10.000.000+,10000000,24430240,1,0,BRL,1,1,"R$ 2,09 – R$ 109,90 por item",Classificação Livre,21 de nov. de 2014,1756307762,5.4.1,,Crie plantas de casa em 3D. Design de interiores e preview realista,https://play.google.com/store/apps/details?id=fr.anuman.HomeDesign3D&hl=pt&gl=br,49,32,36,normal,2415644,38545.14,137661.23,447398.98,85349.96,743370.62,460889.78,alta,25,3.72,68.0,24.0,"SerpAPI, ScrapingBee"
1,Entretenimento,6,Angel: TV e Filmes,com.vidangel.thechosen,"Angel Studios, Inc.",support@angel.com,https://www.angel.com,Entretenimento,4.630526,373989,33012,10.000.000+,10000000,19271210,1,0,BRL,0,1,"R$ 68,99 – R$ 1.049,99 por item",Classificação Livre,23 de nov. de 2019,1781732616,26.6.11,,"Transmita Homestead, Sound of Freedom, Cabrini, Dry Bar Comedy e mais.",https://play.google.com/store/apps/details?id=com.vidangel.thechosen&hl=pt&gl=br,19,64,36,normal,2489084,59396.22,212129.34,689420.37,131520.19,1145498.46,710209.04,alta,25,2.48,36.0,60.0,"SerpAPI, ScrapingBee"
1,Entretenimento,5,SuperCine.TV - Filmes e Séries,tv.supercine,Royal solutions,contato.royalprime@protonmail.com,https://mee727d47.app-ads-txt.com,Entretenimento,4.520893,184172,93625,10.000.000+,10000000,16778568,1,0,BRL,1,0,,Classificação 16 anos,31 de ago. de 2022,1776630918,1.0.0,,Mantenha-se sempre atualizado .,https://play.google.com/store/apps/details?id=tv.supercine&hl=pt&gl=br,29,53,36,normal,1794842,1083.51,3869.68,12576.46,1857.45,20896.27,10030.21,alta,25,3.76,60.0,20.0,"SerpAPI, ScrapingBee"
1,Encontros,15,Solteiros Locais: Bloom,com.jaumo.prime,Joyride GmbH,help@getbloomapp.com,https://www.getbloomapp.com,Encontros,4.738526,612831,44616,10.000.000+,10000000,33387746,1,0,BRL,1,1,"R$ 2,99 – R$ 1.199,00 por item",Classificação 18 anos,13 de dez. de 2016,1779779203,202605.1.0,,App de namoro para encontrar o amor. Converse com pessoas reais & solteiras.,https://play.google.com/store/apps/details?id=com.jaumo.prime&hl=pt&gl=br,19,62,36,normal,3681314,10083.28,36011.73,117038.11,22327.27,194463.32,120567.26,alta,25,3.76,68.0,32.0,"SerpAPI, ScrapingBee"
1,Encontros,4,Lovely bate-papo com solteiros,com.pinkapp,Joyride GmbH,help@lovelyapp.com,https://www.lovelyapp.com,Encontros,4.801097,631790,52065,10.000.000+,10000000,31723186,1,0,BRL,1,1,"R$ 2,99 – R$ 849,00 por item",Classificação 18 anos,18 de dez. de 2015,1779779203,202605.1.0,,"App de namoro para solteiros. Encontre amigos, flerte, ligue e bata papo online.",https://play.google.com/store/apps/details?id=com.pinkapp&hl=pt&gl=br,19,62,36,normal,3490030,1378800.27,4924286.67,16003931.68,3053057.74,26591148.02,16486511.77,alta,25,4.36,84.0,12.0,"SerpAPI, ScrapingBee"
1,Livros e Referências,2,eReader Prestigio: Leitor,com.prestigio.ereader,Prestigio development team,ereader@prestigio.com,https://prestigio.com/,Livros e referências,4.8154383,552181,14116,10.000.000+,10000000,30997383,1,0,BRL,1,1,"R$ 3,39 – R$ 334,99 por item",Classificação Livre,29 de fev. de 2012,1778851601,Varies with device,,drm epub pdf mobi fb2 html rtf txt book reader - free ebook ereader by Prestigio,https://play.google.com/store/apps/details?id=com.prestigio.ereader&hl=pt&gl=br,19,61,36,normal,3406754,223966.26,799879.49,2599608.33,495925.28,4319349.23,2677996.52,alta,25,4.56,92.0,8.0,"SerpAPI, ScrapingBee"
2,Entretenimento,7,Angel: TV e Filmes,com.vidangel.thechosen,"Angel Studios, Inc.",support@angel.com,https://www.angel.com,Entretenimento,4.630526,373989,33012,10.000.000+,10000000,19271210,1,0,BRL,0,1,"R$ 68,99 – R$ 1.049,99 por item",Classificação Livre,23 de nov. de 2019,1781732616,26.6.11,,"Transmita Homestead, Sound of Freedom, Cabrini, Dry Bar Comedy e mais.",https://play.google.com/store/apps/details?id=com.vidangel.thechosen&hl=pt&gl=br,19,64,36,normal,2489084,59396.22,212129.34,689420.37,131520.19,1145498.46,710209.04,alta,25,2.48,36.0,60.0,"SerpAPI, ScrapingBee"
2,Entretenimento,2,SuperCine.TV - Filmes e Séries,tv.supercine,Royal solutions,contato.royalprime@protonmail.com,https://mee727d47.app-ads-txt.com,Entretenimento,4.520893,184172,93625,10.000.000+,10000000,16778568,1,0,BRL,1,0,,Classificação 16 anos,31 de ago. de 2022,1776630918,1.0.0,,Mantenha-se sempre atualizado .,https://play.google.com/store/apps/details?id=tv.supercine&hl=pt&gl=br,29,53,36,normal,1794842,1083.51,3869.68,12576.46,1857.45,20896.27,10030.21,alta,25,3.76,60.0,20.0,"SerpAPI, ScrapingBee"
1,Arte e Design,7,Infinite Painter,com.brakefield.painter,Infinite Studio LLC,support@infinitestudio.art,https://www.infinitestudio.art/,Arte e design,4.621653,239394,6335,10.000.000+,10000000,36646489,1,0,BRL,0,1,"R$ 2,99 – R$ 30,99 por item",Classificação Livre,2 de abr. de 2012,1778530473,7.2.7,,"Pintar, esboçar e ilustrar",https://play.google.com/store/apps/details?id=com.brakefield.painter&hl=pt&gl=br,19,61,36,normal,4056925,26536.96,94774.86,308018.3,58760.41,511784.25,317306.24,alta,25,3.88,72.0,24.0,"SerpAPI, ScrapingBee"
2,Livros e Referências,4,eReader Prestigio: Leitor,com.prestigio.ereader,Prestigio development team,ereader@prestigio.com,https://prestigio.com/,Livros e referências,4.8153887,552181,14116,10.000.000+,10000000,30997383,1,0,BRL,1,1,"R$ 3,39 – R$ 334,99 por item",Classificação Livre,29 de fev. de 2012,1778851601,Varies with device,,drm epub pdf mobi fb2 html rtf txt book reader - free ebook ereader by Prestigio,https://play.google.com/store/apps/details?id=com.prestigio.ereader&hl=pt&gl=br,19,61,36,normal,3406754,223966.26,799879.49,2599608.33,495925.28,4319349.23,2677996.52,alta,25,4.56,92.0,8.0,"SerpAPI, ScrapingBee"
29,Personalização · Widgets,12,Mico - Widget & Live Wallpaper,com.sm.mico,MICO LTD,mikelockscreen@163.com,https://www.unbinghk.com/,Personalização,4.491453,184836,3147,10.000.000+,10000000,15368802,1,0,BRL,1,1,"R$ 1,59 – R$ 99,99 por item",Classificação Livre,28 de fev. de 2024,1783684980,1.62.0,,"Widgets, Papéis de Parede em HD, Temas no Mico Widget para Tela de Bloqueio",https://play.google.com/store/apps/details?id=com.sm.mico&hl=pt&gl=br,19,59,35,normal,1786464,39612.38,141472.77,459786.5,87713.12,763952.95,473650.83,alta,25,3.36,52.0,24.0,"SerpAPI, Firecrawl"
29,Personalização · Widgets,5,Temas e trocador de ícones,com.eco.iconchanger.themes,Eco Mobile Style,iconchanger.android@app.ecomobile.vn,https://www.ecomobile.vn/,Personalização,4.5521817,182628,4755,10.000.000+,10000000,13574200,1,0,BRL,1,1,"R$ 1,99 – R$ 519,99 por item",Classificação Livre,9 de mai. de 2023,1783147291,1.1.22,,"Fácil de criar sua própria tela inicial com widgets, ícone de aplicativo e temas",https://play.google.com/store/apps/details?id=com.eco.iconchanger.themes&hl=pt&gl=br,19,58,35,normal,1725984,191917.92,685421.13,2227618.68,424961.1,3701274.12,2294789.95,alta,25,4.6,88.0,8.0,"SerpAPI, Firecrawl"
29,Personalização · Ícones e Temas,1,Temas e trocador de ícones,com.eco.iconchanger.themes,Eco Mobile Style,iconchanger.android@app.ecomobile.vn,https://www.ecomobile.vn/,Personalização,4.5521817,182628,4755,10.000.000+,10000000,13574200,1,0,BRL,1,1,"R$ 1,99 – R$ 519,99 por item",Classificação Livre,9 de mai. de 2023,1783147291,1.1.22,,"Fácil de criar sua própria tela inicial com widgets, ícone de aplicativo e temas",https://play.google.com/store/apps/details?id=com.eco.iconchanger.themes&hl=pt&gl=br,19,58,35,normal,1725984,191917.92,685421.13,2227618.68,424961.1,3701274.12,2294789.95,alta,25,4.6,88.0,8.0,"SerpAPI, Firecrawl"
29,Personalização · Papéis de Parede,22,Walli - Papéis de parede HD,com.shanga.walli,Tap AI,support@tap.pm,https://walliapp.com,Personalização,4.507478,894708,26524,10.000.000+,10000000,40439924,1,0,BRL,1,1,"R$ 2,00 – R$ 149,99 por item",Classificação 12 anos,9 de jun. de 2016,1784202826,2.12.104,,Papéis de parede que inspiram. Arte incrível e criatividade no Walli.,https://play.google.com/store/apps/details?id=com.shanga.walli&hl=pt&gl=br,19,59,35,normal,5395086,177217.41,632919.33,2056987.82,392409.98,3417764.38,2119013.92,alta,25,4.36,84.0,16.0,"SerpAPI, Firecrawl"
26,"Busca: ""bitcoin""",13,KuCoin: Compre BTC e cripto,com.kubi.kucoin,Kugame Global Limited,support@kucoin.com,https://www.kucoin.com,Finanças,4.4153075,286729,1879,10.000.000+,10000000,23186889,1,0,BRL,1,0,,Classificação Livre,3 de mai. de 2018,1783619417,4.34.1,,"Negocie volatilidade com rapidez, alavancagem e liquidez na KuCoin Futures",https://play.google.com/store/apps/details?id=com.kubi.kucoin&hl=pt&gl=br,19,59,35,normal,,,,,,,,,,,,,
21,"Busca: ""crypto wallet""",29,Tonkeeper — TON Wallet,com.ton_keeper,Ton Apps Limited,contact@tonkeeper.com,https://tonkeeper.com,Finanças,4.49,139919,131,10.000.000+,10000000,47240266,1,0,BRL,0,1,"R$ 25,99 – R$ 77,99 por item",Classificação Livre,5 de out. de 2021,1782888126,26.06.1,,Carteira Toncoin fácil e segura,https://play.google.com/store/apps/details?id=com.ton_keeper&hl=pt&gl=br,19,58,35,normal,,,,,,,,,,,,,
20,"Busca: ""wallet""",41,Tonkeeper — TON Wallet,com.ton_keeper,Ton Apps Limited,contact@tonkeeper.com,https://tonkeeper.com,Finanças,4.49,139919,131,10.000.000+,10000000,47240266,1,0,BRL,0,1,"R$ 25,99 – R$ 77,99 por item",Classificação Livre,5 de out. de 2021,1782888126,26.06.1,,Carteira Toncoin fácil e segura,https://play.google.com/store/apps/details?id=com.ton_keeper&hl=pt&gl=br,19,58,35,normal,5767646,265525.99,948307.09,3081998.04,587950.4,5120858.29,3174932.14,alta,25,3.32,52.0,32.0,"SerpAPI, Firecrawl"
14,Produtividade,16,ClevNote - Listas de tarefas,com.dencreak.esmemo,Cleveni Inc.,cs@cleveni.com,https://www.cleveni.com/clevnote,Produtividade,4.707229,192611,2290,10.000.000+,10000000,13245377,1,0,BRL,1,1,"R$ 9,90 – R$ 84,90 por item",Classificação Livre,4 de mar. de 2013,1777268992,2.24.18,,Um app de notas útil para gerenciar suas atividades diárias com facilidade,https://play.google.com/store/apps/details?id=com.dencreak.esmemo&hl=pt&gl=br,19,60,35,normal,1401926,45651.94,163042.66,529888.64,101086.45,880430.35,545866.82,alta,25,4.36,84.0,12.0,"SerpAPI, ScrapingBee"
9,Personalização,4,Temas e trocador de ícones,com.eco.iconchanger.themes,Eco Mobile Style,iconchanger.android@app.ecomobile.vn,https://www.ecomobile.vn/,Personalização,4.535714,178937,4677,10.000.000+,10000000,13362175,1,0,BRL,1,1,"R$ 1,99 – R$ 519,99 por item",Classificação Livre,9 de mai. de 2023,1783147291,1.1.21,,"Fácil de criar sua própria tela inicial com widgets, ícone de aplicativo e temas",https://play.google.com/store/apps/details?id=com.eco.iconchanger.themes&hl=pt&gl=br,19,60,35,normal,1414849,102974.25,367765.18,1195236.83,228014.41,1985931.96,1231277.82,alta,25,4.4,88.0,12.0,"SerpAPI, ScrapingBee"
11,Personalização,4,Temas e trocador de ícones,com.eco.iconchanger.themes,Eco Mobile Style,iconchanger.android@app.ecomobile.vn,https://www.ecomobile.vn/,Personalização,4.536097,178937,4677,10.000.000+,10000000,13362175,1,0,BRL,1,1,"R$ 1,99 – R$ 519,99 por item",Classificação Livre,9 de mai. de 2023,1783147291,1.1.21,,"Fácil de criar sua própria tela inicial com widgets, ícone de aplicativo e temas",https://play.google.com/store/apps/details?id=com.eco.iconchanger.themes&hl=pt&gl=br,19,60,35,normal,1414849,102974.25,367765.18,1195236.83,228014.41,1985931.96,1231277.82,alta,25,4.4,88.0,12.0,"SerpAPI, ScrapingBee"
9,Comunicação,5,JusTalk - Bate-papo por vídeo,com.juphoon.justalk,JusTalk,support@justalk.com,https://justalk.com,Comunicação,4.4491725,319405,2256,10.000.000+,10000000,33224443,1,0,BRL,1,1,"R$ 4,09 – R$ 679,99 por item",Classificação 12 anos,19 de fev. de 2014,1783090814,8.14.1,,"Aplicativo de chamada de voz e de vídeo, chamada de grupo e mensagens privadas",https://play.google.com/store/apps/details?id=com.juphoon.justalk&hl=pt&gl=br,19,60,35,normal,3329573,317135.68,1132627.41,3681039.09,702229.0,6116188.02,3792036.57,alta,25,4.44,84.0,8.0,"SerpAPI, ScrapingBee"
10,Produtividade,15,ClevNote - Listas de tarefas,com.dencreak.esmemo,Cleveni Inc.,cs@cleveni.com,https://www.cleveni.com/clevnote,Produtividade,4.707229,192609,2290,10.000.000+,10000000,13245377,1,0,BRL,1,1,"R$ 9,90 – R$ 84,90 por item",Classificação Livre,4 de mar. de 2013,1777268992,2.24.18,,Um app de notas útil para gerenciar suas atividades diárias com facilidade,https://play.google.com/store/apps/details?id=com.dencreak.esmemo&hl=pt&gl=br,19,60,35,normal,1401926,45651.94,163042.66,529888.64,101086.45,880430.35,545866.82,alta,25,4.36,84.0,12.0,"SerpAPI, ScrapingBee"
7,Finanças,21,Santander Corretora: taxa 0,br.com.toroinvestimentos,Santander Corretora,mobile@toroinvestimentos.com.br,https://www.toroinvestimentos.com.br,Finanças,4.1998568,70677,12507,1.000.000+,1000000,1983085,1,0,BRL,0,0,,Classificação Livre,16 de fev. de 2020,1783102145,13.16.21687,,"Investimentos em Renda Fixa, Bolsa de Valores e Fundos sem taxa de corretagem.",https://play.google.com/store/apps/details?id=br.com.toroinvestimentos&hl=pt&gl=br,0,30,35,gigante,174458,0.0,0.0,0.0,0.0,0.0,0.0,média,150,2.72,38.7,50.7,"SerpAPI, Brave Search, ScrapingBee, DevSite:Scrape.do"
8,Finanças,18,Santander Corretora: taxa 0,br.com.toroinvestimentos,Santander Corretora,mobile@toroinvestimentos.com.br,https://www.toroinvestimentos.com.br,Finanças,4.1997423,70676,12507,1.000.000+,1000000,1983085,1,0,BRL,0,0,,Classificação Livre,16 de fev. de 2020,1783102145,13.16.21687,,"Investimentos em Renda Fixa, Bolsa de Valores e Fundos sem taxa de corretagem.",https://play.google.com/store/apps/details?id=br.com.toroinvestimentos&hl=pt&gl=br,0,30,35,gigante,174458,0.0,0.0,0.0,0.0,0.0,0.0,média,25,2.88,44.0,52.0,"SerpAPI, ScrapingBee"
1,Família,12,Jogos de Bebê 1-3 Educativos,com.educational.baby.games,Bebi Family: preschool learning games for kids,support@bebi.family,,Educativos,4.7558684,119492,1299,10.000.000+,10000000,10533138,1,0,BRL,0,1,"R$ 9,99 – R$ 214,99 por item",Classificação Livre,27 de ago. de 2019,1780901277,7.01.49,,"Jogo infantil pré escola para criança aprender: joguinhos, colorir, ler e contar",https://play.google.com/store/apps/details?id=com.educational.baby.games&hl=pt&gl=br,15,63,35,normal,1125393,85781.09,306361.04,995673.37,189943.84,1654349.6,1025696.75,alta,25,4.92,96.0,0.0,"SerpAPI, ScrapingBee"
1,Família,3,Sweet Home: Jogos infantis 3-7,com.playtoddlers.sweethomestories.free,SUBARA,support@subara.com,https://subara.com,Educativos,4.479844,105436,6434,10.000.000+,10000000,32978265,1,0,BRL,1,1,"R$ 9,99 – R$ 15,99 por item",Classificação Livre,24 de fev. de 2017,1782714048,1.5.4,,"Casinha de brincar p/ crianças 3-7: faz de conta, cuidar, cozinhar e histórias",https://play.google.com/store/apps/details?id=com.playtoddlers.sweethomestories.free&hl=pt&gl=br,19,59,35,normal,3369914,33690.08,120321.72,391045.58,74599.46,649737.28,402837.11,alta,25,4.64,88.0,8.0,"SerpAPI, ScrapingBee"
1,Jogos de Estratégia,9,The Battle of Polytopia,air.com.midjiwan.polytopia,Midjiwan AB,feedback@midjiwan.com,http://www.polytopia.io,Estratégia,4.535915,235861,6515,10.000.000+,10000000,17025622,1,0,BRL,0,1,"R$ 3,79 – R$ 23,99 por item",Classificação Livre,30 de nov. de 2016,1781500291,2.17.1.16265,,Jogo de estratégia em turnos. Construa uma Civilization e leve-a ao combate!,https://play.google.com/store/apps/details?id=air.com.midjiwan.polytopia&hl=pt&gl=br,19,58,35,normal,1858908,31810.53,113609.03,369229.33,70437.6,613488.74,380363.02,alta,25,4.36,80.0,8.0,"SerpAPI, ScrapingBee"
1,Jogos de RPG,10,Evil Lands: Jogo de RPG MMO,com.ragequitgames.evillands,Rage Quit Games Group,support@ragequitgames.com,https://ragequitgames.com,RPG,4.581673,499189,24346,10.000.000+,10000000,27867118,1,0,BRL,1,1,"R$ 5,49 – R$ 559,99 por item",Classificação 18 anos,8 de jul. de 2019,1781169632,4.3.0,,"Mundo aberto multiplayer com CO-OP, batalhas PVP e aventura medieval de fantasia",https://play.google.com/store/apps/details?id=com.ragequitgames.evillands&hl=pt&gl=br,19,57,35,normal,3109522,1198906.99,4281810.66,13915884.66,2654722.61,23121777.58,14335502.1,alta,25,4.64,92.0,4.0,"SerpAPI, ScrapingBee"
1,Jogos de Corrida,23,Car Eats Car 3 Survival Racing,com.smokoko.careatscar3,SMOKOKO LTD,support@smokoko.com,http://www.smokoko.com,Corrida,4.4476614,117547,2079,10.000.000+,10000000,26427838,1,0,BRL,1,1,"R$ 6,49 – R$ 254,99 por item",Classificação Livre,29 de dez. de 2017,1781164161,4.3.0,,"Corrida survival + batalhas de carros: dirija, evolua, boost e destrua inimigos!",https://play.google.com/store/apps/details?id=com.smokoko.careatscar3&hl=pt&gl=br,19,57,35,normal,2674630,240140.89,857646.03,2787349.61,531740.54,4631288.58,2871398.92,alta,25,4.52,84.0,12.0,"SerpAPI, ScrapingBee"
1,Jogos Educacionais,5,Jogos para crianças de 2 anos,com.gkgrips.preschoollearning,Gkgrips,gkgrips237@gmail.com,http://gkgrips.co.in/,Educativos,3.54,5502,103,5.000.000+,5000000,7656679,1,0,BRL,1,1,"R$ 8,99 – R$ 27,99 por item",Classificação Livre,1 de abr. de 2019,1757400772,2025.1.0.2,,Mais de 150 jogos infantis para crianças pré-escolares com mais de 2 anos,https://play.google.com/store/apps/details?id=com.gkgrips.preschoollearning&hl=pt&gl=br,59,10,35,normal,610729,5328.37,19029.89,61847.16,11798.53,102761.43,63712.09,alta,25,2.92,44.0,52.0,"SerpAPI, ScrapingBee"
1,Jogos de Cassino,10,Cash Frenzy- 777 Slot&Cassino,slots.pcg.casino.games.free.android,SpinX Games Limited,cashfrenzy-support@spinxgames.com,https://spinxgames.com/,Cassino,4.476142,1134785,3875,10.000.000+,10000000,30951395,1,0,BRL,1,1,"R$ 4,89 – R$ 1.899,99 por item",Classificação 18 anos,12 de jan. de 2019,1783051908,Varies with device,,Faça a aposta e gire o Mega Jackpot em 888 slots e Roleta no Vegas Cassino!,https://play.google.com/store/apps/details?id=slots.pcg.casino.games.free.android&hl=pt&gl=br,19,59,35,normal,3154099,194239.91,693713.95,2254570.34,430102.65,3746055.34,2322554.31,alta,25,4.52,92.0,8.0,"SerpAPI, ScrapingBee"
1,Jogos de Cassino,7,Slots Era - Jackpot Slots Game,com.murka.slotsera,Murka Games Limited,support@murka.com,https://murka.com,Cassino,4.4235296,773467,1202,10.000.000+,10000000,13234522,1,0,BRL,0,1,"R$ 1,99 – R$ 4.599,99 por item",Classificação 12 anos,5 de nov. de 2016,1782915689,2.75.0,,Online Casino Slots From Vegas. History & Nature Casino Games.,https://play.google.com/store/apps/details?id=com.murka.slotsera&hl=pt&gl=br,19,59,35,normal,1298854,76033.07,271546.67,882526.68,168358.94,1466352.03,909138.26,alta,25,4.52,88.0,12.0,"SerpAPI, ScrapingBee"
1,Jogos de Cassino,6,Club Vegas - Jogos de Cassino,com.bagelcode.slots1,Bagelcode: Social Casino & Slot Machine Games,apps@bagelcode.com,https://bagelcode.com,Cassino,4.495943,646784,6459,10.000.000+,10000000,21261700,1,0,BRL,1,1,"R$ 5,90 – R$ 20.449,99 por item",Classificação 18 anos,27 de abr. de 2017,1783057482,Varies with device,,Jogue Club Vegas hoje! Desfrute das melhores máquinas caça-níqueis online!,https://play.google.com/store/apps/details?id=com.bagelcode.slots1&hl=pt&gl=br,19,59,35,normal,2131304,154364.79,551302.84,1791734.22,341807.76,2977035.32,1845761.9,alta,25,4.12,76.0,20.0,"SerpAPI, ScrapingBee"
1,Jogos de Tabuleiro,12,Chess Clash: jogue online,com.miniclip.chess,Miniclip.com,support@miniclip.com,https://www.miniclip.com/,Tabuleiros,4.6701903,136981,745,10.000.000+,10000000,18032375,1,0,BRL,1,1,"R$ 3,50 – R$ 339,90 por item",Classificação 18 anos,28 de set. de 2021,1776938127,8.13.3,,Divirta-se muito com o melhor jogo de Xadrez para 2 jogadores e multijogador!,https://play.google.com/store/apps/details?id=com.miniclip.chess&hl=pt&gl=br,19,59,35,normal,1644896,175763.53,627726.88,2040112.36,389190.67,3389725.16,2101629.6,alta,25,4.16,80.0,16.0,"SerpAPI, ScrapingBee"
1,Jogos de Ação,13,Combat Master - FPS Móvel,com.AlfaBravo.CombatMaster,Alfa Bravo Inc.,alfabravogames@gmail.com,https://www.alfabravo.us,Ação,4.5781035,244322,11203,10.000.000+,10000000,14648132,1,0,BRL,0,1,"R$ 5,49 – R$ 284,99 por item",Classificação 12 anos,23 de dez. de 2021,1771020863,0.29.2,,Tiroteio de última geração. 2ª temporada! Desempenho extremo e muito mais,https://play.google.com/store/apps/details?id=com.AlfaBravo.CombatMaster&hl=pt&gl=br,29,47,35,normal,1323825,118439.84,422999.43,1374748.15,262259.65,2284196.93,1416202.1,alta,25,4.52,84.0,8.0,"SerpAPI, ScrapingBee"
1,Jogos em Geral,12,Albion Online - MMORPG sandbox,com.albiononline,Sandbox Interactive GmbH,support@albiononline.com,https://albiononline.com,RPG,4.460502,391434,18277,10.000.000+,10000000,21061036,1,0,BRL,0,1,"R$ 4,99 – R$ 1.308,00 por item",Classificação 12 anos,9 de jun. de 2021,1782832725,1.31.031.337183,,Albion Online é um MMORPG de mundo aberto localizado em mundo medieval.,https://play.google.com/store/apps/details?id=com.albiononline&hl=pt&gl=br,19,59,35,normal,2110305,6003.85,21442.33,69687.58,13294.25,115788.59,71788.93,alta,25,3.64,64.0,32.0,"SerpAPI, ScrapingBee"
1,Produtividade,10,ClevNote - Listas de tarefas,com.dencreak.esmemo,Cleveni Inc.,cs@cleveni.com,https://www.cleveni.com/clevnote,Produtividade,4.707229,192607,2290,10.000.000+,10000000,13245377,1,0,BRL,1,1,"R$ 9,90 – R$ 84,90 por item",Classificação Livre,4 de mar. de 2013,1777268992,2.24.18,,Um app de notas útil para gerenciar suas atividades diárias com facilidade,https://play.google.com/store/apps/details?id=com.dencreak.esmemo&hl=pt&gl=br,19,60,35,normal,1401926,45651.94,163042.66,529888.64,101086.45,880430.35,545866.82,alta,25,4.36,84.0,12.0,"SerpAPI, ScrapingBee"
1,Mapas e Navegação,15,GPS Navegação E Mapa Direção,com.entertaininglogixapps.gps.navigation.direction.find.route.map.guide.pro,Sharp Apps Studio,abrafay1098@gmail.com,https://currency-converter-app-90b54.web.app/,Mapas e navegação,4.2322273,68982,853,10.000.000+,10000000,31305969,1,0,BRL,1,1,"R$ 54,99 – R$ 2.999,99 por item",Classificação Livre,22 de mai. de 2019,1783052035,3.8.13,,Navegação GPS e Directions route finder app é um dos melhores guia de mapa livre,https://play.google.com/store/apps/details?id=com.entertaininglogixapps.gps.navigation.direction.find.route.map.guide.pro&hl=pt&gl=br,59,49,35,normal,3755073,85444.87,305160.26,991770.84,189199.36,1647865.4,1021676.55,alta,25,4.4,84.0,12.0,"SerpAPI, ScrapingBee"
1,Encontros,9,"Kismia: Namoro, Relacionamento",com.kismia.app,Kismia Group,support@kismia.com,https://kismia.com/,Social,4.4089303,547986,9520,10.000.000+,10000000,34840865,1,0,BRL,1,1,"R$ 1,49 – R$ 999,99 por item",Classificação 18 anos,27 de nov. de 2020,1780592607,2.5.11,,App de namoro e app de relacionamento. Encontre solteiros perto de você.,https://play.google.com/store/apps/details?id=com.kismia.app&hl=pt&gl=br,19,57,35,normal,4198500,893136.31,3189772.55,10366760.78,1977658.98,17224771.76,10679358.49,alta,25,2.6,36.0,48.0,"SerpAPI, ScrapingBee"
1,Comunicação,6,JusTalk - Bate-papo por vídeo,com.juphoon.justalk,JusTalk,support@justalk.com,https://justalk.com,Comunicação,4.4491725,319403,2256,10.000.000+,10000000,33224443,1,0,BRL,1,1,"R$ 4,09 – R$ 679,99 por item",Classificação 12 anos,19 de fev. de 2014,1783090814,8.14.1,,"Aplicativo de chamada de voz e de vídeo, chamada de grupo e mensagens privadas",https://play.google.com/store/apps/details?id=com.juphoon.justalk&hl=pt&gl=br,19,60,35,normal,3329573,317135.68,1132627.41,3681039.09,702229.0,6116188.02,3792036.57,alta,25,4.44,84.0,8.0,"SerpAPI, ScrapingBee"
1,Beleza,1,Hora Cuidados Pele ASMR,com.fc.p.gp.skincare.makeup.makeover.asmr.game,FALCON GAME,publisher.mkt@falcongames.com,https://falcongames.com,Simulador,4.0788865,37532,1556,10.000.000+,10000000,43144872,1,0,BRL,1,1,"R$ 9,99 – R$ 14,99 por item",Classificação Livre,21 de nov. de 2024,1781497761,0.9.0,,"Série de minijogos: cuidados da pele, maquiagem e cuidados com animais",https://play.google.com/store/apps/details?id=com.fc.p.gp.skincare.makeup.makeover.asmr.game&hl=pt&gl=br,49,60,35,normal,4460156,42507.27,151811.68,493387.95,94123.24,819783.06,508265.49,alta,25,3.96,76.0,16.0,"SerpAPI, ScrapingBee"
1,Arte e Design,13,Infinite Design,com.brakefield.idfree,Infinite Studio LLC,support@infinitestudio.art,http://www.infinitestudio.art/,Arte e design,4.514045,97828,1877,10.000.000+,10000000,15934567,1,0,BRL,0,1,"R$ 7,49 – R$ 30,99 por item",Classificação Livre,19 de set. de 2011,1748550496,3.5.9,,As únicas graves gráficos vetoriais app no ​​celular,https://play.google.com/store/apps/details?id=com.brakefield.idfree&hl=pt&gl=br,49,28,35,normal,1700628,9070.01,32392.89,105276.9,20083.59,174921.61,108451.4,alta,25,4.24,84.0,12.0,"SerpAPI, ScrapingBee"
1,Arte e Design,11,Aprenda a desenhar・ArtWorkout,app.artworkout.learn.how.to.draw,ArtWorkout,feedback@artworkout.app,https://artworkout.app,Arte e design,4.570699,414086,9023,10.000.000+,10000000,21166170,1,0,BRL,1,1,"R$ 29,99 – R$ 319,99 por item",Classificação 10 anos,16 de dez. de 2024,1782204189,0.1.86,,Desenho de pintar passo a passo・Caderno de desenho・Colorir・Dibujo y pintura,https://play.google.com/store/apps/details?id=app.artworkout.learn.how.to.draw&hl=pt&gl=br,19,59,35,normal,2745220,205266.45,733094.47,2382557.03,454518.57,3958710.14,2454400.29,alta,25,4.32,80.0,16.0,"SerpAPI, ScrapingBee"
29,Personalização · Widgets,1,Widgets OS 18 - Color Widgets,com.blueskysoft.colorwidgets,ZipoApps,support.widgets@zipoapps.com,https://zipoapps.com/widgets,Personalização,4.8106327,366635,12613,10.000.000+,10000000,27251848,1,0,BRL,1,1,"R$ 5,49 – R$ 549,99 por item",Classificação Livre,5 de jan. de 2021,1773429372,1.12.6,,Personalize celular com widgets personalizados! +30 opções úteis de widgets.,https://play.google.com/store/apps/details?id=com.blueskysoft.colorwidgets&hl=pt&gl=br,19,54,34,normal,2978336,320271.23,1143825.82,3717433.92,709172.01,6176659.43,3829528.85,alta,25,4.64,92.0,8.0,"SerpAPI, Firecrawl"
29,Personalização · Ícones e Temas,19,"ThemeArt - Widgets, App icons",com.themeart.icons.widgets,Ahc Foundation Inc,ngoclanle045@gmail.com,https://lanie-studio.vercel.app/,Personalização,,,,5.000.000+,5000000,9276394,1,0,BRL,1,1,"R$ 25,99 – R$ 154,99 por item",Classificação Livre,,,Varies with device,,"Personalize sua tela inicial com ícones, temas e widgets estilosos!",https://play.google.com/store/apps/details?id=com.themeart.icons.widgets&hl=pt&gl=br,67,0,34,normal,878231,22370.23,79893.68,259654.45,49534.08,431425.85,267484.03,média,0,0.0,0.0,0.0,"SerpAPI, Firecrawl"
29,Personalização · Papéis de Parede,13,"Live Wallpapers, 4K Wallpapers",hd.uhd.live.wallpapers.topwallpapers,HD Pro Walls,hd.pro.walls@gmail.com,https://mrlivewalls.xyz,Personalização,4.1485715,47922,621,10.000.000+,10000000,10697908,1,0,BRL,1,1,"R$ 2,99 – R$ 29,99 por item",Classificação Livre,29 de jun. de 2019,1781204308,5.7.2,,"Papéis de parede animados, brilhantes, de relógio e papéis de parede estáticos de 4K | Trocador automático de papel de parede",https://play.google.com/store/apps/details?id=hd.uhd.live.wallpapers.topwallpapers&hl=pt&gl=br,59,46,34,normal,1019435,7723.67,27584.53,89649.71,17102.41,148956.44,92352.99,alta,25,3.68,68.0,28.0,"SerpAPI, Firecrawl"
9,Personalização,8,"ThemeArt - Widgets, App icons",com.themeart.icons.widgets,Lanie,ngoclanle045@gmail.com,https://lanie-studio.vercel.app/,Personalização,,,,5.000.000+,5000000,7446011,1,0,BRL,1,1,"R$ 25,99 – R$ 154,99 por item",Classificação Livre,,,Varies with device,,"Personalize sua tela inicial com ícones, temas e widgets estilosos!",https://play.google.com/store/apps/details?id=com.themeart.icons.widgets&hl=pt&gl=br,67,0,34,normal,697834,17775.18,63482.77,206319.0,39359.32,342806.95,212540.31,média,0,0.0,0.0,0.0,"SerpAPI, ScrapingBee"
11,Personalização,8,"ThemeArt - Widgets, App icons",com.themeart.icons.widgets,Lanie,ngoclanle045@gmail.com,https://lanie-studio.vercel.app/,Personalização,,,,5.000.000+,5000000,7446011,1,0,BRL,1,1,"R$ 25,99 – R$ 154,99 por item",Classificação Livre,,,Varies with device,,"Personalize sua tela inicial com ícones, temas e widgets estilosos!",https://play.google.com/store/apps/details?id=com.themeart.icons.widgets&hl=pt&gl=br,67,0,34,normal,697834,17775.18,63482.77,206319.0,39359.32,342806.95,212540.31,média,0,0.0,0.0,0.0,"SerpAPI, ScrapingBee"
1,Jogos de Aventura,6,Jungle Adventures 3,com.renderedideas.jungleadventures3,Rendered Ideas,support@renderedideas.com,http://www.renderedideas.com,Ação,4.6693726,101034,6271,10.000.000+,10000000,37343058,1,0,BRL,1,1,"R$ 0,99 – R$ 259,99 por item",Classificação 10 anos,24 de jun. de 2019,1772462568,466.0,,Salve a selva neste melhor jogo de aventura e ação móvel!,https://play.google.com/store/apps/details?id=com.renderedideas.jungleadventures3&hl=pt&gl=br,19,55,34,normal,3516788,286507.36,1023240.58,3325531.87,634409.16,5525499.11,3425809.45,alta,25,4.64,92.0,8.0,"SerpAPI, ScrapingBee"
1,Jogos de Ação,8,POLYWAR: jogo de tiro FPS 3D,com.nobodyshot.POLYWAR,ost nbsh games,pw@nbsh.me,https://nbsh.me/,Ação,4.3611493,90902,4037,10.000.000+,10000000,15392551,1,0,BRL,1,1,"R$ 1,49 – R$ 59,99 por item",Classificação 12 anos,26 de mai. de 2022,1778230631,2.7.0,,Jogo de tiro FPS multiplayer online. Jogos de tiro PVP 5v5 em primeira pessoa,https://play.google.com/store/apps/details?id=com.nobodyshot.POLYWAR&hl=pt&gl=br,49,55,34,normal,1267455,25230.02,90107.22,292848.47,55866.48,486578.99,301678.97,alta,25,4.48,88.0,12.0,"SerpAPI, ScrapingBee"
1,Clima,9,Clima: previsão do tempo,com.weather.nold.forecast,Weather Forecast - WaiWao Studio,wowodancerapp@outlook.com,https://k303c46b0.app-ads-txt.com,Clima,4.8736663,210623,6637,10.000.000+,10000000,18818727,1,0,BRL,1,1,"R$ 13,99 – R$ 23,99 por item",Classificação Livre,22 de fev. de 2023,1762542916,1.1.42,,Provedores locais de meteorologia fornecem previsões precisas,https://play.google.com/store/apps/details?id=com.weather.nold.forecast&hl=pt&gl=br,29,45,34,normal,2023398,11530.7,41181.06,133838.45,25532.26,222377.74,137874.2,alta,25,4.68,92.0,8.0,"SerpAPI, ScrapingBee"
3,Eventos,5,Organizador de Eventos,br.organizadordeeventos,Zump TI,contato@pagtickets.com.br,,Eventos,3.25,12,7,5.000+,5000,8817,1,0,BRL,0,0,,Classificação Livre,26 de nov. de 2020,1761997557,2.9.5,,Gerencie seus eventos de forma completa!,https://play.google.com/store/apps/details?id=br.organizadordeeventos&hl=pt&gl=br,100,4,34,pequeno/indie,568,0.0,0.0,0.0,0.0,0.0,0.0,baixa,7,3.29,57.1,42.9,"SerpAPI, ScrapingBee"
1,Música e Áudio,5,App Offline Podcast: Player FM,fm.player,Maple Media,support@player.fm,https://maplemedia.io/,Música e áudio,4.494863,106962,2661,10.000.000+,10000000,12737894,1,0,BRL,1,1,"R$ 4,49 – R$ 559,99 por item",Classificação Livre,28 de abr. de 2013,1779771665,8.0.1(27881),,"Player para transmitir programas de áudio, vídeo e tecnologia de tendências",https://play.google.com/store/apps/details?id=fm.player&hl=pt&gl=br,19,56,34,normal,1223487,147054.21,525193.61,1706879.22,325620.04,2836045.48,1758348.2,alta,25,3.0,44.0,48.0,"SerpAPI, ScrapingBee"
1,Bibliotecas e Demonstrações,11,Biblioteca A,com.binpar.bibliotecaarg,BinPar Team S.L.,apps@binpar.com,,Livros e referências,2.4318182,44,32,10.000+,10000,10880,1,0,BRL,0,0,,Classificação Livre,23 de mai. de 2023,1759804713,12.9.1,,Este é o aplicativo de leitura de e-books da +A Educação.,https://play.google.com/store/apps/details?id=com.binpar.bibliotecaarg&hl=pt&gl=br,100,4,34,pequeno/indie,711,0.0,0.0,0.0,0.0,0.0,0.0,baixa,25,2.12,24.0,68.0,"SerpAPI, ScrapingBee"
29,Personalização · Papéis de Parede,12,Wallpaper Engine,io.wallpaperengine.weclient,Wallpaper Engine Team,support@wallpaperengine.io,https://www.wallpaperengine.io,Personalização,4.2846155,18418,580,5.000.000+,5000000,9460685,1,0,BRL,0,0,,Classificação Livre,21 de nov. de 2021,1779970700,2.8.8,,Transfira wallpapers animados do Windows para Android com o Wallpaper Engine!,https://play.google.com/store/apps/details?id=io.wallpaperengine.weclient&hl=pt&gl=br,49,44,33,normal,896487,0.0,0.0,0.0,0.0,0.0,0.0,média,25,3.8,60.0,20.0,"SerpAPI, Firecrawl"
29,Negócios · ERP para Pequenos Negócios,21,GEN Estoque,com.gen.estoque,Krafti Tecnologia LTDA.,web@krafti.com.br,https://indicabr.app,Finanças,,,,100+,100,252,1,0,BRL,0,0,,Classificação Livre,26 de jan. de 2023,,Varies with device,,App de gerenciamento de estoque de produtos desenvolvido pela Krafti Tecnologia,https://play.google.com/store/apps/details?id=com.gen.estoque&hl=pt&gl=br,100,0,33,pequeno/indie,12,0.0,0.0,0.0,0.0,0.0,0.0,baixa,0,0.0,0.0,0.0,"SerpAPI, Firecrawl"
29,Negócios · ERP para Pequenos Negócios,10,Contagem de Estoque,br.com.speedysistemas.contagem_estoque_app,SPEEDY SISTEMAS,adm.speedysistemas@gmail.com,,Negócios,,,,100+,100,394,1,0,BRL,0,0,,Classificação Livre,30 de abr. de 2025,,Varies with device,,Contagem e Acerto de Estoque,https://play.google.com/store/apps/details?id=br.com.speedysistemas.contagem_estoque_app&hl=pt&gl=br,100,0,33,pequeno/indie,20,0.0,0.0,0.0,0.0,0.0,0.0,baixa,1,5.0,100.0,0.0,"SerpAPI, Firecrawl"
29,Negócios · RH e Gestão de Equipe,25,Gestão Ponto - Raro,com.ionicframework.CELRHApp2024,Estúdio Digital CMConsult/Nork Digital,cmauricio@cmconsultoriati.com.br,http://cmconsultoriati.com.br,Negócios,,,,10+,10,23,1,0,BRL,0,0,,Classificação Livre,16 de fev. de 2024,,Varies with device,,Aplicativo de Gerenciamento de Atividades de RH,https://play.google.com/store/apps/details?id=com.ionicframework.CELRHApp2024&hl=pt&gl=br,100,0,33,pequeno/indie,0,0.0,0.0,0.0,0.0,0.0,0.0,baixa,0,0.0,0.0,0.0,"SerpAPI, Firecrawl"
29,Negócios · RH e Gestão de Equipe,14,RHePONTO,com.rheponto,Dotcom Ribeirão,gerencial@dbanet.com.br,https://officiumpro.com.br/,Negócios,,,,10+,10,24,1,0,BRL,0,0,,Classificação Livre,19 de jun. de 2023,,Varies with device,,O RHePONTO é uma solução corporativa tornando rotinas de DP e RH mais acessíveis,https://play.google.com/store/apps/details?id=com.rheponto&hl=pt&gl=br,100,0,33,pequeno/indie,0,0.0,0.0,0.0,0.0,0.0,0.0,baixa,0,0.0,0.0,0.0,"SerpAPI, Firecrawl"
29,Negócios · RH e Gestão de Equipe,13,RHNUBE Portal,com.rhnube.portal,RH NUBE CORP,info@rhnube.com,https://rhnube.com/,Finanças,,,,500+,500,729,1,0,BRL,0,0,,Classificação Livre,1 de abr. de 2026,,Varies with device,,"Controle de presença com GPS, biometria e modo offline.",https://play.google.com/store/apps/details?id=com.rhnube.portal&hl=pt&gl=br,100,0,33,pequeno/indie,39,0.0,0.0,0.0,0.0,0.0,0.0,baixa,0,0.0,0.0,0.0,"SerpAPI, Firecrawl"
29,Negócios · RH e Gestão de Equipe,10,Ponto Time - V2,br.com.pontotime.novoapp,WayInCode - Aplicativos e Sistemas,suporte@pontotime.com.br,https://www.pontotime.com.br,Ferramentas,,,,1.000+,1000,1140,1,0,BRL,0,0,,Classificação Livre,28 de out. de 2025,,Varies with device,,Controle de ponto complemto com reconhecimento facial e geolocalização,https://play.google.com/store/apps/details?id=br.com.pontotime.novoapp&hl=pt&gl=br,100,0,33,pequeno/indie,63,0.0,0.0,0.0,0.0,0.0,0.0,baixa,0,0.0,0.0,0.0,"SerpAPI, Firecrawl"
29,Negócios · RH e Gestão de Equipe,7,RH Gestor,br.com.aswti.gestoripiranga,Alpha Sistemas para Empresas,ti@ipirangaagroindustrial.com.br,https://gestor.ipirangaagroindustrial.com.br,Negócios,,,,1.000+,1000,1286,1,0,BRL,0,0,,Classificação Livre,29 de mai. de 2020,,Varies with device,,RH Gestor Ipiranga,https://play.google.com/store/apps/details?id=br.com.aswti.gestoripiranga&hl=pt&gl=br,100,0,33,pequeno/indie,72,0.0,0.0,0.0,0.0,0.0,0.0,baixa,0,0.0,0.0,0.0,"SerpAPI, Firecrawl"
29,Negócios · RH e Gestão de Equipe,5,Ponto Soft Virtual,br.com.insoft4.pontosoftvirtual,Insoft4 Informática,comercial@insoft4.com.br,https://www.insoft4.com.br/,Negócios,,,,500+,500,539,1,0,BRL,0,0,,Classificação Livre,8 de abr. de 2022,,Varies with device,,Aplicativo para registro de ponto,https://play.google.com/store/apps/details?id=br.com.insoft4.pontosoftvirtual&hl=pt&gl=br,100,0,33,pequeno/indie,28,0.0,0.0,0.0,0.0,0.0,0.0,baixa,0,0.0,0.0,0.0,"SerpAPI, Firecrawl"
29,Negócios · RH e Gestão de Equipe,2,RhGestão,com.adapteti.rhgestao,RH-GESTAO,suporte@rhgestao.com,https://www.rhgestao.com/,Negócios,,,,1.000+,1000,1447,1,0,BRL,0,0,,Classificação Livre,27 de out. de 2025,,Varies with device,,"Acesse contracheques, ponto, férias e comunicações da empresa em um só app",https://play.google.com/store/apps/details?id=com.adapteti.rhgestao&hl=pt&gl=br,100,0,33,pequeno/indie,81,0.0,0.0,0.0,0.0,0.0,0.0,baixa,4,4.0,75.0,25.0,"SerpAPI, Firecrawl"
29,Negócios · Nota Fiscal e Contabilidade,18,Emitir Nota Fiscal de Produtos,com.contentsys.appemitirnotas,Contentsys,contato@contentsys.com.br,https://www.emitirnotas.com.br,Negócios,2.6363637,11,5,5.000+,5000,9116,1,0,BRL,0,0,,Classificação Livre,3 de abr. de 2023,,Varies with device,,O Melhor aplicativo de emissão de notas apenas para produtos com certificado A1.,https://play.google.com/store/apps/details?id=com.contentsys.appemitirnotas&hl=pt&gl=br,100,0,33,pequeno/indie,588,0.0,0.0,0.0,0.0,0.0,0.0,baixa,5,2.6,40.0,60.0,"SerpAPI, Firecrawl"
29,Negócios · Nota Fiscal e Contabilidade,12,NFe+ Emissor de Nota Fiscal,com.br.nfemais,Jeferson Kasper,atendimento@zipline.com.br,https://nfemais.com.br,Negócios,3.3333333,21,10,10.000+,10000,12428,1,0,BRL,0,0,,Classificação Livre,29 de nov. de 2023,1721148170,1.0.2,,Emissor de notas fiscais eletrônicas NFe+. Emita notas gratuitamente.,https://play.google.com/store/apps/details?id=com.br.nfemais&hl=pt&gl=br,100,0,33,pequeno/indie,819,0.0,0.0,0.0,0.0,0.0,0.0,baixa,10,2.3,30.0,70.0,"SerpAPI, Firecrawl"
29,Negócios · CRM e Vendas,25,App CRM,com.mksolutions.mkcrm,MK Solutions Criação de Software LTDA,produtos@mksolutions.com.br,https://www.mksolutions.com.br/,Ferramentas,,,,500+,500,937,1,0,BRL,0,0,,Classificação Livre,16 de mar. de 2023,,Varies with device,,App de vendas da MK,https://play.google.com/store/apps/details?id=com.mksolutions.mkcrm&hl=pt&gl=br,100,0,33,pequeno/indie,51,0.0,0.0,0.0,0.0,0.0,0.0,baixa,0,0.0,0.0,0.0,"SerpAPI, Firecrawl"
29,Negócios · CRM e Vendas,20,Getlead CRM,com.getlead.app,Webqua,care@getlead.co.uk,https://www.getlead.co.uk,Negócios,,,,5.000+,5000,8903,1,0,BRL,0,0,,Classificação Livre,25 de set. de 2021,,Varies with device,,"Aumente as vendas com o GetLead CRM - o aplicativo de gerenciamento de vendas rápido, seguro e confiável",https://play.google.com/store/apps/details?id=com.getlead.app&hl=pt&gl=br,100,0,33,pequeno/indie,574,0.0,0.0,0.0,0.0,0.0,0.0,baixa,0,0.0,0.0,0.0,"SerpAPI, Firecrawl"
29,Negócios · CRM e Vendas,16,ShareCRM,com.facishare.fsplay,"ForShare Co., LTD.",info@fxiaoke.com,https://www.fxiaoke.com,Produtividade,,,,5.000+,5000,5084,1,0,BRL,0,0,,Classificação 12 anos,10 de mai. de 2022,,Varies with device,,"Entende o seu negócio, pensa estrategicamente e executa o trabalho.",https://play.google.com/store/apps/details?id=com.facishare.fsplay&hl=pt&gl=br,100,0,33,pequeno/indie,315,0.0,0.0,0.0,0.0,0.0,0.0,baixa,0,0.0,0.0,0.0,"SerpAPI, Firecrawl"
29,Negócios · CRM e Vendas,15,Sales CRM for Business,org.ubitech.vtlattendance,Ubitech Solutions,namrata@ubitechsolutions.com,http://Ubitechsolutions.com,Negócios,,,,1.000+,1000,2367,1,0,BRL,0,0,,Classificação Livre,11 de abr. de 2019,,Varies with device,,Rastreador de vendas | Gerenciar leads | Capturar consultas mais rapidamente | Venda melhor | ubiSales,https://play.google.com/store/apps/details?id=org.ubitech.vtlattendance&hl=pt&gl=br,100,0,33,pequeno/indie,139,0.0,0.0,0.0,0.0,0.0,0.0,baixa,0,0.0,0.0,0.0,"SerpAPI, Firecrawl"
23,"Busca: ""rifa""",38,RIFA 2023,com.richterfrenzel.rifa,,,,,,,,,,,,,,,,,,,,,,Organize your visit to RIFA 2023 optimally. With this app you have bundled all the important information. - Virtual site plan for the trade,https://play.google.com/store/apps/details?id=com.richterfrenzel.rifa,100,0,33,pequeno/indie,,0.0,0.0,0.0,0.0,0.0,,baixa,0,0.0,0.0,0.0,"SerpAPI, Brave Search, Firecrawl"
23,"Busca: ""rifa""",36,Rifa Nicaragua,com.pygdevelopment.sorteos,José Luis Pineda González,jhosepineda8@gmail.com,https://rayosdenicaragua.online/,Negócios,,,,100+,100,117,1,0,BRL,0,0,,Classificação Livre,,,Varies with device,,Relatório de Conclusão de Vendas 2,https://play.google.com/store/apps/details?id=com.pygdevelopment.sorteos&hl=pt&gl=br,100,0,33,pequeno/indie,5,0.0,0.0,0.0,0.0,0.0,0.0,baixa,0,0.0,0.0,0.0,"SerpAPI, Brave Search, Firecrawl, DevSite:ZenRows"
23,"Busca: ""rifa""",34,Rifa,com.catrachicas.rifas,Levin Lainez,sinle.lainez@gmail.com,,Compras,,,,10+,10,11,1,0,BRL,0,0,,Classificação Livre,,,Varies with device,,Rifa é um aplicativo para acompanhar as vendas de loterias hondurenhas.,https://play.google.com/store/apps/details?id=com.catrachicas.rifas&hl=pt&gl=br,100,0,33,pequeno/indie,0,0.0,0.0,0.0,0.0,0.0,0.0,baixa,0,0.0,0.0,0.0,"SerpAPI, Brave Search, Firecrawl"
23,"Busca: ""rifa""",30,Check-a-Ticket,com.intralot.idaho.checker,,,,,,,,,,,,,,,,,,,,,,"Check-a-Ticket - Aplicaciones en Google Play
![Imagen de icono](https://play-lh.googleusercontent.com/N9CMce5WtDpf8mrqWorpVN40m3yfdDCXGWEnhmgfq51pjdLPRXd5KMl9LS7zZsJbYlY=w240-h480-rw)![](https://play-lh.googleusercontent.com/N9CMce5WtDpf8mrqWorpVN40m3yfdDCXGWEnhmgfq51pjdLPRXd5KMl9LS7zZsJbYlY=w240-h480-rw)
![Imagen de icono](https://play-lh.googleusercontent.com/N9CMce5WtDpf8mrqWorpVN40m3yfdDCXGWEn",https://play.google.com/store/apps/details/Check-a-Ticket?id=com.intralot.idaho.checker&hl=es,100,0,33,pequeno/indie,,0.0,0.0,0.0,0.0,0.0,,baixa,0,0.0,0.0,0.0,"SerpAPI, Brave Search, Firecrawl"
23,"Busca: ""rifa""",25,Rifa Tech,app.rifatech.android,Y Managers Inc.,support@rifatech.zendesk.com,https://www.rifatech.com,Social,3.857143,7,6,1.000+,1000,4610,1,0,BRL,0,0,,Classificação Livre,25 de ago. de 2024,,Varies with device,,Rifa Tech: Rifas Online Grátis para quem Cria e Seguras para quem Doa,https://play.google.com/store/apps/details?id=app.rifatech.android&hl=pt&gl=br,100,3,33,pequeno/indie,284,0.0,0.0,0.0,0.0,0.0,0.0,baixa,6,3.67,66.7,33.3,"SerpAPI, Brave Search, Firecrawl, DevSite:Firecrawl"
23,"Busca: ""rifa""",18,Tu Rifa,com.rifasapp.rifas_app,Edwin Gómez,egomez915@hotmail.com,https://rifa-nine-gamma.vercel.app/,Ferramentas,,,,500+,500,653,1,0,BRL,0,0,,Classificação Livre,16 de mai. de 2026,,Varies with device,,Organize rifas e sorteios de forma fácil e divertida.,https://play.google.com/store/apps/details?id=com.rifasapp.rifas_app&hl=pt&gl=br,100,0,33,pequeno/indie,34,0.0,0.0,0.0,0.0,0.0,0.0,baixa,0,0.0,0.0,0.0,"SerpAPI, Brave Search, Firecrawl, DevSite:ScrapingAnt"
23,"Busca: ""rifa""",14,Rifary - Talonario para rifas,com.rifary.twa,Scefira Technologies,contact@rifary.com,https://rifary.com,Ferramentas,,,,10.000+,10000,14255,1,0,BRL,0,0,,Classificação 12 anos,14 de set. de 2024,,Varies with device,,App para organizar sorteios e brindes,https://play.google.com/store/apps/details?id=com.rifary.twa&hl=pt&gl=br,100,0,33,pequeno/indie,948,0.0,0.0,0.0,0.0,0.0,0.0,baixa,3,4.67,100.0,0.0,"SerpAPI, Brave Search, Firecrawl, DevSite:Firecrawl"
22,"Busca: ""carteira""",31,CNP Carteira Digital,com.cnpdigital.cnpao,vam soluções,geral@cnp.ao,https://cnp.ao/,Ferramentas,,,,5.000+,5000,5840,1,0,BRL,0,0,,Classificação Livre,26 de jun. de 2023,,Varies with device,,Permite aos membros um controlo de informações profissionais.,https://play.google.com/store/apps/details?id=com.cnpdigital.cnpao&hl=pt&gl=br,100,0,33,pequeno/indie,365,0.0,0.0,0.0,0.0,0.0,0.0,baixa,17,4.29,82.4,17.6,"SerpAPI, Brave Search, Firecrawl, DevSite:Firecrawl"
22,"Busca: ""carteira""",28,Carteira,com.debut.carteira,debut mobile apps,info@debutinfotech.com,https://www.debutinfotech.com/,Finanças,,,,500+,500,504,1,0,BRL,0,0,,Classificação Livre,25 de fev. de 2025,,Varies with device,,Uma carteira descentralizada projetada para transações com ativos digitais.,https://play.google.com/store/apps/details?id=com.debut.carteira&hl=pt&gl=br,100,0,33,pequeno/indie,26,0.0,0.0,0.0,0.0,0.0,0.0,baixa,0,0.0,0.0,0.0,"SerpAPI, Brave Search, Firecrawl, DevSite:Firecrawl"
20,"Busca: ""wallet""",36,Carteira W3,app.w3wallet.w3wallet,W3 Wallet Tech,roman@w3wallet.app,https://w3wallet.app,Finanças,,,,10.000+,10000,19290,1,0,BRL,0,0,,Classificação Livre,26 de abr. de 2024,,Varies with device,,Melhor e Suficiente Aplicativo de Criptomoedas,https://play.google.com/store/apps/details?id=app.w3wallet.w3wallet&hl=pt&gl=br,100,0,33,pequeno/indie,1308,0.0,0.0,0.0,0.0,0.0,0.0,baixa,0,0.0,0.0,0.0,"SerpAPI, Firecrawl"
9,Estilo de Vida,6,HábitoVivo: Hábitos e Rotina,com.habitovivo.app,Allysson Couto,habituarservice@gmail.com,https://habitovivo-production.up.railway.app,Saúde e fitness,,,,50+,50,80,1,0,BRL,0,0,,Classificação Livre,27 de abr. de 2026,,Varies with device,,"Rastreie hábitos, água e km com gamificação, streaks e notificações inteligente.",https://play.google.com/store/apps/details?id=com.habitovivo.app&hl=pt&gl=br,100,0,33,pequeno/indie,3,0.0,0.0,0.0,0.0,0.0,0.0,baixa,0,0.0,0.0,0.0,"SerpAPI, ScrapingBee"
10,Produtividade,23,Calendário de turnos,com.lrhsoft.shiftercalendar,LRHSoft,shiftercalendar@gmail.com,https://www.lrhsoft.com,Produtividade,4.8720236,186337,1602,10.000.000+,10000000,12847944,1,0,BRL,1,1,"R$ 4,59 – R$ 45,99 por item",Classificação Livre,26 de jun. de 2015,1759055036,2.0.7.8,,Projetado especialmente para trabalhadores por turnos,https://play.google.com/store/apps/details?id=com.lrhsoft.shiftercalendar&hl=pt&gl=br,29,41,33,normal,1357991,17463.24,62368.71,202698.31,38668.6,336791.04,208810.45,alta,25,4.92,100.0,0.0,"SerpAPI, ScrapingBee"
1,Jogos de Palavras,10,Caça Palavras!,com.word.search.find.puzzle,Mindful Daily Puzzles,crush.support@pandasofcaribbean.com,https://www.pandasofcaribbean.com/,Palavras,4.907425,238326,5308,10.000.000+,10000000,12112056,1,0,BRL,1,0,,Classificação Livre,13 de nov. de 2023,1767609054,1.1.97,,Desbloqueie um mundo de palavras: Viva uma jornada inesquecível em busca delas!,https://play.google.com/store/apps/details?id=com.word.search.find.puzzle&hl=pt&gl=br,19,50,33,normal,1085277,1179.29,4211.75,13688.17,2021.64,22743.42,10916.84,alta,25,4.68,88.0,4.0,"SerpAPI, ScrapingBee"
1,Jogos de Estratégia,17,Age of Empires Mobile,com.proximabeta.aoemobile,Level Infinite,service@aoemobile.com,,Estratégia,4.5876365,447665,11301,10.000.000+,10000000,13225923,1,0,BRL,0,1,"R$ 4,99 – R$ 569,99 por item",Classificação 18 anos,15 de out. de 2024,1779356246,1.12.100.0,,O jogo de estratégia de guerra medieval da icônica franquia Age of Empires,https://play.google.com/store/apps/details?id=com.proximabeta.aoemobile&hl=pt&gl=br,15,56,33,normal,1189808,421415.49,1505055.32,4891429.8,933134.3,8127298.74,5038925.22,alta,25,4.4,80.0,8.0,"SerpAPI, ScrapingBee"
1,Jogos de RPG,3,Vampire's Fall: Origins RPG,com.earlymorningstudio.vampiresfall2,Early Morning Studio,support@earlymorningstudio.com,http://earlymorningstudio.com/,RPG,4.8119493,661522,21070,10.000.000+,10000000,15123467,1,0,BRL,1,1,"R$ 5,99 – R$ 249,99 por item",Classificação 18 anos,6 de set. de 2018,1769695933,1.18.122,,"RPG de vampiro em mundo aberto. Combate por turnos, missões e PvP. Offline.",https://play.google.com/store/apps/details?id=com.earlymorningstudio.vampiresfall2&hl=pt&gl=br,19,52,33,normal,1368745,218803.44,781440.87,2539682.82,484493.34,4219780.69,2616264.03,alta,25,4.84,96.0,4.0,"SerpAPI, ScrapingBee"
1,Jogos de Corrida,3,Hillside Drive Racing,car.hillside.rush.racing,Dreamy Dingo,dreamydingo@gmail.com,http://dreamydingo.com/,Corrida,4.103604,44732,1013,10.000.000+,10000000,16876258,1,0,BRL,1,1,"R$ 2,49 – R$ 99,00 por item",Classificação Livre,30 de abr. de 2020,1776965801,0.8.10-110,,Mergulhe no incrível jogo de corrida em montanhas!,https://play.google.com/store/apps/details?id=car.hillside.rush.racing&hl=pt&gl=br,59,43,33,normal,1395360,44971.23,160611.54,521987.5,99579.15,867302.31,537727.43,alta,25,3.44,48.0,28.0,"SerpAPI, ScrapingBee"
3,Ferramentas,21,Developer Option Tile - Quick,com.bharatdev.easydeveloper,Bharat Dev,dharmikj111@zohomail.in,https://www.dharmikjoshi.in,Ferramentas,,,,500+,500,679,1,0,BRL,0,0,,Classificação Livre,3 de dez. de 2025,,Varies with device,,Acesse rapidamente as Opções do desenvolvedor a partir do bloco de Configurações rápidas.,https://play.google.com/store/apps/details?id=com.bharatdev.easydeveloper&hl=pt&gl=br,100,0,33,pequeno/indie,36,0.0,0.0,0.0,0.0,0.0,0.0,baixa,0,0.0,0.0,0.0,"SerpAPI, ScrapingBee"
1,Jogos de Aventura,4,Swordigo,com.touchfoo.swordigo,Touch Foo,playsupport@touchfoo.com,http://www.touchfoo.com/,Aventura,4.810453,839666,55402,10.000.000+,10000000,40331222,1,0,BRL,1,1,"R$ 6,49 – R$ 8,99 por item",Classificação Livre,27 de fev. de 2014,1769783541,1.4.12,,"Corra, salte, corte e divirta-se em um jogo de plataforma de aventura épica.",https://play.google.com/store/apps/details?id=com.touchfoo.swordigo&hl=pt&gl=br,19,52,33,normal,3810806,22310.23,79679.39,258958.01,49401.22,430268.69,266766.59,alta,25,4.96,100.0,0.0,"SerpAPI, ScrapingAnt"
1,Clima,11,Yahoo Tempo,com.yahoo.mobile.client.android.weather,Yahoo,weather.feedback@yahooinc.com,http://mobile.yahoo.com/weather/,Clima,4.529556,1449358,42235,10.000.000+,10000000,44116096,1,0,BRL,1,0,,Classificação Livre,5 de out. de 2010,1775773862,1.64.1,,Yahoo Tempo - Veja o tempo como nunca.,https://play.google.com/store/apps/details?id=com.yahoo.mobile.client.android.weather&hl=pt&gl=br,19,52,33,normal,4922940,2971.88,10613.86,34495.04,5094.65,57314.84,27511.12,alta,25,4.32,84.0,16.0,"SerpAPI, ScrapingBee"
3,Estilo de Vida,3,HábitoVivo: Hábitos e Rotina,com.habitovivo.app,Allysson Couto,habituarservice@gmail.com,https://habitovivo-production.up.railway.app,Saúde e fitness,,,,50+,50,80,1,0,BRL,0,0,,Classificação Livre,27 de abr. de 2026,,Varies with device,,"Rastreie hábitos, água e km com gamificação, streaks e notificações inteligente.",https://play.google.com/store/apps/details?id=com.habitovivo.app&hl=pt&gl=br,100,0,33,pequeno/indie,3,0.0,0.0,0.0,0.0,0.0,0.0,baixa,0,0.0,0.0,0.0,"SerpAPI, ScrapingBee"
3,Gastronomia,2,Indie Chef,com.relaxsoftwareapps.foodiedirect,"Relax Software, LLC",info1@relaxsoftwareapps.com,https://www.relaxsoftwareapps.com/,Comer e beber,,,,10+,10,13,1,0,BRL,0,0,,Classificação Livre,26 de fev. de 2026,,Varies with device,,"Cozinheiros caseiros e amantes da gastronomia, unam-se!",https://play.google.com/store/apps/details?id=com.relaxsoftwareapps.foodiedirect&hl=pt&gl=br,100,0,33,pequeno/indie,0,0.0,0.0,0.0,0.0,0.0,0.0,baixa,0,0.0,0.0,0.0,"SerpAPI, ScrapingBee"
3,Eventos,15,App Os Melhores Eventos,br.com.osmelhoreseventos.twa,OS MELHORES EVENTOS,diviweb@gmail.com,https://osmelhoreseventos.com.br/,Entretenimento,,,,100+,100,481,1,0,BRL,0,0,,Classificação Livre,8 de out. de 2025,,Varies with device,,Compre ingressos da ticketeira os melhores eventos direto pelo app.,https://play.google.com/store/apps/details?id=br.com.osmelhoreseventos.twa&hl=pt&gl=br,100,0,33,pequeno/indie,24,0.0,0.0,0.0,0.0,0.0,0.0,baixa,0,0.0,0.0,0.0,"SerpAPI, ScrapingBee"
3,Eventos,13,Event Organizer,com.simpletix.boxoffice,Simpletix.com LLC,support@simpletix.com,https://www.simpletix.com/,Negócios,,,,10.000+,10000,18142,1,0,BRL,0,0,,Classificação Livre,28 de jun. de 2019,,Varies with device,,O SimpleTix Box Office oferece tudo o que você precisa para gerenciar seus eventos.,https://play.google.com/store/apps/details?id=com.simpletix.boxoffice&hl=pt&gl=br,100,0,33,pequeno/indie,1226,0.0,0.0,0.0,0.0,0.0,0.0,baixa,0,0.0,0.0,0.0,"SerpAPI, ScrapingBee"
3,Eventos,12,Eventline - Plans Made Easy,com.eventline.customer,Eventline Commerce Private Limited,developer@eventline.in,https://web.eventline.in,Eventos,,,,1.000+,1000,2694,1,0,BRL,0,0,,Classificação Livre,17 de set. de 2025,,Varies with device,,"Explore fornecedores de eventos locais - fornecedores de buffet, decoradores, fotógrafos, perto de você",https://play.google.com/store/apps/details?id=com.eventline.customer&hl=pt&gl=br,100,0,33,pequeno/indie,159,0.0,0.0,0.0,0.0,0.0,0.0,baixa,0,0.0,0.0,0.0,"SerpAPI, ScrapingBee"
1,Música e Áudio,2,Podcast Player - Castbox,fm.castbox.audiobook.radio.podcast,Castbox.FM - Radio & Podcast & AudioBooks,contact@castbox.fm,https://castbox.fm,Música e áudio,4.76958,367487,8437,10.000.000+,10000000,26019334,1,0,BRL,1,1,"R$ 3,09 – R$ 389,99 por item",Classificação 14 anos,15 de abr. de 2017,1768901032,11.24.0-260114369,,"Aplicativos mais baixados de podcast para Android
Podcast, rádio, audiobooks",https://play.google.com/store/apps/details?id=fm.castbox.audiobook.radio.podcast&hl=pt&gl=br,19,51,33,normal,2837883,216449.85,773035.19,2512364.37,479281.82,4174390.03,2588121.82,alta,25,2.96,48.0,48.0,"SerpAPI, ScrapingBee"
1,Estilo de Vida,7,HábitoVivo: Hábitos e Rotina,com.habitovivo.app,Allysson Couto,habituarservice@gmail.com,https://habitovivo-production.up.railway.app,Saúde e fitness,,,,50+,50,80,1,0,BRL,0,0,,Classificação Livre,27 de abr. de 2026,,Varies with device,,"Rastreie hábitos, água e km com gamificação, streaks e notificações inteligente.",https://play.google.com/store/apps/details?id=com.habitovivo.app&hl=pt&gl=br,100,0,33,pequeno/indie,3,0.0,0.0,0.0,0.0,0.0,0.0,baixa,0,0.0,0.0,0.0,"SerpAPI, ScrapingBee"
1,Gastronomia,10,Delivery Meu Pedir Comida,com.deliverymeucombr.myapp,Delivery Meu,administrativo@deliverymeu.com.br,https://deliverymeu.com.br/,Comer e beber,,,,10+,10,47,1,0,BRL,0,0,,Classificação 12 anos,24 de set. de 2025,,Varies with device,,Delivery Meu Pedir Comida porções lanches e muito mais .,https://play.google.com/store/apps/details?id=com.deliverymeucombr.myapp&hl=pt&gl=br,100,0,33,pequeno/indie,1,0.0,0.0,0.0,0.0,0.0,0.0,baixa,1,1.0,0.0,100.0,"SerpAPI, ScrapingBee"
1,Gastronomia,8,Real Delivery: Comida e Mais,com.TowerUpStudios.RealDelivery,Tower Up Studios,apprealdelivery@gmail.com,https://realdelivery.com.br,Comer e beber,,,,1.000+,1000,1189,1,0,BRL,0,0,,Classificação 12 anos,4 de fev. de 2026,,Varies with device,,"O sabor da nossa cidade na sua mão. Peça comida, água, gás e mais.",https://play.google.com/store/apps/details?id=com.TowerUpStudios.RealDelivery&hl=pt&gl=br,100,0,33,pequeno/indie,66,0.0,0.0,0.0,0.0,0.0,0.0,baixa,2,5.0,100.0,0.0,"SerpAPI, ScrapingBee"
1,Eventos,8,Event Organizer,com.simpletix.boxoffice,Simpletix.com LLC,support@simpletix.com,https://www.simpletix.com/,Negócios,,,,10.000+,10000,18142,1,0,BRL,0,0,,Classificação Livre,28 de jun. de 2019,,Varies with device,,O SimpleTix Box Office oferece tudo o que você precisa para gerenciar seus eventos.,https://play.google.com/store/apps/details?id=com.simpletix.boxoffice&hl=pt&gl=br,100,0,33,pequeno/indie,1226,0.0,0.0,0.0,0.0,0.0,0.0,baixa,0,0.0,0.0,0.0,"SerpAPI, ScrapingBee"
3,Automóveis e Veículos,9,Vehicle Maintenance Services B,com.mmplus.vehicleservicesbook,MMPlus Technologies,mmplustechnologies@gmail.com,,Veículos,,,,10.000+,10000,16640,1,0,BRL,0,0,,Classificação Livre,4 de mai. de 2020,,Varies with device,,Esta aplicação é um livro de manutenção digital para seus veículos.,https://play.google.com/store/apps/details?id=com.mmplus.vehicleservicesbook&hl=pt&gl=br,100,0,33,pequeno/indie,1118,0.0,0.0,0.0,0.0,0.0,0.0,baixa,0,0.0,0.0,0.0,"SerpAPI, ScrapingBee"
1,Comunicação,9,COMUNICA,br.edu.unisagrado.comunica,TI Unisagrado,tulio7alves@gmail.com,,Educação,,,,500+,500,572,1,0,BRL,0,0,,Classificação Livre,26 de mai. de 2025,,Varies with device,,Comunica: app lúdico para apoiar comunicação e aprendizado de crianças autistas,https://play.google.com/store/apps/details?id=br.edu.unisagrado.comunica&hl=pt&gl=br,100,0,33,pequeno/indie,30,0.0,0.0,0.0,0.0,0.0,0.0,baixa,0,0.0,0.0,0.0,"SerpAPI, ScrapingBee"
1,Comunicação,1,ComuniCAA,com.comunicaa.app,CAUTA - Grupo de Pesquisa,comunicaa.app@gmail.com,https://comunicaa.app.br/,Comunicação,,,,100+,100,393,1,0,BRL,0,0,,Classificação Livre,8 de set. de 2025,,Varies with device,,O app é uma prancha de comunicação para autistas não verbais.,https://play.google.com/store/apps/details?id=com.comunicaa.app&hl=pt&gl=br,100,0,33,pequeno/indie,20,0.0,0.0,0.0,0.0,0.0,0.0,baixa,1,1.0,0.0,100.0,"SerpAPI, ScrapingBee"
9,Estilo de Vida,2,Rabit: Hábitos & Metas à risca,com.blu.rabito,blu studios,bluebookoficial@gmail.com,https://blury.studio/,Produtividade,4.0062056,26181,2774,1.000.000+,1000000,4140752,1,0,BRL,1,1,"R$ 9,99 – R$ 299,99 por item",Classificação Livre,3 de dez. de 2020,1763669637,4.1.392,,Todo hábito começa com uma semente,https://play.google.com/store/apps/details?id=com.blu.rabito&hl=pt&gl=br,9,9,32,gigante,377515,24027.97,85814.16,278896.03,53204.78,463396.47,287305.81,alta,25,2.6,28.0,52.0,"SerpAPI, ScrapingBee"
1,Jogos de Trivia,5,Quiz: Jogo de perguntas,com.theangrykraken.trivial,The Angry Kraken,theangrykraken@gmail.com,https://www.theangrykraken.com,Conhecimentos,4.5325046,104593,13964,10.000.000+,10000000,14521509,1,0,BRL,1,1,"R$ 3,79 – R$ 31,99 por item",Classificação Livre,13 de jun. de 2019,1760950013,5.1,,Jogo de perguntas e respostas: aproveite jogos offline,https://play.google.com/store/apps/details?id=com.theangrykraken.trivial&hl=pt&gl=br,29,37,32,normal,1311870,11435.5,40841.06,132733.46,25321.46,220541.75,136735.88,alta,25,4.0,72.0,20.0,"SerpAPI, ScrapingBee"
1,Jogos de Estratégia,13,World Conqueror 3-WW2 Strategy,com.easytech.wc3,EasyTech Games,easytechmail@gmail.com,http://www.ieasytech.com/,Estratégia,4.55622,210616,4324,10.000.000+,10000000,12692294,1,0,BRL,1,1,"R$ 2,80 – R$ 519,99 por item",Classificação 10 anos,13 de jul. de 2015,1758870405,1.8.10,,Vivenciando um ótimo jogo de estratégia baseado em turnos da Segunda Guerra Mundial.,https://play.google.com/store/apps/details?id=com.easytech.wc3&hl=pt&gl=br,29,35,32,normal,1139680,241853.2,863761.42,2807224.63,535532.08,4664311.69,2891873.25,alta,25,4.24,84.0,12.0,"SerpAPI, ScrapingBee"
1,Jogos de Ação,15,Armed Heist: Jogo de Luta!,com.sozap.badmen,Sozap,support@sozap.mail.helpshift.com,http://www.sozap.com,Ação,4.525386,332443,21044,10.000.000+,10000000,31136642,1,0,BRL,1,1,"R$ 4,99 – R$ 519,99 por item",Classificação 14 anos,15 de mar. de 2019,1770909798,3.2.13,,Prepare-se para muita ação neste jogo on-line de tiroteio em terceira pessoa!,https://play.google.com/store/apps/details?id=com.sozap.badmen&hl=pt&gl=br,19,47,32,normal,2909317,473580.01,1691357.19,5496910.86,1048641.46,9133328.81,5662663.87,alta,25,4.56,88.0,4.0,"SerpAPI, ScrapingBee"
1,Música e Áudio,7,Podcast Rádio Música- Castbox,com.podcast.podcasts,Castbox.FM - Radio & Podcast & AudioBooks,support@castbox.fm,http://castbox.fm,Notícias e revistas,4.770149,312063,4489,10.000.000+,10000000,17864368,1,0,BRL,1,1,"R$ 8,49 – R$ 83,99 por item",Classificação 14 anos,4 de jan. de 2016,1764841675,9.16.1-251202123,,🎙🎧Melhor App de Podcast&Rádio-🎵 Música 😆 Comédia 🎓 Educação 📰 Notícias 📻,https://play.google.com/store/apps/details?id=com.podcast.podcasts&hl=pt&gl=br,19,47,32,normal,1916344,25396.12,90700.41,294776.34,56234.25,489782.22,303664.98,alta,25,4.04,76.0,24.0,"SerpAPI, ScrapingBee"
1,Gastronomia,6,TudoGostoso Receitas,com.nzn.tdg,Webedia,apps.brasil@webedia-group.com,https://www.tudogostoso.com.br,Comer e beber,4.438386,692786,251963,10.000.000+,10000000,21507333,1,0,BRL,1,0,,Classificação Livre,11 de mar. de 2013,1770979040,5.5.2,,O app de receitas mais querido do Brasil!,https://play.google.com/store/apps/details?id=com.nzn.tdg&hl=pt&gl=br,19,47,32,normal,2114727,1276.62,4559.35,14817.89,2188.49,24620.5,11817.84,alta,25,3.44,56.0,36.0,"SerpAPI, ScrapingBee"
1,Arte e Design,14,ArtFlow: Paint Draw Sketchbook,com.bytestorm.artflow,Artflow Studio,bjanusz@artflowstudio.com,http://artflowstudio.com,Arte e design,3.58,33837,641,5.000.000+,5000000,6381536,1,0,BRL,1,1,"R$ 9,99 – R$ 19,99 por item",Classificação Livre,23 de mai. de 2013,1753333630,2.9.40,,Mas poderosa aplicação simples de desenho e pintura para o artista de todos os tempos,https://play.google.com/store/apps/details?id=com.bytestorm.artflow&hl=pt&gl=br,49,9,32,normal,593797,2640.19,9429.26,30645.1,5846.14,50918.01,31569.17,alta,25,3.28,60.0,36.0,"SerpAPI, ScrapingBee"
20,"Busca: ""wallet""",23,A+ Wallet,com.jits.mbanking.abank.consumer,A bank,abankdevelopers@gmail.com,https://www.abank.com.mm,Finanças,3.857143,3739,4,1.000.000+,1000000,1401285,1,0,BRL,0,0,,Classificação Livre,13 de nov. de 2021,1781362347,2.15.2,,A PLUS: carteira eletrônica e aplicativo de mobile banking all-in-one do banco A já está disponível,https://play.google.com/store/apps/details?id=com.jits.mbanking.abank.consumer&hl=pt&gl=br,32,23,31,gigante,121162,0.0,0.0,0.0,0.0,0.0,0.0,média,0,0.0,0.0,0.0,"SerpAPI, Firecrawl"
9,Estilo de Vida,9,HÁBITOS - Hábitos Diários,habittracker.todolist.tickit.daily.planner,Leap Fitness Group,support@leap.app,https://z.leap.app,Estilo de vida,4.8953195,133292,4900,10.000.000+,10000000,10097750,1,0,BRL,1,1,"R$ 41,99 – R$ 159,99 por item",Classificação Livre,21 de jan. de 2021,1760352309,1.3.9,,HÁBITOS - Criar auto ajuda & avocation hábitos diarios,https://play.google.com/store/apps/details?id=habittracker.todolist.tickit.daily.planner&hl=pt&gl=br,19,42,31,normal,1055684,30012.13,107186.16,348355.03,66455.42,578805.29,358859.28,alta,25,4.96,100.0,0.0,"SerpAPI, ScrapingBee"
9,Livros e Referências,2,Skoob - Para quem ama livros!,com.gaudium.skoob,Skeelo,contato@skoob.com.br,https://www.skoob.com.br,Livros e referências,4.0651164,150781,35925,1.000.000+,1000000,4497670,1,0,BRL,0,0,,Classificação Livre,11 de abr. de 2015,1781903987,5.3.3,,Organize suas leituras e leia cada vez mais.,https://play.google.com/store/apps/details?id=com.gaudium.skoob&hl=pt&gl=br,39,48,31,normal,494005,0.0,0.0,0.0,0.0,0.0,0.0,média,25,2.96,44.0,44.0,"SerpAPI, ScrapingBee"
1,Jogos Casuais,7,Alto's Odyssey,com.noodlecake.altosodyssey,Noodlecake,support+odyssey@noodlecake.com,http://www.noodlecake.com/games/altos-odyssey/,Ação,4.760898,285191,13734,10.000.000+,10000000,29405049,1,0,BRL,1,1,"R$ 1,99 – R$ 589,99 por item",Classificação Livre,25 de jul. de 2018,1760636395,1.0.42,,Explora um deserto infinito,https://play.google.com/store/apps/details?id=com.noodlecake.altosodyssey&hl=pt&gl=br,19,43,31,normal,2740690,361935.13,1292625.48,4201032.8,801427.79,6980177.57,4327710.09,alta,25,4.76,96.0,4.0,"SerpAPI, ScrapingBee"
1,Reprodutores de Vídeo,3,NOVA Video Player,org.courville.nova,Courville Software,software@courville.org,http://www.courville.org,Reproduzir e editar vídeos,4.07,12710,242,1.000.000+,1000000,4437767,1,0,BRL,0,0,,Classificação Livre,19 de ago. de 2018,1747857961,6.4.3-20250521.1917,,Player de vídeo para conteúdo local/de rede com suporte para download de legendas/metadados,https://play.google.com/store/apps/details?id=org.courville.nova&hl=pt&gl=br,69,16,31,normal,405929,0.0,0.0,0.0,0.0,0.0,0.0,média,25,3.96,68.0,16.0,"SerpAPI, ScrapingBee"
1,Livros e Referências,1,Skoob - Para quem ama livros!,com.gaudium.skoob,Skeelo,contato@skoob.com.br,https://www.skoob.com.br,Livros e referências,4.0651164,150781,35925,1.000.000+,1000000,4497670,1,0,BRL,0,0,,Classificação Livre,11 de abr. de 2015,1781903987,5.3.3,,Organize suas leituras e leia cada vez mais.,https://play.google.com/store/apps/details?id=com.gaudium.skoob&hl=pt&gl=br,39,48,31,normal,494005,0.0,0.0,0.0,0.0,0.0,0.0,média,25,2.96,44.0,44.0,"SerpAPI, ScrapingBee"
2,Livros e Referências,2,Skoob - Para quem ama livros!,com.gaudium.skoob,Skeelo,contato@skoob.com.br,https://www.skoob.com.br,Livros e referências,4.0651164,150781,35925,1.000.000+,1000000,4497670,1,0,BRL,0,0,,Classificação Livre,11 de abr. de 2015,1781903987,5.3.3,,Organize suas leituras e leia cada vez mais.,https://play.google.com/store/apps/details?id=com.gaudium.skoob&hl=pt&gl=br,39,48,31,normal,494005,0.0,0.0,0.0,0.0,0.0,0.0,média,25,2.96,44.0,44.0,"SerpAPI, ScrapingBee"
17,"Busca: ""puzzle""",22,Royal Kingdom,com.dreamgames.royalkingdom,"Dream Games, Ltd.",royalkingdom@dreamgames.com,https://www.dreamgames.com,Quebra-cabeças,4.7786922,2435573,10389,50.000.000+,50000000,97851465,1,0,BRL,0,1,"R$ 6,90 – R$ 599,90 por item",Classificação Livre,20 de nov. de 2024,1783699809,31718,,Participe da gloriosa aventura de quebra-cabeças match 3 do Rei Richard!,https://play.google.com/store/apps/details?id=com.dreamgames.royalkingdom&hl=pt&gl=br,0,57,30,gigante,,,,,,,,,,,,,
1,Jogos de Trivia,2,TRIVIA 360: Jogo de perguntas,smartowlapps.com.quiz360,Smart Owl Apps,contact@smartowlapps.com,http://www.owlgames.co/,Conhecimentos,4.5163264,125735,5146,10.000.000+,10000000,11194356,1,0,BRL,1,1,"R$ 2,99 por item",Classificação Livre,3 de jun. de 2016,1761591331,2.5.0,,TRÍVIA 360 - Modo Single e Multiplayer,https://play.google.com/store/apps/details?id=smartowlapps.com.quiz360&hl=pt&gl=br,19,38,30,normal,999467,2107.37,7526.32,24460.55,4666.32,40642.15,25198.13,alta,25,3.68,64.0,24.0,"SerpAPI, ScrapingBee"
1,Jogos em Geral,7,ARK: Ultimate Mobile Edition,com.studiowildcard.arkuse,Studio Wildcard,support@grovestreetgames.com,https://grovestreetgames.com/support,Aventura,3.5395546,135960,14759,5.000.000+,5000000,9957008,1,0,BRL,1,1,"R$ 3,19 – R$ 159,99 por item",Classificação 12 anos,16 de dez. de 2024,1772643966,1.10192,,Construir. Domar. Sobreviver!,https://play.google.com/store/apps/details?id=com.studiowildcard.arkuse&hl=pt&gl=br,19,29,30,normal,803870,40986.99,146382.12,475741.89,90756.91,790463.45,490087.34,alta,25,3.44,56.0,28.0,"SerpAPI, ScrapingBee"
1,Livros e Referências,11,NovelToon: Leitura de Livros,mobi.mangatoon.novel.portuguese,Toon Group,noveltoon.app@gmail.com,https://mangatoon.mobi/,Livros e referências,4.3904724,112085,11831,10.000.000+,10000000,24414502,1,0,BRL,1,1,"R$ 5,49 – R$ 559,99 por item",Classificação 14 anos,28 de dez. de 2019,1782195658,3.35.06,,"Leia romances, histórias e livros grátis. Aproveite histórias no NovelToon.",https://play.google.com/store/apps/details?id=mobi.mangatoon.novel.portuguese&hl=pt&gl=br,29,59,30,normal,2896823,348584.36,1244944.14,4046068.47,771865.37,6722698.38,4168073.0,alta,25,3.88,68.0,24.0,"SerpAPI, ScrapingBee"
29,Personalização · Widgets,3,Widget 2026: Aesthetic Widgets,com.remi.widget,GeniusTools Labs,support.aestethicwidgets@geniustoolslabs.com,https://geniustoolslabs.com/aestethicwidgets,Personalização,4.752992,190125,5420,10.000.000+,10000000,12954759,1,0,BRL,1,1,"R$ 5,49 – R$ 549,99 por item",Classificação Livre,19 de jul. de 2022,1751786941,85.1.4,,Uma decoração incrível para seu celular com o Criador de Widgets Estéticos!,https://play.google.com/store/apps/details?id=com.remi.widget&hl=pt&gl=br,19,34,29,normal,1369793,106055.16,378768.41,1230997.34,234836.42,2045349.43,1268116.64,alta,25,4.84,96.0,4.0,"SerpAPI, Firecrawl"
26,"Busca: ""bitcoin""",19,BTCC - Trade Bitcoin & Crypto,com.btcc.hy,BTCC.COM,support@btcc.com,https://www.btcc.com/en-US,Finanças,3.9036145,17357,42,1.000.000+,1000000,2957310,1,0,BRL,0,0,,Classificação Livre,4 de ago. de 2020,1782912814,8.9.87,,"Bolsa de criptomoedas para negociações e investimentos | Negociações de BTC, ETH",https://play.google.com/store/apps/details?id=com.btcc.hy&hl=pt&gl=br,69,47,29,normal,,,,,,,,,,,,,
26,"Busca: ""bitcoin""",14,"LBank, Compre Bitcoin e Cripto",com.superchain.lbankgoogle,LBank,service@lbank.com,https://www.lbank.com,Finanças,4.7941175,24103,254,1.000.000+,1000000,3641244,1,0,BRL,0,0,,Classificação Livre,8 de mai. de 2020,1784222862,8.1.1,,A Exchange de Ativos Digitais de Classe Mundial,https://play.google.com/store/apps/details?id=com.superchain.lbankgoogle&hl=pt&gl=br,0,45,29,gigante,,,,,,,,,,,,,
22,"Busca: ""carteira""",20,Cartão Valet - Carteira móvel,com.cardsapp.android,Cards,support.cardsmobilewallet@cardsapp.com,https://cardsapp.com/cardsmobilewallet,Produtividade,4.6454916,325120,797,10.000.000+,10000000,37530581,1,0,BRL,1,1,"R$ 5,49 – R$ 549,99 por item",Classificação Livre,21 de mai. de 2013,1752054526,4.1.11,,"Cartões, bilhetes, passes e chaves",https://play.google.com/store/apps/details?id=com.cardsapp.android&hl=pt&gl=br,19,34,29,normal,4159072,556203.92,1986442.57,6455938.36,1231594.4,10726789.89,6650609.73,alta,150,4.23,79.3,16.0,"SerpAPI, Brave Search, Firecrawl, DevSite:Firecrawl"
21,"Busca: ""crypto wallet""",24,BTCC - Trade Bitcoin & Crypto,com.btcc.hy,BTCC.COM,support@btcc.com,https://www.btcc.com/en-US,Finanças,3.8765433,17358,42,1.000.000+,1000000,2957310,1,0,BRL,0,0,,Classificação Livre,4 de ago. de 2020,1782912814,8.9.87,,"Bolsa de criptomoedas para negociações e investimentos | Negociações de BTC, ETH",https://play.google.com/store/apps/details?id=com.btcc.hy&hl=pt&gl=br,69,47,29,normal,,,,,,,,,,,,,
9,Finanças,1,Investimentos BB Taxa Zero,br.com.bb.investimentosbb,Banco do Brasil SA,atende.investimentos@bb.com.br,https://investimentos.bb.com.br,Finanças,4.624371,43893,9325,1.000.000+,1000000,2659433,1,0,BRL,0,0,,Classificação Livre,4 de mar. de 2017,1782497606,4.8.0,,"Seu jeito de investir com segurança e corretagem zero em ações, ETFs e FIIs.",https://play.google.com/store/apps/details?id=br.com.bb.investimentosbb&hl=pt&gl=br,0,45,29,gigante,313300,0.0,0.0,0.0,0.0,0.0,0.0,média,25,4.32,80.0,16.0,"SerpAPI, ScrapingBee"
11,Personalização,11,Launcher and Themes,com.micontrolcenter.customnotification,Cards,support.ioslauncher@cardsapp.com,https://cardsapp.com/ioslauncher,Personalização,4.6324654,189126,1715,10.000.000+,10000000,16979085,1,0,BRL,1,1,"R$ 5,49 – R$ 549,99 por item",Classificação Livre,7 de jan. de 2023,1745250423,1.3.12,,O Launcher e os Temas fornecerão interface e layout modernos para telefones Android,https://play.google.com/store/apps/details?id=com.micontrolcenter.customnotification&hl=pt&gl=br,19,34,29,normal,1817255,140699.51,502498.25,1633119.3,311548.91,2713490.54,1682364.13,alta,25,4.6,92.0,4.0,"SerpAPI, ScrapingBee"
7,Finanças,10,Genial Investimentos,com.br.GeraTech.Genial.NovaPlataforma,Genial Investimentos,atendimento@genialinvestimentos.com.br,https://www.genialinvestimentos.com.br,Finanças,3.7419012,19024,8516,1.000.000+,1000000,3839667,1,0,BRL,0,0,,Classificação Livre,26 de jun. de 2020,1782949607,7.20.1,,"Corretora de investimentos para renda fixa e variável: CDB, Tesouro, Ação e mais",https://play.google.com/store/apps/details?id=com.br.GeraTech.Genial.NovaPlataforma&hl=pt&gl=br,69,48,29,normal,418567,0.0,0.0,0.0,0.0,0.0,0.0,média,150,2.63,36.7,58.7,"SerpAPI, Brave Search, ScrapingBee, DevSite:ScrapingAnt"
7,Finanças,7,Investimentos BB Taxa Zero,br.com.bb.investimentosbb,Banco do Brasil SA,atende.investimentos@bb.com.br,https://investimentos.bb.com.br,Finanças,4.624371,43893,9325,1.000.000+,1000000,2659433,1,0,BRL,0,0,,Classificação Livre,4 de mar. de 2017,1782497606,4.8.0,,"Seu jeito de investir com segurança e corretagem zero em ações, ETFs e FIIs.",https://play.google.com/store/apps/details?id=br.com.bb.investimentosbb&hl=pt&gl=br,0,45,29,gigante,313300,0.0,0.0,0.0,0.0,0.0,0.0,média,150,4.55,87.3,8.7,"SerpAPI, Brave Search, ScrapingBee, DevSite:ScrapingAnt"
8,Finanças,14,Genial Investimentos,com.br.GeraTech.Genial.NovaPlataforma,Genial Investimentos,atendimento@genialinvestimentos.com.br,https://www.genialinvestimentos.com.br,Finanças,3.7419012,19024,8516,1.000.000+,1000000,3839667,1,0,BRL,0,0,,Classificação Livre,26 de jun. de 2020,1782949607,7.20.1,,"Corretora de investimentos para renda fixa e variável: CDB, Tesouro, Ação e mais",https://play.google.com/store/apps/details?id=com.br.GeraTech.Genial.NovaPlataforma&hl=pt&gl=br,69,48,29,normal,418567,0.0,0.0,0.0,0.0,0.0,0.0,média,25,2.0,24.0,76.0,"SerpAPI, ScrapingBee"
8,Finanças,1,Investimentos BB Taxa Zero,br.com.bb.investimentosbb,Banco do Brasil SA,atende.investimentos@bb.com.br,https://investimentos.bb.com.br,Finanças,4.624371,43893,9325,1.000.000+,1000000,2659433,1,0,BRL,0,0,,Classificação Livre,4 de mar. de 2017,1782497606,4.8.0,,"Seu jeito de investir com segurança e corretagem zero em ações, ETFs e FIIs.",https://play.google.com/store/apps/details?id=br.com.bb.investimentosbb&hl=pt&gl=br,0,45,29,gigante,313300,0.0,0.0,0.0,0.0,0.0,0.0,média,25,4.28,76.0,16.0,"SerpAPI, ScrapingBee"
6,Finanças,1,Investimentos BB Taxa Zero,br.com.bb.investimentosbb,Banco do Brasil SA,atende.investimentos@bb.com.br,https://investimentos.bb.com.br,Finanças,4.624371,43893,9325,1.000.000+,1000000,2659433,1,0,BRL,0,0,,Classificação Livre,4 de mar. de 2017,1782497606,4.8.0,,"Seu jeito de investir com segurança e corretagem zero em ações, ETFs e FIIs.",https://play.google.com/store/apps/details?id=br.com.bb.investimentosbb&hl=pt&gl=br,0,45,29,gigante,313300,0.0,0.0,0.0,0.0,0.0,0.0,média,50,4.42,82.0,12.0,"SerpAPI, ScrapingBee"
5,Finanças,1,Investimentos BB Taxa Zero,br.com.bb.investimentosbb,Banco do Brasil SA,atende.investimentos@bb.com.br,https://investimentos.bb.com.br,Finanças,4.624371,43893,9325,1.000.000+,1000000,2659433,1,0,BRL,0,0,,Classificação Livre,4 de mar. de 2017,1782497606,4.8.0,,"Seu jeito de investir com segurança e corretagem zero em ações, ETFs e FIIs.",https://play.google.com/store/apps/details?id=br.com.bb.investimentosbb&hl=pt&gl=br,0,45,29,gigante,313300,0.0,0.0,0.0,0.0,0.0,0.0,média,25,4.28,76.0,16.0,"SerpAPI, ScrapingBee"
1,Jogos de Tabuleiro,10,Ludo Party: Jogo de Tabuleiro,com.miniclip.ludo,Miniclip.com,support@miniclip.com,https://www.miniclip.com/,Tabuleiros,4.3186584,88577,916,10.000.000+,10000000,26842468,1,0,BRL,1,1,"R$ 1,00 – R$ 339,90 por item",Classificação 18 anos,30 de mar. de 2021,1759402632,8.8.3,,"Jogue o popular Ludo com amigos e familia, agora com bate-papo de vídeo e voz",https://play.google.com/store/apps/details?id=com.miniclip.ludo&hl=pt&gl=br,49,35,29,normal,2265369,172839.85,617285.19,2006176.87,382716.82,3333340.03,2066670.82,alta,25,3.0,48.0,48.0,"SerpAPI, ScrapingBee"
1,Viagens e Localização,9,Passagens Imperdíveis,br.com.passagensimperdiveis,Passagens Imperdíveis,contato@passagensimperdiveis.com.br,http://www.passagensimperdiveis.com.br,Viagem e Turismo,3.7214613,2668,862,1.000.000+,1000000,2230490,1,0,BRL,0,0,,Classificação Livre,4 de dez. de 2014,1779715035,9.2.1,,Encontre sua passagem aérea imperdível!,https://play.google.com/store/apps/details?id=br.com.passagensimperdiveis&hl=pt&gl=br,77,42,29,pequeno/indie,197362,0.0,0.0,0.0,0.0,0.0,0.0,média,25,2.96,44.0,44.0,"SerpAPI, ScrapingBee"
1,Música e Áudio,16,Música MP3 offline - Mixtube,com.toto.jcyj.mvmix,Mixtube Music player,hook123qaws@gmail.com,https://mixtubeapp.com,Música e áudio,4.3301086,116116,12421,10.000.000+,10000000,25453729,1,0,BRL,1,1,"R$ 15,99 – R$ 104,99 por item",Classificação Livre,30 de mai. de 2022,1780908048,4.7.2,,Ouvir musica offline gratis. Tuner radio& young radio. Todas as músicas app. mp3,https://play.google.com/store/apps/details?id=com.toto.jcyj.mvmix&hl=pt&gl=br,29,57,29,normal,3025659,79303.8,283227.85,920490.51,175601.27,1529430.38,948246.84,alta,25,3.8,68.0,28.0,"SerpAPI, ScrapingBee"
1,Jogos de Ação,10,Implosion,com.rayark.implosion,Rayark International Limited,service@rayark.com,http://www.rayark.com/,Ação,3.4460607,287766,10979,5.000.000+,5000000,8969837,1,0,BRL,0,1,"R$ 9,90 por item",Classificação 12 anos,16 de abr. de 2015,1765166681,1.5.12,,Trazendo uma experiência de jogos de console AAA para dispositivos móveis.,https://play.google.com/store/apps/details?id=com.rayark.implosion&hl=pt&gl=br,19,21,28,normal,720714,3164.55,11301.96,36731.36,7007.21,61030.56,37838.95,alta,25,4.08,76.0,20.0,"SerpAPI, ScrapingBee"
1,Reprodutores de Vídeo,6,Lark Video Reprodutor,com.larkvideo.player,"Lark Player Studio - Video, MP4 & Music Player",hello@larkvideoplayer.com,https://www.larkvideoplayer.com/,Reproduzir e editar vídeos,4.7415204,62305,1077,10.000.000+,10000000,12811785,1,0,BRL,0,0,,Classificação Livre,17 de jan. de 2025,1778323565,1.32.7,,"Reprodutor de vídeo offline, vídeo HD e 4K, todos os formatos",https://play.google.com/store/apps/details?id=com.larkvideo.player&hl=pt&gl=br,49,73,28,crescendo,1353996,0.0,0.0,0.0,0.0,0.0,0.0,média,25,4.68,92.0,4.0,"SerpAPI, ScrapingBee"
1,Medicina,5,e-saudeSP,br.com.duosystem.avancasaude.sp.prod,Secretaria Municipal da Saúde - São Paulo - SP,contato@getconnect.com.br,https://suporte.getconnect.com.br/hc/pt-br/requests/new,Medicina,3.949768,25980,11045,1.000.000+,1000000,2728798,1,0,BRL,0,0,,Classificação Livre,2 de jul. de 2020,1777901159,3.1.60,,Plataforma de acesso e registro de informações de saúde do cidadão paulistano.,https://play.google.com/store/apps/details?id=br.com.duosystem.avancasaude.sp.prod&hl=pt&gl=br,69,44,28,normal,243844,0.0,0.0,0.0,0.0,0.0,0.0,média,25,4.16,76.0,20.0,"SerpAPI, ScrapingBee"
1,Automóveis e Veículos,9,Olho no Carro: Consultar Placa,br.com.usemobile.olhonocarro,Olho no Carro,comercial@olhonocarro.com.br,https://www.olhonocarro.com.br/,Veículos,3.9036427,8498,1591,1.000.000+,1000000,2435864,1,0,BRL,0,0,,Classificação Livre,10 de ago. de 2022,1779925307,2.14.2,,Consulta veicular confiável: saiba o passado do carro antes de comprar.,https://play.google.com/store/apps/details?id=br.com.usemobile.olhonocarro&hl=pt&gl=br,69,44,28,normal,216466,0.0,0.0,0.0,0.0,0.0,0.0,média,25,1.92,12.0,72.0,"SerpAPI, ScrapingBee"
29,Personalização · Widgets,24,ThemeKit - Temas e widgets,com.themekit.widgets.themes,ThemeKit,ThemeKit.Studio@gmail.com,https://site.themekit.live,Personalização,4.638336,683174,8686,50.000.000+,50000000,60671596,1,0,BRL,1,1,"R$ 0,49 – R$ 174,99 por item",Classificação 12 anos,9 de set. de 2022,1782467743,20.1,,"Themify tela inicial por temas estéticos, ícones, widgets para Android",https://play.google.com/store/apps/details?id=com.themekit.widgets.themes&hl=pt&gl=br,0,44,27,gigante,8235283,264753.23,945547.27,3073028.62,586239.31,5105955.24,3165692.25,alta,25,4.24,80.0,16.0,"SerpAPI, Firecrawl"
29,Personalização · Widgets,10,"Themepack - App Icons, Widgets",com.iconchanger.widget.theme.shortcut,YoloTech,xmind0303@gmail.com,https://icon-changer-studio.web.app,Personalização,4.775246,1301581,84886,100.000.000+,100000000,116133652,1,0,BRL,1,1,"R$ 4,99 – R$ 204,99 por item",Classificação 14 anos,10 de mar. de 2022,1783664249,1.0.0.4179,,"Tema elegante, papel de parede e widget com criação para decoração de telefone",https://play.google.com/store/apps/details?id=com.iconchanger.widget.theme.shortcut&hl=pt&gl=br,0,45,27,gigante,16195702,621238.26,2218708.07,7210801.22,1375599.0,11981023.56,7428234.61,alta,25,4.56,88.0,8.0,"SerpAPI, Firecrawl"
29,Personalização · Ícones e Temas,11,ThemeKit - Temas e widgets,com.themekit.widgets.themes,ThemeKit,ThemeKit.Studio@gmail.com,https://site.themekit.live,Personalização,4.638336,683174,8686,50.000.000+,50000000,60671596,1,0,BRL,1,1,"R$ 0,49 – R$ 174,99 por item",Classificação 12 anos,9 de set. de 2022,1782467743,20.1,,"Themify tela inicial por temas estéticos, ícones, widgets para Android",https://play.google.com/store/apps/details?id=com.themekit.widgets.themes&hl=pt&gl=br,0,44,27,gigante,8235283,264753.23,945547.27,3073028.62,586239.31,5105955.24,3165692.25,alta,25,4.24,80.0,16.0,"SerpAPI, Firecrawl"
29,Personalização · Ícones e Temas,6,"Themepack - App Icons, Widgets",com.iconchanger.widget.theme.shortcut,YoloTech,xmind0303@gmail.com,https://icon-changer-studio.web.app,Personalização,4.775246,1301581,84886,100.000.000+,100000000,116133652,1,0,BRL,1,1,"R$ 4,99 – R$ 204,99 por item",Classificação 14 anos,10 de mar. de 2022,1783664249,1.0.0.4179,,"Tema elegante, papel de parede e widget com criação para decoração de telefone",https://play.google.com/store/apps/details?id=com.iconchanger.widget.theme.shortcut&hl=pt&gl=br,0,45,27,gigante,16195702,621238.26,2218708.07,7210801.22,1375599.0,11981023.56,7428234.61,alta,25,4.56,88.0,8.0,"SerpAPI, Firecrawl"
29,Personalização · Launchers,2,Smart Launcher 6 ‧ Home Screen,ginlemon.flowerfree,Smart Launcher Team,support@smartlauncher.net,http://www.smartlauncher.net/,Personalização,4.6919456,680458,16939,50.000.000+,50000000,53559793,1,0,BRL,0,1,"R$ 2,59 – R$ 149,99 por item",Classificação Livre,11 de jul. de 2012,1783602216,6.6 build 013,,"Tela inicial Android mais rápida, com organização automática, widgets e busca",https://play.google.com/store/apps/details?id=ginlemon.flowerfree&hl=pt&gl=br,0,45,27,gigante,7231679,198599.94,709285.5,2305177.88,439757.01,3830141.71,2374687.86,alta,25,4.64,92.0,8.0,"SerpAPI, Firecrawl"
29,Personalização · Papéis de Parede,2,Zedge™ Papéis de Parede,net.zedge.android,Zedge,android@zedge.net,https://www.zedge.net/,Personalização,4.740928,17714818,177534,500.000.000+,500000000,647870807,1,0,BRL,1,1,"R$ 2,99 – R$ 2.299,99 por item",Classificação 14 anos,,1784190256,9.28.1,,"Encontre milhões de papéis de parede, toques, sons de alarme e notificação",https://play.google.com/store/apps/details?id=net.zedge.android&hl=pt&gl=br,0,45,27,gigante,96734657,1265120.2,4518286.42,14684430.87,2801337.58,24398746.68,15127222.94,alta,25,3.44,52.0,32.0,"SerpAPI, Firecrawl"
29,Negócios · Nota Fiscal e Contabilidade,13,Méliuz: Cashback e Nota Fiscal,br.com.meliuz,Méliuz,atendimento@meliuz.com.br,https://www.meliuz.com.br/,Compras,4.7048817,1254088,121620,10.000.000+,10000000,36891807,1,0,BRL,0,1,"R$ 0,99 – R$ 119,90 por item",Classificação Livre,18 de jan. de 2017,1784175117,7.209.2,,Ganhe dinheiro de volta com o Méliuz Nota Fiscal e cashback em lojas online,https://play.google.com/store/apps/details?id=br.com.meliuz&hl=pt&gl=br,0,45,27,gigante,4902311,106667.87,380956.68,1238109.22,236193.14,2057166.08,1275442.97,alta,25,4.48,84.0,8.0,"SerpAPI, Firecrawl"
17,"Busca: ""puzzle""",23,Quebra-cabeça Mágico: Jogos HD,com.bandagames.mpuzzle.gp,ZiMAD,support_mjp@zimad.com,https://www.zimad.com/,Quebra-cabeças,4.635294,798258,16974,100.000.000+,100000000,110168075,1,0,BRL,1,1,"R$ 4,79 – R$ 729,99 por item",Classificação Livre,24 de fev. de 2014,1784040289,Varies with device,,Jogo de puzzles relaxantes para todas as idades,https://play.google.com/store/apps/details?id=com.bandagames.mpuzzle.gp&hl=pt&gl=br,0,45,27,gigante,,,,,,,,,,,,,
17,"Busca: ""puzzle""",21,Amaze GO! - Seta Quebra-cabeça,com.oakever.arrows,Oakever Games,support@oakevergames.com,https://oakevergames.com,Quebra-cabeças,4.77973,163253,2476,50.000.000+,50000000,75550629,1,0,BRL,1,0,,Classificação 12 anos,9 de fev. de 2026,1784303933,1.21.2,,"Toque para limpar o tabuleiro, resolva enigmas e escape do labirinto!",https://play.google.com/store/apps/details?id=com.oakever.arrows&hl=pt&gl=br,0,46,27,gigante,,,,,,,,,,,,,
17,"Busca: ""puzzle""",19,Arrows – Quebra-Cabeça de Fuga,com.ecffri.arrows,Lessmore GmbH,arrows@lessmore.games,https://lessmore.games/,Quebra-cabeças,4.8090754,1669911,5695,50.000.000+,50000000,98157230,1,0,BRL,1,1,"R$ 3,69 – R$ 99,00 por item",Classificação Livre,30 de ago. de 2025,1783689171,0.20.1,,Desvende o labirinto de setas neste relaxante jogo de lógica e raciocínio!,https://play.google.com/store/apps/details?id=com.ecffri.arrows&hl=pt&gl=br,0,45,27,gigante,,,,,,,,,,,,,
17,"Busca: ""puzzle""",18,Homescapes,com.playrix.homescapes,Playrix,homescapes@playrix.com,https://www.playrix.com/homescapes/index.html,Casuais,4.8053374,13330643,217477,500.000.000+,500000000,518374076,1,0,BRL,0,1,"R$ 1,59 – R$ 1.099,90 por item",Classificação 18 anos,19 de set. de 2017,1784307856,9.0.101,,Ajude o Austin a reformar sua casa e conclua desafios de agrupar 3 pelo caminho!,https://play.google.com/store/apps/details?id=com.playrix.homescapes&hl=pt&gl=br,0,46,27,gigante,,,,,,,,,,,,,
17,"Busca: ""puzzle""",17,Tile Explorer® - Combinação,com.oakever.tiletrip,Oakever Games,support@oakevergames.com,https://oakevergames.com/,Quebra-cabeças,4.8434258,2125315,16569,100.000.000+,100000000,241447163,1,0,BRL,1,1,"R$ 4,90 – R$ 259,99 por item",Classificação Livre,17 de mai. de 2024,1784126394,1.91.0,,Jogo grátis para combinar peças de forma relaxante e divertida. Baixe agora!,https://play.google.com/store/apps/details?id=com.oakever.tiletrip&hl=pt&gl=br,0,45,27,gigante,,,,,,,,,,,,,
17,"Busca: ""puzzle""",16,Words Of Wonders: Cruzamento,com.fugo.wow,Fugo Games,wow@fugo.com.tr,http://www.fugo.com.tr,Palavras,4.875193,6365063,79076,100.000.000+,100000000,468803486,1,0,BRL,1,1,"R$ 5,49 – R$ 599,99 por item",Classificação 14 anos,10 de abr. de 2018,1784326620,5.7.4,,"Jogue essas palavras cruzadas, conecte letras para resolver o quebra-cabeça!",https://play.google.com/store/apps/details?id=com.fugo.wow&hl=pt&gl=br,0,46,27,gigante,,,,,,,,,,,,,
17,"Busca: ""puzzle""",15,Gardenscapes,com.playrix.gardenscapes,Playrix,gardenscapes@playrix.com,https://www.playrix.com/gardenscapes/index.html,Casuais,4.805655,13289988,366134,500.000.000+,500000000,599797361,1,0,BRL,0,1,"R$ 1,79 – R$ 549,90 por item",Classificação 18 anos,24 de ago. de 2016,1783419577,9.7.5,,Crie seu jardim e resolva quebra-cabeças de agrupar 3 neste jogo de renovação!,https://play.google.com/store/apps/details?id=com.playrix.gardenscapes&hl=pt&gl=br,0,45,27,gigante,,,,,,,,,,,,,
17,"Busca: ""puzzle""",14,Brain Test: Jogos Mentais,com.unicostudio.braintest,Unico Studio,support@unicostudio.co,https://unicostudio.co/,Conhecimentos,4.8068786,9806783,290507,100.000.000+,100000000,383720096,1,0,BRL,1,1,"R$ 1,99 – R$ 7,99 por item",Classificação Livre,21 de nov. de 2019,1784317923,2.769.0,,Você quer testar seu QI? Aqui está o quebra-cabeça mais complexo e divertido!,https://play.google.com/store/apps/details?id=com.unicostudio.braintest&hl=pt&gl=br,0,46,27,gigante,,,,,,,,,,,,,
17,"Busca: ""puzzle""",13,Jigsawscapes® - Quebra-cabeça,jigsaw.puzzle.game.banana,Oakever Games,support@oakevergames.com,https://oakevergames.com,Quebra-cabeças,4.714573,659338,15125,50.000.000+,50000000,67587264,1,0,BRL,1,1,"R$ 38,99 – R$ 384,99 por item",Classificação Livre,29 de set. de 2021,1782376813,5.0.7,,Mais de 60.000 jogos de quebra-cabeça para adultos. Você aceita o desafio?,https://play.google.com/store/apps/details?id=jigsaw.puzzle.game.banana&hl=pt&gl=br,0,44,27,gigante,,,,,,,,,,,,,
17,"Busca: ""puzzle""",12,Toon Blast,net.peakgames.toonblast,Peak,support@peak.com,https://peak.com/support/toonblast,Quebra-cabeças,4.704274,4613480,98821,100.000.000+,100000000,131287068,1,0,BRL,1,1,"R$ 2,90 – R$ 1.249,99 por item",Classificação Livre,25 de ago. de 2017,1783442607,23056,,O QUEBRA-CABEÇA DE AVENTURA ANIMADO MAIS DIVERTIDO QUE VOCÊ JÁ VIU!,https://play.google.com/store/apps/details?id=net.peakgames.toonblast&hl=pt&gl=br,0,45,27,gigante,,,,,,,,,,,,,
17,"Busca: ""puzzle""",11,Farm Heroes Saga,com.king.farmheroessaga,King,farmheroes.techhelp@king.com,https://farmheroessaga.com,Casuais,4.701312,9841985,601396,100.000.000+,100000000,430598270,1,0,BRL,1,1,"R$ 0,99 – R$ 559,99 por item",Classificação Livre,10 de dez. de 2013,1783328762,6.93.13,,Combine frutas e salve sua fazenda neste divertido jogo de puzzle e aventura!,https://play.google.com/store/apps/details?id=com.king.farmheroessaga&hl=pt&gl=br,0,45,27,gigante,,,,,,,,,,,,,
17,"Busca: ""puzzle""",8,Block Puzzle,blockpuzzle.new1010.jewelgames.puzzlegames,Block Puzzle Jewel Games,blockpuzzle@zhenglangtech.com,http://linkdesks.net,Quebra-cabeças,4.730044,238188,20771,50.000.000+,50000000,62329044,1,0,BRL,1,1,"R$ 3,79 – R$ 394,99 por item",Classificação Livre,18 de mai. de 2018,1784181663,1.26.2,,Viciante e divertido! Quebra-cabeça de blocos clássico. Jogo offline.,https://play.google.com/store/apps/details?id=blockpuzzle.new1010.jewelgames.puzzlegames&hl=pt&gl=br,0,45,27,gigante,,,,,,,,,,,,,
17,"Busca: ""puzzle""",7,Vita Mahjong,com.vitastudio.mahjong,Vita Studio.,support@vitastudio.ai,https://www.vitastudio.ai,Tabuleiros,4.86832,5766229,61296,100.000.000+,100000000,360014490,1,0,BRL,1,1,"R$ 5,49 – R$ 274,99 por item",Classificação 14 anos,9 de jan. de 2024,1784222497,3.29.1,,Jogue grandes peças de mahjong: Relaxe com os clássicos jogos de quebra-cabeça!,https://play.google.com/store/apps/details?id=com.vitastudio.mahjong&hl=pt&gl=br,0,45,27,gigante,,,,,,,,,,,,,
17,"Busca: ""puzzle""",6,Royal Match,com.dreamgames.royalmatch,"Dream Games, Ltd.",contact@dreamgames.com,https://dreamgames.com,Quebra-cabeças,4.776344,10503984,51276,100.000.000+,100000000,358250366,1,0,BRL,0,1,"R$ 1,90 – R$ 599,90 por item",Classificação Livre,25 de fev. de 2021,1783096152,37281,,"Ótimo jogo de match 3! Arraste itens, resolva quebra-cabeças e decore o castelo.",https://play.google.com/store/apps/details?id=com.dreamgames.royalmatch&hl=pt&gl=br,0,44,27,gigante,,,,,,,,,,,,,
17,"Busca: ""puzzle""",4,Art Puzzle - Quebra-cabeças,com.easybrain.art.puzzle,Easybrain,support@easybrain.com,http://easybrain.com,Quebra-cabeças,4.80161,1842133,17351,100.000.000+,100000000,138970670,1,0,BRL,1,1,"R$ 4,99 – R$ 49,90 por item",Classificação Livre,26 de nov. de 2020,1784199750,4.13.0,,Quebra-cabeça de arte para adultos combinados com jogos de imagem!,https://play.google.com/store/apps/details?id=com.easybrain.art.puzzle&hl=pt&gl=br,0,45,27,gigante,,,,,,,,,,,,,
17,"Busca: ""puzzle""",2,Candy Crush Saga,com.king.candycrushsaga,King,candycrush.techhelp@king.com,http://candycrushsaga.com,Casuais,4.72483,38915592,990455,1.000.000.000+,1000000000,2288837249,1,0,BRL,1,1,"R$ 1,50 – R$ 424,90 por item",Classificação 14 anos,15 de nov. de 2012,1784046092,1.332.1.1,,"Jogue o original: Exploda doces, crie combos e vença fases de quebra-cabeça.",https://play.google.com/store/apps/details?id=com.king.candycrushsaga&hl=pt&gl=br,0,45,27,gigante,,,,,,,,,,,,,
17,"Busca: ""puzzle""",1,Block Blast!,com.block.juggle,HungryStudio,blockblast-support@hungrystudio.com,https://hungrystudio.com?utm_source=googleplay&utm_medium=referral&utm_campaign=visitwebsite,Quebra-cabeças,4.8097925,5044068,60010,1.000.000.000+,1000000000,1008530080,1,0,BRL,1,1,"R$ 27,99 – R$ 284,99 por item",Classificação 12 anos,23 de set. de 2022,1784266680,10.3.9,,Quebra-cabeças e jogos offline sem internet para diversão e relaxamento!,https://play.google.com/store/apps/details?id=com.block.juggle&hl=pt&gl=br,0,46,27,gigante,,,,,,,,,,,,,
9,Compras,3,OLX: Compras Online e Vendas,com.schibsted.bomnegocio.androidApp,OLX Brasil,atendimentoolxbrasil@olxbr.com,http://www.olx.com.br,Compras,4.7022367,2283009,722645,100.000.000+,100000000,156503746,1,0,BRL,1,0,,Classificação 18 anos,8 de ago. de 2013,1782848773,26.26.0,,Comece o ano com uma graninha no bolso. Desapega na OLX!,https://play.google.com/store/apps/details?id=com.schibsted.bomnegocio.androidApp&hl=pt&gl=br,0,45,27,gigante,22093278,12470.35,44536.96,144745.11,21377.74,240499.56,115439.79,alta,25,3.48,64.0,32.0,"SerpAPI, ScrapingBee"
9,Personalização,10,Smart Launcher 6,ginlemon.flowerfree,Smart Launcher Team,support@smartlauncher.net,http://www.smartlauncher.net/,Personalização,4.6891956,678367,16862,50.000.000+,50000000,53236767,1,0,BRL,0,1,"R$ 2,59 – R$ 149,99 por item",Classificação Livre,11 de jul. de 2012,1782598100,6.6 build 012,,O Smart Launcher está de volta e foi completamente renovado!,https://play.google.com/store/apps/details?id=ginlemon.flowerfree&hl=pt&gl=br,0,45,27,gigante,7186217,197351.46,704826.63,2290686.56,436992.51,3806063.82,2359759.57,alta,25,4.72,92.0,4.0,"SerpAPI, ScrapingBee"
9,Paternidade,3,Gravidez + App Semana a Semana,com.hp.pregnancy.lite,Philips Electronics UK Limited,support@pregnancyplus.app,https://philips-digital.com/,Criação de filhos,4.8644614,3604001,262669,50.000.000+,50000000,58010823,1,0,BRL,1,1,"R$ 4,89 – R$ 79,99 por item",Classificação Livre,28 de jan. de 2013,1781784557,7.7,,Gravidez+ já ajudou 100 milhões de mães. Baixe o melhor app GRÁTIS de gravidez,https://play.google.com/store/apps/details?id=com.hp.pregnancy.lite&hl=pt&gl=br,0,44,27,gigante,7859208,124503.86,444656.63,1445134.03,275687.11,2401145.78,1488710.38,alta,25,4.8,92.0,0.0,"SerpAPI, ScrapingBee"
9,Notícias e Revistas,4,G1 Portal de Notícias da Globo,com.globo.g1.app,Globo Comunicação e Participações S.A.,contato.g1@produtos.globo,http://g1.globo.com,Notícias e revistas,4.6244035,65029,18580,10.000.000+,10000000,12888901,1,0,BRL,1,0,,Classificação Livre,1 de dez. de 2014,1782388825,5.66.22,,Veja as últimas notícias sobre os principais assuntos em um único lugar.,https://play.google.com/store/apps/details?id=com.globo.g1.app&hl=pt&gl=br,0,45,27,gigante,1635019,922.87,3295.97,10711.9,1582.07,17798.24,8543.16,alta,25,4.12,72.0,20.0,"SerpAPI, ScrapingBee"
9,Finanças,5,Investing.com Bolsa de Valores,com.fusionmedia.investing,INVESTING.com,mobile@investing.com,https://www.investing.com,Finanças,4.8008637,1066994,22454,50.000.000+,50000000,75200944,1,0,BRL,1,1,"R$ 0,99 – R$ 1.679,76 por item",Classificação Livre,12 de set. de 2013,1782737998,6.48.1,,"Informações sobre ações em tempo real — gráficos, cotações e notícias.",https://play.google.com/store/apps/details?id=com.fusionmedia.investing&hl=pt&gl=br,0,45,27,gigante,10299983,215450.84,769467.3,2500768.72,477069.72,4155123.4,2576176.51,alta,25,4.84,96.0,4.0,"SerpAPI, ScrapingBee"
11,Personalização,14,"Themepack - App Icons, Widgets",com.iconchanger.widget.theme.shortcut,YoloTech,xmind0303@gmail.com,https://icon-changer-studio.web.app,Personalização,4.775239,1293274,84647,100.000.000+,100000000,115008108,1,0,BRL,1,1,"R$ 4,99 – R$ 204,99 por item",Classificação 14 anos,10 de mar. de 2022,1782990215,1.0.0.4165,,"Tema elegante, papel de parede e widget com criação para decoração de telefone",https://play.google.com/store/apps/details?id=com.iconchanger.widget.theme.shortcut&hl=pt&gl=br,0,45,27,gigante,16032316,614971.04,2196325.16,7138056.76,1361721.6,11860155.84,7353296.62,alta,25,4.84,96.0,0.0,"SerpAPI, ScrapingBee"
11,Personalização,9,Smart Launcher 6,ginlemon.flowerfree,Smart Launcher Team,support@smartlauncher.net,http://www.smartlauncher.net/,Personalização,4.6893435,678359,16862,50.000.000+,50000000,53236767,1,0,BRL,0,1,"R$ 2,59 – R$ 149,99 por item",Classificação Livre,11 de jul. de 2012,1782598100,6.6 build 012,,O Smart Launcher está de volta e foi completamente renovado!,https://play.google.com/store/apps/details?id=ginlemon.flowerfree&hl=pt&gl=br,0,45,27,gigante,7186217,197351.46,704826.63,2290686.56,436992.51,3806063.82,2359759.57,alta,25,4.72,92.0,4.0,"SerpAPI, ScrapingBee"
9,Comunicação,9,Signal - Messenger privado,org.thoughtcrime.securesms,Signal Foundation,support@signal.org,https://signal.org,Comunicação,4.6628413,2883534,35158,100.000.000+,100000000,197052671,1,0,BRL,0,1,"R$ 6,99 por item",Classificação Livre,25 de mai. de 2010,1783019917,8.17.4,,"Diga ""oi"" para a privacidade.",https://play.google.com/store/apps/details?id=org.thoughtcrime.securesms&hl=pt&gl=br,0,45,27,gigante,28077736,70649.91,252321.11,820043.6,156439.09,1362533.99,844771.07,alta,25,4.48,88.0,8.0,"SerpAPI, ScrapingBee"
9,Comunicação,3,WhatsApp Business,com.whatsapp.w4b,WhatsApp LLC,smb@support.whatsapp.com,https://www.whatsapp.com/business/,Comunicação,4.717631,23224379,289935,1.000.000.000+,1000000000,2190988589,1,0,BRL,0,1,"R$ 1,49 – R$ 6.999,00 por item",Classificação Livre,24 de jan. de 2018,1782526357,2.26.25.75,,Uma ferramenta simples para facilitar a interação entre empresas e clientes.,https://play.google.com/store/apps/details?id=com.whatsapp.w4b&hl=pt&gl=br,0,45,27,gigante,342443737,348816.36,1245772.72,4048761.34,772379.09,6727172.68,4170847.06,alta,25,3.56,56.0,28.0,"SerpAPI, ScrapingBee"
9,Comunicação,2,WhatsApp Messenger,com.whatsapp,WhatsApp LLC,android@support.whatsapp.com,http://www.whatsapp.com/,Comunicação,4.752333,238174201,5950028,10.000.000.000+,10000000000,12069536240,1,0,BRL,0,1,"R$ 1,29 – R$ 1.049,99 por item",Classificação 14 anos,18 de out. de 2010,1782913653,Varies with device,,Simples. Confiável. Privado.,https://play.google.com/store/apps/details?id=com.whatsapp&hl=pt&gl=br,0,45,27,gigante,1991473479,24215989.93,86485678.33,281078454.56,53621120.56,467022662.96,289554051.03,alta,25,3.72,68.0,32.0,"SerpAPI, ScrapingBee"
9,Quadrinhos,1,"WEBTOON: Manga, Comics, Manhwa",com.naver.linewebtoon,NAVER WEBTOON,dl_linewebtoon@webtoonscorp.com,https://www.webtoons.com/,Quadrinhos,4.6671968,4525804,6951,100.000.000+,100000000,180895557,1,0,BRL,1,1,"R$ 0,59 – R$ 1.049,99 por item",Classificação 12 anos,1 de jul. de 2014,1782806870,3.9.6,,"A maior comunidade de mangá, quadrinhos e manhwa com milhões de fãs!",https://play.google.com/store/apps/details?id=com.naver.linewebtoon&hl=pt&gl=br,0,45,27,gigante,25686816,324688.6,1159602.15,3768706.99,718953.33,6261851.61,3882348.0,alta,25,4.24,76.0,4.0,"SerpAPI, ScrapingBee"
9,Livros e Referências,6,Google Play Livros,com.google.android.apps.books,Google LLC,googleplay-support@google.com,http://play.google.com/,Livros e referências,4.8231144,3162707,50666,1.000.000.000+,1000000000,3829340433,1,0,BRL,0,1,"R$ 0,06 – R$ 41.600,42 por item",Classificação 16 anos,6 de dez. de 2010,1782149184,Varies with device,,Todos os seus livros preferidos para você ler e ouvir onde quiser.,https://play.google.com/store/apps/details?id=com.google.android.apps.books&hl=pt&gl=br,0,45,27,gigante,610769216,6131208.51,21897173.26,71165813.09,13576247.42,118244735.59,73311736.07,alta,25,4.44,84.0,8.0,"SerpAPI, ScrapingBee"
9,Livros e Referências,5,Amazon Kindle,com.amazon.kindle,Amazon Mobile LLC,kindle-cs-support@amazon.com,http://www.amazon.com/kindleapps,Livros e referências,4.9114814,4711370,66370,100.000.000+,100000000,482884873,1,0,BRL,1,1,"R$ 6,25 – R$ 51,99 por item",Classificação Livre,28 de jun. de 2010,1782470297,Varies with device,,"Aproveite milhões de livros, incluindo milhares de livros digitais gratuitos",https://play.google.com/store/apps/details?id=com.amazon.kindle&hl=pt&gl=br,0,45,27,gigante,71286717,787498.15,2812493.4,9140603.54,1743745.91,15187464.35,9416227.9,alta,25,4.36,80.0,12.0,"SerpAPI, ScrapingBee"
7,Finanças,1,Investing.com Bolsa de Valores,com.fusionmedia.investing,INVESTING.com,mobile@investing.com,https://www.investing.com,Finanças,4.8008637,1066939,22454,50.000.000+,50000000,75200944,1,0,BRL,1,1,"R$ 0,99 – R$ 1.679,76 por item",Classificação Livre,12 de set. de 2013,1782737998,6.48.1,,"Informações sobre ações em tempo real — gráficos, cotações e notícias.",https://play.google.com/store/apps/details?id=com.fusionmedia.investing&hl=pt&gl=br,0,45,27,gigante,10299983,215450.84,769467.3,2500768.72,477069.72,4155123.4,2576176.51,alta,150,4.61,90.7,7.3,"SerpAPI, Brave Search, ScrapingBee, DevSite:ScrapingAnt"
8,Finanças,5,Investing.com Bolsa de Valores,com.fusionmedia.investing,INVESTING.com,mobile@investing.com,https://www.investing.com,Finanças,4.8008637,1066939,22454,50.000.000+,50000000,75200944,1,0,BRL,1,1,"R$ 0,99 – R$ 1.679,76 por item",Classificação Livre,12 de set. de 2013,1782737998,6.48.1,,"Informações sobre ações em tempo real — gráficos, cotações e notícias.",https://play.google.com/store/apps/details?id=com.fusionmedia.investing&hl=pt&gl=br,0,45,27,gigante,10299983,215450.84,769467.3,2500768.72,477069.72,4155123.4,2576176.51,alta,25,4.84,96.0,4.0,"SerpAPI, ScrapingBee"
6,Finanças,5,Investing.com Bolsa de Valores,com.fusionmedia.investing,INVESTING.com,mobile@investing.com,https://www.investing.com,Finanças,4.8008637,1066939,22454,50.000.000+,50000000,75200944,1,0,BRL,1,1,"R$ 0,99 – R$ 1.679,76 por item",Classificação Livre,12 de set. de 2013,1782737998,6.48.1,,"Informações sobre ações em tempo real — gráficos, cotações e notícias.",https://play.google.com/store/apps/details?id=com.fusionmedia.investing&hl=pt&gl=br,0,45,27,gigante,10299983,215450.84,769467.3,2500768.72,477069.72,4155123.4,2576176.51,alta,50,4.86,98.0,2.0,"SerpAPI, ScrapingBee"
5,Finanças,5,Investing.com Bolsa de Valores,com.fusionmedia.investing,INVESTING.com,mobile@investing.com,https://www.investing.com,Finanças,4.8008637,1066939,22454,50.000.000+,50000000,75200944,1,0,BRL,1,1,"R$ 0,99 – R$ 1.679,76 por item",Classificação Livre,12 de set. de 2013,1782737998,6.48.1,,"Informações sobre ações em tempo real — gráficos, cotações e notícias.",https://play.google.com/store/apps/details?id=com.fusionmedia.investing&hl=pt&gl=br,0,45,27,gigante,10299983,215450.84,769467.3,2500768.72,477069.72,4155123.4,2576176.51,alta,25,4.84,96.0,4.0,"SerpAPI, ScrapingBee"
1,Jogos de Corrida,21,Pixel Car Racer,com.StudioFurukawa.PixelCarRacer,Studio Furukawa,support@studiofurukawa.com,http://www.pixelcarracer.com,Corrida,4.5187197,381736,17308,10.000.000+,10000000,45595488,1,0,BRL,0,1,"R$ 5,49 – R$ 56,99 por item",Classificação 18 anos,22 de jul. de 2016,1707498101,1.2.5,,"O melhor jogo de corrida arcade retrô, com personalização ilimitada de carros.",https://play.google.com/store/apps/details?id=com.StudioFurukawa.PixelCarRacer&hl=pt&gl=br,19,28,27,normal,4330929,60007.47,214312.4,696515.3,132873.69,1157286.97,717517.92,alta,25,4.6,88.0,8.0,"SerpAPI, ScrapingBee"
1,Jogos de Ação,5,Noblemen: 1896,com.foursakenmedia.noblemen,Foursaken Media,info@foursakenmedia.com,http://www.foursakenmedia.com,Ação,4.489086,205103,5972,10.000.000+,10000000,16189630,1,0,BRL,1,1,"R$ 5,49 – R$ 559,99 por item",Classificação 12 anos,30 de ago. de 2017,1732243352,1.04.16,,Guerra em uma realidade alternativa,https://play.google.com/store/apps/details?id=com.foursakenmedia.noblemen&hl=pt&gl=br,19,28,27,normal,1336106,168594.16,602122.01,1956896.53,373315.65,3251458.85,2015904.49,alta,25,4.56,92.0,8.0,"SerpAPI, ScrapingBee"
2,Entretenimento,4,HBO Max: programas e filmes,com.wbd.stream,"WarnerMedia Global Digital Services, LLC",support@hbomax.com,https://help.max.com,Entretenimento,4.8113165,5386039,58644,100.000.000+,100000000,204157909,1,0,BRL,1,1,"R$ 12,99 – R$ 809,99 por item",Classificação 16 anos,21 de fev. de 2024,1781626534,Varies with device,,"Assista reality shows, filmes, séries originais e muito mais na HBO Max.",https://play.google.com/store/apps/details?id=com.wbd.stream&hl=pt&gl=br,0,44,27,gigante,29131609,4331595.11,15469982.54,50277443.25,9591389.17,83537905.71,51793501.54,alta,25,4.24,84.0,16.0,"SerpAPI, ScrapingBee"
1,Arte e Design,12,Tayasui Sketches,com.tayasui.sketches,Tayasui Sketches,com@tayasui.com,https://tayasui.com/,Arte e design,4.1473355,77005,1531,10.000.000+,10000000,10257349,1,0,BRL,0,1,"R$ 17,99 – R$ 294,99 por item",Classificação Livre,29 de out. de 2020,1760610560,1.5.41,,"Desenho, Rascunho e Pintura",https://play.google.com/store/apps/details?id=com.tayasui.sketches&hl=pt&gl=br,49,27,27,normal,975580,42319.72,151141.84,491210.98,93707.94,816165.93,506022.88,alta,25,3.2,56.0,40.0,"SerpAPI, ScrapingBee"
2,Livros e Referências,6,Google Play Livros,com.google.android.apps.books,Google LLC,googleplay-support@google.com,http://play.google.com/,Livros e referências,4.8230867,3162681,50665,1.000.000.000+,1000000000,3829340433,1,0,BRL,0,1,"R$ 0,06 – R$ 41.600,42 por item",Classificação 16 anos,6 de dez. de 2010,1782149184,Varies with device,,Todos os seus livros preferidos para você ler e ouvir onde quiser.,https://play.google.com/store/apps/details?id=com.google.android.apps.books&hl=pt&gl=br,0,45,27,gigante,610769216,6131208.51,21897173.26,71165813.09,13576247.42,118244735.59,73311736.07,alta,25,4.44,84.0,8.0,"SerpAPI, ScrapingBee"
2,Livros e Referências,5,Amazon Kindle,com.amazon.kindle,Amazon Mobile LLC,kindle-cs-support@amazon.com,http://www.amazon.com/kindleapps,Livros e referências,4.9114547,4711268,66370,100.000.000+,100000000,482884873,1,0,BRL,1,1,"R$ 6,25 – R$ 51,99 por item",Classificação Livre,28 de jun. de 2010,1782470297,Varies with device,,"Aproveite milhões de livros, incluindo milhares de livros digitais gratuitos",https://play.google.com/store/apps/details?id=com.amazon.kindle&hl=pt&gl=br,0,45,27,gigante,71286717,787498.15,2812493.4,9140603.54,1743745.91,15187464.35,9416227.9,alta,25,4.36,80.0,12.0,"SerpAPI, ScrapingBee"
29,Personalização · Widgets,9,Widgets Color Widgets + Icons,slide.widgetFrenzy,androidslide,admin.androidslide@gmail.com,https://widgetopia.io/,Produtividade,4.265478,197421,3374,10.000.000+,10000000,13473718,1,0,BRL,1,1,"R$ 4,99 – R$ 63,99 por item",Classificação Livre,19 de jan. de 2021,1779728994,2.7.5,,Adicione widgets de cores facilmente. Personalize sua tela inicial com widgets estilo iOS 16.,https://play.google.com/store/apps/details?id=slide.widgetFrenzy&hl=pt&gl=br,29,45,26,normal,1297449,30966.04,110593.01,359427.3,68567.67,597202.28,370265.41,alta,25,3.08,48.0,36.0,"SerpAPI, Firecrawl"
29,Personalização · Papéis de Parede,20,Pixel 4D™ Wallpaper Animado,helectronsoft.com.live.wallpaper.pixel4d,TarrySoft,support.pixel4d@kigelapps.com,https://kigelapps.com/pixel4d,Personalização,4.814755,1125999,27755,50.000.000+,50000000,75063896,1,0,BRL,1,1,"R$ 0,99 – R$ 549,99 por item",Classificação Livre,13 de fev. de 2018,1779444817,3.4.6,,Papel de parede animado 4K/HD e fundos de tela de bloqueio 3D animados,https://play.google.com/store/apps/details?id=helectronsoft.com.live.wallpaper.pixel4d&hl=pt&gl=br,0,41,26,gigante,8567023,776748.26,2774100.92,9015827.99,1719942.57,14980144.97,9287689.88,alta,25,4.44,92.0,8.0,"SerpAPI, Firecrawl"
26,"Busca: ""bitcoin""",44,BitPay - Compre Cripto,com.bitpay.wallet,"BitPay, Inc.",feedback@bitpay.com,https://bitpay.com,Finanças,3.32,13602,129,1.000.000+,1000000,2593797,1,0,BRL,0,0,,Classificação Livre,21 de out. de 2016,1783007788,14.44.2,,"Compre Cripto, Gaste Cripto ou obtenha o cartão BitPay (inclui cartão virtual)",https://play.google.com/store/apps/details?id=com.bitpay.wallet&hl=pt&gl=br,69,37,26,normal,,,,,,,,,,,,,
26,"Busca: ""bitcoin""",17,BingX: Compre Cripto e Ações,pro.bingbon.app,BINGX GROUP LIMITED,support@bingx.com,https://bingx.com,Finanças,4.7084746,80537,946,10.000.000+,10000000,10220406,1,0,BRL,0,0,,Classificação 18 anos,18 de mai. de 2019,1784026993,4.87.0,,"Negocie BTC, ETH, Ouro, Petróleo e Ações com Insights de IA",https://play.google.com/store/apps/details?id=pro.bingbon.app&hl=pt&gl=br,49,65,26,crescendo,,,,,,,,,,,,,
22,"Busca: ""carteira""",19,NC Wallet: cripto sem taxas,com.ncwallet,NCW Team,contactus@ncwallet.net,https://ncwallet.net,Finanças,3.42,17769,264,1.000.000+,1000000,2100868,1,0,BRL,0,0,,Classificação Livre,18 de out. de 2022,1782985767,4.71.0,,"Todas as criptomoedas em um só lugar: BTС, ETH, MATIC, SOL, USDT, USDC, BNB, etc",https://play.google.com/store/apps/details?id=com.ncwallet&hl=pt&gl=br,69,37,26,normal,222416,0.0,0.0,0.0,0.0,0.0,0.0,média,150,2.98,47.3,49.3,"SerpAPI, Brave Search, Firecrawl, DevSite:Firecrawl"
21,"Busca: ""crypto wallet""",26,BingX: Compre Cripto e Ações,pro.bingbon.app,BINGX GROUP LIMITED,support@bingx.com,https://bingx.com,Finanças,4.707483,80526,946,10.000.000+,10000000,10220406,1,0,BRL,0,0,,Classificação 18 anos,18 de mai. de 2019,1784026993,4.87.0,,"Negocie BTC, ETH, Ouro, Petróleo e Ações com Insights de IA",https://play.google.com/store/apps/details?id=pro.bingbon.app&hl=pt&gl=br,49,65,26,crescendo,,,,,,,,,,,,,
20,"Busca: ""wallet""",33,Ronin Wallet,com.skymavis.genesis,Sky Mavis Pte. Ltd.,app@skymavis.com,https://wallet.roninchain.com/,Finanças,3.1862745,11058,272,1.000.000+,1000000,3358503,1,0,BRL,0,0,,Classificação Livre,30 de out. de 2021,1784104422,2.15.7,,Ronin Wallet é o seu cartão de embarque para uma nova nação digital.,https://play.google.com/store/apps/details?id=com.skymavis.genesis&hl=pt&gl=br,69,37,26,normal,363772,0.0,0.0,0.0,0.0,0.0,0.0,média,25,3.0,48.0,52.0,"SerpAPI, Firecrawl"
20,"Busca: ""wallet""",16,NC Wallet: cripto sem taxas,com.ncwallet,NCW Team,contactus@ncwallet.net,https://ncwallet.net,Finanças,3.42,17769,264,1.000.000+,1000000,2100868,1,0,BRL,0,0,,Classificação Livre,18 de out. de 2022,1782985767,4.71.0,,"Todas as criptomoedas em um só lugar: BTС, ETH, MATIC, SOL, USDT, USDC, BNB, etc",https://play.google.com/store/apps/details?id=com.ncwallet&hl=pt&gl=br,69,37,26,normal,222416,0.0,0.0,0.0,0.0,0.0,0.0,média,25,3.2,56.0,44.0,"SerpAPI, Firecrawl"
17,"Busca: ""puzzle""",24,Tile Club - Jogo de combinar,com.gamovation.tileclub,GamoVation,info@gamovation.com,https://www.gamovation.com,Quebra-cabeças,4.851932,816414,7130,100.000.000+,100000000,207615197,1,0,BRL,1,1,"R$ 4,29 – R$ 439,99 por item",Classificação Livre,15 de mai. de 2023,1780654024,3.5.2,,Um jogo de quebra-cabeça simples e viciante. Instale agora para diversão pura!,https://play.google.com/store/apps/details?id=com.gamovation.tileclub&hl=pt&gl=br,0,42,26,gigante,,,,,,,,,,,,,
17,"Busca: ""puzzle""",10,Block Puzzle - Jogo de Blocos,com.easybrain.block.puzzle.games,Easybrain,support@easybrain.com,https://easybrain.com,Quebra-cabeças,4.5662193,1281198,18498,100.000.000+,100000000,122540436,1,0,BRL,1,1,"R$ 49,90 por item",Classificação Livre,6 de dez. de 2019,1784309891,3.26.0,,Quebra-cabeças com blocos e mecânica de sudoku. Destrua o máximo de quadrados!,https://play.google.com/store/apps/details?id=com.easybrain.block.puzzle.games&hl=pt&gl=br,0,40,26,gigante,,,,,,,,,,,,,
17,"Busca: ""puzzle""",3,Quebra-cabeças,com.easybrain.jigsaw.puzzles,Easybrain,support@easybrain.com,http://www.easybrain.com,Quebra-cabeças,4.777605,2327829,65772,100.000.000+,100000000,149159503,1,0,BRL,1,1,"R$ 4,29 – R$ 49,99 por item",Classificação Livre,4 de jun. de 2019,1779288709,4.8.0,,Quebra-cabeça para adultos. Coleção diária de quebra-cabeças em HD.,https://play.google.com/store/apps/details?id=com.easybrain.jigsaw.puzzles&hl=pt&gl=br,0,40,26,gigante,,,,,,,,,,,,,
9,Notícias e Revistas,5,ZINIO - Revistas Digitais,com.zinio.mobile.android.reader,ZINIO,support@zinio.com,https://zinio.zendesk.com,Notícias e revistas,4.62,58131,376,50.000.000+,50000000,66805383,1,0,BRL,0,1,"R$ 2,39 – R$ 2.149,99 por item",Classificação 16 anos,30 de mai. de 2011,1777517139,4.75.0,,A maior selecção de títutos com mais de 6000 revistas de todo o mundo,https://play.google.com/store/apps/details?id=com.zinio.mobile.android.reader&hl=pt&gl=br,0,40,26,gigante,7587282,85693.65,306048.75,994658.43,189750.22,1652663.24,1024651.21,alta,25,3.68,60.0,28.0,"SerpAPI, ScrapingBee"
1,Eventos,5,Ingresse - Ingressos e Eventos,com.ingresse.ticketbooth,Ingresse,contato@ingresse.com,http://www.ingresse.com,Eventos,2.7153285,5606,2281,1.000.000+,1000000,3700596,1,0,BRL,0,0,,Classificação 14 anos,18 de dez. de 2013,1783086911,6.0.12,,"Ingressos para shows, eventos e futebol. Descubra, compre e venda fácil",https://play.google.com/store/apps/details?id=com.ingresse.ticketbooth&hl=pt&gl=br,69,36,26,normal,335580,0.0,0.0,0.0,0.0,0.0,0.0,média,25,1.2,4.0,96.0,"SerpAPI, ScrapingBee"
29,Personalização · Widgets,6,Widgets e Temas: iWidgets,colorwidgets.ios.widget.topwidgets,AI Photo Team,support@atlaszz.com,https://atlaszz.com,Estilo de vida,4.7369113,567844,20700,50.000.000+,50000000,63906104,1,0,BRL,1,1,"R$ 8,49 – R$ 149,99 por item",Classificação Livre,31 de mar. de 2023,1776776269,1.8.0,,"Temas, widgets, papéis de parede e ícones elegantes para decoração do telefone",https://play.google.com/store/apps/details?id=colorwidgets.ios.widget.topwidgets&hl=pt&gl=br,0,38,25,gigante,7244457,191575.47,684198.1,2223643.81,424202.82,3694669.72,2290695.22,alta,25,4.6,88.0,4.0,"SerpAPI, Firecrawl"
29,Personalização · Papéis de Parede,9,Wallcraft – papel de parede 3D,com.wallpaperscraft.wallpaper,Nebuchadnezzar DOO,android-support@wallpaperscraft.com,https://volkraft.com,Personalização,4.5716505,1238931,24737,100.000.000+,100000000,176200563,1,0,BRL,1,1,"R$ 0,99 – R$ 329,99 por item",Classificação 14 anos,1 de abr. de 2017,1782989218,Varies with device,,Papel de parede 3D: papel de parede e fundos animados papéis de parede HD e 4K,https://play.google.com/store/apps/details?id=com.wallpaperscraft.wallpaper&hl=pt&gl=br,0,38,25,gigante,24993573,1503031.12,5367968.28,17445896.9,3328140.33,28987028.7,17971957.79,alta,25,3.76,68.0,20.0,"SerpAPI, Firecrawl"
17,"Busca: ""puzzle""",25,Fishdom,com.playrix.fishdomdd.gplay,Playrix,fishdom@playrix.com,https://www.playrix.com/fishdom/index.html,Quebra-cabeças,4.532574,6713536,228267,100.000.000+,100000000,469102638,1,0,BRL,0,1,"R$ 2,11 – R$ 669,99 por item",Classificação 18 anos,2 de mar. de 2016,1782508129,9.9.2.0,,Conclua níveis épicos de agrupar 3 e combinação para criar aquários perfeitos!,https://play.google.com/store/apps/details?id=com.playrix.fishdomdd.gplay&hl=pt&gl=br,0,38,25,gigante,,,,,,,,,,,,,
17,"Busca: ""puzzle""",9,Candy Crush Soda Saga,com.king.candycrushsodasaga,King,candycrushsoda.techhelp@king.com,http://candycrushsodasaga.com,Casuais,4.565707,8861463,271991,500.000.000+,500000000,619850506,1,0,BRL,1,1,"R$ 0,99 – R$ 399,99 por item",Classificação Livre,11 de nov. de 2014,1783090886,1.322.3,,"Jogo viciante de frutas! Combine doces, salve ursinhos! Jogue offline e grátis!",https://play.google.com/store/apps/details?id=com.king.candycrushsodasaga&hl=pt&gl=br,0,38,25,gigante,,,,,,,,,,,,,
9,Mapas e Navegação,10,MAPS.ME: Nav GPS mapas offline,com.mapswithme.maps.pro,Maps_Me,android@maps.me,https://maps.me,Viagem e Turismo,4.575525,1282025,14558,50.000.000+,50000000,96983757,1,0,BRL,0,1,"R$ 2,09 – R$ 81,99 por item",Classificação Livre,31 de jul. de 2012,1781543319,v17.11.72030-googleRelease,,"Mapas offline com navegação, direções e infos do trânsito, carteira digital",https://play.google.com/store/apps/details?id=com.mapswithme.maps.pro&hl=pt&gl=br,0,38,25,gigante,13424920,203164.01,725585.77,2358153.74,449863.17,3918163.14,2429261.14,alta,25,4.6,92.0,8.0,"SerpAPI, ScrapingBee"
9,Mapas e Navegação,3,"Sygic Navegação por GPS, Mapas",com.sygic.aura,Sygic.,support@sygic.com,https://www.sygic.com/gps-navigation,Mapas e navegação,4.518407,1893517,38179,50.000.000+,50000000,95506326,1,0,BRL,0,1,"R$ 2,09 – R$ 464,99 por item",Classificação Livre,5 de nov. de 2010,1782401317,Varies with device,,"Navegação GPS: mapas offline, Android Auto, Trânsito, Radares & Motorbike Mode.",https://play.google.com/store/apps/details?id=com.sygic.aura&hl=pt&gl=br,0,39,25,gigante,13212003,1110714.14,3966836.21,12892217.69,2459438.45,21420915.55,13280967.64,alta,25,3.8,68.0,24.0,"SerpAPI, ScrapingBee"
11,Personalização,20,Widgets e Temas: iWidgets,colorwidgets.ios.widget.topwidgets,AI Photo Team,support@atlaszz.com,https://atlaszz.com,Estilo de vida,4.741396,560054,20315,50.000.000+,50000000,62548692,1,0,BRL,1,1,"R$ 8,49 – R$ 149,99 por item",Classificação Livre,31 de mar. de 2023,1776776269,1.8.0,,"Temas, widgets, papéis de parede e ícones elegantes para decoração do telefone",https://play.google.com/store/apps/details?id=colorwidgets.ios.widget.topwidgets&hl=pt&gl=br,0,39,25,gigante,7084164,187336.62,669059.34,2174442.86,414816.79,3612920.44,2240010.67,alta,25,4.96,100.0,0.0,"SerpAPI, ScrapingBee"
9,Quadrinhos,4,Tapas – Comics and Novels,com.tapastic,Tapas Entertainment Inc.,feedback@tapas.io,https://tapas.io/,Quadrinhos,4.018405,124777,1745,10.000.000+,10000000,11081278,1,0,BRL,1,1,"R$ 4,99 – R$ 499,99 por item",Classificação 14 anos,2 de out. de 2012,1782436854,7.11.2,,Leia webcomics e webnovels,https://play.google.com/store/apps/details?id=com.tapastic&hl=pt&gl=br,19,49,25,normal,1269195,136466.92,487381.84,1583990.99,302176.74,2631861.95,1631754.41,alta,25,3.28,52.0,36.0,"SerpAPI, ScrapingBee"
7,Finanças,11,Trade W - Invista & Negocie,com.tradewill.online,TradeWill Global,info@tradewill.com,,Finanças,4.8271604,38981,728,10.000.000+,10000000,14045699,1,0,BRL,0,0,,Classificação 10 anos,25 de nov. de 2020,1782984208,1.9.56,,Negocie em uma plataforma que oferece saque rápido. conta de prática gratuita,https://play.google.com/store/apps/details?id=com.tradewill.online&hl=pt&gl=br,45,65,25,crescendo,1788685,0.0,0.0,0.0,0.0,0.0,0.0,média,150,4.68,91.3,6.7,"SerpAPI, Brave Search, ScrapingAnt"
8,Finanças,13,Trade W - Invista & Negocie,com.tradewill.online,TradeWill Global,info@tradewill.com,,Finanças,4.8271604,38981,727,10.000.000+,10000000,14045699,1,0,BRL,0,0,,Classificação 10 anos,25 de nov. de 2020,1782984208,1.9.56,,Negocie em uma plataforma que oferece saque rápido. conta de prática gratuita,https://play.google.com/store/apps/details?id=com.tradewill.online&hl=pt&gl=br,45,65,25,crescendo,1788685,0.0,0.0,0.0,0.0,0.0,0.0,média,25,4.76,92.0,4.0,"SerpAPI, ScrapingBee"
1,Jogos de Cassino,8,Jackpot World 777 Slot Cassino,com.grandegames.slots.dafu.casino,SpinX Games Limited,jackpotworld-support@spinxgames.com,https://www.jackpot-world.com/,Cassino,4.099278,842913,2140,10.000.000+,10000000,37140721,1,0,BRL,1,1,"R$ 4,99 – R$ 2.249,99 por item",Classificação 18 anos,11 de mai. de 2018,1782897215,Varies with device,,Ganhe o jackpot! Gire a vegas roleta de MEGA 777 slots no 888 cassino de aposta!,https://play.google.com/store/apps/details?id=com.grandegames.slots.dafu.casino&hl=pt&gl=br,19,49,25,normal,3814815,234681.49,838148.19,2723981.62,519651.88,4526000.23,2806120.14,alta,25,4.52,88.0,12.0,"SerpAPI, ScrapingBee"
1,Jogos de Cassino,2,Jackpot Party Casino Slots,com.williamsinteractive.jackpotparty,SciPlay,android@jackpotpartycasino.zendesk.com,https://www.jackpotparty.com,Cassino,4.2040815,1198256,852,10.000.000+,10000000,35651374,1,0,BRL,0,1,"R$ 2,55 – R$ 5.200,00 por item",Classificação Livre,3 de jun. de 2013,1783028332,5070.01,,Ganhe o prêmio máximo nos caça-níqueis em Las Vegas! Jogos de cassino on-line,https://play.google.com/store/apps/details?id=com.williamsinteractive.jackpotparty&hl=pt&gl=br,19,49,25,normal,3655377,15705.69,56091.77,182298.24,34776.89,302895.54,187795.23,alta,25,3.8,68.0,24.0,"SerpAPI, ScrapingBee"
1,Viagens e Localização,12,123milhas: Voos e Hotéis,com.a123milhas.app,123Milhas,app@123milhas.com.br,https://123milhas.com/,Viagem e Turismo,4.5068164,37961,15578,10.000.000+,10000000,11441977,1,0,BRL,0,0,,Classificação Livre,13 de nov. de 2019,1782302853,6.5.4,,Escolha como e pra onde viajar e deixe o resto com o app de viagem 123milhas!,https://play.google.com/store/apps/details?id=com.a123milhas.app&hl=pt&gl=br,49,59,25,normal,1443659,0.0,0.0,0.0,0.0,0.0,0.0,média,25,4.4,84.0,12.0,"SerpAPI, ScrapingBee"
1,Quadrinhos,3,Tapas – Comics and Novels,com.tapastic,Tapas Entertainment Inc.,feedback@tapas.io,https://tapas.io/,Quadrinhos,4.018405,124774,1745,10.000.000+,10000000,11081278,1,0,BRL,1,1,"R$ 4,99 – R$ 499,99 por item",Classificação 14 anos,2 de out. de 2012,1782436854,7.11.2,,Leia webcomics e webnovels,https://play.google.com/store/apps/details?id=com.tapastic&hl=pt&gl=br,19,49,25,normal,1269195,136466.92,487381.84,1583990.99,302176.74,2631861.95,1631754.41,alta,25,3.28,52.0,36.0,"SerpAPI, ScrapingBee"
2,Entretenimento,9,Prime Video,com.amazon.avod.thirdpartyclient,Amazon Mobile LLC,pv-android-feedback@amazon.com,http://www.primevideo.com,Entretenimento,4.527291,5397366,215444,500.000.000+,500000000,896792659,1,0,BRL,1,1,"R$ 0,30 – R$ 1.549,90 por item",Classificação 16 anos,13 de dez. de 2016,1782525049,Varies with device,,"Assista a filmes, séries, conteúdos ao vivo e esportes",https://play.google.com/store/apps/details?id=com.amazon.avod.thirdpartyclient&hl=pt&gl=br,0,39,25,gigante,135573109,1570689.78,5609606.34,18231220.61,3477955.93,30291874.24,18780962.03,alta,25,2.6,36.0,56.0,"SerpAPI, ScrapingBee"
2,Entretenimento,8,IMDb Cinema & TV,com.imdb.mobile,IMDb,android@imdb.com,http://www.imdb.com,Entretenimento,4.4997416,966898,8526,100.000.000+,100000000,213420444,1,0,BRL,1,0,,Classificação 14 anos,29 de jun. de 2010,1781715060,9.3.2.109320400,,"A IMDb é a maior coleção de filmes, informação sobre TV e celebridades. 🎬 📺",https://play.google.com/store/apps/details?id=com.imdb.mobile&hl=pt&gl=br,0,38,25,gigante,27734164,15654.29,55908.19,181701.63,26835.93,301904.24,144914.03,alta,25,4.12,80.0,20.0,"SerpAPI, ScrapingBee"
29,Negócios · RH e Gestão de Equipe,12,Portal RH Metadados,br.com.metadados.portalrhmetadados,Metadados Assessoria e Sistemas,suporte@metadados.com.br,https://www.metadados.com.br,Ferramentas,2.6371682,2238,1143,500.000+,500000,811957,1,0,BRL,0,0,,Classificação Livre,28 de ago. de 2019,1776421940,3.1.7,,A versão mobile que leva seu RH para todas as áreas.,https://play.google.com/store/apps/details?id=br.com.metadados.portalrhmetadados&hl=pt&gl=br,18,7,24,gigante,68281,0.0,0.0,0.0,0.0,0.0,0.0,média,25,1.44,8.0,92.0,"SerpAPI, Firecrawl"
1,Jogos de Trivia,8,TRIVIA STAR Quiz Games Offline,com.trivia.star.android,Super Free,support@platinumplayerllc.com,https://superfree.com/,Conhecimentos,4.2376237,396895,85,10.000.000+,10000000,31850460,1,0,BRL,1,1,"R$ 4,79 – R$ 1.049,99 por item",Classificação Livre,3 de mar. de 2020,1781491995,1.413,,JOGUE JOGOS DE TRIVIA no Trivia Star - Quiz + Jogos Offline! Receba Quizzes Mentais Diários,https://play.google.com/store/apps/details?id=com.trivia.star.android&hl=pt&gl=br,19,48,24,normal,3249759,80421.32,287219.0,933461.75,178075.78,1550982.59,961609.21,alta,25,3.64,60.0,32.0,"SerpAPI, ScrapingBee"
1,Jogos Esportivos,4,Jogos Esportivos de Verão,com.hdhstack.athletics,TerranDroid,support@terrandroid.com,http://www2.terrandroid.com,Esportes,4.16875,94407,1686,10.000.000+,10000000,14208230,1,0,BRL,1,1,"R$ 5,99 – R$ 299,99 por item",Classificação Livre,29 de jul. de 2018,1723790979,1.8,,O jogos esportivos mais profissionais deste ano!,https://play.google.com/store/apps/details?id=com.hdhstack.athletics&hl=pt&gl=br,49,18,24,normal,1165736,79914.37,285408.46,927577.51,176953.25,1541205.71,955547.54,alta,25,4.08,72.0,16.0,"SerpAPI, ScrapingBee"
1,Jogos de Simulação,1,Days After－Sobrevivência Zumbi,games.alternativa.projectv.test,MY.GAMES VENTURE CAPITAL LTD,support@days-after.com,http://days-after.com/,Simulador,4.1718826,214617,8186,10.000.000+,10000000,18189263,1,0,BRL,1,1,"R$ 0,99 – R$ 99,99 por item",Classificação 18 anos,24 de mai. de 2021,1781792545,13.4.1,,Jogo de zumbi mundo aberto. Sobrevivência online pós apocalíptico. Survival game,https://play.google.com/store/apps/details?id=games.alternativa.projectv.test&hl=pt&gl=br,19,48,24,normal,1810743,63881.65,228148.75,741483.45,141452.23,1232003.28,763842.03,alta,25,4.04,80.0,20.0,"SerpAPI, ScrapingBee"
1,Jogos de RPG,1,Days After－Sobrevivência Zumbi,games.alternativa.projectv.test,MY.GAMES VENTURE CAPITAL LTD,support@days-after.com,http://days-after.com/,Simulador,4.1718826,214617,8186,10.000.000+,10000000,18189263,1,0,BRL,1,1,"R$ 0,99 – R$ 99,99 por item",Classificação 18 anos,24 de mai. de 2021,1781792545,13.4.1,,Jogo de zumbi mundo aberto. Sobrevivência online pós apocalíptico. Survival game,https://play.google.com/store/apps/details?id=games.alternativa.projectv.test&hl=pt&gl=br,19,48,24,normal,1810743,63881.65,228148.75,741483.45,141452.23,1232003.28,763842.03,alta,25,4.04,80.0,20.0,"SerpAPI, ScrapingBee"
1,Jogos Arcade,1,Days After－Sobrevivência Zumbi,games.alternativa.projectv.test,MY.GAMES VENTURE CAPITAL LTD,support@days-after.com,http://days-after.com/,Simulador,4.1718826,214613,8186,10.000.000+,10000000,18189263,1,0,BRL,1,1,"R$ 0,99 – R$ 99,99 por item",Classificação 18 anos,24 de mai. de 2021,1781792545,13.4.1,,Jogo de zumbi mundo aberto. Sobrevivência online pós apocalíptico. Survival game,https://play.google.com/store/apps/details?id=games.alternativa.projectv.test&hl=pt&gl=br,19,48,24,normal,1810743,63881.65,228148.75,741483.45,141452.23,1232003.28,763842.03,alta,25,4.04,80.0,20.0,"SerpAPI, ScrapingBee"
1,Jogos de Aventura,1,Days After－Sobrevivência Zumbi,games.alternativa.projectv.test,MY.GAMES VENTURE CAPITAL LTD,support@days-after.com,http://days-after.com/,Simulador,4.1718826,214617,8186,10.000.000+,10000000,18189263,1,0,BRL,1,1,"R$ 0,99 – R$ 99,99 por item",Classificação 18 anos,24 de mai. de 2021,1781792545,13.4.1,,Jogo de zumbi mundo aberto. Sobrevivência online pós apocalíptico. Survival game,https://play.google.com/store/apps/details?id=games.alternativa.projectv.test&hl=pt&gl=br,19,48,24,normal,1810743,63881.65,228148.75,741483.45,141452.23,1232003.28,763842.03,alta,25,4.04,80.0,20.0,"SerpAPI, ScrapingBee"
1,Jogos de Ação,1,Days After－Sobrevivência Zumbi,games.alternativa.projectv.test,MY.GAMES VENTURE CAPITAL LTD,support@days-after.com,http://days-after.com/,Simulador,4.1718826,214617,8186,10.000.000+,10000000,18189263,1,0,BRL,1,1,"R$ 0,99 – R$ 99,99 por item",Classificação 18 anos,24 de mai. de 2021,1781792545,13.4.1,,Jogo de zumbi mundo aberto. Sobrevivência online pós apocalíptico. Survival game,https://play.google.com/store/apps/details?id=games.alternativa.projectv.test&hl=pt&gl=br,19,48,24,normal,1810743,63881.65,228148.75,741483.45,141452.23,1232003.28,763842.03,alta,25,4.04,80.0,20.0,"SerpAPI, ScrapingBee"
1,Jogos em Geral,1,Days After－Sobrevivência Zumbi,games.alternativa.projectv.test,MY.GAMES VENTURE CAPITAL LTD,support@days-after.com,http://days-after.com/,Simulador,4.1718826,214617,8186,10.000.000+,10000000,18189263,1,0,BRL,1,1,"R$ 0,99 – R$ 99,99 por item",Classificação 18 anos,24 de mai. de 2021,1781792545,13.4.1,,Jogo de zumbi mundo aberto. Sobrevivência online pós apocalíptico. Survival game,https://play.google.com/store/apps/details?id=games.alternativa.projectv.test&hl=pt&gl=br,19,48,24,normal,1810743,63881.65,228148.75,741483.45,141452.23,1232003.28,763842.03,alta,25,4.04,80.0,20.0,"SerpAPI, ScrapingAnt"
1,Reprodutores de Vídeo,1,KMPlayer - Player de vídeo,com.kmplayer,PANDORA.TV,support.mobile@kmplayer.com,https://www.kmplayer.com,Reproduzir e editar vídeos,4.038961,386063,2590,10.000.000+,10000000,42337922,1,0,BRL,0,1,"R$ 5,41 – R$ 54,99 por item",Classificação Livre,19 de mar. de 2014,1781524878,36.04.235,,Leitor de vídeo 4k-8k perfeito. Compatível com todos os formatos de ficheiros.,https://play.google.com/store/apps/details?id=com.kmplayer&hl=pt&gl=br,19,48,24,normal,5144936,65802.19,235007.82,763775.43,145704.85,1269042.25,786806.2,alta,25,4.16,80.0,16.0,"SerpAPI, ScrapingBee"
22,"Busca: ""carteira""",21,PLAY Wallet (WEMIX),com.wemadetree.wemixwallet,WEMIX PTE. LTD.,customer@wemadetree.com.sg,https://wemixnetwork.com/,Finanças,2.20922,15093,1853,1.000.000+,1000000,2797254,1,0,BRL,0,0,,Classificação Livre,27 de set. de 2020,1772083570,2.7.0,,"Jogue jogos de alta qualidade, obtenha ativos digitais, gerencie minha riqueza na PLAY Wallet",https://play.google.com/store/apps/details?id=com.wemadetree.wemixwallet&hl=pt&gl=br,69,26,23,normal,250262,0.0,0.0,0.0,0.0,0.0,0.0,média,150,1.63,12.7,80.7,"SerpAPI, Brave Search, Firecrawl, DevSite:Firecrawl"
20,"Busca: ""wallet""",20,PLAY Wallet (WEMIX),com.wemadetree.wemixwallet,WEMIX PTE. LTD.,customer@wemadetree.com.sg,https://wemixnetwork.com/,Finanças,2.20922,15093,1853,1.000.000+,1000000,2797254,1,0,BRL,0,0,,Classificação Livre,27 de set. de 2020,1772083570,2.7.0,,"Jogue jogos de alta qualidade, obtenha ativos digitais, gerencie minha riqueza na PLAY Wallet",https://play.google.com/store/apps/details?id=com.wemadetree.wemixwallet&hl=pt&gl=br,69,26,23,normal,250262,0.0,0.0,0.0,0.0,0.0,0.0,média,25,1.64,16.0,84.0,"SerpAPI, Firecrawl"
20,"Busca: ""wallet""",12,Wallet,com.walletunion.wallet,Wallet Union,support@walletunion.com,http://walletunion.com,Viagem e Turismo,3.6,15214,24,5.000.000+,5000000,5413250,1,0,BRL,0,0,,Classificação Livre,5 de fev. de 2017,1780035740,4.1.4,,Permite suporte completo para iOS caderneta e carteira passes eletrônicos para Android,https://play.google.com/store/apps/details?id=com.walletunion.wallet&hl=pt&gl=br,49,44,23,normal,499830,0.0,0.0,0.0,0.0,0.0,0.0,média,25,2.96,44.0,52.0,"SerpAPI, Firecrawl"
9,Ferramentas,9,Device Utility,com.google.android.apps.wifisetup.app,Google LLC,apps-help@google.com,http://www.android.com/,Estilo de vida,3.65,3395,12,1.000.000+,1000000,1317212,1,0,BRL,0,0,,Classificação Livre,6 de jan. de 2022,1647452828,2.0.0.2,,Aplicativo de uso único para adicionar certos dispositivos compatíveis à sua casa.,https://play.google.com/store/apps/details?id=com.google.android.apps.wifisetup.app&hl=pt&gl=br,22,0,23,gigante,113539,0.0,0.0,0.0,0.0,0.0,0.0,baixa,11,2.55,36.4,63.6,"SerpAPI, ScrapingBee"
1,Gastronomia,11,Tasty Receitas,com.buzzfeed.tasty,BuzzFeed,support@buzzfeed.com,http://www.tasty.co ,Comer e beber,4.130435,180335,796,10.000.000+,10000000,17474974,1,0,BRL,0,1,"R$ 16,99 – R$ 164,99 por item",Classificação Livre,14 de ago. de 2018,1776182151,2.15.0,,"O lugar oficial de tudo relacionado ao Tasty, a maior rede de comida do mundo.",https://play.google.com/store/apps/details?id=com.buzzfeed.tasty&hl=pt&gl=br,19,42,23,normal,1702484,59640.0,213000.0,692249.99,132060.0,1150199.98,713123.99,alta,25,3.28,52.0,40.0,"SerpAPI, ScrapingBee"
9,Mapas e Navegação,9,GPS satélite mapa da terra Ver,com.gpsview.offlineearth.maps.routenavigation.street,Soft Clicks,support@thesoftclicks.com,https://thesoftclicks.com/,Mapas e navegação,3.81,10066,68,10.000.000+,10000000,10797738,1,0,BRL,1,1,"R$ 53,99 – R$ 184,99 por item",Classificação Livre,19 de mar. de 2018,1783084816,2.0.32,,"Explore o mundo com mapas terrestres, street view e mapas GPS ao vivo.",https://play.google.com/store/apps/details?id=com.gpsview.offlineearth.maps.routenavigation.street&hl=pt&gl=br,49,48,22,normal,1029384,34495.4,123197.84,400393.0,76382.66,665268.36,412466.38,alta,25,4.04,72.0,20.0,"SerpAPI, ScrapingBee"
7,Finanças,16,Tesouro Direto,br.gov.fazenda.tesouro.td,Serviços e Informações do Brasil,info@b3.com.br,https://www.tesourodireto.com.br,Finanças,3.3903096,7514,3543,1.000.000+,1000000,2145451,1,0,BRL,0,0,,Classificação Livre,3 de dez. de 2016,1766507503,3.7.1,,Agora o Tesouro Direto está muito mais perto de você.,https://play.google.com/store/apps/details?id=br.gov.fazenda.tesouro.td&hl=pt&gl=br,69,20,22,normal,189475,0.0,0.0,0.0,0.0,0.0,0.0,média,150,2.52,30.0,58.7,"SerpAPI, Brave Search, ScrapingBee, DevSite:Scrape.do"
8,Finanças,15,Tesouro Direto,br.gov.fazenda.tesouro.td,Serviços e Informações do Brasil,info@b3.com.br,https://www.tesourodireto.com.br,Finanças,3.3903096,7514,3543,1.000.000+,1000000,2145451,1,0,BRL,0,0,,Classificação Livre,3 de dez. de 2016,1766507503,3.7.1,,Agora o Tesouro Direto está muito mais perto de você.,https://play.google.com/store/apps/details?id=br.gov.fazenda.tesouro.td&hl=pt&gl=br,69,20,22,normal,189475,0.0,0.0,0.0,0.0,0.0,0.0,média,25,1.72,8.0,76.0,"SerpAPI, ScrapingBee"
1,Casa e Decoração,6,Homestyler Projeto e decoração,com.autodesk.homestyler,HomestylerApp,homestyler-support@service.alibaba.com,https://www.homestyler.com/room-design-app,Casa e decoração,3.6,91404,2470,10.000.000+,10000000,11725581,1,0,BRL,0,1,"R$ 5,49 – R$ 879,99 por item",Classificação Livre,30 de jul. de 2013,1781512025,13.3.0,,"Design de Interiores, Decoração, Construção, Reforma, Renovação, Planta baixa",https://play.google.com/store/apps/details?id=com.autodesk.homestyler&hl=pt&gl=br,49,48,22,normal,1346443,252458.76,901638.43,2930324.9,559015.83,4868847.52,3018685.46,alta,25,2.68,44.0,56.0,"SerpAPI, ScrapingBee"
1,Finanças,9,Tesouro Direto,br.gov.fazenda.tesouro.td,Serviços e Informações do Brasil,info@b3.com.br,https://www.tesourodireto.com.br,Finanças,3.3903096,7514,3543,1.000.000+,1000000,2145451,1,0,BRL,0,0,,Classificação Livre,3 de dez. de 2016,1766507503,3.7.1,,Agora o Tesouro Direto está muito mais perto de você.,https://play.google.com/store/apps/details?id=br.gov.fazenda.tesouro.td&hl=pt&gl=br,69,20,22,normal,189475,0.0,0.0,0.0,0.0,0.0,0.0,média,25,1.72,8.0,76.0,"SerpAPI, ScrapingBee"
9,Quadrinhos,7,Toomics - Leia Comics Premium,com.toomics.global.google,Toomics Global,en.help@toomicsglobal.com,https://www.toomics.info/en,Quadrinhos,2.8214285,28799,1644,5.000.000+,5000000,7040441,1,0,BRL,1,1,"R$ 26,99 – R$ 539,99 por item",Classificação 16 anos,17 de out. de 2018,1777342606,1.6.7,,Toomics é o melhor serviço de comics por assinatura!,https://play.google.com/store/apps/details?id=com.toomics.global.google&hl=pt&gl=br,0,13,21,gigante,658112,61280.59,218859.26,711292.6,135692.74,1181840.01,732740.81,alta,25,2.56,32.0,56.0,"SerpAPI, ScrapingBee"
29,Personalização · Ícones e Temas,2,X Icon Changer - Change Icons,io.hexman.xiconchanger,ASTER PLAY,support@asterplay.com,https://asterplay.com,Personalização,4.6364684,665431,38994,50.000.000+,50000000,50860237,1,0,BRL,1,1,"R$ 11,99 por item",Classificação Livre,14 de ago. de 2019,1756827495,4.5.2,,App Icon Changer & Shortcut Creator. Personalize seus ícones sem marcas d'água,https://play.google.com/store/apps/details?id=io.hexman.xiconchanger&hl=pt&gl=br,0,18,20,gigante,5710087,18241.08,65146.71,211726.8,40390.96,351792.23,218111.18,alta,25,4.48,88.0,12.0,"SerpAPI, Firecrawl"
29,Negócios · RH e Gestão de Equipe,23,Pontomais - Controle de Ponto,br.com.pontomais.v2,VR Benefícios (Pontomais),dev@pontomais.com.br,https://pontomais.com.br/,Produtividade,3.0225735,4429,2213,1.000.000+,1000000,2136994,1,0,BRL,0,0,,Classificação Livre,28 de out. de 2021,1749575754,3.5.0,,Faça a gestão da jornada de trabalho com o sistema de registro de ponto.,https://play.google.com/store/apps/details?id=br.com.pontomais.v2&hl=pt&gl=br,77,4,20,pequeno/indie,188692,0.0,0.0,0.0,0.0,0.0,0.0,baixa,25,1.6,16.0,84.0,"SerpAPI, Firecrawl"
29,Negócios · CRM e Vendas,9,"CRM: Clientes, Vendas e Fiado",com.appointment.customer.sales.tracking.crm.app,Deepliy,support@deepliy.com,https://www.deepliy.com,Negócios,,,,100+,100,133,1,0,BRL,0,0,,Classificação Livre,20 de dez. de 2025,,Varies with device,,"Clientes, agenda, vendas e fiado em um só app. Funciona offline.",https://play.google.com/store/apps/details?id=com.appointment.customer.sales.tracking.crm.app&hl=pt&gl=br,50,0,20,gigante,6,0.0,0.0,0.0,0.0,0.0,0.0,baixa,0,0.0,0.0,0.0,"SerpAPI, Firecrawl"
23,"Busca: ""rifa""",28,Texas Lottery Official App,com.texas.lottery,IGT,customer.service@lottery.state.tx.us,https://texaslottery.com,Entretenimento,,,,5.000.000+,5000000,6724235,1,0,BRL,0,0,,Classificação 18 anos,,1776317798,4.3.0,,"Digitalizar os seus bilhetes de loteria, obter atualizações de jackpot e economize seus números da sorte!",https://play.google.com/store/apps/details?id=com.texas.lottery&hl=pt&gl=br,57,23,20,normal,627212,0.0,0.0,0.0,0.0,0.0,0.0,média,0,0.0,0.0,0.0,"SerpAPI, Brave Search, Firecrawl, DevSite:Firecrawl"
9,Personalização,7,Icon Pack Studio,ginlemon.iconpackstudio,Smart Launcher Team,ips.support@smartlauncher.net,http://www.iconpackstudio.com,Personalização,3.936709,19819,666,10.000.000+,10000000,11213551,1,0,BRL,0,1,"R$ 4,99 – R$ 61,99 por item",Classificação Livre,5 de mai. de 2017,1773335451,2.3 build 010,,O criador e editor definitivo de pacotes de ícones,https://play.google.com/store/apps/details?id=ginlemon.iconpackstudio&hl=pt&gl=br,49,39,20,normal,1070865,13807.36,49312.01,160264.03,30573.45,266284.85,165096.61,alta,25,3.6,60.0,32.0,"SerpAPI, ScrapingBee"
11,Personalização,7,Icon Pack Studio,ginlemon.iconpackstudio,Smart Launcher Team,ips.support@smartlauncher.net,http://www.iconpackstudio.com,Personalização,3.936709,19819,666,10.000.000+,10000000,11213551,1,0,BRL,0,1,"R$ 4,99 – R$ 61,99 por item",Classificação Livre,5 de mai. de 2017,1773335451,2.3 build 010,,O criador e editor definitivo de pacotes de ícones,https://play.google.com/store/apps/details?id=ginlemon.iconpackstudio&hl=pt&gl=br,49,39,20,normal,1070865,13807.36,49312.01,160264.03,30573.45,266284.85,165096.61,alta,25,3.6,60.0,32.0,"SerpAPI, ScrapingBee"
29,Personalização · Ícones e Temas,3,Icon Pack Studio,ginlemon.iconpackstudio,Smart Launcher Team,ips.support@smartlauncher.net,http://www.iconpackstudio.com,Personalização,3.9565217,19996,678,10.000.000+,10000000,11428903,1,0,BRL,0,1,"R$ 4,99 – R$ 61,99 por item",Classificação Livre,5 de mai. de 2017,1773335451,2.3 build 010,,O criador e editor definitivo de pacotes de ícones,https://play.google.com/store/apps/details?id=ginlemon.iconpackstudio&hl=pt&gl=br,49,38,19,normal,1092375,14084.7,50302.51,163483.15,31187.55,271633.53,168412.79,alta,25,3.72,64.0,28.0,"SerpAPI, Firecrawl"
29,Personalização · Launchers,18,POCO Launcher 2.0,com.mi.android.globallauncher,Xiaomi Inc.,poco-global@xiaomi.com,http://www.xiaomi.com,Personalização,4.671086,709339,25317,100.000.000+,100000000,425876482,1,0,BRL,1,0,,Classificação Livre,11 de out. de 2018,1678711887,2.7.4.39,,Personalize sua Tela inicial usando nosso launcher super rápido e leve!,https://play.google.com/store/apps/details?id=com.mi.android.globallauncher&hl=pt&gl=br,0,14,19,gigante,52136701,19262.02,68792.92,223576.98,33020.6,371481.76,178311.24,alta,25,4.32,80.0,16.0,"SerpAPI, Firecrawl"
26,"Busca: ""bitcoin""",42,Bitget Wallet: cripto e BTC,com.bitkeep.wallet,Bitget Wallet,support@bitkeep.com,https://bitkeep.com,Finanças,4.6079297,370604,912,10.000.000+,10000000,18982013,1,0,BRL,0,0,,Classificação Livre,11 de fev. de 2020,1784125156,9.54.0,,Carteira Web3 - cripto e DeFi,https://play.google.com/store/apps/details?id=com.bitkeep.wallet&hl=pt&gl=br,19,65,19,crescendo,,,,,,,,,,,,,
26,"Busca: ""bitcoin""",31,Bitget - Trade de BTC e Cripto,com.bitget.exchange,BG LIMITED,support@bitget.com,https://www.bitget.com/,Finanças,4.6208224,315519,1268,10.000.000+,10000000,20494584,1,0,BRL,0,0,,Classificação Livre,3 de abr. de 2020,1784294322,2.87.1,,"Compre e venda BTC, ETH. Opere com segurança e ganhe com a Bitget.",https://play.google.com/store/apps/details?id=com.bitget.exchange&hl=pt&gl=br,19,66,19,crescendo,,,,,,,,,,,,,
26,"Busca: ""bitcoin""",18,Blockchain Wallet: Cripto,piuk.blockchain.android,Blockchain.com,wallet@blockchain.info,https://www.blockchain.com,Finanças,4.630027,156832,3313,10.000.000+,10000000,17334242,1,0,BRL,0,0,,Classificação Livre,3 de fev. de 2013,1784032737,202607.1.2,,"Carteira cripto, exchange e preços de Bitcoin, Ethereum, Bitcoin Cash e Stellar",https://play.google.com/store/apps/details?id=piuk.blockchain.android&hl=pt&gl=br,19,65,19,crescendo,,,,,,,,,,,,,
26,"Busca: ""bitcoin""",10,Bybit: Compre Bitcoin & Cripto,com.bybit.app,Bybit,IT@bybit.com,https://www.bybit.com,Finanças,4.72093,1416286,5511,10.000.000+,10000000,47955015,1,0,BRL,0,0,,Classificação Livre,31 de out. de 2019,1783693465,5.21.0,,"Negocie Bitcoin, Ether e outras criptos de maneira segura na Bybit",https://play.google.com/store/apps/details?id=com.bybit.app&hl=pt&gl=br,19,65,19,crescendo,,,,,,,,,,,,,
26,"Busca: ""bitcoin""",3,MEXC: Compre Bitcoin e Cripto,com.mexcpro.client,MEXC Ltd,appreview@mexc.com,https://www.mexc.com,Finanças,4.6789837,292903,2168,10.000.000+,10000000,18968714,1,0,BRL,0,0,,Classificação Livre,23 de jul. de 2020,1783944265,6.66.0,,"Negocie BTC, ETH, SOL sem taxas e +3000 tokens | Exchange cripto segura",https://play.google.com/store/apps/details?id=com.mexcpro.client&hl=pt&gl=br,19,65,19,crescendo,,,,,,,,,,,,,
21,"Busca: ""crypto wallet""",21,Bitget - Trade de BTC e Cripto,com.bitget.exchange,BG LIMITED,support@bitget.com,https://www.bitget.com/,Finanças,4.6208224,315491,1268,10.000.000+,10000000,20494584,1,0,BRL,0,0,,Classificação Livre,3 de abr. de 2020,1784294322,2.87.1,,"Compre e venda BTC, ETH. Opere com segurança e ganhe com a Bitget.",https://play.google.com/store/apps/details?id=com.bitget.exchange&hl=pt&gl=br,19,66,19,crescendo,,,,,,,,,,,,,
21,"Busca: ""crypto wallet""",19,Bitget Wallet: cripto e BTC,com.bitkeep.wallet,Bitget Wallet,support@bitkeep.com,https://bitkeep.com,Finanças,4.6079297,370603,912,10.000.000+,10000000,18973010,1,0,BRL,0,0,,Classificação Livre,11 de fev. de 2020,1784125156,9.54.0,,Carteira Web3 - cripto e DeFi,https://play.google.com/store/apps/details?id=com.bitkeep.wallet&hl=pt&gl=br,19,65,19,crescendo,,,,,,,,,,,,,
21,"Busca: ""crypto wallet""",18,MEXC: Compre Bitcoin e Cripto,com.mexcpro.client,MEXC Ltd,appreview@mexc.com,https://www.mexc.com,Finanças,4.6801386,292882,2167,10.000.000+,10000000,18968714,1,0,BRL,0,0,,Classificação Livre,23 de jul. de 2020,1783944265,6.66.0,,"Negocie BTC, ETH, SOL sem taxas e +3000 tokens | Exchange cripto segura",https://play.google.com/store/apps/details?id=com.mexcpro.client&hl=pt&gl=br,19,65,19,crescendo,,,,,,,,,,,,,
21,"Busca: ""crypto wallet""",16,Bybit: Compre Bitcoin & Cripto,com.bybit.app,Bybit,IT@bybit.com,https://www.bybit.com,Finanças,4.7220607,1416283,5510,10.000.000+,10000000,47955015,1,0,BRL,0,0,,Classificação Livre,31 de out. de 2019,1783693465,5.21.0,,"Negocie Bitcoin, Ether e outras criptos de maneira segura na Bybit",https://play.google.com/store/apps/details?id=com.bybit.app&hl=pt&gl=br,19,65,19,crescendo,,,,,,,,,,,,,
21,"Busca: ""crypto wallet""",14,Phantom,app.phantom,"Phantom Technologies, Inc.",support@phantom.com,https://phantom.com/,Finanças,4.772043,151614,616,10.000.000+,10000000,19615534,1,0,BRL,0,0,,Classificação Livre,12 de abr. de 2022,1783646127,26.21.0,,A carteira cripto amigável para tokens e NFTs.,https://play.google.com/store/apps/details?id=app.phantom&hl=pt&gl=br,19,65,19,crescendo,,,,,,,,,,,,,
21,"Busca: ""crypto wallet""",4,Blockchain Wallet: Cripto,piuk.blockchain.android,Blockchain.com,wallet@blockchain.info,https://www.blockchain.com,Finanças,4.630027,156834,3313,10.000.000+,10000000,17334242,1,0,BRL,0,0,,Classificação Livre,3 de fev. de 2013,1784032737,202607.1.2,,"Carteira cripto, exchange e preços de Bitcoin, Ethereum, Bitcoin Cash e Stellar",https://play.google.com/store/apps/details?id=piuk.blockchain.android&hl=pt&gl=br,19,65,19,crescendo,,,,,,,,,,,,,
20,"Busca: ""wallet""",19,Bitget Wallet: cripto e BTC,com.bitkeep.wallet,Bitget Wallet,support@bitkeep.com,https://bitkeep.com,Finanças,4.6079297,370603,912,10.000.000+,10000000,18973010,1,0,BRL,0,0,,Classificação Livre,11 de fev. de 2020,1784125156,9.54.0,,Carteira Web3 - cripto e DeFi,https://play.google.com/store/apps/details?id=com.bitkeep.wallet&hl=pt&gl=br,19,65,19,crescendo,2448872,0.0,0.0,0.0,0.0,0.0,0.0,média,25,4.0,76.0,24.0,"SerpAPI, Firecrawl"
9,Compras,5,Carrefour: Shopping e Mercado,br.com.carrefour,Carrefour Mobile,carrefour_mobile@carrefour.com,https://www.carrefour.com.br/,Compras,4.6963224,143211,61907,10.000.000+,10000000,16200949,1,0,BRL,0,0,,Classificação 18 anos,1 de jun. de 2017,1783004173,2026.7.2,,"No Meu Carrefour têm mercado, descontos na loja e no site, frete grátis e mais!",https://play.google.com/store/apps/details?id=br.com.carrefour&hl=pt&gl=br,19,65,19,crescendo,2076409,0.0,0.0,0.0,0.0,0.0,0.0,média,25,3.56,56.0,28.0,"SerpAPI, ScrapingBee"
11,Personalização,13,GO Launcher2016 Tema Wallpaper,com.gau.go.launcherex,go live llc,goforlauncherteam@gomo.com,http://www.gomo.com,Personalização,4.5001326,7211475,68587,100.000.000+,100000000,304872041,1,0,BRL,1,1,"R$ 2,53 – R$ 444,99 por item",Classificação Livre,22 de jan. de 2011,1756292777,3.42,,Moderna substituição da tela&Recursos inteligentes,https://play.google.com/store/apps/details?id=com.gau.go.launcherex&hl=pt&gl=br,0,12,19,gigante,36836253,1955702.41,6984651.46,22700117.25,4330483.91,37717117.9,23384613.1,alta,25,4.76,92.0,4.0,"SerpAPI, ScrapingBee"
1,Viagens e Localização,16,ClickBus - Passagens de ônibus,com.clickbus.mobile,ClickBus Serviços de Viagens e Passagens de Ônibus,suporte-app@clickbus.com,https://www.clickbus.com.br,Viagem e Turismo,4.8249793,294136,27330,10.000.000+,10000000,15661287,1,0,BRL,0,0,,Classificação Livre,13 de ago. de 2014,1783106335,1005.5.42,,"Compare +200 empresas, ganhe cashback e pague em 12x. Viaje com a ClickBus!",https://play.google.com/store/apps/details?id=com.clickbus.mobile&hl=pt&gl=br,19,66,19,crescendo,1670168,0.0,0.0,0.0,0.0,0.0,0.0,média,25,4.44,84.0,8.0,"SerpAPI, ScrapingBee"
1,Viagens e Localização,4,Decolar: Voos e Hotéis,com.gm.decolar,Decolar,suportemovel@decolar.com,https://www.decolar.com,Viagem e Turismo,4.8175087,342200,59262,10.000.000+,10000000,29633446,1,0,BRL,0,0,,Classificação Livre,27 de nov. de 2012,1783096398,18.71.2,,A maior agência de viagens do Brasil,https://play.google.com/store/apps/details?id=com.gm.decolar&hl=pt&gl=br,19,66,19,crescendo,3250480,0.0,0.0,0.0,0.0,0.0,0.0,média,25,4.04,72.0,16.0,"SerpAPI, ScrapingBee"
1,Compras,11,Pontofrio: Compras Online,com.sonyericsson.pontofrio,Grupo Casas Bahia S.A.,suportemobile@viavarejo.com.br,https://www.pontofrio.com.br,Compras,4.7561045,222184,31533,10.000.000+,10000000,26271612,1,0,BRL,0,0,,Classificação 10 anos,14 de out. de 2011,1782737958,8.10.58,,Vai com tudo novo: Compre no carnê e pague em 60 dias!,https://play.google.com/store/apps/details?id=com.sonyericsson.pontofrio&hl=pt&gl=br,19,65,19,crescendo,3439931,0.0,0.0,0.0,0.0,0.0,0.0,média,25,3.8,68.0,28.0,"SerpAPI, ScrapingBee"
1,Compras,6,Lojas Renner - Comprar Roupas,br.com.lojasrenner,Lojas Renner,atendimento@lojasrenner.com.br,https://www.lojasrenner.com.br/privacidade-seguranca,Compras,4.775246,726756,114709,10.000.000+,10000000,39068365,1,0,BRL,0,0,,Classificação 14 anos,9 de out. de 2012,1782734027,15.90.0,,"Nova Coleção: Roupas, calçados e beleza! Baixe o App e ganhe 15% OFF*",https://play.google.com/store/apps/details?id=br.com.lojasrenner&hl=pt&gl=br,19,65,19,crescendo,5204378,0.0,0.0,0.0,0.0,0.0,0.0,média,25,3.56,56.0,28.0,"SerpAPI, ScrapingBee"
1,Bibliotecas e Demonstrações,10,Biblioteca do Evangelho,org.lds.ldssa,The Church of Jesus Christ of Latter-day Saints,gospel-library-android@churchofjesuschrist.org,https://www.churchofjesuschrist.org/pages/mobileapps/gospellibrary,Livros e referências,4.828812,231181,12624,10.000.000+,10000000,12092184,1,0,BRL,0,0,,Classificação Livre,28 de mai. de 2010,1782837396,7.7.1-(771058.3080695),,Estudar a palavra de Deus,https://play.google.com/store/apps/details?id=org.lds.ldssa&hl=pt&gl=br,19,65,19,crescendo,1529529,0.0,0.0,0.0,0.0,0.0,0.0,média,25,4.96,100.0,0.0,"SerpAPI, ScrapingBee"
1,Gastronomia,2,aiqfome: delivery de tudo,com.vanuatu.aiqfome,aiqfome,ninja@aiqfome.com,https://aiqfome.com,Comer e beber,4.6267676,309309,81563,10.000.000+,10000000,10304572,1,0,BRL,0,0,,Classificação Livre,9 de jun. de 2014,1782669989,18.11.1,,Vai pedir delivery? Peça pelo aiqfome!,https://play.google.com/store/apps/details?id=com.vanuatu.aiqfome&hl=pt&gl=br,19,65,19,crescendo,1293965,0.0,0.0,0.0,0.0,0.0,0.0,média,25,3.48,60.0,40.0,"SerpAPI, ScrapingBee"
1,Eventos,3,Fever: Eventos & Ingressos,com.feverup.fever,Fever Labs,info@feverup.com,https://feverup.com,Eventos,4.9044547,137655,1117,10.000.000+,10000000,13836067,1,0,BRL,0,0,,Classificação 14 anos,20 de mar. de 2014,1782976413,5.216.0,,"Descubra eventos e experiências em São Paulo, Rio, Brasília e mais cidades!",https://play.google.com/store/apps/details?id=com.feverup.fever&hl=pt&gl=br,19,65,19,crescendo,1760796,0.0,0.0,0.0,0.0,0.0,0.0,média,25,4.36,84.0,16.0,"SerpAPI, ScrapingBee"
1,Eventos,1,Sympla: Ingressos para Eventos,com.sympla.tickets,Sympla,suporte@sympla.com.br,http://www.sympla.com.br,Eventos,4.8927593,178459,8207,10.000.000+,10000000,10366455,1,0,BRL,0,0,,Classificação Livre,2 de ago. de 2016,1782515206,13.9.0,,Descubra os melhores eventos e compre seu ingresso agora!,https://play.google.com/store/apps/details?id=com.sympla.tickets&hl=pt&gl=br,19,65,19,crescendo,1302092,0.0,0.0,0.0,0.0,0.0,0.0,média,25,4.48,88.0,12.0,"SerpAPI, ScrapingBee"
9,Bibliotecas e Demonstrações,8,Libby,com.overdrive.mobile.android.libby,"OverDrive, Inc.",libby@overdrive.com,https://meet.libbyapp.com,Livros e referências,4.65,706970,66,10.000.000+,10000000,20785019,1,0,BRL,0,0,,Classificação 14 anos,17 de jan. de 2017,1781015988,9.4.0,,Audiolivros e livros digitais da biblioteca.,https://play.google.com/store/apps/details?id=com.overdrive.mobile.android.libby&hl=pt&gl=br,19,63,18,normal,2693620,0.0,0.0,0.0,0.0,0.0,0.0,média,25,4.04,68.0,16.0,"SerpAPI, ScrapingBee"
1,Compras,12,Riachuelo - Roupas e compras,br.com.riachuelo.app,Lojas Riachuelo,suporteapp.rchlo@riachuelo.com.br,,Compras,4.7885528,327301,43695,10.000.000+,10000000,25845790,1,0,BRL,0,0,,Classificação Livre,25 de nov. de 2019,1782496910,6.23.0,,"App de moda com maior variedade em roupas, acessórios, beleza e itens para casa.",https://play.google.com/store/apps/details?id=br.com.riachuelo.app&hl=pt&gl=br,15,65,18,crescendo,3381754,0.0,0.0,0.0,0.0,0.0,0.0,média,25,3.48,56.0,36.0,"SerpAPI, ScrapingBee"
29,Personalização · Launchers,15,Launcher OS™,com.babydola.launcherios,Apps Genz,admin@appsgenz.com,https://appsgenz.com/,Personalização,4.3663573,1725525,21259,50.000.000+,50000000,98004362,1,0,BRL,1,1,"R$ 5,49 – R$ 429,99 por item",Classificação Livre,19 de mai. de 2020,1781055938,6.3.13,,Launcher OS™ help make your phone simple and pretty.,https://play.google.com/store/apps/details?id=com.babydola.launcherios&hl=pt&gl=br,0,36,17,gigante,10281878,811085.15,2896732.67,9414381.19,1795974.26,15642356.44,9698260.99,alta,25,3.84,72.0,24.0,"SerpAPI, Firecrawl"
26,"Busca: ""bitcoin""",21,Bitso: Poupe e invista fácil,com.bitso.wallet,Bitso,ayuda@bitso.com,https://bitso.com/app,Finanças,4.374665,80054,5186,10.000.000+,10000000,11568345,1,0,BRL,0,0,,Classificação Livre,19 de fev. de 2018,1783612693,4.19.1,,"Invista em +150 criptos, como BTC e ETH, e ganhe rendimentos",https://play.google.com/store/apps/details?id=com.bitso.wallet&hl=pt&gl=br,49,59,17,normal,,,,,,,,,,,,,
19,"Busca: ""carteira digital""",9,RG Digital São Paulo,br.com.vidaas.sp,Instituto de Identificação Ricardo Gumbleton Daunt,feedback.rgsp@valid.com,https://corporate.vidaas.com.br/br-sp/agreements/index.html,Ferramentas,4.9201674,412966,26643,10.000.000+,10000000,14127936,1,0,BRL,0,0,,Classificação Livre,9 de jan. de 2020,1779139320,4.26.1,,Aplicativo oficial de identidade digital do Estado de São Paulo.,https://play.google.com/store/apps/details?id=br.com.vidaas.sp&hl=pt&gl=br,19,60,17,normal,1499692,0.0,0.0,0.0,0.0,0.0,0.0,média,25,4.56,88.0,8.0,"SerpAPI, Firecrawl"
14,Produtividade,14,Trello: organize o que quiser!,com.trello,Atlassian,support@trello.com,http://trello.com/,Produtividade,4.4723516,122297,5260,10.000.000+,10000000,30427156,1,0,BRL,0,0,,Classificação Livre,8 de ago. de 2012,1782306834,Varies with device,,Baixe o Trello e experimente uma nova era de produtividade pessoal.,https://play.google.com/store/apps/details?id=com.trello&hl=pt&gl=br,19,59,17,normal,3645147,0.0,0.0,0.0,0.0,0.0,0.0,média,25,3.48,56.0,36.0,"SerpAPI, ScrapingBee"
9,Notícias e Revistas,1,Google Notícias,com.google.android.apps.magazines,Google LLC,apps-help@google.com,https://news.google.com/about,Notícias e revistas,4.365672,1959957,42291,1.000.000.000+,1000000000,4266036370,1,0,BRL,1,0,,Classificação Livre,27 de jun. de 2012,1782858561,Varies with device,,Últimas notícias mundiais e locais com uma seleção personalizada para você,https://play.google.com/store/apps/details?id=com.google.android.apps.magazines&hl=pt&gl=br,0,39,17,gigante,620965510,312944.88,1117660.3,3632395.97,536476.94,6035365.62,2896975.5,alta,25,4.36,80.0,12.0,"SerpAPI, ScrapingBee"
9,Mapas e Navegação,5,Google Maps,com.google.android.apps.maps,Google LLC,apps-help@google.com,http://maps.google.com/about/,Viagem e Turismo,4.3479233,19465072,264119,10.000.000.000+,10000000000,21732420042,1,0,BRL,1,0,,Classificação Livre,,1783078872,Varies with device,,"Navegação GPS em tempo real e sugestões de restaurantes, eventos e atividades",https://play.google.com/store/apps/details?id=com.google.android.apps.maps&hl=pt&gl=br,0,39,17,gigante,3259863006,1642856.86,5867345.93,19068874.27,2816326.05,31683668.01,15208160.65,alta,25,4.52,84.0,4.0,"SerpAPI, ScrapingBee"
9,Mapas e Navegação,2,TomTom - Mapas & Tráfego,com.tomtom.speedcams.android.map,TomTom International BV,tomtom-app-support@tomtom.com,https://www.tomtom.com/,Mapas e navegação,4.585443,202628,1565,10.000.000+,10000000,10184371,1,0,BRL,0,0,,Classificação Livre,20 de jan. de 2020,1782926824,16.27.0-production,,AmiGO agora é TomTom,https://play.google.com/store/apps/details?id=com.tomtom.speedcams.android.map&hl=pt&gl=br,19,59,17,normal,1278186,0.0,0.0,0.0,0.0,0.0,0.0,média,25,4.04,76.0,16.0,"SerpAPI, ScrapingBee"
9,Comunicação,4,Zangi - Private Messenger,com.beint.zangi,"Secret Phone, Inc",support@zangi.com,https://zangi.com,Comunicação,4.37899,252251,13142,50.000.000+,50000000,62829122,1,0,BRL,0,1,"R$ 6,49 – R$ 329,99 por item",Classificação Livre,18 de nov. de 2014,1783005722,6.5.3,,"<b>SEJA PRIVADO</b>
Seguro. Sem rastros. Rápido.",https://play.google.com/store/apps/details?id=com.beint.zangi&hl=pt&gl=br,0,39,17,gigante,7764292,470222.62,1679366.49,5457941.08,1041207.22,9068579.03,5622519.0,alta,25,4.0,72.0,20.0,"SerpAPI, ScrapingBee"
10,Produtividade,13,Trello: organize o que quiser!,com.trello,Atlassian,support@trello.com,http://trello.com/,Produtividade,4.4723516,122297,5260,10.000.000+,10000000,30427156,1,0,BRL,0,0,,Classificação Livre,8 de ago. de 2012,1782306834,Varies with device,,Baixe o Trello e experimente uma nova era de produtividade pessoal.,https://play.google.com/store/apps/details?id=com.trello&hl=pt&gl=br,19,59,17,normal,3645147,0.0,0.0,0.0,0.0,0.0,0.0,média,25,3.48,56.0,36.0,"SerpAPI, ScrapingBee"
1,Jogos de Ação,9,Battle Forces jogo de tiro 3d,battle.shooter.fps.online.game,Go Dreams,feedback@gardenofdreams.games,https://gardenofdreams.games/,Ação,3.931174,42543,1204,10.000.000+,10000000,16651023,1,0,BRL,1,1,"R$ 5,49 – R$ 539,99 por item",Classificação 18 anos,12 de jul. de 2022,1761820186,0.19.10,,"FPS online! Jogo de tiro grátis com batalhas PvP, ops táticos e ação intensa!",https://play.google.com/store/apps/details?id=battle.shooter.fps.online.game&hl=pt&gl=br,49,28,17,normal,1375911,167399.15,597854.11,1943025.87,370669.55,3228412.21,2001615.57,alta,25,2.84,44.0,52.0,"SerpAPI, ScrapingBee"
1,Produtividade,9,Trello: organize o que quiser!,com.trello,Atlassian,support@trello.com,http://trello.com/,Produtividade,4.4723516,122297,5260,10.000.000+,10000000,30427156,1,0,BRL,0,0,,Classificação Livre,8 de ago. de 2012,1782306834,Varies with device,,Baixe o Trello e experimente uma nova era de produtividade pessoal.,https://play.google.com/store/apps/details?id=com.trello&hl=pt&gl=br,19,59,17,normal,3645147,0.0,0.0,0.0,0.0,0.0,0.0,média,25,3.48,56.0,36.0,"SerpAPI, ScrapingBee"
1,Mapas e Navegação,4,TomTom - Mapas & Tráfego,com.tomtom.speedcams.android.map,TomTom International BV,tomtom-app-support@tomtom.com,https://www.tomtom.com/,Mapas e navegação,4.585443,202625,1565,10.000.000+,10000000,10184371,1,0,BRL,0,0,,Classificação Livre,20 de jan. de 2020,1782926824,16.27.0-production,,AmiGO agora é TomTom,https://play.google.com/store/apps/details?id=com.tomtom.speedcams.android.map&hl=pt&gl=br,19,59,17,normal,1278186,0.0,0.0,0.0,0.0,0.0,0.0,média,25,4.04,76.0,16.0,"SerpAPI, ScrapingBee"
29,Negócios · Nota Fiscal e Contabilidade,15,Nota Fiscal Paulista,br.gov.sp.fazenda.nfp.app,PRODESP - Cia de Proc. de Dados do Estado de SP,mobile.prodesp@gmail.com,http://www.nfp.fazenda.sp.gov.br/,Ferramentas,3.2899132,15027,7483,5.000.000+,5000000,6014383,1,0,BRL,0,0,,Classificação Livre,8 de mar. de 2017,1753719911,2.2.13,,Aplicativo Nota Fiscal Paulista,https://play.google.com/store/apps/details?id=br.gov.sp.fazenda.nfp.app&hl=pt&gl=br,59,7,16,normal,558086,0.0,0.0,0.0,0.0,0.0,0.0,média,25,1.84,16.0,76.0,"SerpAPI, Firecrawl"
29,Negócios · Nota Fiscal e Contabilidade,5,MEI,br.gov.fazenda.receita.mei,Serviços e Informações do Brasil,aplicativos@rfb.gov.br,https://www.gov.br/receitafederal/pt-br,Negócios,4.8472195,305965,23917,10.000.000+,10000000,10371486,1,0,BRL,0,0,,Classificação Livre,17 de mai. de 2016,1773930536,4.7.0,,"Microempresário individual: emita DAS, solicite restituição, faça sua declaração",https://play.google.com/store/apps/details?id=br.gov.fazenda.receita.mei&hl=pt&gl=br,19,55,16,normal,1085627,0.0,0.0,0.0,0.0,0.0,0.0,média,25,4.28,80.0,16.0,"SerpAPI, Firecrawl"
29,Personalização · Launchers,1,Nova Launcher,com.teslacoilsw.launcher,Instabridge Sweden AB,support@novalauncher.com,http://novalauncher.com,Ferramentas,4.165269,1378324,56917,100.000.000+,100000000,112854826,1,0,BRL,1,1,"R$ 4,99 – R$ 529,99 por item",Classificação Livre,23 de fev. de 2012,1784102532,88600 (8.8.6),,Customize your home screen!,https://play.google.com/store/apps/details?id=com.teslacoilsw.launcher&hl=pt&gl=br,0,29,15,gigante,14290833,1383262.37,4940222.75,16055723.94,3062938.1,26677202.85,16539865.77,alta,25,2.6,36.0,60.0,"SerpAPI, Firecrawl"
9,Compras,2,Amazon Shopping,com.amazon.mShop.android.shopping,Amazon Mobile LLC,feedback-amazon-app-android@amazon.com,https://www.amazon.com,Compras,4.2805862,4604696,60488,1.000.000.000+,1000000000,1080702291,1,0,BRL,1,1,"R$ 4,89 – R$ 799,99 por item",Classificação 18 anos,10 de dez. de 2014,1781643814,32.12.4.100,,Leve a Amazon com você: veja as ofertas e compre onde e quando quiser,https://play.google.com/store/apps/details?id=com.amazon.mShop.android.shopping&hl=pt&gl=br,0,28,15,gigante,149574030,21743921.49,77656862.47,252384803.03,48147254.73,419347057.35,259995175.55,alta,25,2.96,48.0,48.0,"SerpAPI, ScrapingBee"
9,Personalização,6,Nova Launcher,com.teslacoilsw.launcher,Instabridge Sweden AB,support@novalauncher.com,http://novalauncher.com,Ferramentas,4.169217,1376283,56924,100.000.000+,100000000,112565132,1,0,BRL,1,1,"R$ 4,99 – R$ 529,99 por item",Classificação Livre,23 de fev. de 2012,1782900158,88300 (8.8.3),,Customize your home screen!,https://play.google.com/store/apps/details?id=com.teslacoilsw.launcher&hl=pt&gl=br,0,29,15,gigante,14252642,1379565.64,4927020.15,16012815.49,3054752.49,26605908.81,16495663.46,alta,25,2.4,32.0,64.0,"SerpAPI, ScrapingBee"
9,Mapas e Navegação,6,Google Maps Go,com.google.android.apps.mapslite,Google LLC,apps-help@google.com,https://maps.google.com/about/,Viagem e Turismo,4.295946,356833,4691,1.000.000.000+,1000000000,1105562279,1,0,BRL,1,0,,Classificação Livre,6 de fev. de 2018,1782756607,Varies with device,,Veja rotas e informações de trânsito em tempo real e pesquise lugares,https://play.google.com/store/apps/details?id=com.google.android.apps.mapslite&hl=pt&gl=br,0,29,15,gigante,153145801,77180.12,275643.3,895840.73,132308.78,1488473.82,714467.43,alta,25,4.04,80.0,20.0,"SerpAPI, ScrapingBee"
9,Mapas e Navegação,1,Waze – GPS e Trânsito ao vivo,com.waze,Waze,support@waze.com,http://www.waze.com,Mapas e navegação,4.2547693,8896210,639129,500.000.000+,500000000,663095258,1,0,BRL,1,0,,Classificação Livre,,1782222563,Varies with device,,Navegue por GPS e receba alertas de segurança e informações sobre o trânsito.,https://play.google.com/store/apps/details?id=com.waze&hl=pt&gl=br,0,29,15,gigante,90087399,45400.9,162146.06,526974.69,77830.11,875588.72,420282.58,alta,25,3.6,64.0,28.0,"SerpAPI, ScrapingBee"
11,Personalização,15,Wallpaper Tema +HOME Launcher,jp.co.a_tm.android.launcher,+HOME by Ateam Entertainment,info+android@atm-plushome.com,https://www.ateam-entertainment.com/ja/services/,Personalização,3.955322,346831,10038,10.000.000+,10000000,38729637,1,0,BRL,1,1,"R$ 2,79 – R$ 3,19 por item",Classificação Livre,27 de out. de 2011,1782451274,4.1.9,,Personalize seu smartphone comlindos temas e papel de parede HD!,https://play.google.com/store/apps/details?id=jp.co.a_tm.android.launcher&hl=pt&gl=br,19,49,15,normal,4688475,8716.65,31130.89,101175.39,19301.15,168106.8,104226.22,alta,25,4.16,80.0,12.0,"SerpAPI, ScrapingBee"
11,Personalização,6,Nova Launcher,com.teslacoilsw.launcher,Instabridge Sweden AB,support@novalauncher.com,http://novalauncher.com,Ferramentas,4.169217,1376283,56924,100.000.000+,100000000,112565132,1,0,BRL,1,1,"R$ 4,99 – R$ 529,99 por item",Classificação Livre,23 de fev. de 2012,1782900158,88300 (8.8.3),,Customize your home screen!,https://play.google.com/store/apps/details?id=com.teslacoilsw.launcher&hl=pt&gl=br,0,29,15,gigante,14252642,1379565.64,4927020.15,16012815.49,3054752.49,26605908.81,16495663.46,alta,25,2.4,32.0,64.0,"SerpAPI, ScrapingBee"
7,Finanças,25,Mobills: Finanças Pessoais,br.com.gerenciadorfinanceiro.controller,Santander Corretora,suporte@mobills.com.br,https://www.mobills.com.br,Finanças,4.1724825,292746,108425,10.000.000+,10000000,11074121,1,0,BRL,1,1,"R$ 0,90 – R$ 499,90 por item",Classificação Livre,23 de jun. de 2013,1782742682,6.27.0,,"Comemore o aniversário de 11 anos Mobills, tenha o melhor gerenciador financeiro",https://play.google.com/store/apps/details?id=br.com.gerenciadorfinanceiro.controller&hl=pt&gl=br,0,29,15,gigante,1268338,240379.94,858499.8,2790124.36,532269.88,4635898.93,2874257.34,alta,150,3.57,60.0,28.0,"SerpAPI, Brave Search, ScrapingBee, DevSite:ScrapingAnt"
8,Finanças,23,Mobills: Finanças Pessoais,br.com.gerenciadorfinanceiro.controller,Santander Corretora,suporte@mobills.com.br,https://www.mobills.com.br,Finanças,4.1724825,292746,108425,10.000.000+,10000000,11074121,1,0,BRL,1,1,"R$ 0,90 – R$ 499,90 por item",Classificação Livre,23 de jun. de 2013,1782742682,6.27.0,,"Comemore o aniversário de 11 anos Mobills, tenha o melhor gerenciador financeiro",https://play.google.com/store/apps/details?id=br.com.gerenciadorfinanceiro.controller&hl=pt&gl=br,0,29,15,gigante,1268338,240379.94,858499.8,2790124.36,532269.88,4635898.93,2874257.34,alta,25,4.08,72.0,16.0,"SerpAPI, ScrapingBee"
1,Jogos de Aventura,8,Survival Island: EVO 2,com.dbSoftware.sievolve,Not Found Games,help@notfoundgames.com,https://notfoundgames.com/,Aventura,3.8448353,209117,11622,10.000.000+,10000000,20546545,1,0,BRL,1,1,"R$ 4,19 – R$ 479,99 por item",Classificação 10 anos,24 de jun. de 2016,1783007078,0.3.252,,Survival Island EVO: Por quanto tempo você pode sobreviver na natureza selvagem?,https://play.google.com/store/apps/details?id=com.dbSoftware.sievolve&hl=pt&gl=br,19,49,15,normal,2056502,339543.77,1212656.31,3941133.02,751846.91,6548344.09,4059973.34,alta,25,2.6,40.0,60.0,"SerpAPI, ScrapingBee"
1,Esportes,11,AiScore - Resultados ao Vivo,com.onesports.score,AiScore Sports,service@aiscore.com,https://www.aiscore.com,Esportes,3.8851674,104964,4922,10.000.000+,10000000,29039110,1,0,BRL,1,1,"R$ 4,09 – R$ 1.499,99 por item",Classificação 10 anos,27 de ago. de 2019,1782388370,4.2.3,,"Placar ao vivo, futebol estatisticas e Brasileirão resultados",https://play.google.com/store/apps/details?id=com.onesports.score&hl=pt&gl=br,19,49,15,normal,3471794,53317.66,190420.22,618865.72,118060.54,1028269.19,637526.9,alta,25,3.16,44.0,40.0,"SerpAPI, ScrapingBee"
1,Personalização,1,Wallpaper Tema +HOME Launcher,jp.co.a_tm.android.launcher,+HOME by Ateam Entertainment,info+android@atm-plushome.com,https://www.ateam-entertainment.com/ja/services/,Personalização,3.955322,346831,10038,10.000.000+,10000000,38729637,1,0,BRL,1,1,"R$ 2,79 – R$ 3,19 por item",Classificação Livre,27 de out. de 2011,1782451274,4.1.9,,Personalize seu smartphone comlindos temas e papel de parede HD!,https://play.google.com/store/apps/details?id=jp.co.a_tm.android.launcher&hl=pt&gl=br,19,49,15,normal,4688475,8716.65,31130.89,101175.39,19301.15,168106.8,104226.22,alta,25,4.16,80.0,12.0,"SerpAPI, ScrapingBee"
26,"Busca: ""bitcoin""",1,Gate - Compre BTC e criptos,com.gateio.gateio,Gate.com,support@gate.com,https://www.gate.com/,Finanças,4.1106796,88898,2684,10.000.000+,10000000,10183507,1,0,BRL,0,0,,Classificação Livre,3 de nov. de 2017,1784216803,8.28.5,,"Compre e venda 4.700+ criptomoedas (Bitcoin, Ethereum) - Web3 Wallet, NFT, DeFi",https://play.google.com/store/apps/details?id=com.gateio.gateio&hl=pt&gl=br,49,49,14,normal,,,,,,,,,,,,,
21,"Busca: ""crypto wallet""",1,Gate - Compre BTC e criptos,com.gateio.gateio,Gate.com,support@gate.com,https://www.gate.com/,Finanças,4.1106796,88898,2684,10.000.000+,10000000,10183507,1,0,BRL,0,0,,Classificação Livre,3 de nov. de 2017,1784216803,8.28.5,,"Compre e venda 4.700+ criptomoedas (Bitcoin, Ethereum) - Web3 Wallet, NFT, DeFi",https://play.google.com/store/apps/details?id=com.gateio.gateio&hl=pt&gl=br,49,49,14,normal,,,,,,,,,,,,,
1,Fotografia,15,Editor de fotos esboçadas,gr.pixelab.sketch,Pixelab,pixelab@isystem.gr,http://www.isystemgroup.org,Fotografia,3.8085105,67824,1316,10.000.000+,10000000,18541095,1,0,BRL,1,1,"R$ 5,49 – R$ 10,99 por item",Classificação 14 anos,6 de abr. de 2015,1701542879,1.41,,Transforme suas fotos e vídeos em esboços a lápis,https://play.google.com/store/apps/details?id=gr.pixelab.sketch&hl=pt&gl=br,49,18,14,normal,1811119,4839.69,17284.6,56174.94,10716.45,93336.83,57868.83,alta,25,3.84,68.0,24.0,"SerpAPI, ScrapingBee"
1,Jogos Arcade,4,PAC-MAN 256 - Endless Maze,eu.bandainamcoent.pacman256,BANDAI NAMCO Entertainment Europe,support-pacman256@bandainamcoent.eu,https://en.bandainamcoent.eu/,Arcade,3.6910973,471881,16665,10.000.000+,10000000,41821342,1,0,BRL,1,1,"R$ 3,90 – R$ 18,90 por item",Classificação Livre,18 de ago. de 2015,1777537375,2.1.5,,"Dos criadores de Crossy Road, PAC-MAN 256 é o labirinto que nunca acaba.",https://play.google.com/store/apps/details?id=eu.bandainamcoent.pacman256&hl=pt&gl=br,19,44,13,normal,3597968,27884.44,99587.28,323658.66,61744.11,537771.3,333418.21,alta,25,3.32,52.0,40.0,"SerpAPI, ScrapingBee"
29,Personalização · Ícones e Temas,15,"MyICON - Mudar ícones, Temas",com.myicon.themeiconchanger,Zhengzhou Junying TECHNOLOGY CO LTD,myicons2021@yandex.com,https://ibeijixing.com,Personalização,3.4567568,94297,4149,10.000.000+,10000000,20312784,1,0,BRL,0,1,"R$ 4,99 – R$ 99,99 por item",Classificação Livre,29 de mar. de 2021,1734422392,1.2.3,,"MyICON oferece ícones, temas e papéis de parede para decorar a tela de celular.",https://play.google.com/store/apps/details?id=com.myicon.themeiconchanger&hl=pt&gl=br,49,8,12,normal,1992231,28987.42,103526.48,336461.07,64186.42,559043.02,346606.67,alta,25,4.0,72.0,20.0,"SerpAPI, Firecrawl"
9,Personalização,9,Temas,com.thegosa.miuithemes,The Gosa Design,support@thethemes.co,https://thethemes.co,Personalização,4.2443643,743935,2032,50.000.000+,50000000,64489752,1,0,BRL,1,1,"R$ 1,19 – R$ 119,99 por item",Classificação Livre,21 de out. de 2019,1772224806,8.2,,Mais de 3.000 temas e mais de 9.000 papéis de parede para todos!,https://play.google.com/store/apps/details?id=com.thegosa.miuithemes&hl=pt&gl=br,0,18,12,gigante,6648564,134874.3,481693.94,1565505.29,298650.24,2601147.25,1612711.3,alta,25,4.44,84.0,8.0,"SerpAPI, ScrapingBee"
11,Personalização,22,"MyICON - Mudar ícones, Temas",com.myicon.themeiconchanger,Zhengzhou Junying TECHNOLOGY CO LTD,myicons2021@yandex.com,https://ibeijixing.com,Personalização,3.4501348,94191,4147,10.000.000+,10000000,20250218,1,0,BRL,0,1,"R$ 4,99 – R$ 99,99 por item",Classificação Livre,29 de mar. de 2021,1734422392,1.2.3,,"MyICON oferece ícones, temas e papéis de parede para decorar a tela de celular.",https://play.google.com/store/apps/details?id=com.myicon.themeiconchanger&hl=pt&gl=br,49,8,12,normal,1985823,28894.18,103193.51,335378.91,63979.98,557244.96,345491.88,alta,25,4.0,72.0,20.0,"SerpAPI, ScrapingBee"
11,Personalização,10,Temas,com.thegosa.miuithemes,The Gosa Design,support@thethemes.co,https://thethemes.co,Personalização,4.2443643,743935,2032,50.000.000+,50000000,64489752,1,0,BRL,1,1,"R$ 1,19 – R$ 119,99 por item",Classificação Livre,21 de out. de 2019,1772224806,8.2,,Mais de 3.000 temas e mais de 9.000 papéis de parede para todos!,https://play.google.com/store/apps/details?id=com.thegosa.miuithemes&hl=pt&gl=br,0,18,12,gigante,6648564,134874.3,481693.94,1565505.29,298650.24,2601147.25,1612711.3,alta,25,4.44,84.0,8.0,"SerpAPI, ScrapingBee"
9,Quadrinhos,2,WebComics - Webtoon & Manga,com.webcomics.manga,WEBCOMICS HOLDINGS HK LIMITED,webcomics@sidewalkgroup.com,https://www.webcomicsapp.com/,Quadrinhos,2.624,234396,1232,10.000.000+,10000000,15940568,1,0,BRL,1,1,"R$ 2,49 – R$ 314,99 por item",Classificação 18 anos,19 de jan. de 2018,1782912037,3.8.85,,"Read amazing and stunning Manga, Comics & Manhwa series of all genres!",https://play.google.com/store/apps/details?id=com.webcomics.manga&hl=pt&gl=br,19,39,12,normal,1855961,125594.86,448553.08,1457797.5,278102.91,2422186.61,1501755.7,alta,25,2.2,24.0,68.0,"SerpAPI, ScrapingBee"
1,Encontros,8,Badoo - conversas e encontros,com.badoo.twa,Badoo,android.support@badoo.com,http://www.badoo.com,Encontros,3.4250765,28727,3157,10.000.000+,10000000,11281257,1,0,BRL,1,1,"R$ 1,90 – R$ 939,99 por item",Classificação 14 anos,14 de fev. de 2020,1716214752,1.6,,Há mais de 460 milhões de pessoas no Badoo e há uma nova ligação a cada segundo!,https://play.google.com/store/apps/details?id=com.badoo.twa&hl=pt&gl=br,49,7,12,normal,1077625,307621.89,1098649.62,3570611.26,681162.76,5932707.95,3678278.93,alta,25,2.92,48.0,52.0,"SerpAPI, ScrapingBee"
1,Quadrinhos,1,WebComics - Webtoon & Manga,com.webcomics.manga,WEBCOMICS HOLDINGS HK LIMITED,webcomics@sidewalkgroup.com,https://www.webcomicsapp.com/,Quadrinhos,2.630522,234394,1232,10.000.000+,10000000,15940568,1,0,BRL,1,1,"R$ 2,49 – R$ 314,99 por item",Classificação 18 anos,19 de jan. de 2018,1782912037,3.8.85,,"Read amazing and stunning Manga, Comics & Manhwa series of all genres!",https://play.google.com/store/apps/details?id=com.webcomics.manga&hl=pt&gl=br,19,39,12,normal,1855961,125594.86,448553.08,1457797.5,278102.91,2422186.61,1501755.7,alta,25,2.36,28.0,64.0,"SerpAPI, ScrapingBee"
1,Arte e Design,4,Artmate: Drawing Together,com.trace.art.draw.drawing.paint,Braly JSC,feedback.outlaw@bralyvn.com,https://bralyvn.com/app-ads.txt,Arte e design,,,,10.000.000+,10000000,10996973,1,0,BRL,1,0,,Classificação Livre,,,Varies with device,,Draw together with friends! A fun multiplayer drawing app with easy lessons.,https://play.google.com/store/apps/details?id=com.trace.art.draw.drawing.paint&hl=pt&gl=br,57,0,12,normal,1049251,407.19,1454.26,4726.35,698.05,7853.02,3769.45,média,0,0.0,0.0,0.0,"SerpAPI, ScrapingBee"
26,"Busca: ""bitcoin""",11,MetaMask: Negocie criptomoedas,io.metamask,MetaMask Web3 Wallet,support@metamask.io,https://support.metamask.io/,Finanças,4.724363,482373,3222,10.000.000+,10000000,46771521,1,0,BRL,0,0,,Classificação Livre,1 de set. de 2020,1783767015,8.2.0,,Negociação de criptomoedas rápida e segura,https://play.google.com/store/apps/details?id=io.metamask&hl=pt&gl=br,0,45,9,gigante,,,,,,,,,,,,,
26,"Busca: ""bitcoin""",9,Trust: Crypto & Bitcoin Wallet,com.wallet.crypto.trustapp,"DApps Platform, Inc.",support@trustwallet.com,https://trustwallet.com/,Finanças,4.667392,2531590,7457,50.000.000+,50000000,78333103,1,0,BRL,0,0,,Classificação Livre,25 de out. de 2017,1784242818,26.29.2,,"Carteira multichain usada por 200M para comprar, vender, trocar e ganhar",https://play.google.com/store/apps/details?id=com.wallet.crypto.trustapp&hl=pt&gl=br,0,45,9,gigante,,,,,,,,,,,,,
26,"Busca: ""bitcoin""",2,Binance Compre Bitcoin Cripto,com.binance.dev,Binance Inc.,product@binance.com,https://www.binance.com/,Finanças,4.8082237,4469947,41894,100.000.000+,100000000,217462222,1,0,BRL,0,0,,Classificação 10 anos,25 de out. de 2017,1783004056,3.17.1,,"Seu app para investimentos, Pix, criptomoedas, cartão de crédito e dólar digital",https://play.google.com/store/apps/details?id=com.binance.dev&hl=pt&gl=br,0,44,9,gigante,,,,,,,,,,,,,
22,"Busca: ""carteira""",5,CNH do Brasil,br.gov.serpro.cnhe,Serviços e Informações do Brasil,css.serpro@serpro.gov.br,http://www.serpro.gov.br/,Ferramentas,4.8736267,7776934,870693,100.000.000+,100000000,100229700,1,0,BRL,0,0,,Classificação Livre,10 de out. de 2017,1784139725,7.2.1,,"CNH e CRLV digitais, primeira habilitação, consulta de infrações e veículos.",https://play.google.com/store/apps/details?id=br.gov.serpro.cnhe&hl=pt&gl=br,0,45,9,gigante,13893154,0.0,0.0,0.0,0.0,0.0,0.0,média,150,4.38,83.3,14.0,"SerpAPI, Brave Search, Firecrawl, DevSite:Firecrawl"
21,"Busca: ""crypto wallet""",8,MetaMask: Negocie criptomoedas,io.metamask,MetaMask Web3 Wallet,support@metamask.io,https://support.metamask.io/,Finanças,4.724526,482364,3222,10.000.000+,10000000,46771521,1,0,BRL,0,0,,Classificação Livre,1 de set. de 2020,1783767015,8.2.0,,Negociação de criptomoedas rápida e segura,https://play.google.com/store/apps/details?id=io.metamask&hl=pt&gl=br,0,45,9,gigante,,,,,,,,,,,,,
21,"Busca: ""crypto wallet""",3,Binance Compre Bitcoin Cripto,com.binance.dev,Binance Inc.,product@binance.com,https://www.binance.com/,Finanças,4.808296,4469128,41894,100.000.000+,100000000,217462222,1,0,BRL,0,0,,Classificação 10 anos,25 de out. de 2017,1783004056,3.17.1,,"Seu app para investimentos, Pix, criptomoedas, cartão de crédito e dólar digital",https://play.google.com/store/apps/details?id=com.binance.dev&hl=pt&gl=br,0,44,9,gigante,,,,,,,,,,,,,
21,"Busca: ""crypto wallet""",2,Trust: Crypto & Bitcoin Wallet,com.wallet.crypto.trustapp,"DApps Platform, Inc.",support@trustwallet.com,https://trustwallet.com/,Finanças,4.6678576,2531516,7457,50.000.000+,50000000,78293474,1,0,BRL,0,0,,Classificação Livre,25 de out. de 2017,1784242818,26.29.2,,"Carteira multichain usada por 200M para comprar, vender, trocar e ganhar",https://play.google.com/store/apps/details?id=com.wallet.crypto.trustapp&hl=pt&gl=br,0,45,9,gigante,,,,,,,,,,,,,
20,"Busca: ""wallet""",54,Binance Compre Bitcoin Cripto,com.binance.dev,Binance Inc.,product@binance.com,https://www.binance.com/,Finanças,4.808296,4469280,41894,100.000.000+,100000000,217462222,1,0,BRL,0,0,,Classificação 10 anos,25 de out. de 2017,1783004056,3.17.1,,"Seu app para investimentos, Pix, criptomoedas, cartão de crédito e dólar digital",https://play.google.com/store/apps/details?id=com.binance.dev&hl=pt&gl=br,0,44,9,gigante,31108724,0.0,0.0,0.0,0.0,0.0,0.0,média,25,4.28,84.0,16.0,"SerpAPI, Firecrawl"
20,"Busca: ""wallet""",51,MetaMask: Negocie criptomoedas,io.metamask,MetaMask Web3 Wallet,support@metamask.io,https://support.metamask.io/,Finanças,4.724526,482364,3222,10.000.000+,10000000,46771521,1,0,BRL,0,0,,Classificação Livre,1 de set. de 2020,1783767015,8.2.0,,Negociação de criptomoedas rápida e segura,https://play.google.com/store/apps/details?id=io.metamask&hl=pt&gl=br,0,45,9,gigante,6278784,0.0,0.0,0.0,0.0,0.0,0.0,média,25,3.16,52.0,40.0,"SerpAPI, Firecrawl"
20,"Busca: ""wallet""",8,Trust: Crypto & Bitcoin Wallet,com.wallet.crypto.trustapp,"DApps Platform, Inc.",support@trustwallet.com,https://trustwallet.com/,Finanças,4.6678576,2531511,7457,50.000.000+,50000000,78293474,1,0,BRL,0,0,,Classificação Livre,25 de out. de 2017,1784242818,26.29.2,,"Carteira multichain usada por 200M para comprar, vender, trocar e ganhar",https://play.google.com/store/apps/details?id=com.wallet.crypto.trustapp&hl=pt&gl=br,0,45,9,gigante,10741643,0.0,0.0,0.0,0.0,0.0,0.0,média,25,2.96,44.0,48.0,"SerpAPI, Firecrawl"
9,Compras,7,SHEIN-Compras Online,com.zzkko,Roadget Business PTE. LTD.,apphelp@shein.com,https://www.shein.com,Compras,4.836285,10110864,586265,500.000.000+,500000000,995977937,1,0,BRL,0,0,,Classificação 14 anos,18 de mar. de 2014,1783079438,14.9.4,,Moda realmente para todos,https://play.google.com/store/apps/details?id=com.zzkko&hl=pt&gl=br,0,45,9,gigante,151166440,0.0,0.0,0.0,0.0,0.0,0.0,média,25,4.6,88.0,4.0,"SerpAPI, ScrapingBee"
9,Compras,4,Netshoes: loja de esportes!,br.com.netshoes.app,Grupo Netshoes,netshoes.apps@netshoes.com,http://www.netshoes.com.br,Compras,4.6215014,893578,241840,50.000.000+,50000000,53614230,1,0,BRL,0,0,,Classificação 14 anos,7 de ago. de 2014,1783000519,6.2.1,,"Suplementos, tênis, chuteiras, mochilas e mais com condições especiais no app.",https://play.google.com/store/apps/details?id=br.com.netshoes.app&hl=pt&gl=br,0,45,9,gigante,7239341,0.0,0.0,0.0,0.0,0.0,0.0,média,25,2.88,40.0,52.0,"SerpAPI, ScrapingBee"
9,Compras,1,Mercado Livre: Compras 7.7,com.mercadolibre,Mercado Libre,android.market@mercadolibre.com,http://www.mercadolibre.com,Compras,4.868736,26024132,3741549,500.000.000+,500000000,524076941,1,0,BRL,0,0,,Classificação 18 anos,7 de set. de 2011,1783005277,10.549.2,,Até 70% de desconto e entrega no mesmo dia. Aproveite as melhores ofertas!,https://play.google.com/store/apps/details?id=com.mercadolibre&hl=pt&gl=br,0,45,9,gigante,77613706,0.0,0.0,0.0,0.0,0.0,0.0,média,25,4.28,84.0,16.0,"SerpAPI, ScrapingBee"
9,Produtividade,7,Google Tarefas,com.google.android.apps.tasks,Google LLC,apps-help@google.com,,Produtividade,4.812809,586573,11821,10.000.000+,10000000,38071424,1,0,BRL,0,0,,Classificação Livre,24 de abr. de 2018,1782977081,Varies with device,,"Organize-se com o app Tarefas, que faz parte do Google Workspace.",https://play.google.com/store/apps/details?id=com.google.android.apps.tasks&hl=pt&gl=br,0,45,9,gigante,5065932,0.0,0.0,0.0,0.0,0.0,0.0,média,25,4.8,96.0,0.0,"SerpAPI, ScrapingBee"
9,Produtividade,2,Google Agenda,com.google.android.calendar,Google LLC,apps-help@google.com,http://support.google.com/calendar?p=mobilesync,Produtividade,4.807736,4638349,44170,5.000.000.000+,5000000000,9881251453,1,0,BRL,0,0,,Classificação Livre,17 de out. de 2012,1782980626,Varies with device,,"Aproveite ao máximo seu dia com o Google Agenda, que faz parte do Workspace",https://play.google.com/store/apps/details?id=com.google.android.calendar&hl=pt&gl=br,0,45,9,gigante,1629729799,0.0,0.0,0.0,0.0,0.0,0.0,média,25,4.52,88.0,8.0,"SerpAPI, ScrapingBee"
9,Comunicação,7,Google Mensagens,com.google.android.apps.messaging,Google LLC,apps-help@google.com,,Comunicação,4.685887,43363982,392103,10.000.000.000+,10000000000,11087455562,1,0,BRL,0,0,,Classificação Livre,12 de nov. de 2014,1782775724,Varies with device,,Mensagens simples e úteis com a tecnologia do Google,https://play.google.com/store/apps/details?id=com.google.android.apps.messaging&hl=pt&gl=br,0,45,9,gigante,1829430167,0.0,0.0,0.0,0.0,0.0,0.0,média,25,4.16,80.0,20.0,"SerpAPI, ScrapingBee"
10,Produtividade,16,Google Keep: notas e listas,com.google.android.keep,Google LLC,apps-help@google.com,https://support.google.com/?p=notes_main,Produtividade,4.8255167,2466118,25962,1.000.000.000+,1000000000,3978525521,1,0,BRL,0,0,,Classificação Livre,20 de mar. de 2013,1782768511,Varies with device,,Google Keep,https://play.google.com/store/apps/details?id=com.google.android.keep&hl=pt&gl=br,0,45,9,gigante,635435504,0.0,0.0,0.0,0.0,0.0,0.0,média,25,4.48,88.0,12.0,"SerpAPI, ScrapingBee"
10,Produtividade,7,Google Tarefas,com.google.android.apps.tasks,Google LLC,apps-help@google.com,,Produtividade,4.812706,586555,11821,10.000.000+,10000000,38071424,1,0,BRL,0,0,,Classificação Livre,24 de abr. de 2018,1782977081,Varies with device,,"Organize-se com o app Tarefas, que faz parte do Google Workspace.",https://play.google.com/store/apps/details?id=com.google.android.apps.tasks&hl=pt&gl=br,0,45,9,gigante,5065932,0.0,0.0,0.0,0.0,0.0,0.0,média,25,4.8,96.0,0.0,"SerpAPI, ScrapingBee"
10,Produtividade,2,Google Agenda,com.google.android.calendar,Google LLC,apps-help@google.com,http://support.google.com/calendar?p=mobilesync,Produtividade,4.807736,4638349,44170,5.000.000.000+,5000000000,9881251453,1,0,BRL,0,0,,Classificação Livre,17 de out. de 2012,1782980626,Varies with device,,"Aproveite ao máximo seu dia com o Google Agenda, que faz parte do Workspace",https://play.google.com/store/apps/details?id=com.google.android.calendar&hl=pt&gl=br,0,45,9,gigante,1629729799,0.0,0.0,0.0,0.0,0.0,0.0,média,25,4.52,88.0,8.0,"SerpAPI, ScrapingBee"
7,Finanças,18,Wise,com.transferwise.android,Wise Payments Ltd.,support@wise.com,https://wise.com,Finanças,4.8829784,1904536,35757,50.000.000+,50000000,51187094,1,0,BRL,0,0,,Classificação Livre,24 de mar. de 2014,1783003533,9.31.3,,A conta mais internacional do mundo,https://play.google.com/store/apps/details?id=com.transferwise.android&hl=pt&gl=br,0,45,9,gigante,6898019,0.0,0.0,0.0,0.0,0.0,0.0,média,150,4.52,88.7,9.3,"SerpAPI, Brave Search, ScrapingBee, DevSite:ScrapingAnt"
7,Finanças,13,Revolut: Conta e Cartão Global,com.revolut.revolut,Revolut Ltd,feedback@revolut.com,https://www.revolut.com/,Finanças,4.830986,4024876,7610,50.000.000+,50000000,88153442,1,0,BRL,0,0,,Classificação Livre,1 de jun. de 2015,1782793816,10.136.1,,Revolucione suas finanças,https://play.google.com/store/apps/details?id=com.revolut.revolut&hl=pt&gl=br,0,45,9,gigante,12154346,0.0,0.0,0.0,0.0,0.0,0.0,média,150,4.32,84.0,14.0,"SerpAPI, Brave Search, ScrapingBee, DevSite:ScraperAPI"
7,Finanças,9,"Banco PagBank: Conta, Tap On +",br.com.uol.ps.myaccount,PagBank,aplicativo@pagbank.com.br,https://pagbank.com.br,Finanças,4.888504,4473024,1073032,50.000.000+,50000000,90948805,1,0,BRL,0,0,,Classificação Livre,21 de dez. de 2016,1782949799,5.47.8,,"Conta com cartão de crédito grátis, investimentos, CDB que rende, maquininhas e+",https://play.google.com/store/apps/details?id=br.com.uol.ps.myaccount&hl=pt&gl=br,0,45,9,gigante,12556039,0.0,0.0,0.0,0.0,0.0,0.0,média,150,4.57,88.0,8.7,"SerpAPI, Brave Search, ScrapingBee, DevSite:Scrape.do"
8,Finanças,21,Wise,com.transferwise.android,Wise Payments Ltd.,support@wise.com,https://wise.com,Finanças,4.8829784,1904417,35757,50.000.000+,50000000,51187094,1,0,BRL,0,0,,Classificação Livre,24 de mar. de 2014,1783003533,9.31.3,,A conta mais internacional do mundo,https://play.google.com/store/apps/details?id=com.transferwise.android&hl=pt&gl=br,0,45,9,gigante,6898019,0.0,0.0,0.0,0.0,0.0,0.0,média,25,4.64,92.0,8.0,"SerpAPI, ScrapingBee"
8,Finanças,20,Binance Compre Bitcoin Cripto,com.binance.dev,Binance Inc.,product@binance.com,https://www.binance.com/,Finanças,4.809806,4414408,41802,100.000.000+,100000000,215781427,1,0,BRL,0,0,,Classificação 10 anos,25 de out. de 2017,1782396503,3.16.7,,"Seu app para investimentos, Pix, criptomoedas, cartão de crédito e dólar digital",https://play.google.com/store/apps/details?id=com.binance.dev&hl=pt&gl=br,0,45,9,gigante,30858682,0.0,0.0,0.0,0.0,0.0,0.0,média,25,4.56,92.0,8.0,"SerpAPI, ScrapingBee"
8,Finanças,12,"Banco PagBank: Conta, Tap On +",br.com.uol.ps.myaccount,PagBank,aplicativo@pagbank.com.br,https://pagbank.com.br,Finanças,4.8885093,4472884,1073031,50.000.000+,50000000,90948805,1,0,BRL,0,0,,Classificação Livre,21 de dez. de 2016,1782949799,5.47.8,,"Conta com cartão de crédito grátis, investimentos, CDB que rende, maquininhas e+",https://play.google.com/store/apps/details?id=br.com.uol.ps.myaccount&hl=pt&gl=br,0,45,9,gigante,12556039,0.0,0.0,0.0,0.0,0.0,0.0,média,25,4.68,92.0,8.0,"SerpAPI, ScrapingBee"
8,Finanças,11,Revolut: Conta e Cartão Global,com.revolut.revolut,Revolut Ltd,feedback@revolut.com,https://www.revolut.com/,Finanças,4.830986,4024939,7610,50.000.000+,50000000,88153442,1,0,BRL,0,0,,Classificação Livre,1 de jun. de 2015,1782793816,10.136.1,,Revolucione suas finanças,https://play.google.com/store/apps/details?id=com.revolut.revolut&hl=pt&gl=br,0,45,9,gigante,12154346,0.0,0.0,0.0,0.0,0.0,0.0,média,25,4.96,100.0,0.0,"SerpAPI, ScrapingBee"
29,Personalização · Launchers,12,Action Launcher,com.actionlauncher.playstore,Action Launcher,support@actionlauncher.com,http://www.actionlauncher.com,Personalização,3.8558824,109184,1934,10.000.000+,10000000,14053681,1,0,BRL,1,1,"R$ 14,99 – R$ 30,00 por item",Classificação Livre,4 de dez. de 2013,1754466830,52.0,,🏆O launcher premiado que trás o Material Design para o seu ecrã inicial🏆,https://play.google.com/store/apps/details?id=com.actionlauncher.playstore&hl=pt&gl=br,19,19,7,normal,1355869,8980.87,32074.52,104242.19,19886.2,173202.41,107385.49,alta,25,3.8,72.0,24.0,"SerpAPI, Firecrawl"
29,Personalização · Launchers,5,Microsoft Launcher,com.microsoft.launcher,Microsoft Corporation,microsoftlauncherfb@microsoft.com,https://support.microsoft.com/en-us/topic/using-microsoft-launcher-on-android-c59f2824-0218-ae6d-3666-d93a7fc537e0,Personalização,4.79455,1734517,49642,50.000.000+,50000000,69101465,1,0,BRL,0,0,,Classificação Livre,28 de out. de 2015,1778250847,6.260402.0.1178950,,Personalize seu telefone e organize-se em praticamente qualquer lugar.,https://play.google.com/store/apps/details?id=com.microsoft.launcher&hl=pt&gl=br,0,39,7,gigante,7859210,0.0,0.0,0.0,0.0,0.0,0.0,média,25,4.72,92.0,4.0,"SerpAPI, Firecrawl"
26,"Busca: ""bitcoin""",36,"Crypto.com - Compre BTC, CRO",co.mona.android,Crypto Technology Holdings Limited,contact@crypto.com,https://crypto.com/,Finanças,4.461385,687850,7882,50.000.000+,50000000,51207652,1,0,BRL,0,0,,Classificação 18 anos,30 de ago. de 2017,1784133329,3.237.0,,Compre criptomoedas como Bitcoin e ETH. Armazene-as na carteira de criptomoedas,https://play.google.com/store/apps/details?id=co.mona.android&hl=pt&gl=br,0,39,7,gigante,,,,,,,,,,,,,
26,"Busca: ""bitcoin""",6,OKX: Bitcoin e Cartão Global,com.okinc.okex.gp,OKX INC.,support@okx.com,https://www.okx.com/,Finanças,4.2904,923851,2132,10.000.000+,10000000,34380760,1,0,BRL,0,0,,Classificação Livre,29 de out. de 2019,1783937822,6.180.0,,"Exchange de criptomoedas com conta digital, carteira cripto e Cartão OKX sem IOF",https://play.google.com/store/apps/details?id=com.okinc.okex.gp&hl=pt&gl=br,19,49,7,normal,,,,,,,,,,,,,
26,"Busca: ""bitcoin""",5,Coinbase: Bitcoin & Ethereum,com.coinbase.android,Coinbase Inc,support@coinbase.com,https://coinbase.com/,Finanças,4.552959,927148,22458,50.000.000+,50000000,58814032,1,0,BRL,0,0,,Classificação 18 anos,6 de mar. de 2013,1783969090,14.26.23,,Faça trade de criptos com taxa zero de negociação com o Coinbase One,https://play.google.com/store/apps/details?id=com.coinbase.android&hl=pt&gl=br,0,39,7,gigante,,,,,,,,,,,,,
22,"Busca: ""carteira""",1,Carteira de Trabalho Digital,br.gov.dataprev.carteiradigital,Serviços e Informações do Brasil,atendimento@dataprev.gov.br,https://empregabrasil.mte.gov.br/ ,Ferramentas,4.5142555,1762550,621776,100.000.000+,100000000,136532428,1,0,BRL,0,0,,Classificação Livre,14 de nov. de 2017,1783620421,8.9.10,,Aplicativo oficial da Carteira de Trabalho Digital do Ministério da Economia.,https://play.google.com/store/apps/details?id=br.gov.dataprev.carteiradigital&hl=pt&gl=br,0,39,7,gigante,19167120,0.0,0.0,0.0,0.0,0.0,0.0,média,150,3.29,54.7,41.3,"SerpAPI, Brave Search, Firecrawl, DevSite:Crawlbase"
21,"Busca: ""crypto wallet""",17,OKX: Bitcoin e Cartão Global,com.okinc.okex.gp,OKX INC.,support@okx.com,https://www.okx.com/,Finanças,4.2904,923850,2132,10.000.000+,10000000,34380760,1,0,BRL,0,0,,Classificação Livre,29 de out. de 2019,1783937822,6.180.0,,"Exchange de criptomoedas com conta digital, carteira cripto e Cartão OKX sem IOF",https://play.google.com/store/apps/details?id=com.okinc.okex.gp&hl=pt&gl=br,19,49,7,normal,,,,,,,,,,,,,
21,"Busca: ""crypto wallet""",12,Coinbase: Bitcoin & Ethereum,com.coinbase.android,Coinbase Inc,support@coinbase.com,https://coinbase.com/,Finanças,4.5528746,927140,22456,50.000.000+,50000000,58814032,1,0,BRL,0,0,,Classificação 18 anos,6 de mar. de 2013,1783969090,14.26.23,,Faça trade de criptos com taxa zero de negociação com o Coinbase One,https://play.google.com/store/apps/details?id=com.coinbase.android&hl=pt&gl=br,0,39,7,gigante,,,,,,,,,,,,,
21,"Busca: ""crypto wallet""",6,"Crypto.com - Compre BTC, CRO",co.mona.android,Crypto Technology Holdings Limited,contact@crypto.com,https://crypto.com/,Finanças,4.461385,687849,7882,50.000.000+,50000000,51207652,1,0,BRL,0,0,,Classificação 18 anos,30 de ago. de 2017,1784133329,3.237.0,,Compre criptomoedas como Bitcoin e ETH. Armazene-as na carteira de criptomoedas,https://play.google.com/store/apps/details?id=co.mona.android&hl=pt&gl=br,0,39,7,gigante,,,,,,,,,,,,,
9,Compras,10,Alibaba.com - Mercado B2B,com.alibaba.intl.android.apps.poseidon,Alibaba Mobile,icbu_tech@alibaba-inc.com,https://www.alibaba.com/,Compras,4.525683,3033429,45193,500.000.000+,500000000,643171262,1,0,BRL,0,0,,Classificação 14 anos,17 de out. de 2012,1783073482,26.22.0,,Um marketplace B2B líder no mundo,https://play.google.com/store/apps/details?id=com.alibaba.intl.android.apps.poseidon&hl=pt&gl=br,0,39,7,gigante,96006117,0.0,0.0,0.0,0.0,0.0,0.0,média,25,4.44,88.0,8.0,"SerpAPI, ScrapingBee"
9,Compras,8,AliExpress: Compras online,com.alibaba.aliexpresshd,Alibaba Mobile,developer.android@aliexpress.com,https://aliexpress.com,Compras,4.498797,16294688,569660,500.000.000+,500000000,865822121,1,0,BRL,0,0,,Classificação 14 anos,27 de set. de 2012,1782903972,8.166.7,,Encontre seus produtos e aproveite compras fáceis no app AliExpress,https://play.google.com/store/apps/details?id=com.alibaba.aliexpresshd&hl=pt&gl=br,0,39,7,gigante,118833345,0.0,0.0,0.0,0.0,0.0,0.0,média,25,2.88,44.0,52.0,"SerpAPI, ScrapingBee"
1,Compras,3,enjoei: comprar e vender roupa,br.com.enjoei.app,enjoei,ajuda@enjoei.com.br,http://www.enjoei.com.br,Compras,4.086741,246936,104074,10.000.000+,10000000,41575701,1,0,BRL,0,0,,Classificação 14 anos,2 de jul. de 2015,1782135680,62.7.0,,"promoções de roupas, sapatos e acessórios. compre e venda online",https://play.google.com/store/apps/details?id=br.com.enjoei.app&hl=pt&gl=br,19,49,7,normal,5048374,0.0,0.0,0.0,0.0,0.0,0.0,média,25,3.96,72.0,20.0,"SerpAPI, ScrapingBee"
1,Jogos de Simulação,8,Construction Simulator 3 Lite,com.astragon.cs3lite,astragon Entertainment GmbH,support.cs3@astragon.com,http://www.construction-simulator.com,Simulador,3.5425904,100697,3839,10.000.000+,10000000,26713494,1,0,BRL,1,1,"R$ 3,59 – R$ 91,99 por item",Classificação Livre,26 de jun. de 2019,1759436302,1.1.1474,,Construction Simulator 3 volta à Europa!,https://play.google.com/store/apps/details?id=com.astragon.cs3lite&hl=pt&gl=br,19,15,6,normal,2254010,48956.49,174844.6,568244.96,108403.65,944160.85,585379.73,alta,25,3.64,64.0,28.0,"SerpAPI, ScrapingBee"
9,Comunicação,6,imo chat e chamadas de vídeo,com.imo.android.imoim,imo.im,feedback@imo.im,https://imo.im/,Comunicação,3.971331,9045680,133263,1.000.000.000+,1000000000,1536634131,1,0,BRL,1,1,"R$ 2,53 – R$ 1.710,00 por item",Classificação Livre,27 de jul. de 2010,1783000706,2026.05.1051,,Videochamadas e mensagens instantâneas rápidas e seguras no mundo todo,https://play.google.com/store/apps/details?id=com.imo.android.imoim&hl=pt&gl=br,0,29,5,gigante,215495796,218238.99,779424.95,2533131.09,483243.47,4208894.74,2609514.74,alta,25,3.52,60.0,36.0,"SerpAPI, ScrapingBee"
10,Produtividade,19,Evernote: Organizador de notas,com.evernote,Evernote by Bending Spoons,appstore-evernote-android@evernote.com,http://www.evernote.com,Produtividade,3.9926376,1848594,49878,100.000.000+,100000000,378171626,1,0,BRL,1,1,"R$ 2,55 – R$ 829,99 por item",Classificação Livre,,1782489368,11.23.2,,"Bloco de notas, planejador & organizador para fazer notas.",https://play.google.com/store/apps/details?id=com.evernote&hl=pt&gl=br,0,29,5,gigante,50271211,13055271.01,46625967.88,151534395.6,28908100.08,251780226.53,156103740.45,alta,25,2.24,28.0,72.0,"SerpAPI, ScrapingBee"
26,"Busca: ""bitcoin""",32,HTX: Buy Crypto & Bitcoin,pro.huobi,Huobi,support@huobigroup.com,http://www.hbg.com,Finanças,3.7466063,43342,959,10.000.000+,10000000,12936998,1,0,BRL,0,0,,Classificação Livre,1 de nov. de 2017,1782913680,11.26.0,,Trade Bitcoin & cryptos safely . Up to 800% APY!,https://play.google.com/store/apps/details?id=pro.huobi&hl=pt&gl=br,49,48,4,normal,,,,,,,,,,,,,
1,Educação,5,Khan Academy,org.khanacademy.android,Khan Academy,androidfeedback@khanacademy.org,https://khanacademy.org,Educação,4.0143228,172483,6830,10.000.000+,10000000,32297269,1,0,BRL,0,0,,Classificação Livre,22 de set. de 2015,1771968870,8.4.1,,Podes aprender qualquer coisa! Gratuitamente!,https://play.google.com/store/apps/details?id=org.khanacademy.android&hl=pt&gl=br,19,38,4,normal,3232687,0.0,0.0,0.0,0.0,0.0,0.0,média,25,3.32,56.0,40.0,"SerpAPI, ScrapingBee"
2,Entretenimento,1,"Pluto TV – TV, Filmes e Séries",tv.pluto.android,"Pluto, Inc.",support@pluto.tv,http://pluto.tv/support,Entretenimento,3.969309,799110,78782,100.000.000+,100000000,286821767,1,0,BRL,1,0,,Classificação 16 anos,2 de set. de 2014,1778606457,Varies with device,,"Canais ao vivo, grandes sucessos do cinema e séries para maratonar. Grátis!",https://play.google.com/store/apps/details?id=tv.pluto.android&hl=pt&gl=br,0,25,4,gigante,31428816,14399.11,51425.4,167132.55,24684.19,277697.17,133294.64,alta,25,4.04,68.0,24.0,"SerpAPI, ScrapingBee"
29,Personalização · Papéis de Parede,5,TickTock-TikTok Live Wallpaper,com.zhiliao.musically.livewallpaper,TikTok Pte. Ltd.,feedback@tiktok.com,https://www.tiktok.com/,Ferramentas,4.4977913,1792597,54139,100.000.000+,100000000,415338271,1,0,BRL,0,0,,Classificação Livre,4 de jun. de 2018,1767702238,35.4,,TikTok Video Wallpaper Maker. Make your wallpaper background TikTok-cool!,https://play.google.com/store/apps/details?id=com.zhiliao.musically.livewallpaper&hl=pt&gl=br,0,23,3,gigante,46178978,0.0,0.0,0.0,0.0,0.0,0.0,média,25,4.68,88.0,4.0,"SerpAPI, Firecrawl"
9,Notícias e Revistas,2,Flipboard,flipboard.app,Flipboard,play-store-support@flipboard.com,https://about.flipboard.com/help-center/,Notícias e revistas,3.781379,1412041,40038,500.000.000+,500000000,886300136,1,0,BRL,1,0,,Classificação Livre,21 de jun. de 2012,1772866401,4.3.41,,O Flipboard organiza as histórias do mundo. Faça o download hoje para começar,https://play.google.com/store/apps/details?id=flipboard.app&hl=pt&gl=br,0,19,2,gigante,101459924,46483.86,166013.8,539544.85,79686.62,896474.53,430307.77,alta,25,3.24,52.0,44.0,"SerpAPI, ScrapingBee"
9,Comunicação,10,"Chamada, Mensagem・Gem Space",com.gemtechnologies.gem4me,Marketspace Solutions OU,supportservice@gemspace.com,https://gemspace.com/,Comunicação,3.3,70337,223,10.000.000+,10000000,40983403,1,0,BRL,0,0,,Classificação 12 anos,17 de dez. de 2015,1782740395,9.9.40627,,Chat Online・Video Calls・Gratis Messenger・Сomunicação・Redes Sociais・Mensagens,https://play.google.com/store/apps/details?id=com.gemtechnologies.gem4me&hl=pt&gl=br,49,39,2,normal,4973389,0.0,0.0,0.0,0.0,0.0,0.0,média,25,3.28,52.0,40.0,"SerpAPI, ScrapingBee"
9,Comunicação,8,textPlus: Texto e Chamada,com.gogii.textplus,textPlus,gethelp@textplus.com,http://www.textplus.com,Social,3.2742805,542256,5314,50.000.000+,50000000,60040345,1,0,BRL,1,1,"R$ 2,55 – R$ 239,99 por item",Classificação Livre,,1782933949,8.3.6,,Mensagens e chamadas WiFi grátis. Segundo número no app textPlus. Baixe já!,https://play.google.com/store/apps/details?id=com.gogii.textplus&hl=pt&gl=br,0,19,2,gigante,7405455,326078.06,1164564.5,3784834.61,722029.99,6288648.28,3898961.94,alta,25,1.76,20.0,80.0,"SerpAPI, ScrapingBee"
9,Comunicação,1,LINE: Chamadas & Mensagens,jp.naver.line.android,LINE (LY Corporation),line-support@line.me,http://line.me,Comunicação,3.0809414,13808609,37526,1.000.000.000+,1000000000,1088326165,1,0,BRL,1,1,"R$ 1,79 – R$ 2.049,99 por item",Classificação Livre,23 de jun. de 2011,1782692005,Varies with device,,Fique em contato com seus amigos e familiares usando o LINE!,https://play.google.com/store/apps/details?id=jp.naver.line.android&hl=pt&gl=br,0,19,2,gigante,150669081,1916178.75,6843495.54,22241360.5,4242967.23,36954875.91,22912023.06,alta,25,2.72,40.0,56.0,"SerpAPI, ScrapingBee"
1,Redes Sociais,6,Bluesky,xyz.blueskyweb.app,Bluesky PBLLC,support@bsky.app,https://bsky.app,Social,3.5273159,56989,5475,10.000.000+,10000000,14813572,1,0,BRL,0,0,,Classificação 18 anos,9 de abr. de 2023,1782756134,1.126.0,,Social que é realmente social,https://play.google.com/store/apps/details?id=xyz.blueskyweb.app&hl=pt&gl=br,49,39,2,normal,1719084,0.0,0.0,0.0,0.0,0.0,0.0,média,25,3.68,56.0,20.0,"SerpAPI, ScrapingBee"
2,Entretenimento,3,Plex: Streaming de filmes e TV,com.plexapp.android,"Plex, Inc.",support@plex.tv,https://www.plex.tv,Entretenimento,3.3496678,480628,8980,100.000.000+,100000000,109704174,1,0,BRL,1,1,"R$ 3,29 – R$ 5.049,99 por item",Classificação 16 anos,16 de fev. de 2011,1782732900,Varies with device,,Streaming de filmes online e TV em direto em todos os ecrãs sem subscrição,https://play.google.com/store/apps/details?id=com.plexapp.android&hl=pt&gl=br,0,19,2,gigante,13875677,183960.39,657001.41,2135254.58,407340.87,3547807.61,2199640.72,alta,25,1.84,16.0,76.0,"SerpAPI, ScrapingBee"
29,Personalização · Papéis de Parede,7,Plano de fundo interativo Moto,com.motorola.livewallpaper3,Motorola Mobility LLC.,playstor@motorola.com,http://www.motorola.com/support,Personalização,4.117547,38025,1218,500.000.000+,500000000,516603358,1,0,BRL,0,0,,Classificação Livre,19 de jan. de 2021,1776811221,Varies with device,,Dê vida à sua tela com a resposta animada a interações.,https://play.google.com/store/apps/details?id=com.motorola.livewallpaper3&hl=pt&gl=br,0,22,0,gigante,57927546,0.0,0.0,0.0,0.0,0.0,0.0,média,25,3.32,56.0,40.0,"SerpAPI, Firecrawl"
29,Personalização · Papéis de Parede,1,Planos de fundo,com.google.android.apps.wallpaper,Google LLC,wallpapers-support@google.com,http://www.android.com/,Personalização,4.207723,291873,7157,1.000.000.000+,1000000000,1355734737,1,0,BRL,0,0,,Classificação Livre,19 de out. de 2016,1599635048,Varies with device,,Aproveite sua tela ao máximo com lindos planos de fundo e recursos avançados.,https://play.google.com/store/apps/details?id=com.google.android.apps.wallpaper&hl=pt&gl=br,0,0,0,gigante,157701433,0.0,0.0,0.0,0.0,0.0,0.0,média,25,4.36,84.0,16.0,"SerpAPI, Firecrawl"
29,Negócios · Nota Fiscal e Contabilidade,11,MEI Fácil está no app Neon,com.appmei,"Neon conta digital, cartão de crédito e empréstimo",contato@meifacil.com,https://www.meifacil.com/,Finanças,2.9073157,181522,98885,10.000.000+,10000000,13404671,1,0,BRL,0,0,,Classificação Livre,19 de jan. de 2017,1761916793,8.25.2,,Bem mais do que você esperava pro seu negócio numa única conta digital,https://play.google.com/store/apps/details?id=com.appmei&hl=pt&gl=br,19,17,0,normal,1290502,0.0,0.0,0.0,0.0,0.0,0.0,média,25,1.64,12.0,88.0,"SerpAPI, Firecrawl"
26,"Busca: ""bitcoin""",26,Luno: Buy Bitcoin & Crypto,co.bitx.android.wallet,Luno Group Holdings Ltd,support@luno.com,https://www.luno.com,Finanças,3.8490567,131948,27,10.000.000+,10000000,18066204,1,0,BRL,0,0,,Classificação Livre,2 de nov. de 2014,1783606260,8.111.1,,Invista em criptomoeda. Compre Bitcoin e outras criptomoedas,https://play.google.com/store/apps/details?id=co.bitx.android.wallet&hl=pt&gl=br,19,49,0,normal,,,,,,,,,,,,,
22,"Busca: ""carteira""",6,Samsung Wallet (Samsung Pay),com.samsung.android.spay,"Samsung Electronics Co.,  Ltd.",noreply.sec@samsung.com,http://www.samsung.com/samsungpay,Estilo de vida,3.7814891,1142316,6899,100.000.000+,100000000,393303042,1,0,BRL,0,0,,Classificação Livre,21 de fev. de 2017,1751268362,2.5.76,,Transforme seu smartphone Samsung em uma carteira digital,https://play.google.com/store/apps/details?id=com.samsung.android.spay&hl=pt&gl=br,0,0,0,gigante,43635899,0.0,0.0,0.0,0.0,0.0,0.0,média,150,2.53,32.7,58.7,"SerpAPI, Brave Search, Firecrawl, DevSite:Firecrawl"
22,"Busca: ""carteira""",2,Carteira do Google,com.google.android.apps.walletnfcrel,Google LLC,google-payments@google.com,https://pay.google.com/about,Finanças,4.2282114,2199305,37407,1.000.000.000+,1000000000,2026211020,1,0,BRL,0,0,,Classificação Livre,13 de nov. de 2017,1784244607,Varies with device,,"Acesso rápido e seguro ao Pix, cartões de pagamento, aos itens essenciais.",https://play.google.com/store/apps/details?id=com.google.android.apps.walletnfcrel&hl=pt&gl=br,0,29,0,gigante,287074015,0.0,0.0,0.0,0.0,0.0,0.0,média,150,3.69,64.0,28.7,"SerpAPI, Brave Search, Firecrawl, DevSite:Firecrawl"
20,"Busca: ""wallet""",6,Samsung Wallet/Pay (Watch),com.samsung.android.samsungpay.gear,"Samsung Electronics Co.,  Ltd.",spaygear.na@samsung.com,https://www.samsung.com/sec/samsung-pay/,Estilo de vida,3.198783,39568,2314,50.000.000+,50000000,69056855,1,0,BRL,0,0,,Classificação Livre,23 de jun. de 2020,1777357469,8.0.20.20806,,Um app seguro e exclusivo de pagamento digital.,https://play.google.com/store/apps/details?id=com.samsung.android.samsungpay.gear&hl=pt&gl=br,0,12,0,gigante,7139931,0.0,0.0,0.0,0.0,0.0,0.0,média,25,1.84,20.0,80.0,"SerpAPI, Firecrawl"
20,"Busca: ""wallet""",2,Carteira do Google,com.google.android.apps.walletnfcrel,Google LLC,google-payments@google.com,https://pay.google.com/about,Finanças,4.2282114,2199305,37407,1.000.000.000+,1000000000,2026211020,1,0,BRL,0,0,,Classificação Livre,13 de nov. de 2017,1784244607,Varies with device,,"Acesso rápido e seguro ao Pix, cartões de pagamento, aos itens essenciais.",https://play.google.com/store/apps/details?id=com.google.android.apps.walletnfcrel&hl=pt&gl=br,0,29,0,gigante,287074015,0.0,0.0,0.0,0.0,0.0,0.0,média,25,3.2,56.0,40.0,"SerpAPI, Firecrawl"
20,"Busca: ""wallet""",1,Samsung Wallet (Samsung Pay),com.samsung.android.spay,"Samsung Electronics Co.,  Ltd.",noreply.sec@samsung.com,http://www.samsung.com/samsungpay,Estilo de vida,3.7806406,1142316,6898,100.000.000+,100000000,393303042,1,0,BRL,0,0,,Classificação Livre,21 de fev. de 2017,1751268362,2.5.76,,Transforme seu smartphone Samsung em uma carteira digital,https://play.google.com/store/apps/details?id=com.samsung.android.spay&hl=pt&gl=br,0,0,0,gigante,43635899,0.0,0.0,0.0,0.0,0.0,0.0,média,25,2.52,36.0,60.0,"SerpAPI, Firecrawl"
9,Finanças,4,XP Investimentos,br.com.xp.carteira,XP INVESTIMENTOS CCTVM S.A.,appxpinvestimentos@xpi.com.br,http://www.xpi.com.br,Finanças,3.8714817,313072,79737,10.000.000+,10000000,10529524,1,0,BRL,0,0,,Classificação Livre,26 de jan. de 2018,1782649652,4.167.0,,"Investimento, conta digital, Pix, pagamentos e mais em um só app.",https://play.google.com/store/apps/details?id=br.com.xp.carteira&hl=pt&gl=br,19,49,0,normal,1203197,0.0,0.0,0.0,0.0,0.0,0.0,média,25,2.68,40.0,56.0,"SerpAPI, ScrapingBee"
9,Finanças,3,Rico: só vantagem pra investir,br.com.rico.mobile,RICO.COM.VC,avaliacaoapp@rico.com.vc,http://www.rico.com.vc,Finanças,3.9435127,270103,94622,10.000.000+,10000000,11554689,1,0,BRL,0,0,,Classificação Livre,3 de ago. de 2016,1782605632,4.167.0,,Rentabilíssimas: produtos exclusivos de renda fixa com rentabilidade imbatível!,https://play.google.com/store/apps/details?id=br.com.rico.mobile&hl=pt&gl=br,19,49,0,normal,1325936,0.0,0.0,0.0,0.0,0.0,0.0,média,25,2.56,40.0,56.0,"SerpAPI, ScrapingBee"
11,Personalização,23,Theme,com.heytap.themestore,HeyTap,support_EU@heytap.com,https://brand.heytap.com/en/service.html,Personalização,,,,1.000.000.000+,1000000000,1058863712,1,0,BRL,1,1,"R$ 5,49 – R$ 349,99 por item",Classificação Livre,,1781163125,9.9.6_expt_eu_gp,,Personalize seu telefone com várias funções,https://play.google.com/store/apps/details?id=com.heytap.themestore&hl=pt&gl=br,0,9,0,gigante,146438819,9443242.2,33725864.99,109609061.23,20910036.3,182119670.96,112914196.0,média,8,3.5,62.5,37.5,"SerpAPI, ScrapingBee"
7,Finanças,23,IQ Option - Trading plataforma,com.iqoption,IQ Option,support@iqoption.com,,Finanças,4.259492,726463,63558,100.000.000+,100000000,132354247,1,0,BRL,0,0,,Classificação Livre,25 de abr. de 2014,1776185166,8.66.1,,"Negocie, invista, ações, ETFs, commodities. Gerenciamento de negociação",https://play.google.com/store/apps/details?id=com.iqoption&hl=pt&gl=br,0,22,0,gigante,14058321,0.0,0.0,0.0,0.0,0.0,0.0,média,150,2.83,44.7,52.0,"SerpAPI, Brave Search, ScrapingBee"
7,Finanças,4,XP Investimentos,br.com.xp.carteira,XP INVESTIMENTOS CCTVM S.A.,appxpinvestimentos@xpi.com.br,http://www.xpi.com.br,Finanças,3.8714817,313069,79737,10.000.000+,10000000,10529524,1,0,BRL,0,0,,Classificação Livre,26 de jan. de 2018,1782649652,4.167.0,,"Investimento, conta digital, Pix, pagamentos e mais em um só app.",https://play.google.com/store/apps/details?id=br.com.xp.carteira&hl=pt&gl=br,19,49,0,normal,1203197,0.0,0.0,0.0,0.0,0.0,0.0,média,150,2.73,38.0,54.7,"SerpAPI, Brave Search, ScrapingBee, DevSite:ScrapingAnt"
7,Finanças,3,Rico: só vantagem pra investir,br.com.rico.mobile,RICO.COM.VC,avaliacaoapp@rico.com.vc,http://www.rico.com.vc,Finanças,3.9435127,270103,94622,10.000.000+,10000000,11554689,1,0,BRL,0,0,,Classificação Livre,3 de ago. de 2016,1782605632,4.167.0,,Rentabilíssimas: produtos exclusivos de renda fixa com rentabilidade imbatível!,https://play.google.com/store/apps/details?id=br.com.rico.mobile&hl=pt&gl=br,19,49,0,normal,1325936,0.0,0.0,0.0,0.0,0.0,0.0,média,150,2.51,32.7,58.7,"SerpAPI, Brave Search, ScrapingBee, DevSite:ScrapingAnt"
8,Finanças,24,IQ Option - Trading plataforma,com.iqoption,IQ Option,support@iqoption.com,,Finanças,4.259492,726463,63558,100.000.000+,100000000,132354247,1,0,BRL,0,0,,Classificação Livre,25 de abr. de 2014,1776185166,8.66.1,,"Negocie, invista, ações, ETFs, commodities. Gerenciamento de negociação",https://play.google.com/store/apps/details?id=com.iqoption&hl=pt&gl=br,0,22,0,gigante,14058321,0.0,0.0,0.0,0.0,0.0,0.0,média,25,2.44,36.0,64.0,"SerpAPI, ScrapingBee"
8,Finanças,4,XP Investimentos,br.com.xp.carteira,XP INVESTIMENTOS CCTVM S.A.,appxpinvestimentos@xpi.com.br,http://www.xpi.com.br,Finanças,3.8713648,313069,79737,10.000.000+,10000000,10529524,1,0,BRL,0,0,,Classificação Livre,26 de jan. de 2018,1782649652,4.167.0,,"Investimento, conta digital, Pix, pagamentos e mais em um só app.",https://play.google.com/store/apps/details?id=br.com.xp.carteira&hl=pt&gl=br,19,49,0,normal,1203197,0.0,0.0,0.0,0.0,0.0,0.0,média,25,2.68,40.0,56.0,"SerpAPI, ScrapingBee"
8,Finanças,3,Rico: só vantagem pra investir,br.com.rico.mobile,RICO.COM.VC,avaliacaoapp@rico.com.vc,http://www.rico.com.vc,Finanças,3.9435127,270103,94622,10.000.000+,10000000,11554689,1,0,BRL,0,0,,Classificação Livre,3 de ago. de 2016,1782605632,4.167.0,,Rentabilíssimas: produtos exclusivos de renda fixa com rentabilidade imbatível!,https://play.google.com/store/apps/details?id=br.com.rico.mobile&hl=pt&gl=br,19,49,0,normal,1325936,0.0,0.0,0.0,0.0,0.0,0.0,média,25,2.56,40.0,56.0,"SerpAPI, ScrapingBee"
6,Finanças,4,XP Investimentos,br.com.xp.carteira,XP INVESTIMENTOS CCTVM S.A.,appxpinvestimentos@xpi.com.br,http://www.xpi.com.br,Finanças,3.8714817,313069,79737,10.000.000+,10000000,10529524,1,0,BRL,0,0,,Classificação Livre,26 de jan. de 2018,1782649652,4.167.0,,"Investimento, conta digital, Pix, pagamentos e mais em um só app.",https://play.google.com/store/apps/details?id=br.com.xp.carteira&hl=pt&gl=br,19,49,0,normal,1203197,0.0,0.0,0.0,0.0,0.0,0.0,média,50,2.48,32.0,64.0,"SerpAPI, ScrapingBee"
6,Finanças,3,Rico: só vantagem pra investir,br.com.rico.mobile,RICO.COM.VC,avaliacaoapp@rico.com.vc,http://www.rico.com.vc,Finanças,3.9435127,270103,94622,10.000.000+,10000000,11554689,1,0,BRL,0,0,,Classificação Livre,3 de ago. de 2016,1782605632,4.167.0,,Rentabilíssimas: produtos exclusivos de renda fixa com rentabilidade imbatível!,https://play.google.com/store/apps/details?id=br.com.rico.mobile&hl=pt&gl=br,19,49,0,normal,1325936,0.0,0.0,0.0,0.0,0.0,0.0,média,50,2.66,42.0,54.0,"SerpAPI, ScrapingBee"
5,Finanças,4,XP Investimentos,br.com.xp.carteira,XP INVESTIMENTOS CCTVM S.A.,appxpinvestimentos@xpi.com.br,http://www.xpi.com.br,Finanças,3.8714817,313069,79737,10.000.000+,10000000,10529524,1,0,BRL,0,0,,Classificação Livre,26 de jan. de 2018,1782649652,4.167.0,,"Investimento, conta digital, Pix, pagamentos e mais em um só app.",https://play.google.com/store/apps/details?id=br.com.xp.carteira&hl=pt&gl=br,19,49,0,normal,1203197,0.0,0.0,0.0,0.0,0.0,0.0,média,25,2.68,40.0,56.0,"SerpAPI, ScrapingBee"
5,Finanças,3,Rico: só vantagem pra investir,br.com.rico.mobile,RICO.COM.VC,avaliacaoapp@rico.com.vc,http://www.rico.com.vc,Finanças,3.9435127,270103,94622,10.000.000+,10000000,11554689,1,0,BRL,0,0,,Classificação Livre,3 de ago. de 2016,1782605632,4.167.0,,Rentabilíssimas: produtos exclusivos de renda fixa com rentabilidade imbatível!,https://play.google.com/store/apps/details?id=br.com.rico.mobile&hl=pt&gl=br,19,49,0,normal,1325936,0.0,0.0,0.0,0.0,0.0,0.0,média,25,2.56,40.0,56.0,"SerpAPI, ScrapingBee"
1,Mapas e Navegação,12,Mapas e navegação do HERE WeGo,com.here.app.maps,HERE Europe B.V.,appsupport@here.com,https://www.here.com/products/wego,Mapas e navegação,3.4179652,501060,22119,10.000.000+,10000000,41060200,1,0,BRL,0,0,,Classificação Livre,9 de out. de 2014,1782378790,4.20.100,,Aproveite a viagem,https://play.google.com/store/apps/details?id=com.here.app.maps&hl=pt&gl=br,19,39,0,normal,4983109,0.0,0.0,0.0,0.0,0.0,0.0,média,25,3.16,44.0,32.0,"SerpAPI, ScrapingBee"
1,Finanças,3,XP Investimentos,br.com.xp.carteira,XP INVESTIMENTOS CCTVM S.A.,appxpinvestimentos@xpi.com.br,http://www.xpi.com.br,Finanças,3.8714817,313069,79737,10.000.000+,10000000,10529524,1,0,BRL,0,0,,Classificação Livre,26 de jan. de 2018,1782649652,4.167.0,,"Investimento, conta digital, Pix, pagamentos e mais em um só app.",https://play.google.com/store/apps/details?id=br.com.xp.carteira&hl=pt&gl=br,19,49,0,normal,1203197,0.0,0.0,0.0,0.0,0.0,0.0,média,25,2.68,40.0,56.0,"SerpAPI, ScrapingBee"
1,Finanças,1,Rico: só vantagem pra investir,br.com.rico.mobile,RICO.COM.VC,avaliacaoapp@rico.com.vc,http://www.rico.com.vc,Finanças,3.9435127,270103,94622,10.000.000+,10000000,11554689,1,0,BRL,0,0,,Classificação Livre,3 de ago. de 2016,1782605632,4.167.0,,Rentabilíssimas: produtos exclusivos de renda fixa com rentabilidade imbatível!,https://play.google.com/store/apps/details?id=br.com.rico.mobile&hl=pt&gl=br,19,49,0,normal,1325936,0.0,0.0,0.0,0.0,0.0,0.0,média,25,2.56,40.0,56.0,"SerpAPI, ScrapingBee"
1,Entretenimento,12,TV Time: Seguir Séries e filme,com.tozelabs.tvshowtime,Whip Networks,support@tvtime.com,https://www.tvtime.com,Entretenimento,3.938547,551116,41887,10.000.000+,10000000,27876712,1,0,BRL,0,0,,Classificação 16 anos,8 de nov. de 2013,1780473176,10.11.0+2026052201,,Acompanhe o que você está assistindo!,https://play.google.com/store/apps/details?id=com.tozelabs.tvshowtime&hl=pt&gl=br,19,47,0,normal,2772406,0.0,0.0,0.0,0.0,0.0,0.0,média,25,4.72,92.0,8.0,"SerpAPI, ScrapingBee"
2,Entretenimento,10,TV Time: Seguir Séries e filme,com.tozelabs.tvshowtime,Whip Networks,support@tvtime.com,https://www.tvtime.com,Entretenimento,3.9384487,551116,41887,10.000.000+,10000000,27876712,1,0,BRL,0,0,,Classificação 16 anos,8 de nov. de 2013,1780473176,10.11.0+2026052201,,Acompanhe o que você está assistindo!,https://play.google.com/store/apps/details?id=com.tozelabs.tvshowtime&hl=pt&gl=br,19,47,0,normal,2772406,0.0,0.0,0.0,0.0,0.0,0.0,média,25,4.72,92.0,8.0,"SerpAPI, ScrapingBee"
2,Entretenimento,5,Netflix,com.netflix.mediaclient,"Netflix, Inc.",playstore@netflix.com,http://www.netflix.com,Entretenimento,4.0968723,15161710,1117903,1.000.000.000+,1000000000,3502212653,1,0,BRL,0,0,,Classificação 16 anos,5 de mai. de 2011,1782778439,Varies with device,,A Netflix é líder mundial em serviço de assinatura de filmes e séries de TV.,https://play.google.com/store/apps/details?id=com.netflix.mediaclient&hl=pt&gl=br,0,29,0,gigante,506182184,0.0,0.0,0.0,0.0,0.0,0.0,média,25,3.28,56.0,40.0,"SerpAPI, ScrapingBee"
